HS02,HS~History,"SITC, R3",CorrNotes,,,,,,0
101.1,2002,1.51,R3F,,,,,,
101.9,2002,1.51,R3F,,,,,,
102.1,1988,1.11,R3,,,,,,
102.9,1988,1.19,R3,,,,,,
103.1,1988,1.31,R3,,,,,,
103.91,1988,1.39,R3,,,,,,
103.92,1988,1.39,R3,,,,,,
104.1,1988,1.21,R3,,,,,,
104.2,1988,1.22,R3,,,,,,
105.11,1988,1.41,R3,,,,,,
105.12,1996,1.41,R3,,,,,,
105.19,1988,1.41,R3,,,,,,
105.92,1996,1.49,R3,,,,,,
105.93,1996,1.49,R3,,,,,,
105.99,1988,1.49,R3,,,,,,
106.11,2002,1.9,R3,,,,,,
106.12,2002,1.9,R3,,,,,,
106.19,2002,1.9,R3,,,,,,
106.2,2002,1.9,R3,,,,,,
106.31,2002,1.9,R3,,,,,,
106.32,2002,1.9,R3,,,,,,
106.39,2002,1.9,R3,,,,,,
106.9,2002,1.9,R3,,,,,,
201.1,1988,11.11,R3,,,,,,
201.2,1988,11.11,R3,,,,,,
201.3,1988,11.12,R3,,,,,,
202.1,1988,11.21,R3,,,,,,
202.2,1988,11.21,R3,,,,,,
202.3,1988,11.22,R3,,,,,,
203.11,1988,12.21,R3,,,,,,
203.12,1988,12.21,R3,,,,,,
203.19,1988,12.21,R3,,,,,,
203.21,1988,12.22,R3,,,,,,
203.22,1988,12.22,R3,,,,,,
203.29,1988,12.22,R3,,,,,,
204.1,1988,12.11,R3,,,,,,
204.21,1988,12.11,R3,,,,,,
204.22,1988,12.11,R3,,,,,,
204.23,1988,12.11,R3,,,,,,
204.3,1988,12.12,R3,,,,,,
204.41,1988,12.12,R3,,,,,,
204.42,1988,12.12,R3,,,,,,
204.43,1988,12.12,R3,,,,,,
204.5,1988,12.13,R3,,,,,,
205,1988,12.4,R3,,,,,,
206.1,1988,12.51,R3,,,,,,
206.21,1988,12.52,R3,,,,,,
206.22,1988,12.52,R3,,,,,,
206.29,1988,12.52,R3,,,,,,
206.3,1988,12.53,R3,,,,,,
206.41,1988,12.54,R3,,,,,,
206.49,1988,12.54,R3,,,,,,
206.8,1988,12.55,R3,,,,,,
206.9,1988,12.56,R3,,,,,,
207.11,1996,12.31,R3,,,,,,
207.12,1996,12.32,R3,,,,,,
207.13,1996,12.34,R3,,,,,,
207.14,1996,12.35,R3F,,,,,,
207.24,1996,12.31,R3,,,,,,
207.25,1996,12.32,R3,,,,,,
207.26,1996,12.34,R3,,,,,,
207.27,1996,12.35,R3F,,,,,,
207.32,1996,12.31,R3,,,,,,
207.33,1996,12.32,R3,,,,,,
207.34,1996,12.33,R3,,,,,,
207.35,1996,12.34,R3,,,,,,
207.36,1996,12.35,R3F,,,,,,
208.1,1988,12.91,R3,,,,,,
208.2,1988,12.92,R3,,,,,,
208.3,2002,12.99,R3,,,,,,
208.4,2002,12.99,R3,,,,,,
208.5,2002,12.99,R3,,,,,,
208.9,1988,12.99,R3,,,,,,
209,1988,411.31,R3,,,,,,
210.11,1988,16.11,R3,,,,,,
210.12,1988,16.12,R3,,,,,,
210.19,1988,16.19,R3,,,,,,
210.2,1988,16.81,R3,,,,,,
210.91,2002,16.89,R3,,,,,,
210.92,2002,16.89,R3,,,,,,
210.93,2002,16.89,R3,,,,,,
210.99,2002,16.89,R3,,,,,,
301.1,1988,34.11,R3,,,,,,
301.91,1988,34.11,R3,,,,,,
301.92,1988,34.11,R3,,,,,,
301.93,1988,34.11,R3,,,,,,
301.99,1988,34.11,R3,,,,,,
302.11,1988,34.12,R3,,,,,,
302.12,1988,34.12,R3,,,,,,
302.19,1988,34.12,R3,,,,,,
302.21,1988,34.13,R3,,,,,,
302.22,1988,34.13,R3,,,,,,
302.23,1988,34.13,R3,,,,,,
302.29,1988,34.13,R3,,,,,,
302.31,1988,34.14,R3,,,,,,
302.32,1988,34.14,R3,,,,,,
302.33,1988,34.14,R3,,,,,,
302.34,2002,34.14,R3,,,,,,
302.35,2002,34.14,R3,,,,,,
302.36,2002,34.14,R3,,,,,,
302.39,1988,34.14,R3,,,,,,
302.4,1988,34.15,R3,,,,,,
302.5,1988,34.16,R3,,,,,,
302.61,1988,34.15,R3,,,,,,
302.62,1988,34.18,R3,,,,,,
302.63,1988,34.18,R3,,,,,,
302.64,1988,34.17,R3,,,,,,
302.65,1988,34.18,R3,,,,,,
302.66,1988,34.18,R3,,,,,,
302.69,1988,34.18,R3,,,,,,
302.7,1988,34.19,R3,,,,,,
303.11,2002,34.21,R3,,,,,,
303.19,2002,34.21,R3,,,,,,
303.21,1988,34.21,R3,,,,,,
303.22,1988,34.21,R3,,,,,,
303.29,1988,34.21,R3,,,,,,
303.31,1988,34.22,R3,,,,,,
303.32,1988,34.22,R3,,,,,,
303.33,1988,34.22,R3,,,,,,
303.39,1988,34.22,R3,,,,,,
303.41,1988,34.23,R3,,,,,,
303.42,1988,34.23,R3,,,,,,
303.43,1988,34.23,R3,,,,,,
303.44,2002,34.23,R3,,,,,,
303.45,2002,34.23,R3,,,,,,
303.46,2002,34.23,R3,,,,,,
303.49,1988,34.23,R3,,,,,,
303.5,1988,34.24,R3,,,,,,
303.6,1988,34.25,R3,,,,,,
303.71,1988,34.24,R3,,,,,,
303.72,1988,34.28,R3,,,,,,
303.73,1988,34.28,R3,,,,,,
303.74,1988,34.26,R3,,,,,,
303.75,1988,34.28,R3,,,,,,
303.76,1988,34.28,R3,,,,,,
303.77,1988,34.28,R3,,,,,,
303.78,1988,34.27,R3,,,,,,
303.79,1988,34.28,R3,,,,,,
303.8,1988,34.29,R3,,,,,,
304.1,1988,34.51,R3,,,,,,
304.2,1988,34.4,R3,,,,,,
304.9,1988,34.55,R3,,,,,,
305.1,1988,35.5,R3,,,,,,
305.2,1988,35.4,R3,,,,,,
305.3,1988,35.12,R3,,,,,,
305.41,1988,35.3,R3,,,,,,
305.42,1988,35.3,R3,,,,,,
305.49,1988,35.3,R3,,,,,,
305.51,1988,35.11,R3,,,,,,
305.59,1988,35.13,R3,,,,,,
305.61,1988,35.29,R3,,,,,,
305.62,1988,35.21,R3,,,,,,
305.63,1988,35.22,R3,,,,,,
305.69,1988,35.29,R3,,,,,,
306.11,1988,36.19,R3,,,,,,
306.12,1988,36.19,R3,,,,,,
306.13,1988,36.11,R3,,,,,,
306.14,1988,36.19,R3,,,,,,
306.19,1988,36.19,R3,,,,,,
306.21,1988,36.2,R3,,,,,,
306.22,1988,36.2,R3,,,,,,
306.23,1988,36.2,R3,,,,,,
306.24,1988,36.2,R3,,,,,,
306.29,1988,36.2,R3,,,,,,
307.1,1988,36.31,R3,,,,,,
307.21,1988,36.35,R3,,,,,,
307.29,1988,36.39,R3,,,,,,
307.31,1988,36.35,R3,,,,,,
307.39,1988,36.39,R3,,,,,,
307.41,1988,36.33,R3,,,,,,
307.49,1988,36.37,R3,,,,,,
307.51,1988,36.33,R3,,,,,,
307.59,1988,36.37,R3,,,,,,
307.6,1988,12.93,R3,,,,,,
307.91,1988,36.35,R3,,,,,,
307.99,1988,36.39,R3,,,,,,
401.1,1988,22.11,R3,,,,,,
401.2,1988,22.12,R3,,,,,,
401.3,1988,22.13,R3,,,,,,
402.1,1988,22.21,R3,,,,,,
402.21,1988,22.22,R3,,,,,,
402.29,1988,22.22,R3,,,,,,
402.91,1988,22.23,R3,,,,,,
402.99,1988,22.24,R3,,,,,,
403.1,1988,22.31,R3,,,,,,
403.9,1988,22.32,R3,,,,,,
404.1,1988,22.41,R3,,,,,,
404.9,1988,22.49,R3,,,,,,
405.1,1996,23,R3,,,,,,
405.2,1996,23,R3F,,,,,,
405.9,1996,23,R3,,,,,,
406.1,1988,24.91,R3,,,,,,
406.2,1988,24.1,R3,,,,,,
406.3,1988,24.2,R3,,,,,,
406.4,1988,24.3,R3,,,,,,
406.9,1988,24.99,R3,,,,,,
407,1988,25.1,R3,,,,,,
408.11,1988,25.21,R3,,,,,,
408.19,1988,25.22,R3,,,,,,
408.91,1988,25.21,R3,,,,,,
408.99,1988,25.22,R3,,,,,,
409,1988,61.6,R3,,,,,,
410,1988,98.92,R3,,,,,,
501,1988,291.91,R3,,,,,,
502.1,1988,291.92,R3,,,,,,
502.9,1988,291.92,R3,,,,,,
503,1988,268.51,R3,,,,,,
504,1988,291.93,R3,,,,,,
505.1,1988,291.95,R3,,,,,,
505.9,1988,291.95,R3,,,,,,
506.1,1988,291.11,R3,,,,,,
506.9,1988,291.11,R3,,,,,,
507.1,1988,291.16,R3,,,,,,
507.9,1988,291.16,R3,,,,,,
508,1988,291.15,R3,,,,,,
509,1988,291.97,R3,,,,,,
510,1988,291.98,R3,,,,,,
511.1,1988,291.94,R3,,,,,,
511.91,1988,291.96,R3,,,,,,
511.99,1988,291.99,R3,,,,,,
601.1,1988,292.61,R3,,,,,,
601.2,1988,292.61,R3,,,,,,
602.1,1988,292.69,R3,,,,,,
602.2,1988,292.69,R3,,,,,,
602.3,1988,292.69,R3,,,,,,
602.4,1988,292.69,R3,,,,,,
602.9,1996,292.69,R3,,,,,,
603.1,1988,292.71,R3,,,,,,
603.9,1988,292.71,R3,,,,,,
604.1,1988,292.72,R3,,,,,,
604.91,1988,292.72,R3,,,,,,
604.99,1988,292.72,R3,,,,,,
701.1,1988,54.1,R3,,,,,,
701.9,1988,54.1,R3,,,,,,
702,1988,54.4,R3,,,,,,
703.1,1988,54.51,R3,,,,,,
703.2,1988,54.52,R3,,,,,,
703.9,1988,54.52,R3,,,,,,
704.1,1988,54.53,R3,,,,,,
704.2,1988,54.53,R3,,,,,,
704.9,1988,54.53,R3,,,,,,
705.11,1988,54.54,R3,,,,,,
705.19,1988,54.54,R3,,,,,,
705.21,1988,54.54,R3,,,,,,
705.29,1988,54.54,R3,,,,,,
706.1,1988,54.55,R3,,,,,,
706.9,1988,54.55,R3,,,,,,
707,1988,54.56,R3,,,,,,
708.1,1988,54.57,R3,,,,,,
708.2,1988,54.57,R3,,,,,,
708.9,1988,54.57,R3,,,,,,
709.1,1988,54.59,R3,,,,,,
709.2,1988,54.59,R3,,,,,,
709.3,1988,54.59,R3,,,,,,
709.4,1988,54.59,R3,,,,,,
709.51,1988,54.58,R3,,,,,,
709.52,1988,54.58,R3,,,,,,
709.59,2002,54.58,R3,,,,,,
709.6,1988,54.59,R3,,,,,,
709.7,1988,54.59,R3,,,,,,
709.9,1988,54.59,R3,,,,,,
710.1,1988,54.69,R3,,,,,,
710.21,1988,54.69,R3,,,,,,
710.22,1988,54.69,R3,,,,,,
710.29,1988,54.69,R3,,,,,,
710.3,1988,54.69,R3,,,,,,
710.4,1988,54.61,R3,,,,,,
710.8,1988,54.69,R3,,,,,,
710.9,1988,54.69,R3,,,,,,
711.2,1988,54.7,R3,,,,,,
711.3,1988,54.7,R3,,,,,,
711.4,1988,54.7,R3,,,,,,
711.51,2002,54.7,R3,,,,,,
711.59,2002,54.7,R3,,,,,,
711.9,1988,54.7,R3,,,,,,
712.2,1988,56.12,R3,,,,,,
712.31,2002,56.13,R3,,,,,,
712.32,2002,56.13,R3,,,,,,
712.33,2002,56.13,R3,,,,,,
712.39,2002,56.13,R3,,,,,,
712.9,1988,56.19,R3F,,,,,,
713.1,1988,54.21,R3,,,,,,
713.2,1988,54.22,R3,,,,,,
713.31,1988,54.23,R3,,,,,,
713.32,1988,54.23,R3,,,,,,
713.33,1988,54.23,R3,,,,,,
713.39,1988,54.23,R3,,,,,,
713.4,1988,54.24,R3,,,,,,
713.5,1988,54.25,R3,,,,,,
713.9,1988,54.29,R3,,,,,,
714.1,1988,54.81,R3F,,,,,,
714.2,1988,54.83,R3F,,,,,,
714.9,1988,54.83,R3F,,,,,,
801.11,1996,57.71,R3,,,,,,
801.19,1996,57.71,R3,,,,,,
801.21,1996,57.72,R3,,,,,,
801.22,1996,57.72,R3,,,,,,
801.31,1996,57.73,R3,,,,,,
801.32,1996,57.73,R3,,,,,,
802.11,1988,57.74,R3,,,,,,
802.12,1988,57.74,R3,,,,,,
802.21,1988,57.75,R3,,,,,,
802.22,1988,57.75,R3,,,,,,
802.31,1988,57.76,R3,,,,,,
802.32,1988,57.76,R3,,,,,,
802.4,1988,57.77,R3,,,,,,
802.5,1988,57.78,R3,,,,,,
802.9,1988,57.79,R3,,,,,,
803,1988,57.3,R3,,,,,,
804.1,1988,57.96,R3,,,,,,
804.2,1988,57.6,R3,,,,,,
804.3,1988,57.95,R3,,,,,,
804.4,1988,57.97,R3,,,,,,
804.5,1988,57.97,R3,,,,,,
805.1,1988,57.11,R3,,,,,,
805.2,1988,57.12,R3,,,,,,
805.4,1988,57.22,R3,,,,,,
805.5,2002,57.21,R3F,,,,,,
805.9,1988,57.29,R3,,,,,,
806.1,1988,57.51,R3,,,,,,
806.2,1988,57.52,R3,,,,,,
807.11,1996,57.91,R3,,,,,,
807.19,1996,57.91,R3,,,,,,
807.2,1988,57.91,R3,,,,,,
808.1,1988,57.4,R3,,,,,,
808.2,1988,57.92,R3,,,,,,
809.1,1988,57.93,R3,,,,,,
809.2,1988,57.93,R3,,,,,,
809.3,1988,57.93,R3,,,,,,
809.4,1988,57.93,R3,,,,,,
810.1,1988,57.94,R3,,,,,,
810.2,1988,57.94,R3,,,,,,
810.3,1988,57.94,R3,,,,,,
810.4,1988,57.94,R3,,,,,,
810.5,1996,57.98,R3,,,,,,
810.6,2002,57.98,R3,,,,,,
810.9,1988,57.98,R3,,,,,,
811.1,1988,58.31,R3,,,,,,
811.2,1988,58.32,R3,,,,,,
811.9,1988,58.39,R3,,,,,,
812.1,1988,58.21,R3,,,,,,
812.9,1988,58.21,R3,,,,,,
813.1,1988,57.99,R3,,,,,,
813.2,1988,57.99,R3,,,,,,
813.3,1988,57.99,R3,,,,,,
813.4,1988,57.99,R3,,,,,,
813.5,1988,57.99,R3,,,,,,
814,1988,58.22,R3,,,,,,
901.11,1988,71.11,R3,,,,,,
901.12,1988,71.12,R3,,,,,,
901.21,1988,71.2,R3,,,,,,
901.22,1988,71.2,R3,,,,,,
901.9,1996,71.32,R3F,,,,,,
902.1,1988,74.11,R3,,,,,,
902.2,1988,74.12,R3,,,,,,
902.3,1988,74.13,R3,,,,,,
902.4,1988,74.14,R3,,,,,,
903,1988,74.31,R3,,,,,,
904.11,1988,75.11,R3,,,,,,
904.12,1988,75.12,R3,,,,,,
904.2,1988,75.13,R3,,,,,,
905,1988,75.21,R3,,,,,,
906.1,1988,75.22,R3,,,,,,
906.2,1988,75.23,R3,,,,,,
907,1988,75.24,R3,,,,,,
908.1,1988,75.25,R3,,,,,,
908.2,1988,75.25,R3,,,,,,
908.3,1988,75.25,R3,,,,,,
909.1,1988,75.26,R3,,,,,,
909.2,1988,75.26,R3,,,,,,
909.3,1988,75.26,R3,,,,,,
909.4,1988,75.26,R3,,,,,,
909.5,1988,75.26,R3,,,,,,
910.1,1988,75.27,R3,,,,,,
910.2,1988,75.28,R3,,,,,,
910.3,1988,75.29,R3,,,,,,
910.4,1988,75.28,R3,,,,,,
910.5,1988,75.29,R3,,,,,,
910.91,1988,75.29,R3,,,,,,
910.99,1988,75.29,R3,,,,,,
1001.1,1988,41.1,R3,,,,,,
1001.9,1988,41.2,R3,,,,,,
1002,1988,45.1,R3,,,,,,
1003,1988,43,R3,,,,,,
1004,1988,45.2,R3,,,,,,
1005.1,1988,44.1,R3,,,,,,
1005.9,1988,44.9,R3,,,,,,
1006.1,1988,42.1,R3,,,,,,
1006.2,1988,42.2,R3,,,,,,
1006.3,1988,42.31,R3,,,,,,
1006.4,1988,42.32,R3,,,,,,
1007,1988,45.3,R3,,,,,,
1008.1,1988,45.92,R3,,,,,,
1008.2,1988,45.91,R3,,,,,,
1008.3,1988,45.93,R3,,,,,,
1008.9,1988,45.99,R3,,,,,,
1101,1988,46.1,R3,,,,,,
1102.1,1988,47.19,R3,,,,,,
1102.2,1988,47.11,R3,,,,,,
1102.3,1988,47.19,R3,,,,,,
1102.9,1988,47.19,R3,,,,,,
1103.11,1988,46.2,R3,,,,,,
1103.13,1988,47.21,R3,,,,,,
1103.19,1988,47.22,R3,,,,,,
1103.2,2002,46.2,R3F,,,,,,
1104.12,1988,48.13,R3,,,,,,
1104.19,1988,48.13,R3,,,,,,
1104.22,1988,48.14,R3,,,,,,
1104.23,1988,48.14,R3,,,,,,
1104.29,1988,48.14,R3,,,,,,
1104.3,1988,48.15,R3,,,,,,
1105.1,1988,56.41,R3,,,,,,
1105.2,1988,56.42,R3,,,,,,
1106.1,1988,56.46,R3,,,,,,
1106.2,1988,56.47,R3,,,,,,
1106.3,1988,56.48,R3,,,,,,
1107.1,1988,48.2,R3,,,,,,
1107.2,1988,48.2,R3,,,,,,
1108.11,1988,592.11,R3,,,,,,
1108.12,1988,592.12,R3,,,,,,
1108.13,1988,592.13,R3,,,,,,
1108.14,1988,592.14,R3,,,,,,
1108.19,1988,592.15,R3,,,,,,
1108.2,1988,592.16,R3,,,,,,
1109,1988,592.17,R3,,,,,,
1201,1988,222.2,R3,,,,,,
1202.1,1988,222.11,R3,,,,,,
1202.2,1988,222.12,R3,,,,,,
1203,1988,223.1,R3,,,,,,
1204,1988,223.4,R3,,,,,,
1205.1,2002,222.61,R3,,,,,,
1205.9,2002,222.61,R3,,,,,,
1206,1988,222.4,R3,,,,,,
1207.1,1988,223.2,R3,,,,,,
1207.2,1988,222.3,R3,,,,,,
1207.3,1988,223.5,R3,,,,,,
1207.4,1988,222.5,R3,,,,,,
1207.5,1988,222.62,R3,,,,,,
1207.6,1988,222.7,R3,,,,,,
1207.91,1988,223.7,R3,,,,,,
1207.99,1988,223.7,R3,,,,,,
1208.1,1988,223.9,R3,,,,,,
1208.9,1988,223.9,R3,,,,,,
1209.1,2002,292.51,R3,,,,,,
1209.21,1988,292.52,R3,,,,,,
1209.22,1988,292.52,R3,,,,,,
1209.23,1988,292.52,R3,,,,,,
1209.24,1988,292.52,R3,,,,,,
1209.25,1988,292.52,R3,,,,,,
1209.26,1988,292.52,R3,,,,,,
1209.29,1988,292.52,R3F,,,,,,
1209.3,1988,292.53,R3,,,,,,
1209.91,1988,292.54,R3,,,,,,
1209.99,1988,292.59,R3,,,,,,
1210.1,1988,54.84,R3,,,,,,
1210.2,1988,54.84,R3,,,,,,
1211.1,1988,292.41,R3,,,,,,
1211.2,1988,292.42,R3,,,,,,
1211.3,2002,292.49,R3,,,,,,
1211.4,2002,292.49,R3,,,,,,
1211.9,1988,292.49,R3,,,,,,
1212.1,1988,54.89,R3,,,,,,
1212.2,1988,292.97,R3F,,,,,,
1212.3,1988,54.85,R3,,,,,,
1212.91,1988,54.87,R3,,,,,,
1212.99,1988,54.89,R3F,,,,,,
1213,1988,81.11,R3,,,,,,
1214.1,1988,81.12,R3,,,,,,
1214.9,1988,81.13,R3,,,,,,
1301.1,1988,292.21,R3,,,,,,
1301.2,1988,292.22,R3,,,,,,
1301.9,1988,292.29,R3,,,,,,
1302.11,1988,292.94,R3,,,,,,
1302.12,1988,292.94,R3,,,,,,
1302.13,1988,292.94,R3,,,,,,
1302.14,1988,292.94,R3,,,,,,
1302.19,1988,292.94,R3F,,,,,,
1302.2,1988,292.95,R3,,,,,,
1302.31,1988,292.96,R3,,,,,,
1302.32,1988,292.96,R3,,,,,,
1302.39,1988,292.96,R3,,,,,,
1401.1,1988,292.31,R3,,,,,,
1401.2,1988,292.32,R3,,,,,,
1401.9,1988,292.39,R3,,,,,,
1402,2002,292.92,R3,,,,,,
1403,2002,292.93,R3,,,,,,
1404.1,1988,292.99,R3,,,,,,
1404.2,1988,263.2,R3,,,,,,
1404.9,1988,292.99,R3,,,,,,
1501,1988,411.2,R3,,,,,,
1502,1988,411.32,R3,,,,,,
1503,1988,411.33,R3,,,,,,
1504.1,1988,411.11,R3,,,,,,
1504.2,1988,411.12,R3,,,,,,
1504.3,1988,411.13,R3,,,,,,
1505,2002,411.35,R3F,,,,,,
1506,1988,411.39,R3,,,,,,
1507.1,1988,421.11,R3,,,,,,
1507.9,1988,421.19,R3,,,,,,
1508.1,1988,421.31,R3,,,,,,
1508.9,1988,421.39,R3,,,,,,
1509.1,1988,421.41,R3,,,,,,
1509.9,1988,421.42,R3,,,,,,
1510,1988,421.49,R3,,,,,,
1511.1,1988,422.21,R3,,,,,,
1511.9,1988,422.29,R3,,,,,,
1512.11,1988,421.51,R3,,,,,,
1512.19,1988,421.59,R3,,,,,,
1512.21,1988,421.21,R3,,,,,,
1512.29,1988,421.29,R3,,,,,,
1513.11,1988,422.31,R3,,,,,,
1513.19,1988,422.39,R3,,,,,,
1513.21,1988,422.41,R3,,,,,,
1513.29,1988,422.49,R3,,,,,,
1514.11,2002,421.71,R3,,,,,,
1514.19,2002,421.79,R3,,,,,,
1514.91,2002,421.71,R3,,,,,,
1514.99,2002,421.79,R3,,,,,,
1515.11,1988,422.11,R3,,,,,,
1515.19,1988,422.19,R3,,,,,,
1515.21,1988,421.61,R3,,,,,,
1515.29,1988,421.69,R3,,,,,,
1515.3,1988,422.5,R3,,,,,,
1515.4,1988,422.91,R3,,,,,,
1515.5,1988,421.8,R3,,,,,,
1515.9,1988,422.99,R3,,,,,,
1516.1,1988,431.21,R3,,,,,,
1516.2,1988,431.22,R3,,,,,,
1517.1,1988,91.01,R3,,,,,,
1517.9,1988,91.09,R3,,,,,,
1518,1988,431.1,R3,,,,,,
1520,1996,512.22,R3,,,,,,
1521.1,1988,431.41,R3,,,,,,
1521.9,1988,431.42,R3,,,,,,
1522,1988,431.33,R3,,,,,,
1601,1988,17.2,R3,,,,,,
1602.1,1988,98.11,R3,,,,,,
1602.2,1988,17.3,R3,,,,,,
1602.31,1988,17.4,R3,,,,,,
1602.32,1996,17.4,R3,,,,,,
1602.39,1988,17.4,R3,,,,,,
1602.41,1988,17.5,R3,,,,,,
1602.42,1988,17.5,R3,,,,,,
1602.49,1988,17.5,R3,,,,,,
1602.5,1988,17.6,R3,,,,,,
1602.9,1988,17.9,R3,,,,,,
1603,1988,17.1,R3,,,,,,
1604.11,1988,37.11,R3,,,,,,
1604.12,1988,37.12,R3,,,,,,
1604.13,1988,37.12,R3,,,,,,
1604.14,1988,37.13,R3,,,,,,
1604.15,1988,37.14,R3,,,,,,
1604.16,1988,37.15,R3,,,,,,
1604.19,1988,37.15,R3,,,,,,
1604.2,1988,37.16,R3,,,,,,
1604.3,1988,37.17,R3,,,,,,
1605.1,1988,37.21,R3,,,,,,
1605.2,1988,37.21,R3,,,,,,
1605.3,1988,37.21,R3,,,,,,
1605.4,1988,37.21,R3,,,,,,
1605.9,1988,37.22,R3,,,,,,
1701.11,1988,61.11,R3,,,,,,
1701.12,1988,61.12,R3,,,,,,
1701.91,1988,61.21,R3,,,,,,
1701.99,1988,61.29,R3,,,,,,
1702.11,1996,61.91,R3,,,,,,
1702.19,1996,61.91,R3,,,,,,
1702.2,1988,61.92,R3,,,,,,
1702.3,1988,61.93,R3,,,,,,
1702.4,1988,61.94,R3,,,,,,
1702.5,1988,61.95,R3,,,,,,
1702.6,1988,61.96,R3,,,,,,
1702.9,1988,61.99,R3,,,,,,
1703.1,1988,61.51,R3,,,,,,
1703.9,1988,61.59,R3,,,,,,
1704.1,1988,62.21,R3,,,,,,
1704.9,1988,62.29,R3,,,,,,
1801,1988,72.1,R3,,,,,,
1802,1988,72.5,R3,,,,,,
1803.1,1988,72.31,R3,,,,,,
1803.2,1988,72.32,R3,,,,,,
1804,1988,72.4,R3,,,,,,
1805,1988,72.2,R3,,,,,,
1806.1,1988,73.1,R3,,,,,,
1806.2,1988,73.2,R3,,,,,,
1806.31,1988,73.3,R3,,,,,,
1806.32,1988,73.3,R3,,,,,,
1806.9,1988,73.9,R3F,,,,,,
1901.1,1988,98.93,R3,,,,,,
1901.2,1988,48.5,R3,,,,,,
1901.9,1988,98.94,R3,,,,,,
1902.11,1988,48.3,R3,,,,,,
1902.19,1988,48.3,R3,,,,,,
1902.2,1988,98.91,R3,,,,,,
1902.3,1988,98.91,R3,,,,,,
1902.4,1988,98.91,R3,,,,,,
1903,1988,56.45,R3,,,,,,
1904.1,1988,48.11,R3,,,,,,
1904.2,1996,48.11,R3F,,,,,,
1904.3,2002,48.12,R3,,,,,,
1904.9,1988,48.12,R3,,,,,,
1905.1,1988,48.41,R3,,,,,,
1905.2,1988,48.42,R3,,,,,,
1905.31,2002,48.42,R3,,,,,,
1905.32,2002,48.42,R3,,,,,,
1905.4,1988,48.41,R3,,,,,,
1905.9,1988,48.49,R3,,,,,,
2001.1,1988,56.71,R3,,,,,,
2001.9,1988,56.71,R3,,,,,,
2002.1,1988,56.72,R3,,,,,,
2002.9,1988,56.73,R3,,,,,,
2003.1,1988,56.74,R3,,,,,,
2003.2,1988,56.74,R3,,,,,,
2003.9,2002,56.74,R3,,,,,,
2004.1,1988,56.61,R3,,,,,,
2004.9,1988,56.69,R3,,,,,,
2005.1,1988,98.12,R3,,,,,,
2005.2,1988,56.76,R3,,,,,,
2005.4,1988,56.79,R3,,,,,,
2005.51,1988,56.79,R3,,,,,,
2005.59,1988,56.79,R3,,,,,,
2005.6,1988,56.79,R3,,,,,,
2005.7,1988,56.79,R3,,,,,,
2005.8,1988,56.77,R3,,,,,,
2005.9,1988,56.79,R3F,,,,,,
2006,1988,62.1,R3F,,,,,,
2007.1,1988,98.13,R3,,,,,,
2007.91,1988,58.1,R3,,,,,,
2007.99,1988,58.1,R3,,,,,,
2008.11,1988,58.92,R3,,,,,,
2008.19,1988,58.92,R3,,,,,,
2008.2,1988,58.93,R3,,,,,,
2008.3,1988,58.94,R3,,,,,,
2008.4,1988,58.96,R3,,,,,,
2008.5,1988,58.95,R3,,,,,,
2008.6,1988,58.95,R3,,,,,,
2008.7,1988,58.95,R3,,,,,,
2008.8,1988,58.96,R3,,,,,,
2008.91,1988,58.96,R3,,,,,,
2008.92,1988,58.97,R3,,,,,,
2008.99,1988,58.96,R3,,,,,,
2009.11,1988,59.1,R3,,,,,,
2009.12,2002,59.1,R3,,,,,,
2009.19,1988,59.1,R3,,,,,,
2009.21,2002,59.2,R3,,,,,,
2009.29,2002,59.2,R3,,,,,,
2009.31,2002,59.3,R3,,,,,,
2009.39,2002,59.3,R3,,,,,,
2009.41,2002,59.91,R3,,,,,,
2009.49,2002,59.91,R3,,,,,,
2009.5,1988,59.92,R3,,,,,,
2009.61,2002,59.93,R3,,,,,,
2009.69,2002,59.93,R3,,,,,,
2009.71,2002,59.94,R3,,,,,,
2009.79,2002,59.94,R3,,,,,,
2009.8,1988,59.95,R3,,,,,,
2009.9,1988,59.96,R3,,,,,,
2101.11,1996,71.31,R3,,,,,,
2101.12,1996,71.31,R3,,,,,,
2101.2,1988,74.32,R3,,,,,,
2101.3,1988,71.33,R3,,,,,,
2102.1,1988,98.6,R3,,,,,,
2102.2,1988,98.6,R3,,,,,,
2102.3,1988,98.6,R3,,,,,,
2103.1,1988,98.41,R3,,,,,,
2103.2,1988,98.42,R3,,,,,,
2103.3,1988,98.43,R3,,,,,,
2103.9,1988,98.49,R3,,,,,,
2104.1,1988,98.5,R3,,,,,,
2104.2,1988,98.14,R3,,,,,,
2105,1988,22.33,R3,,,,,,
2106.1,1988,98.99,R3,,,,,,
2106.9,1988,98.99,R3F,,,,,,
2201.1,1988,111.01,R3,,,,,,
2201.9,1988,111.01,R3,,,,,,
2202.1,1988,111.02,R3,,,,,,
2202.9,1988,111.02,R3,,,,,,
2203,1988,112.3,R3,,,,,,
2204.1,1988,112.15,R3,,,,,,
2204.21,1988,112.17,R3,,,,,,
2204.29,1988,112.17,R3,,,,,,
2204.3,1988,112.11,R3,,,,,,
2205.1,1988,112.13,R3,,,,,,
2205.9,1988,112.13,R3,,,,,,
2206,1988,112.2,R3,,,,,,
2207.1,1988,512.15,R3,,,,,,
2207.2,1988,512.16,R3,,,,,,
2208.2,1988,112.42,R3,,,,,,
2208.3,1988,112.41,R3,,,,,,
2208.4,1988,112.44,R3,,,,,,
2208.5,1988,112.45,R3,,,,,,
2208.6,1996,112.49,R3,,,,,,
2208.7,1996,112.49,R3,,,,,,
2208.9,1988,112.49,R3,,,,,,
2209,1988,98.44,R3,,,,,,
2301.1,1988,81.41,R3,,,,,,
2301.2,1988,81.42,R3,,,,,,
2302.1,1988,81.24,R3,,,,,,
2302.2,1988,81.25,R3,,,,,,
2302.3,1988,81.26,R3,,,,,,
2302.4,1988,81.29,R3,,,,,,
2302.5,1988,81.23,R3,,,,,,
2303.1,1988,81.51,R3,,,,,,
2303.2,1988,81.52,R3,,,,,,
2303.3,1988,81.53,R3,,,,,,
2304,1988,81.31,R3,,,,,,
2305,1988,81.32,R3,,,,,,
2306.1,1988,81.33,R3,,,,,,
2306.2,1988,81.34,R3,,,,,,
2306.3,1988,81.35,R3,,,,,,
2306.41,2002,81.36,R3,,,,,,
2306.49,2002,81.36,R3,,,,,,
2306.5,1988,81.37,R3,,,,,,
2306.6,1988,81.38,R3,,,,,,
2306.7,1996,81.39,R3,,,,,,
2306.9,1988,81.39,R3,,,,,,
2307,1988,81.94,R3,,,,,,
2308,2002,81.19,R3,,,,,,
2309.1,1988,81.95,R3,,,,,,
2309.9,1988,81.99,R3,,,,,,
2401.1,1988,121.1,R3,,,,,,
2401.2,1988,121.2,R3,,,,,,
2401.3,1988,121.3,R3,,,,,,
2402.1,1988,122.1,R3,,,,,,
2402.2,1988,122.2,R3,,,,,,
2402.9,1988,122.31,R3,,,,,,
2403.1,1988,122.32,R3,,,,,,
2403.91,1988,122.39,R3,,,,,,
2403.99,1988,122.39,R3,,,,,,
2501,1988,278.3,R3,,,,,,
2502,1988,274.2,R3,,,,,,
2503,1996,274.1,R3AF,,,,,,
2504.1,1988,278.22,R3,,,,,,
2504.9,1988,278.22,R3,,,,,,
2505.1,1988,273.31,R3,,,,,,
2505.9,1988,273.39,R3,,,,,,
2506.1,1988,278.51,R3,,,,,,
2506.21,1988,278.51,R3,,,,,,
2506.29,1988,278.51,R3,,,,,,
2507,1988,278.26,R3,,,,,,
2508.1,1988,278.27,R3,,,,,,
2508.2,1988,278.29,R3,,,,,,
2508.3,1988,278.29,R3,,,,,,
2508.4,1988,278.29,R3,,,,,,
2508.5,1988,278.29,R3,,,,,,
2508.6,1988,278.29,R3,,,,,,
2508.7,1988,278.29,R3,,,,,,
2509,1988,278.91,R3,,,,,,
2510.1,1988,272.31,R3,,,,,,
2510.2,1988,272.32,R3,,,,,,
2511.1,1988,278.92,R3,,,,,,
2511.2,1988,278.92,R3,,,,,,
2512,1988,278.95,R3,,,,,,
2513.11,1988,277.22,R3,,,,,,
2513.19,1988,277.29,R3,,,,,,
2513.2,1996,277.22,R3F,,,,,,
2514,1988,273.11,R3,,,,,,
2515.11,1988,273.12,R3,,,,,,
2515.12,1988,273.12,R3,,,,,,
2515.2,1988,273.12,R3,,,,,,
2516.11,1988,273.13,R3,,,,,,
2516.12,1988,273.13,R3,,,,,,
2516.21,1988,273.13,R3,,,,,,
2516.22,1988,273.13,R3,,,,,,
2516.9,1988,273.13,R3,,,,,,
2517.1,1988,273.4,R3,,,,,,
2517.2,1988,273.4,R3,,,,,,
2517.3,1988,273.4,R3,,,,,,
2517.41,1988,273.4,R3,,,,,,
2517.49,1988,273.4,R3,,,,,,
2518.1,1988,278.23,R3,,,,,,
2518.2,1988,278.23,R3,,,,,,
2518.3,1988,278.23,R3,,,,,,
2519.1,1988,278.24,R3,,,,,,
2519.9,1988,278.25,R3,,,,,,
2520.1,1988,273.23,R3,,,,,,
2520.2,1988,273.24,R3,,,,,,
2521,1988,273.22,R3,,,,,,
2522.1,1988,661.11,R3,,,,,,
2522.2,1988,661.12,R3,,,,,,
2522.3,1988,661.13,R3,,,,,,
2523.1,1988,661.21,R3,,,,,,
2523.21,1988,661.22,R3,,,,,,
2523.29,1988,661.22,R3,,,,,,
2523.3,1988,661.23,R3,,,,,,
2523.9,1988,661.29,R3,,,,,,
2524,1988,278.4,R3,,,,,,
2525.1,1988,278.52,R3,,,,,,
2525.2,1988,278.52,R3,,,,,,
2525.3,1988,278.52,R3,,,,,,
2526.1,1988,278.93,R3,,,,,,
2526.2,1988,278.93,R3,,,,,,
2528.1,1988,278.94,R3,,,,,,
2528.9,1988,278.94,R3,,,,,,
2529.1,1988,278.53,R3,,,,,,
2529.21,1988,278.54,R3,,,,,,
2529.22,1988,278.54,R3,,,,,,
2529.3,1988,278.53,R3,,,,,,
2530.1,1988,278.98,R3,,,,,,
2530.2,1988,278.99,R3,,,,,,
2530.9,1988,278.99,R3F,,,,,,
2601.11,1988,281.5,R3,,,,,,
2601.12,1988,281.6,R3,,,,,,
2601.2,1988,281.4,R3,,,,,,
2602,1988,287.7,R3,,,,,,
2603,1988,283.1,R3,,,,,,
2604,1988,284.1,R3,,,,,,
2605,1988,287.93,R3,,,,,,
2606,1988,285.1,R3,,,,,,
2607,1988,287.4,R3,,,,,,
2608,1988,287.5,R3,,,,,,
2609,1988,287.6,R3,,,,,,
2610,1988,287.91,R3,,,,,,
2611,1988,287.92,R3,,,,,,
2612.1,1988,286.1,R3,,,,,,
2612.2,1988,286.2,R3,,,,,,
2613.1,1988,287.81,R3,,,,,,
2613.9,1988,287.82,R3,,,,,,
2614,1988,287.83,R3,,,,,,
2615.1,1988,287.84,R3,,,,,,
2615.9,1988,287.85,R3,,,,,,
2616.1,1988,289.11,R3,,,,,,
2616.9,1988,289.19,R3,,,,,,
2617.1,1988,287.99,R3,,,,,,
2617.9,1988,287.99,R3,,,,,,
2618,1988,278.61,R3,,,,,,
2619,1988,278.62,R3,,,,,,
2620.11,1988,288.1,R3,,,,,,
2620.19,1988,288.1,R3,,,,,,
2620.21,2002,288.1,R3,,,,,,
2620.29,2002,288.1,R3,,,,,,
2620.3,1988,288.1,R3,,,,,,
2620.4,1988,288.1,R3,,,,,,
2620.6,2002,288.1,R3F,,,,,,
2620.91,2002,288.1,R3,,,,,,
2620.99,2002,288.1,R3,,,,,,
2621.1,2002,278.69,R3,,,,,,
2621.9,2002,278.69,R3,,,,,,
2701.11,1988,321.1,R3,,,,,,
2701.12,1988,321.21,R3,,,,,,
2701.19,1988,321.22,R3,,,,,,
2701.2,1988,322.1,R3,,,,,,
2702.1,1988,322.21,R3,,,,,,
2702.2,1988,322.22,R3,,,,,,
2703,1988,322.3,R3,,,,,,
2704,1988,325,R3,,,,,,
2705,1988,345,R3,,,,,,
2706,1988,335.21,R3,,,,,,
2707.1,1988,335.22,R3,,,,,,
2707.2,1988,335.23,R3,,,,,,
2707.3,1988,335.24,R3,,,,,,
2707.4,1988,335.25,R3,,,,,,
2707.5,1988,335.25,R3,,,,,,
2707.6,1988,335.25,R3,,,,,,
2707.91,1988,335.25,R3,,,,,,
2707.99,1988,335.25,R3,,,,,,
2708.1,1988,335.31,R3,,,,,,
2708.2,1988,335.32,R3,,,,,,
2709,1988,333,R3,,,,,,
2710.11,2002,334,R3A,,,,,,
2710.19,2002,334,R3A,,,,,,
2710.91,2002,334,R3A,,,,,,
2710.99,2002,334,R3A,,,,,,
2711.11,1988,343.1,R3,,,,,,
2711.12,1988,342.1,R3,,,,,,
2711.13,1988,342.5,R3,,,,,,
2711.14,1988,344.1,R3,,,,,,
2711.19,1988,344.2,R3,,,,,,
2711.21,1988,343.2,R3,,,,,,
2711.29,1988,344.9,R3,,,,,,
2712.1,1988,335.11,R3,,,,,,
2712.2,1988,335.12,R3,,,,,,
2712.9,1988,335.12,R3,,,,,,
2713.11,1988,335.42,R3,,,,,,
2713.12,1988,335.42,R3,,,,,,
2713.2,1988,335.41,R3,,,,,,
2713.9,1988,335.41,R3,,,,,,
2714.1,1988,278.96,R3,,,,,,
2714.9,1988,278.97,R3,,,,,,
2715,1988,335.43,R3,,,,,,
2716,1988,351,R3,,,,,,
2801.1,1988,522.24,R3,,,,,,
2801.2,1988,522.25,R3,,,,,,
2801.3,1988,522.25,R3,,,,,,
2802,1988,522.26,R3,,,,,,
2803,1988,522.1,R3,,,,,,
2804.1,1988,522.21,R3,,,,,,
2804.21,1988,522.21,R3,,,,,,
2804.29,1988,522.21,R3,,,,,,
2804.3,1988,522.21,R3,,,,,,
2804.4,1988,522.21,R3,,,,,,
2804.5,1988,522.22,R3,,,,,,
2804.61,1988,522.23,R3,,,,,,
2804.69,1988,522.23,R3,,,,,,
2804.7,1988,522.22,R3,,,,,,
2804.8,1988,522.22,R3,,,,,,
2804.9,1988,522.22,R3,,,,,,
2805.11,1988,522.28,R3,,,,,,
2805.12,2002,522.29,R3,,,,,,
2805.19,1988,522.2,R3A,,,,,,
2805.3,1988,522.29,R3,,,,,,
2805.4,1988,522.27,R3,,,,,,
2806.1,1988,522.31,R3,,,,,,
2806.2,1988,522.31,R3,,,,,,
2807,1988,522.32,R3,,,,,,
2808,1988,522.33,R3,,,,,,
2809.1,1988,522.34,R3,,,,,,
2809.2,1988,522.34,R3,,,,,,
2810,1988,522.35,R3,,,,,,
2811.11,1988,522.36,R3,,,,,,
2811.19,1988,522.36,R3,,,,,,
2811.21,1988,522.39,R3,,,,,,
2811.22,1988,522.37,R3,,,,,,
2811.23,1988,522.38,R3,,,,,,
2811.29,1988,522.39,R3,,,,,,
2812.1,1988,522.41,R3,,,,,,
2812.9,1988,522.41,R3,,,,,,
2813.1,1988,522.42,R3,,,,,,
2813.9,1988,522.42,R3,,,,,,
2814.1,1988,522.61,R3,,,,,,
2814.2,1988,522.61,R3,,,,,,
2815.11,1988,522.62,R3,,,,,,
2815.12,1988,522.63,R3,,,,,,
2815.2,1988,522.64,R3,,,,,,
2815.3,1988,522.64,R3,,,,,,
2816.1,1988,522.65,R3,,,,,,
2816.4,2002,522.65,R3,,,,,,
2817,1988,522.51,R3,,,,,,
2818.1,1988,522.67,R3,,,,,,
2818.2,1988,285.2,R3,,,,,,
2818.3,1988,522.66,R3,,,,,,
2819.1,1988,522.52,R3,,,,,,
2819.9,1988,522.52,R3,,,,,,
2820.1,1988,522.53,R3,,,,,,
2820.9,1988,522.53,R3,,,,,,
2821.1,1988,522.54,R3,,,,,,
2821.2,1988,522.54,R3,,,,,,
2822,1988,522.55,R3,,,,,,
2823,1988,522.56,R3,,,,,,
2824.1,1988,522.57,R3,,,,,,
2824.2,1988,522.57,R3,,,,,,
2824.9,1988,522.57,R3,,,,,,
2825.1,1988,522.68,R3,,,,,,
2825.2,1988,522.69,R3,,,,,,
2825.3,1988,522.69,R3,,,,,,
2825.4,1988,522.69,R3,,,,,,
2825.5,1988,522.69,R3,,,,,,
2825.6,1988,522.69,R3,,,,,,
2825.7,1988,522.69,R3,,,,,,
2825.8,1988,522.69,R3,,,,,,
2825.9,1988,522.69,R3,,,,,,
2826.11,1988,523.1,R3,,,,,,
2826.12,1988,523.1,R3,,,,,,
2826.19,1988,523.1,R3,,,,,,
2826.2,1988,523.1,R3,,,,,,
2826.3,1988,523.1,R3,,,,,,
2826.9,1988,523.1,R3,,,,,,
2827.1,1988,523.21,R3,,,,,,
2827.2,1988,523.22,R3,,,,,,
2827.31,1988,523.29,R3,,,,,,
2827.32,1988,523.29,R3,,,,,,
2827.33,1988,523.29,R3,,,,,,
2827.34,1988,523.29,R3,,,,,,
2827.35,1988,523.29,R3,,,,,,
2827.36,1988,523.29,R3,,,,,,
2827.39,1988,523.29,R3,,,,,,
2827.41,1988,523.29,R3,,,,,,
2827.49,1988,523.29,R3,,,,,,
2827.51,1988,523.29,R3,,,,,,
2827.59,1988,523.29,R3,,,,,,
2827.6,1988,523.29,R3,,,,,,
2828.1,1988,523.31,R3,,,,,,
2828.9,1988,523.31,R3,,,,,,
2829.11,1988,523.32,R3,,,,,,
2829.19,1988,523.39,R3,,,,,,
2829.9,1988,523.39,R3,,,,,,
2830.1,1988,523.41,R3,,,,,,
2830.2,1988,523.42,R3,,,,,,
2830.3,1988,523.42,R3,,,,,,
2830.9,1988,523.42,R3,,,,,,
2831.1,1988,523.43,R3,,,,,,
2831.9,1988,523.43,R3,,,,,,
2832.1,1988,523.44,R3,,,,,,
2832.2,1988,523.44,R3,,,,,,
2832.3,1988,523.44,R3,,,,,,
2833.11,1988,523.45,R3,,,,,,
2833.19,1988,523.45,R3,,,,,,
2833.21,1988,523.49,R3,,,,,,
2833.22,1988,523.49,R3,,,,,,
2833.23,1988,523.49,R3,,,,,,
2833.24,1988,523.49,R3,,,,,,
2833.25,1988,523.49,R3,,,,,,
2833.26,1988,523.49,R3,,,,,,
2833.27,1988,523.49,R3,,,,,,
2833.29,1988,523.49,R3,,,,,,
2833.3,1988,523.49,R3,,,,,,
2833.4,1988,523.49,R3,,,,,,
2834.1,1988,523.51,R3,,,,,,
2834.21,1988,523.52,R3,,,,,,
2834.29,1988,523.59,R3,,,,,,
2835.1,1988,523.61,R3,,,,,,
2835.22,1988,523.63,R3,,,,,,
2835.23,1988,523.63,R3,,,,,,
2835.24,1988,523.63,R3,,,,,,
2835.25,1988,523.63,R3,,,,,,
2835.26,1988,523.63,R3,,,,,,
2835.29,1988,523.63,R3F,,,,,,
2835.31,1988,523.64,R3,,,,,,
2835.39,1988,523.65,R3,,,,,,
2836.1,1988,523.71,R3,,,,,,
2836.2,1988,523.72,R3,,,,,,
2836.3,1988,523.73,R3,,,,,,
2836.4,1988,523.74,R3,,,,,,
2836.5,1988,523.79,R3,,,,,,
2836.6,1988,523.79,R3,,,,,,
2836.7,1988,523.75,R3,,,,,,
2836.91,1988,523.79,R3,,,,,,
2836.92,1988,523.79,R3,,,,,,
2836.99,1988,523.79,R3,,,,,,
2837.11,1988,523.81,R3,,,,,,
2837.19,1988,523.81,R3,,,,,,
2837.2,1988,523.81,R3,,,,,,
2838,1988,523.82,R3,,,,,,
2839.11,1988,523.83,R3,,,,,,
2839.19,1988,523.83,R3,,,,,,
2839.2,1988,523.83,R3,,,,,,
2839.9,1988,523.83,R3,,,,,,
2840.11,1988,523.84,R3,,,,,,
2840.19,1988,523.84,R3,,,,,,
2840.2,1988,523.84,R3,,,,,,
2840.3,1988,523.84,R3,,,,,,
2841.1,1988,524.31,R3,,,,,,
2841.2,1988,524.31,R3,,,,,,
2841.3,1988,524.31,R3,,,,,,
2841.5,1988,524.31,R3,,,,,,
2841.61,1996,524.31,R3,,,,,,
2841.69,1996,524.31,R3,,,,,,
2841.7,1988,524.31,R3,,,,,,
2841.8,1988,524.31,R3,,,,,,
2841.9,1988,524.31,R3,,,,,,
2842.1,1988,523.89,R3F,,,,,,
2842.9,1988,523.89,R3,,,,,,
2843.1,1988,524.32,R3,,,,,,
2843.21,1988,524.32,R3,,,,,,
2843.29,1988,524.32,R3,,,,,,
2843.3,1988,524.32,R3,,,,,,
2843.9,1988,524.32,R3,,,,,,
2844.1,1988,525.11,R3,,,,,,
2844.2,1988,525.13,R3,,,,,,
2844.3,1988,525.15,R3,,,,,,
2844.4,1988,525.19,R3,,,,,,
2844.5,1988,525.17,R3,,,,,,
2845.1,1988,525.91,R3,,,,,,
2845.9,1988,525.91,R3,,,,,,
2846.1,1988,525.95,R3,,,,,,
2846.9,1988,525.95,R3,,,,,,
2847,1988,524.91,R3,,,,,,
2848,1996,524.92,R3,,,,,,
2849.1,1988,524.93,R3,,,,,,
2849.2,1988,524.94,R3,,,,,,
2849.9,1988,524.94,R3,,,,,,
2850,1988,524.95,R3,,,,,,
2851,1988,524.99,R3,,,,,,
2901.1,1988,511.14,R3,,,,,,
2901.21,1988,511.11,R3,,,,,,
2901.22,1988,511.12,R3,,,,,,
2901.23,1988,511.13,R3,,,,,,
2901.24,1988,511.13,R3,,,,,,
2901.29,1988,511.19,R3,,,,,,
2902.11,1988,511.21,R3,,,,,,
2902.19,1988,511.29,R3,,,,,,
2902.2,1988,511.22,R3,,,,,,
2902.3,1988,511.23,R3,,,,,,
2902.41,1988,511.24,R3,,,,,,
2902.42,1988,511.24,R3,,,,,,
2902.43,1988,511.24,R3,,,,,,
2902.44,1988,511.24,R3,,,,,,
2902.5,1988,511.25,R3,,,,,,
2902.6,1988,511.26,R3,,,,,,
2902.7,1988,511.27,R3,,,,,,
2902.9,1988,511.29,R3,,,,,,
2903.11,1988,511.36,R3,,,,,,
2903.12,1988,511.36,R3,,,,,,
2903.13,1988,511.36,R3,,,,,,
2903.14,1988,511.36,R3,,,,,,
2903.15,1988,511.35,R3,,,,,,
2903.19,1988,511.36,R3,,,,,,
2903.21,1988,511.31,R3,,,,,,
2903.22,1988,511.32,R3,,,,,,
2903.23,1988,511.33,R3,,,,,,
2903.29,1988,511.34,R3,,,,,,
2903.3,1988,511.37,R3,,,,,,
2903.41,1996,511.38,R3,,,,,,
2903.42,1996,511.38,R3,,,,,,
2903.43,1996,511.38,R3,,,,,,
2903.44,1996,511.38,R3,,,,,,
2903.45,1996,511.38,R3,,,,,,
2903.46,1996,511.38,R3,,,,,,
2903.47,1996,511.38,R3,,,,,,
2903.49,1996,511.38,R3,,,,,,
2903.51,1988,511.39,R3,,,,,,
2903.59,1988,511.39,R3,,,,,,
2903.61,1988,511.39,R3,,,,,,
2903.62,1988,511.39,R3,,,,,,
2903.69,1988,511.39,R3,,,,,,
2904.1,1988,511.4,R3,,,,,,
2904.2,1988,511.4,R3,,,,,,
2904.9,1988,511.4,R3,,,,,,
2905.11,1988,512.11,R3,,,,,,
2905.12,1988,512.12,R3,,,,,,
2905.13,1988,512.13,R3,,,,,,
2905.14,1988,512.13,R3,,,,,,
2905.15,1988,512.19,R3,,,,,,
2905.16,1988,512.14,R3,,,,,,
2905.17,1988,512.19,R3,,,,,,
2905.19,1988,512.19,R3,,,,,,
2905.22,1988,512.19,R3,,,,,,
2905.29,1988,512.19,R3,,,,,,
2905.31,1988,512.21,R3,,,,,,
2905.32,1988,512.29,R3,,,,,,
2905.39,1988,512.29,R3,,,,,,
2905.41,1988,512.29,R3,,,,,,
2905.42,1988,512.23,R3,,,,,,
2905.43,1988,512.24,R3,,,,,,
2905.44,1988,512.25,R3,,,,,,
2905.45,1996,512.22,R3,,,,,,
2905.49,1988,512.29,R3F,,,,,,
2905.51,2002,512.29,R3,,,,,,
2905.59,2002,512.29,R3,,,,,,
2906.11,1988,512.31,R3,,,,,,
2906.12,1988,512.31,R3,,,,,,
2906.13,1988,512.31,R3,,,,,,
2906.14,1988,512.31,R3,,,,,,
2906.19,1988,512.31,R3,,,,,,
2906.21,1988,512.35,R3,,,,,,
2906.29,1988,512.35,R3,,,,,,
2907.11,1988,512.41,R3,,,,,,
2907.12,1988,512.42,R3,,,,,,
2907.13,1988,512.43,R3,,,,,,
2907.14,1988,512.43,R3,,,,,,
2907.15,1988,512.43,R3,,,,,,
2907.19,1988,512.43,R3,,,,,,
2907.21,1988,512.43,R3,,,,,,
2907.22,1988,512.43,R3,,,,,,
2907.23,1988,512.43,R3,,,,,,
2907.29,1988,512.43,R3,,,,,,
2908.1,1988,512.44,R3,,,,,,
2908.2,1988,512.44,R3,,,,,,
2908.9,1988,512.44,R3,,,,,,
2909.11,1988,516.16,R3,,,,,,
2909.19,1988,516.16,R3,,,,,,
2909.2,1988,516.16,R3,,,,,,
2909.3,1988,516.16,R3,,,,,,
2909.41,1988,516.17,R3,,,,,,
2909.42,1988,516.17,R3,,,,,,
2909.43,1988,516.17,R3,,,,,,
2909.44,1988,516.17,R3,,,,,,
2909.49,1988,516.17,R3,,,,,,
2909.5,1988,516.17,R3,,,,,,
2909.6,1988,516.17,R3,,,,,,
2910.1,1988,516.13,R3,,,,,,
2910.2,1988,516.14,R3,,,,,,
2910.3,1988,516.15,R3,,,,,,
2910.9,1988,516.15,R3,,,,,,
2911,1988,516.12,R3,,,,,,
2912.11,1988,516.21,R3,,,,,,
2912.12,1988,516.21,R3,,,,,,
2912.13,1988,516.21,R3,,,,,,
2912.19,1988,516.21,R3,,,,,,
2912.21,1988,516.22,R3,,,,,,
2912.29,1988,516.22,R3,,,,,,
2912.3,1988,516.22,R3,,,,,,
2912.41,1988,516.22,R3,,,,,,
2912.42,1988,516.22,R3,,,,,,
2912.49,1988,516.22,R3,,,,,,
2912.5,1988,516.22,R3,,,,,,
2912.6,1988,516.22,R3,,,,,,
2913,1988,516.26,R3,,,,,,
2914.11,1988,516.23,R3,,,,,,
2914.12,1988,516.24,R3,,,,,,
2914.13,1988,516.25,R3,,,,,,
2914.19,1988,516.25,R3,,,,,,
2914.21,1988,516.27,R3,,,,,,
2914.22,1988,516.28,R3,,,,,,
2914.23,1988,516.28,R3,,,,,,
2914.29,1988,516.28,R3,,,,,,
2914.31,1996,516.29,R3,,,,,,
2914.39,1996,516.29,R3,,,,,,
2914.4,1996,516.29,R3,,,,,,
2914.5,1988,516.29,R3,,,,,,
2914.61,1988,516.29,R3,,,,,,
2914.69,1988,516.29,R3,,,,,,
2914.7,1988,516.29,R3,,,,,,
2915.11,1988,513.74,R3,,,,,,
2915.12,1988,513.74,R3,,,,,,
2915.13,1988,513.74,R3,,,,,,
2915.21,1988,513.71,R3,,,,,,
2915.22,1988,513.71,R3,,,,,,
2915.23,1988,513.71,R3,,,,,,
2915.24,1988,513.77,R3,,,,,,
2915.29,1988,513.71,R3,,,,,,
2915.31,1988,513.72,R3,,,,,,
2915.32,1988,513.72,R3,,,,,,
2915.33,1988,513.72,R3,,,,,,
2915.34,1988,513.72,R3,,,,,,
2915.35,1988,513.72,R3,,,,,,
2915.39,1988,513.72,R3,,,,,,
2915.4,1988,513.77,R3,,,,,,
2915.5,1988,513.77,R3,,,,,,
2915.6,1988,513.75,R3,,,,,,
2915.7,1988,513.76,R3,,,,,,
2915.9,1988,513.77,R3,,,,,,
2916.11,1988,513.79,R3,,,,,,
2916.12,1988,513.79,R3,,,,,,
2916.13,1988,513.73,R3,,,,,,
2916.14,1988,513.73,R3,,,,,,
2916.15,1988,513.78,R3,,,,,,
2916.19,1988,513.79,R3,,,,,,
2916.2,1988,513.79,R3,,,,,,
2916.31,1988,513.79,R3,,,,,,
2916.32,1988,513.79,R3,,,,,,
2916.34,1996,513.79,R3,,,,,,
2916.35,1996,513.79,R3,,,,,,
2916.39,1988,513.79,R3,,,,,,
2917.11,1988,513.89,R3,,,,,,
2917.12,1988,513.89,R3,,,,,,
2917.13,1988,513.89,R3,,,,,,
2917.14,1988,513.81,R3,,,,,,
2917.19,1988,513.89,R3,,,,,,
2917.2,1988,513.85,R3,,,,,,
2917.31,1988,513.89,R3,,,,,,
2917.32,1988,513.83,R3,,,,,,
2917.33,1988,513.89,R3,,,,,,
2917.34,1988,513.89,R3,,,,,,
2917.35,1988,513.82,R3,,,,,,
2917.36,1988,513.89,R3,,,,,,
2917.37,1988,513.84,R3,,,,,,
2917.39,1988,513.89,R3,,,,,,
2918.11,1988,513.91,R3,,,,,,
2918.12,1988,513.91,R3,,,,,,
2918.13,1988,513.91,R3,,,,,,
2918.14,1988,513.91,R3,,,,,,
2918.15,1988,513.91,R3,,,,,,
2918.16,1988,513.92,R3,,,,,,
2918.19,1988,513.92,R3,,,,,,
2918.21,1988,513.93,R3,,,,,,
2918.22,1988,513.93,R3,,,,,,
2918.23,1988,513.93,R3,,,,,,
2918.29,1988,513.94,R3,,,,,,
2918.3,1988,513.95,R3,,,,,,
2918.9,1988,513.96,R3,,,,,,
2919,1988,516.31,R3,,,,,,
2920.1,1988,516.39,R3,,,,,,
2920.9,1988,516.39,R3,,,,,,
2921.11,1988,514.51,R3,,,,,,
2921.12,1988,514.51,R3,,,,,,
2921.19,1988,514.51,R3,,,,,,
2921.21,1988,514.52,R3,,,,,,
2921.22,1988,514.52,R3,,,,,,
2921.29,1988,514.52,R3,,,,,,
2921.3,1988,514.53,R3,,,,,,
2921.41,1988,514.54,R3,,,,,,
2921.42,1988,514.54,R3,,,,,,
2921.43,1988,514.54,R3,,,,,,
2921.44,1988,514.54,R3,,,,,,
2921.45,1988,514.54,R3,,,,,,
2921.46,2002,514.54,R3,,,,,,
2921.49,1988,514.54,R3,,,,,,
2921.51,1988,514.55,R3,,,,,,
2921.59,1988,514.55,R3,,,,,,
2922.11,1988,514.61,R3,,,,,,
2922.12,1988,514.61,R3,,,,,,
2922.13,1988,514.61,R3,,,,,,
2922.14,2002,514.61,R3,,,,,,
2922.19,1988,514.61,R3,,,,,,
2922.21,1988,514.62,R3,,,,,,
2922.22,1988,514.62,R3,,,,,,
2922.29,1988,514.62,R3,,,,,,
2922.31,2002,514.63,R3,,,,,,
2922.39,2002,514.63,R3,,,,,,
2922.41,1988,514.64,R3,,,,,,
2922.42,1988,514.64,R3,,,,,,
2922.43,1996,514.65,R3,,,,,,
2922.44,2002,514.65,R3,,,,,,
2922.49,1988,514.65,R3,,,,,,
2922.5,1988,514.67,R3,,,,,,
2923.1,1988,514.81,R3,,,,,,
2923.2,1988,514.81,R3,,,,,,
2923.9,1988,514.81,R3,,,,,,
2924.11,2002,514.71,R3,,,,,,
2924.19,2002,514.71,R3,,,,,,
2924.21,1988,514.73,R3,,,,,,
2924.23,2002,514.79,R3,,,,,,
2924.24,2002,514.79,R3,,,,,,
2924.29,1988,514.79,R3,,,,,,
2925.11,1988,514.82,R3,,,,,,
2925.12,2002,514.82,R3,,,,,,
2925.19,1988,514.82,R3,,,,,,
2925.2,1988,514.82,R3,,,,,,
2926.1,1988,514.83,R3,,,,,,
2926.2,1988,514.84,R3,,,,,,
2926.3,2002,514.84,R3,,,,,,
2926.9,1988,514.84,R3,,,,,,
2927,1988,514.85,R3,,,,,,
2928,1988,514.86,R3,,,,,,
2929.1,1988,514.89,R3,,,,,,
2929.9,1988,514.89,R3,,,,,,
2930.1,1988,515.41,R3,,,,,,
2930.2,1988,515.42,R3,,,,,,
2930.3,1988,515.43,R3,,,,,,
2930.4,1988,515.44,R3,,,,,,
2930.9,1988,515.49,R3,,,,,,
2931,1988,515.5,R3,,,,,,
2932.11,1988,515.69,R3,,,,,,
2932.12,1988,515.69,R3,,,,,,
2932.13,1988,515.69,R3,,,,,,
2932.19,1988,515.69,R3,,,,,,
2932.21,1988,515.62,R3,,,,,,
2932.29,1988,515.63,R3,,,,,,
2932.91,1996,515.69,R3,,,,,,
2932.92,1996,515.69,R3,,,,,,
2932.93,1996,515.69,R3,,,,,,
2932.94,1996,515.69,R3,,,,,,
2932.95,2002,515.69,R3,,,,,,
2932.99,1996,515.69,R3,,,,,,
2933.11,1988,515.71,R3,,,,,,
2933.19,1988,515.71,R3,,,,,,
2933.21,1988,515.72,R3,,,,,,
2933.29,1988,515.73,R3,,,,,,
2933.31,1988,515.74,R3,,,,,,
2933.32,1996,515.74,R3,,,,,,
2933.33,2002,515.74,R3,,,,,,
2933.39,1988,515.74,R3,,,,,,
2933.41,2002,515.75,R3,,,,,,
2933.49,2002,515.75,R3,,,,,,
2933.52,2002,515.76,R3,,,,,,
2933.53,2002,515.76,R3,,,,,,
2933.54,2002,515.76,R3,,,,,,
2933.55,2002,515.76,R3,,,,,,
2933.59,1988,515.76,R3,,,,,,
2933.61,1988,515.76,R3,,,,,,
2933.69,1988,515.76,R3,,,,,,
2933.71,1988,515.61,R3,,,,,,
2933.72,2002,515.61,R3,,,,,,
2933.79,1988,515.61,R3,,,,,,
2933.91,2002,515.77,R3,,,,,,
2933.99,2002,515.77,R3,,,,,,
2934.1,1988,515.79,R3,,,,,,
2934.2,1988,515.79,R3,,,,,,
2934.3,1988,515.78,R3,,,,,,
2934.91,2002,515.79,R3,,,,,,
2934.99,2002,515.79,R3,,,,,,
2935,1988,515.8,R3,,,,,,
2936.1,1988,541.11,R3,,,,,,
2936.21,1988,541.12,R3,,,,,,
2936.22,1988,541.13,R3,,,,,,
2936.23,1988,541.13,R3,,,,,,
2936.24,1988,541.13,R3,,,,,,
2936.25,1988,541.13,R3,,,,,,
2936.26,1988,541.13,R3,,,,,,
2936.27,1988,541.14,R3,,,,,,
2936.28,1988,541.15,R3,,,,,,
2936.29,1988,541.16,R3,,,,,,
2936.9,1988,541.17,R3,,,,,,
2937.11,2002,541.52,R3F,,,,,,
2937.12,2002,541.51,R3,,,,,,
2937.19,2002,541.5,R3AF,,,,,,
2937.21,1988,541.53,R3,,,,,,
2937.22,1988,541.53,R3,,,,,,
2937.23,2002,541.59,R3,,,,,,
2937.29,1988,541.53,R3F,,,,,,
2937.31,2002,541.59,R3,,,,,,
2937.39,2002,541.59,R3F,,,,,,
2937.4,2002,541.59,R3,,,,,,
2937.5,2002,513.9,R3AF,,,,,,
2937.9,2002,541.59,R3F,,,,,,
2938.1,1988,541.61,R3,,,,,,
2938.9,1988,541.61,R3,,,,,,
2939.11,2002,541.41,R3F,,,,,,
2939.19,2002,541.41,R3,,,,,,
2939.21,1988,541.42,R3,,,,,,
2939.29,1988,541.42,R3,,,,,,
2939.3,1988,541.43,R3,,,,,,
2939.41,1996,541.44,R3,,,,,,
2939.42,1996,541.44,R3,,,,,,
2939.43,2002,541.44,R3,,,,,,
2939.49,1996,541.44,R3,,,,,,
2939.51,2002,541.45,R3,,,,,,
2939.59,2002,541.45,R3,,,,,,
2939.61,1996,541.46,R3,,,,,,
2939.62,1996,541.46,R3,,,,,,
2939.63,1996,541.46,R3,,,,,,
2939.69,1996,541.46,R3,,,,,,
2939.91,2002,541.49,R3,,,,,,
2939.99,2002,541.47,R3F,,,,,,
2940,1988,516.92,R3,,,,,,
2941.1,1988,541.31,R3,,,,,,
2941.2,1988,541.32,R3,,,,,,
2941.3,1988,541.33,R3,,,,,,
2941.4,1988,541.39,R3,,,,,,
2941.5,1988,541.39,R3,,,,,,
2941.9,1988,541.39,R3,,,,,,
2942,1988,516.99,R3,,,,,,
3001.1,1988,541.62,R3,,,,,,
3001.2,1988,541.62,R3,,,,,,
3001.9,1988,541.62,R3,,,,,,
3002.1,1988,541.63,R3,,,,,,
3002.2,1988,541.63,R3,,,,,,
3002.3,1996,541.63,R3,,,,,,
3002.9,1988,541.64,R3,,,,,,
3003.1,1988,542.11,R3,,,,,,
3003.2,1988,542.12,R3,,,,,,
3003.31,1988,542.21,R3,,,,,,
3003.39,1988,542.22,R3,,,,,,
3003.4,1988,542.31,R3,,,,,,
3003.9,1988,542.91,R3,,,,,,
3004.1,1988,542.13,R3,,,,,,
3004.2,1988,542.19,R3,,,,,,
3004.31,1988,542.23,R3,,,,,,
3004.32,1988,542.24,R3F,,,,,,
3004.39,1988,542.29,R3,,,,,,
3004.4,1988,542.32,R3,,,,,,
3004.5,1988,542.92,R3,,,,,,
3004.9,1988,542.93,R3,,,,,,
3005.1,1988,541.91,R3,,,,,,
3005.9,1988,541.91,R3,,,,,,
3006.1,1988,541.99,R3,,,,,,
3006.2,1988,541.92,R3,,,,,,
3006.3,1988,541.93,R3,,,,,,
3006.4,1988,541.99,R3,,,,,,
3006.5,1988,541.99,R3,,,,,,
3006.6,1988,541.99,R3,,,,,,
3006.7,2002,598.99,R3,,,,,,
3006.8,2002,541.9,R3AF,,,,,,
3101,1988,272.1,R3,,,,,,
3102.1,1988,562.16,R3,,,,,,
3102.21,1988,562.13,R3,,,,,,
3102.29,1988,562.12,R3,,,,,,
3102.3,1988,562.11,R3,,,,,,
3102.4,1988,562.19,R3,,,,,,
3102.5,1988,272.2,R3,,,,,,
3102.6,1988,562.14,R3,,,,,,
3102.7,1988,562.15,R3,,,,,,
3102.8,1988,562.17,R3,,,,,,
3102.9,1988,562.19,R3,,,,,,
3103.1,1988,562.22,R3,,,,,,
3103.2,1988,562.21,R3,,,,,,
3103.9,1988,562.29,R3,,,,,,
3104.1,1988,272.4,R3,,,,,,
3104.2,1988,562.31,R3,,,,,,
3104.3,1988,562.32,R3,,,,,,
3104.9,1988,562.39,R3,,,,,,
3105.1,1988,562.96,R3,,,,,,
3105.2,1988,562.91,R3,,,,,,
3105.3,1988,562.93,R3,,,,,,
3105.4,1988,562.94,R3,,,,,,
3105.51,1988,562.95,R3,,,,,,
3105.59,1988,562.95,R3,,,,,,
3105.6,1988,562.92,R3,,,,,,
3105.9,1988,562.99,R3,,,,,,
3201.1,1988,532.21,R3,,,,,,
3201.2,1988,532.21,R3,,,,,,
3201.9,1988,532.21,R3,,,,,,
3202.1,1988,532.31,R3,,,,,,
3202.9,1988,532.32,R3,,,,,,
3203,1988,532.22,R3,,,,,,
3204.11,1988,531.11,R3,,,,,,
3204.12,1988,531.12,R3,,,,,,
3204.13,1988,531.13,R3,,,,,,
3204.14,1988,531.14,R3,,,,,,
3204.15,1988,531.15,R3,,,,,,
3204.16,1988,531.16,R3,,,,,,
3204.17,1988,531.17,R3,,,,,,
3204.19,1988,531.19,R3,,,,,,
3204.2,1988,531.21,R3,,,,,,
3204.9,1988,531.21,R3,,,,,,
3205,1988,531.22,R3,,,,,,
3206.11,1996,533.11,R3,,,,,,
3206.19,1996,533.11,R3,,,,,,
3206.2,1988,533.12,R3,,,,,,
3206.3,1988,533.13,R3,,,,,,
3206.41,1988,533.14,R3,,,,,,
3206.42,1988,533.15,R3,,,,,,
3206.43,1988,533.16,R3,,,,,,
3206.49,1988,533.17,R3,,,,,,
3206.5,1988,533.18,R3,,,,,,
3207.1,1988,533.51,R3,,,,,,
3207.2,1988,533.51,R3,,,,,,
3207.3,1988,533.51,R3,,,,,,
3207.4,1988,533.51,R3,,,,,,
3208.1,1988,533.42,R3,,,,,,
3208.2,1988,533.42,R3,,,,,,
3208.9,1988,533.42,R3,,,,,,
3209.1,1988,533.41,R3,,,,,,
3209.9,1988,533.41,R3,,,,,,
3210,1988,533.43,R3,,,,,,
3211,1988,533.53,R3,,,,,,
3212.1,1988,533.44,R3,,,,,,
3212.9,1988,533.44,R3,,,,,,
3213.1,1988,533.52,R3,,,,,,
3213.9,1988,533.52,R3,,,,,,
3214.1,1988,533.54,R3,,,,,,
3214.9,1988,533.54,R3,,,,,,
3215.11,1988,533.21,R3,,,,,,
3215.19,1988,533.29,R3,,,,,,
3215.9,1988,895.91,R3,,,,,,
3301.11,1988,551.31,R3,,,,,,
3301.12,1988,551.31,R3,,,,,,
3301.13,1988,551.31,R3,,,,,,
3301.14,1988,551.31,R3,,,,,,
3301.19,1988,551.31,R3,,,,,,
3301.21,1988,551.32,R3,,,,,,
3301.22,1988,551.32,R3,,,,,,
3301.23,1988,551.32,R3,,,,,,
3301.24,1988,551.32,R3,,,,,,
3301.25,1988,551.32,R3,,,,,,
3301.26,1988,551.32,R3,,,,,,
3301.29,1988,551.32,R3,,,,,,
3301.3,1988,551.33,R3,,,,,,
3301.9,1988,551.35,R3F,,,,,,
3302.1,1988,551.41,R3F,,,,,,
3302.9,1988,551.49,R3,,,,,,
3303,1988,553.1,R3,,,,,,
3304.1,1988,553.2,R3,,,,,,
3304.2,1988,553.2,R3,,,,,,
3304.3,1988,553.2,R3,,,,,,
3304.91,1988,553.2,R3,,,,,,
3304.99,1988,553.2,R3,,,,,,
3305.1,1988,553.3,R3,,,,,,
3305.2,1988,553.3,R3,,,,,,
3305.3,1988,553.3,R3,,,,,,
3305.9,1988,553.3,R3,,,,,,
3306.1,1988,553.4,R3,,,,,,
3306.2,1996,553.4,R3F,,,,,,
3306.9,1988,553.4,R3,,,,,,
3307.1,1988,553.51,R3,,,,,,
3307.2,1988,553.52,R3,,,,,,
3307.3,1988,553.53,R3,,,,,,
3307.41,1988,553.54,R3,,,,,,
3307.49,1988,553.54,R3,,,,,,
3307.9,1988,553.59,R3,,,,,,
3401.11,1988,554.11,R3,,,,,,
3401.19,1988,554.15,R3,,,,,,
3401.2,1988,554.19,R3,,,,,,
3401.3,2002,554.22,R3,,,,,,
3402.11,1988,554.21,R3,,,,,,
3402.12,1988,554.21,R3,,,,,,
3402.13,1988,554.21,R3,,,,,,
3402.19,1988,554.21,R3,,,,,,
3402.2,1988,554.22,R3,,,,,,
3402.9,1988,554.23,R3,,,,,,
3403.11,1988,597.71,R3,,,,,,
3403.19,1988,597.72,R3,,,,,,
3403.91,1988,597.73,R3,,,,,,
3403.99,1988,597.74,R3,,,,,,
3404.1,1988,598.31,R3,,,,,,
3404.2,1988,598.35,R3,,,,,,
3404.9,1988,598.39,R3,,,,,,
3405.1,1988,554.31,R3,,,,,,
3405.2,1988,554.32,R3,,,,,,
3405.3,1988,554.33,R3,,,,,,
3405.4,1988,554.34,R3,,,,,,
3405.9,1988,554.35,R3,,,,,,
3406,1988,899.31,R3,,,,,,
3407,1988,598.95,R3,,,,,,
3501.1,1988,592.21,R3,,,,,,
3501.9,1988,592.22,R3,,,,,,
3502.11,1996,25.3,R3,,,,,,
3502.19,1996,25.3,R3,,,,,,
3502.2,1996,592.23,R3,,,,,,
3502.9,1988,592.23,R3,,,,,,
3503,1988,592.24,R3,,,,,,
3504,1988,592.25,R3,,,,,,
3505.1,1988,592.26,R3,,,,,,
3505.2,1988,592.27,R3,,,,,,
3506.1,1988,592.29,R3,,,,,,
3506.91,1988,592.29,R3,,,,,,
3506.99,1988,592.29,R3,,,,,,
3507.1,1988,516.91,R3,,,,,,
3507.9,1988,516.91,R3,,,,,,
3601,1988,593.11,R3,,,,,,
3602,1988,593.12,R3,,,,,,
3603,1988,593.2,R3,,,,,,
3604.1,1988,593.31,R3,,,,,,
3604.9,1988,593.33,R3,,,,,,
3605,1988,899.32,R3,,,,,,
3606.1,1988,899.34,R3,,,,,,
3606.9,1988,899.39,R3,,,,,,
3701.1,1988,882.2,R3,,,,,,
3701.2,1988,882.2,R3,,,,,,
3701.3,1988,882.2,R3,,,,,,
3701.91,1988,882.2,R3,,,,,,
3701.99,1988,882.2,R3,,,,,,
3702.1,1988,882.3,R3,,,,,,
3702.2,1988,882.3,R3,,,,,,
3702.31,1988,882.3,R3,,,,,,
3702.32,1988,882.3,R3,,,,,,
3702.39,1988,882.3,R3,,,,,,
3702.41,1988,882.3,R3,,,,,,
3702.42,1988,882.3,R3,,,,,,
3702.43,1988,882.3,R3,,,,,,
3702.44,1988,882.3,R3,,,,,,
3702.51,1988,882.3,R3,,,,,,
3702.52,1988,882.3,R3,,,,,,
3702.53,1988,882.3,R3,,,,,,
3702.54,1988,882.3,R3,,,,,,
3702.55,1988,882.3,R3,,,,,,
3702.56,1988,882.3,R3,,,,,,
3702.91,1988,882.3,R3,,,,,,
3702.93,1988,882.3,R3,,,,,,
3702.94,1988,882.3,R3,,,,,,
3702.95,1988,882.3,R3,,,,,,
3703.1,1988,882.4,R3,,,,,,
3703.2,1988,882.4,R3,,,,,,
3703.9,1988,882.4,R3,,,,,,
3704,1988,882.5,R3,,,,,,
3705.1,1988,882.6,R3,,,,,,
3705.2,1988,882.6,R3,,,,,,
3705.9,1988,882.6,R3,,,,,,
3706.1,1988,883.1,R3,,,,,,
3706.9,1988,883.9,R3,,,,,,
3707.1,1988,882.1,R3,,,,,,
3707.9,1988,882.1,R3,,,,,,
3801.1,1988,598.61,R3,,,,,,
3801.2,1988,598.61,R3,,,,,,
3801.3,1988,598.61,R3,,,,,,
3801.9,1988,598.61,R3,,,,,,
3802.1,1988,598.64,R3,,,,,,
3802.9,1988,598.65,R3,,,,,,
3803,1988,598.11,R3,,,,,,
3804,1988,598.12,R3,,,,,,
3805.1,1988,598.13,R3,,,,,,
3805.2,1988,598.13,R3,,,,,,
3805.9,1988,598.13,R3,,,,,,
3806.1,1988,598.14,R3,,,,,,
3806.2,1988,598.14,R3,,,,,,
3806.3,1988,598.14,R3,,,,,,
3806.9,1988,598.14,R3,,,,,,
3807,1988,598.18,R3,,,,,,
3808.1,1988,591.1,R3,,,,,,
3808.2,1988,591.2,R3,,,,,,
3808.3,1988,591.3,R3,,,,,,
3808.4,1988,591.41,R3,,,,,,
3808.9,1988,591.49,R3,,,,,,
3809.1,1988,598.91,R3,,,,,,
3809.91,1988,598.91,R3,,,,,,
3809.92,1988,598.91,R3,,,,,,
3809.93,1992,598.91,R3,,,,,,
3810.1,1988,598.96,R3,,,,,,
3810.9,1988,598.96,R3,,,,,,
3811.11,1988,597.21,R3,,,,,,
3811.19,1988,597.21,R3,,,,,,
3811.21,1988,597.25,R3,,,,,,
3811.29,1988,597.25,R3,,,,,,
3811.9,1988,597.29,R3,,,,,,
3812.1,1988,598.63,R3,,,,,,
3812.2,1988,598.93,R3,,,,,,
3812.3,1988,598.93,R3,,,,,,
3813,1988,598.94,R3,,,,,,
3814,1988,533.55,R3,,,,,,
3815.11,1988,598.81,R3,,,,,,
3815.12,1988,598.83,R3,,,,,,
3815.19,1988,598.85,R3,,,,,,
3815.9,1988,598.89,R3,,,,,,
3816,1988,662.33,R3,,,,,,
3817,2002,598.41,R3F,,,,,,
3818,1988,598.5,R3,,,,,,
3819,1988,597.31,R3,,,,,,
3820,1988,597.33,R3,,,,,,
3821,1988,598.67,R3,,,,,,
3822,1988,598.69,R3F,,,,,,
3823.11,1996,431.31,R3,,,,,,
3823.12,1996,431.31,R3,,,,,,
3823.13,1996,431.31,R3,,,,,,
3823.19,1996,431.31,R3,,,,,,
3823.7,1996,512.17,R3,,,,,,
3824.1,1996,598.99,R3,,,,,,
3824.2,1996,598.99,R3,,,,,,
3824.3,1996,598.99,R3,,,,,,
3824.4,1996,598.97,R3,,,,,,
3824.5,1996,598.98,R3,,,,,,
3824.6,1996,598.99,R3,,,,,,
3824.71,1996,598.99,R3,,,,,,
3824.79,1996,598.99,R3,,,,,,
3824.9,1996,598.99,R3,,,,,,
3825.1,2002,598.99,R3,,,,,,
3825.2,2002,598.99,R3,,,,,,
3825.3,2002,872.21,R3F,,,,,,
3825.41,2002,598.99,R3,,,,,,
3825.49,2002,598.99,R3,,,,,,
3825.5,2002,598.99,R3,,,,,,
3825.61,2002,598.99,R3,,,,,,
3825.69,2002,598.99,R3,,,,,,
3825.9,2002,598.99,R3,,,,,,
3901.1,1988,571.11,R3,,,,,,
3901.2,1988,571.12,R3,,,,,,
3901.3,1988,571.2,R3,,,,,,
3901.9,1988,571.9,R3,,,,,,
3902.1,1988,575.11,R3,,,,,,
3902.2,1988,575.12,R3,,,,,,
3902.3,1988,575.13,R3,,,,,,
3902.9,1988,575.19,R3,,,,,,
3903.11,1988,572.11,R3,,,,,,
3903.19,1988,572.19,R3,,,,,,
3903.2,1988,572.91,R3,,,,,,
3903.3,1988,572.92,R3,,,,,,
3903.9,1988,572.99,R3,,,,,,
3904.1,1988,573.11,R3,,,,,,
3904.21,1988,573.12,R3,,,,,,
3904.22,1988,573.13,R3,,,,,,
3904.3,1988,573.91,R3,,,,,,
3904.4,1988,573.92,R3,,,,,,
3904.5,1988,573.93,R3,,,,,,
3904.61,1988,573.94,R3,,,,,,
3904.69,1988,573.94,R3,,,,,,
3904.9,1988,573.99,R3,,,,,,
3905.12,1996,575.91,R3,,,,,,
3905.19,1988,575.91,R3,,,,,,
3905.21,1996,575.91,R3,,,,,,
3905.29,1996,575.91,R3,,,,,,
3905.3,1996,575.92,R3,,,,,,
3905.91,1996,575.92,R3,,,,,,
3905.99,1996,575.92,R3,,,,,,
3906.1,1988,575.21,R3,,,,,,
3906.9,1988,575.29,R3,,,,,,
3907.1,1988,574.11,R3,,,,,,
3907.2,1988,574.19,R3,,,,,,
3907.3,1988,574.2,R3,,,,,,
3907.4,1988,574.31,R3,,,,,,
3907.5,1988,574.32,R3,,,,,,
3907.6,1988,574.33,R3,,,,,,
3907.91,1988,574.34,R3,,,,,,
3907.99,1988,574.39,R3,,,,,,
3908.1,1988,575.31,R3,,,,,,
3908.9,1988,575.39,R3,,,,,,
3909.1,1988,575.41,R3,,,,,,
3909.2,1988,575.42,R3,,,,,,
3909.3,1988,575.43,R3,,,,,,
3909.4,1988,575.44,R3,,,,,,
3909.5,1988,575.45,R3,,,,,,
3910,1988,575.93,R3,,,,,,
3911.1,1988,575.96,R3,,,,,,
3911.9,1988,575.96,R3,,,,,,
3912.11,1988,575.51,R3,,,,,,
3912.12,1988,575.52,R3,,,,,,
3912.2,1988,575.53,R3,,,,,,
3912.31,1988,575.54,R3,,,,,,
3912.39,1988,575.54,R3,,,,,,
3912.9,1988,575.59,R3,,,,,,
3913.1,1988,575.94,R3,,,,,,
3913.9,1988,575.95,R3,,,,,,
3914,1988,575.97,R3,,,,,,
3915.1,1988,579.1,R3,,,,,,
3915.2,1988,579.2,R3,,,,,,
3915.3,1988,579.3,R3,,,,,,
3915.9,1988,579.9,R3,,,,,,
3916.1,1988,583.1,R3,,,,,,
3916.2,1988,583.2,R3,,,,,,
3916.9,1988,583.9,R3,,,,,,
3917.1,1988,581.1,R3,,,,,,
3917.21,1988,581.2,R3,,,,,,
3917.22,1988,581.2,R3,,,,,,
3917.23,1988,581.2,R3,,,,,,
3917.29,1988,581.2,R3,,,,,,
3917.31,1988,581.3,R3,,,,,,
3917.32,1988,581.4,R3,,,,,,
3917.33,1988,581.5,R3,,,,,,
3917.39,1988,581.6,R3,,,,,,
3917.4,1988,581.7,R3,,,,,,
3918.1,1988,893.31,R3,,,,,,
3918.9,1988,893.31,R3,,,,,,
3919.1,1988,582.11,R3,,,,,,
3919.9,1988,582.19,R3,,,,,,
3920.1,1988,582.21,R3,,,,,,
3920.2,1988,582.22,R3,,,,,,
3920.3,1988,582.23,R3,,,,,,
3920.43,2002,582.24,R3,,,,,,
3920.49,2002,582.24,R3,,,,,,
3920.51,1988,582.25,R3,,,,,,
3920.59,1988,582.25,R3,,,,,,
3920.61,1988,582.26,R3,,,,,,
3920.62,1988,582.26,R3,,,,,,
3920.63,1988,582.26,R3,,,,,,
3920.69,1988,582.26,R3,,,,,,
3920.71,1988,582.28,R3,,,,,,
3920.72,1988,582.27,R3,,,,,,
3920.73,1988,582.28,R3,,,,,,
3920.79,1988,582.28,R3,,,,,,
3920.91,1988,582.29,R3,,,,,,
3920.92,1988,582.29,R3,,,,,,
3920.93,1988,582.29,R3,,,,,,
3920.94,1988,582.29,R3,,,,,,
3920.99,1988,582.29,R3,,,,,,
3921.11,1988,582.91,R3,,,,,,
3921.12,1988,582.91,R3,,,,,,
3921.13,1988,582.91,R3,,,,,,
3921.14,1988,582.91,R3,,,,,,
3921.19,1988,582.91,R3,,,,,,
3921.9,1988,582.99,R3,,,,,,
3922.1,1988,893.21,R3,,,,,,
3922.2,1988,893.21,R3,,,,,,
3922.9,1988,893.21,R3,,,,,,
3923.1,1988,893.19,R3,,,,,,
3923.21,1988,893.11,R3,,,,,,
3923.29,1988,893.11,R3,,,,,,
3923.3,1988,893.19,R3,,,,,,
3923.4,1988,893.19,R3,,,,,,
3923.5,1988,893.19,R3,,,,,,
3923.9,1988,893.19,R3,,,,,,
3924.1,1988,893.32,R3,,,,,,
3924.9,1988,893.32,R3,,,,,,
3925.1,1988,893.29,R3,,,,,,
3925.2,1988,893.29,R3,,,,,,
3925.3,1988,893.29,R3,,,,,,
3925.9,1988,893.29,R3,,,,,,
3926.1,1988,893.94,R3,,,,,,
3926.2,1988,848.21,R3,,,,,,
3926.3,1988,893.95,R3,,,,,,
3926.4,1988,893.99,R3,,,,,,
3926.9,1988,893.99,R3,,,,,,
4001.1,1988,231.1,R3,,,,,,
4001.21,1988,231.21,R3,,,,,,
4001.22,1988,231.25,R3,,,,,,
4001.29,1988,231.29,R3,,,,,,
4001.3,1988,231.3,R3,,,,,,
4002.11,1988,232.11,R3,,,,,,
4002.19,1988,232.11,R3,,,,,,
4002.2,1988,232.12,R3,,,,,,
4002.31,1988,232.13,R3,,,,,,
4002.39,1988,232.13,R3,,,,,,
4002.41,1988,232.14,R3,,,,,,
4002.49,1988,232.14,R3,,,,,,
4002.51,1988,232.15,R3,,,,,,
4002.59,1988,232.15,R3,,,,,,
4002.6,1988,232.16,R3,,,,,,
4002.7,1988,232.17,R3,,,,,,
4002.8,1988,232.18,R3,,,,,,
4002.91,1988,232.19,R3,,,,,,
4002.99,1988,232.19,R3,,,,,,
4003,1988,232.21,R3,,,,,,
4004,1988,232.22,R3,,,,,,
4005.1,1988,621.11,R3,,,,,,
4005.2,1988,621.12,R3,,,,,,
4005.91,1988,621.19,R3,,,,,,
4005.99,1988,621.19,R3,,,,,,
4006.1,1988,621.21,R3,,,,,,
4006.9,1988,621.29,R3,,,,,,
4007,1988,621.31,R3,,,,,,
4008.11,1988,621.32,R3,,,,,,
4008.19,1988,621.32,R3,,,,,,
4008.21,1988,621.33,R3,,,,,,
4008.29,1988,621.33,R3,,,,,,
4009.11,2002,621.41,R3,,,,,,
4009.12,2002,621.45,R3,,,,,,
4009.21,2002,621.42,R3,,,,,,
4009.22,2002,621.45,R3,,,,,,
4009.31,2002,621.43,R3,,,,,,
4009.32,2002,621.45,R3,,,,,,
4009.41,2002,621.44,R3,,,,,,
4009.42,2002,621.45,R3,,,,,,
4010.11,1996,629.29,R3,,,,,,
4010.12,1996,629.29,R3,,,,,,
4010.13,1996,629.29,R3,,,,,,
4010.19,1996,629.29,R3,,,,,,
4010.31,2002,629.21,R3,,,,,,
4010.32,2002,629.21,R3,,,,,,
4010.33,2002,629.21,R3,,,,,,
4010.34,2002,629.21,R3,,,,,,
4010.35,2002,629.29,R3,,,,,,
4010.36,2002,629.29,R3,,,,,,
4010.39,2002,629.29,R3,,,,,,
4011.1,1988,625.1,R3,,,,,,
4011.2,1988,625.2,R3,,,,,,
4011.3,1988,625.3,R3,,,,,,
4011.4,1988,625.41,R3,,,,,,
4011.5,1988,625.42,R3,,,,,,
4011.61,2002,625.51,R3,,,,,,
4011.62,2002,625.51,R3,,,,,,
4011.63,2002,625.51,R3,,,,,,
4011.69,2002,625.51,R3,,,,,,
4011.92,2002,625.59,R3,,,,,,
4011.93,2002,625.59,R3,,,,,,
4011.94,2002,625.59,R3,,,,,,
4011.99,1988,625.59,R3,,,,,,
4012.11,2002,625.92,R3,,,,,,
4012.12,2002,625.92,R3,,,,,,
4012.13,2002,625.92,R3,,,,,,
4012.19,2002,625.92,R3,,,,,,
4012.2,1988,625.93,R3,,,,,,
4012.9,1988,625.94,R3,,,,,,
4013.1,1988,625.91,R3,,,,,,
4013.2,1988,625.91,R3,,,,,,
4013.9,1988,625.91,R3,,,,,,
4014.1,1988,629.11,R3,,,,,,
4014.9,1988,629.19,R3,,,,,,
4015.11,1988,848.22,R3,,,,,,
4015.19,1988,848.22,R3,,,,,,
4015.9,1988,848.29,R3,,,,,,
4016.1,1988,629.92,R3,,,,,,
4016.91,1988,629.99,R3,,,,,,
4016.92,1988,629.99,R3,,,,,,
4016.93,1988,629.99,R3,,,,,,
4016.94,1988,629.99,R3,,,,,,
4016.95,1988,629.99,R3,,,,,,
4016.99,1988,629.99,R3,,,,,,
4017,1988,629.91,R3,,,,,,
4101.2,2002,211.2,R3F,,,,,,
4101.5,2002,211.11,R3F,,,,,,
4101.9,2002,211.11,R3F,,,,,,
4102.1,1988,211.6,R3,,,,,,
4102.21,1988,211.7,R3F,,,,,,
4102.29,1988,211.7,R3F,,,,,,
4103.1,1988,211.4,R3F,,,,,,
4103.2,1988,211.99,R3F,,,,,,
4103.3,2002,211.99,R3F,,,,,,
4103.9,1988,211.99,R3F,,,,,,
4104.11,2002,611.41,R3F,,,,,,
4104.19,2002,611.41,R3F,,,,,,
4104.41,2002,611.42,R3F,,,,,,
4104.49,2002,611.42,R3F,,,,,,
4105.1,2002,611.51,R3,,,,,,
4105.3,2002,611.52,R3,,,,,,
4106.21,2002,611.61,R3,,,,,,
4106.22,2002,611.62,R3,,,,,,
4106.31,2002,611.71,R3,,,,,,
4106.32,2002,611.71,R3,,,,,,
4106.4,2002,611.72,R3,,,,,,
4106.91,2002,611.79,R3,,,,,,
4106.92,2002,611.79,R3,,,,,,
4107.11,2002,611.42,R3F,,,,,,
4107.12,2002,611.42,R3F,,,,,,
4107.19,2002,611.42,R3F,,,,,,
4107.91,2002,611.42,R3,,,,,,
4107.92,2002,611.42,R3,,,,,,
4107.99,2002,611.42,R3,,,,,,
4112,2002,611.52,R3,,,,,,
4113.1,2002,611.62,R3,,,,,,
4113.2,2002,611.71,R3,,,,,,
4113.3,2002,611.72,R3,,,,,,
4113.9,2002,611.79,R3,,,,,,
4114.1,2002,611.81,R3,,,,,,
4114.2,2002,611.83,R3,,,,,,
4115.1,2002,611.2,R3,,,,,,
4115.2,2002,211.91,R3,,,,,,
4201,1988,612.2,R3,,,,,,
4202.11,1988,831.21,R3,,,,,,
4202.12,1988,831.22,R3,,,,,,
4202.19,1988,831.29,R3,,,,,,
4202.21,1988,831.11,R3,,,,,,
4202.22,1988,831.12,R3,,,,,,
4202.29,1988,831.19,R3,,,,,,
4202.31,1988,831.91,R3,,,,,,
4202.32,1988,831.91,R3,,,,,,
4202.39,1988,831.91,R3,,,,,,
4202.91,1988,831.99,R3,,,,,,
4202.92,1988,831.99,R3,,,,,,
4202.99,1988,831.99,R3,,,,,,
4203.1,1988,848.11,R3,,,,,,
4203.21,1988,894.77,R3,,,,,,
4203.29,1988,848.12,R3,,,,,,
4203.3,1988,848.13,R3,,,,,,
4203.4,1988,848.19,R3,,,,,,
4204,1988,612.1,R3,,,,,,
4205,1988,612.9,R3,,,,,,
4206.1,1988,899.91,R3,,,,,,
4206.9,1988,899.91,R3,,,,,,
4301.1,1988,212.1,R3,,,,,,
4301.3,1988,212.22,R3,,,,,,
4301.6,1988,212.25,R3,,,,,,
4301.7,1988,212.26,R3,,,,,,
4301.8,1988,212.2,R3A,,,,,,
4301.9,1988,212.3,R3,,,,,,
4302.11,1988,613.11,R3,,,,,,
4302.13,1988,613.13,R3,,,,,,
4302.19,1988,613.19,R3F,,,,,,
4302.2,1988,613.2,R3,,,,,,
4302.3,1988,613.3,R3,,,,,,
4303.1,1988,848.31,R3,,,,,,
4303.9,1988,848.31,R3,,,,,,
4304,1988,848.32,R3,,,,,,
4401.1,1988,245.01,R3,,,,,,
4401.21,1988,246.11,R3,,,,,,
4401.22,1988,246.15,R3,,,,,,
4401.3,1988,246.2,R3,,,,,,
4402,1988,245.02,R3,,,,,,
4403.1,1988,247.3,R3,,,,,,
4403.2,1988,247.4,R3,,,,,,
4403.41,1996,247.51,R3,,,,,,
4403.49,1996,247.51,R3F,,,,,,
4403.91,1988,247.52,R3,,,,,,
4403.92,1988,247.52,R3,,,,,,
4403.99,1988,247.52,R3,,,,,,
4404.1,1988,634.91,R3,,,,,,
4404.2,1988,634.91,R3,,,,,,
4405,1988,634.93,R3,,,,,,
4406.1,1988,248.11,R3,,,,,,
4406.9,1988,248.19,R3,,,,,,
4407.1,1988,248.2,R3,,,,,,
4407.24,1996,248.4,R3,,,,,,
4407.25,1996,248.4,R3,,,,,,
4407.26,1996,248.4,R3,,,,,,
4407.29,1996,248.4,R3,,,,,,
4407.91,1988,248.4,R3,,,,,,
4407.92,1988,248.4,R3,,,,,,
4407.99,1988,248.4,R3,,,,,,
4408.1,1988,634.11,R3F,,,,,,
4408.31,1996,634.12,R3F,,,,,,
4408.39,1996,634.12,R3F,,,,,,
4408.9,1988,634.12,R3F,,,,,,
4409.1,1988,248.3,R3,,,,,,
4409.2,1988,248.5,R3,,,,,,
4410.21,2002,634.22,R3,,,,,,
4410.29,2002,634.22,R3,,,,,,
4410.31,2002,634.22,R3,,,,,,
4410.32,2002,634.22,R3,,,,,,
4410.33,2002,634.22,R3,,,,,,
4410.39,2002,634.22,R3,,,,,,
4410.9,1988,634.23,R3,,,,,,
4411.11,1988,634.51,R3,,,,,,
4411.19,1988,634.51,R3,,,,,,
4411.21,1988,634.52,R3,,,,,,
4411.29,1988,634.52,R3,,,,,,
4411.31,1988,634.53,R3,,,,,,
4411.39,1988,634.53,R3,,,,,,
4411.91,1988,634.59,R3,,,,,,
4411.99,1988,634.59,R3,,,,,,
4412.13,1996,634.31,R3F,,,,,,
4412.14,1996,634.31,R3,,,,,,
4412.19,1988,634.39,R3,,,,,,
4412.22,1996,634.41,R3,,,,,,
4412.23,1996,634.41,R3,,,,,,
4412.29,1988,634.41,R3,,,,,,
4412.92,1996,634.49,R3,,,,,,
4412.93,1996,634.49,R3,,,,,,
4412.99,1988,634.49,R3,,,,,,
4413,1988,634.21,R3,,,,,,
4414,1988,635.41,R3,,,,,,
4415.1,1988,635.11,R3,,,,,,
4415.2,1988,635.12,R3F,,,,,,
4416,1988,635.2,R3,,,,,,
4417,1988,635.91,R3,,,,,,
4418.1,1988,635.31,R3,,,,,,
4418.2,1988,635.32,R3,,,,,,
4418.3,1988,635.39,R3,,,,,,
4418.4,1988,635.39,R3,,,,,,
4418.5,1988,635.33,R3,,,,,,
4418.9,1988,635.39,R3,,,,,,
4419,1988,635.42,R3,,,,,,
4420.1,1988,635.49,R3,,,,,,
4420.9,1988,635.49,R3,,,,,,
4421.1,1988,635.99,R3,,,,,,
4421.9,1988,635.99,R3,,,,,,
4501.1,1988,244.03,R3,,,,,,
4501.9,1988,244.04,R3,,,,,,
4502,1988,244.02,R3,,,,,,
4503.1,1988,633.11,R3,,,,,,
4503.9,1988,633.19,R3,,,,,,
4504.1,1988,633.21,R3,,,,,,
4504.9,1988,633.29,R3,,,,,,
4601.2,1988,899.74,R3,,,,,,
4601.91,1988,899.79,R3F,,,,,,
4601.99,1988,899.79,R3F,,,,,,
4602.1,1988,899.71,R3,,,,,,
4602.9,1988,899.71,R3,,,,,,
4701,1988,251.2,R3,,,,,,
4702,1988,251.3,R3,,,,,,
4703.11,1988,251.41,R3,,,,,,
4703.19,1988,251.42,R3,,,,,,
4703.21,1988,251.51,R3,,,,,,
4703.29,1988,251.52,R3,,,,,,
4704.11,1988,251.61,R3,,,,,,
4704.19,1988,251.61,R3,,,,,,
4704.21,1988,251.62,R3,,,,,,
4704.29,1988,251.62,R3,,,,,,
4705,1988,251.91,R3,,,,,,
4706.1,1988,251.92,R3,,,,,,
4706.2,1996,251.92,R3,,,,,,
4706.91,1988,251.92,R3,,,,,,
4706.92,1988,251.92,R3,,,,,,
4706.93,1988,251.92,R3,,,,,,
4707.1,1988,251.11,R3,,,,,,
4707.2,1988,251.12,R3,,,,,,
4707.3,1988,251.13,R3,,,,,,
4707.9,1988,251.19,R3,,,,,,
4801,1988,641.1,R3,,,,,,
4802.1,1988,641.21,R3,,,,,,
4802.2,1988,641.22,R3F,,,,,,
4802.3,1988,641.23,R3F,,,,,,
4802.4,1988,641.24,R3F,,,,,,
4802.54,2002,641.25,R3F,,,,,,
4802.55,2002,641.26,R3F,,,,,,
4802.56,2002,641.26,R3F,,,,,,
4802.57,2002,641.26,R3F,,,,,,
4802.58,2002,641.27,R3F,,,,,,
4802.61,2002,641.2,R3AF,,,,,,
4802.62,2002,641.2,R3AF,,,,,,
4802.69,2002,641.29,R3F,,,,,,
4803,1988,641.63,R3,,,,,,
4804.11,1988,641.41,R3,,,,,,
4804.19,1988,641.41,R3,,,,,,
4804.21,1988,641.42,R3,,,,,,
4804.29,1988,641.42,R3,,,,,,
4804.31,1988,641.46,R3,,,,,,
4804.39,1988,641.46,R3,,,,,,
4804.41,1988,641.47,R3,,,,,,
4804.42,1988,641.47,R3,,,,,,
4804.49,1988,641.47,R3,,,,,,
4804.51,1988,641.48,R3,,,,,,
4804.52,1988,641.48,R3,,,,,,
4804.59,1988,641.48,R3,,,,,,
4805.11,2002,641.51,R3,,,,,,
4805.12,2002,641.5,R3A,,,,,,
4805.19,2002,641.5,R3A,,,,,,
4805.24,2002,641.54,R3F,,,,,,
4805.25,2002,641.54,R3F,,,,,,
4805.3,1988,641.52,R3,,,,,,
4805.4,1988,641.56,R3,,,,,,
4805.5,1988,641.56,R3,,,,,,
4805.91,2002,641.54,R3F,,,,,,
4805.92,2002,641.54,R3F,,,,,,
4805.93,2002,641.54,R3F,,,,,,
4806.1,1988,641.53,R3,,,,,,
4806.2,1988,641.53,R3,,,,,,
4806.3,1988,641.53,R3,,,,,,
4806.4,1988,641.53,R3,,,,,,
4807,2002,641.92,R3F,,,,,,
4808.1,1988,641.64,R3,,,,,,
4808.2,1988,641.61,R3,,,,,,
4808.3,1988,641.62,R3,,,,,,
4808.9,1988,641.69,R3,,,,,,
4809.1,1988,641.31,R3,,,,,,
4809.2,1988,641.31,R3,,,,,,
4809.9,1988,641.31,R3,,,,,,
4810.13,2002,641.3,R3AF,,,,,,
4810.14,2002,641.3,R3AF,,,,,,
4810.19,2002,641.3,R3AF,,,,,,
4810.22,2002,641.34,R3F,,,,,,
4810.29,1988,641.34,R3F,,,,,,
4810.31,1988,641.74,R3F,,,,,,
4810.32,1988,641.75,R3F,,,,,,
4810.39,1988,641.76,R3F,,,,,,
4810.92,2002,641.77,R3F,,,,,,
4810.99,1988,641.77,R3F,,,,,,
4811.1,1988,641.73,R3F,,,,,,
4811.41,2002,641.78,R3F,,,,,,
4811.49,2002,641.78,R3F,,,,,,
4811.51,2002,641.71,R3F,,,,,,
4811.59,2002,641.72,R3F,,,,,,
4811.6,2002,641.79,R3F,,,,,,
4811.9,1988,641.79,R3F,,,,,,
4812,1988,641.93,R3,,,,,,
4813.1,1988,642.41,R3,,,,,,
4813.2,1988,642.41,R3,,,,,,
4813.9,1988,641.55,R3,,,,,,
4814.1,1988,641.94,R3,,,,,,
4814.2,1988,641.94,R3,,,,,,
4814.3,1988,641.94,R3,,,,,,
4814.9,1988,641.94,R3,,,,,,
4815,1988,659.11,R3,,,,,,
4816.1,1988,642.42,R3,,,,,,
4816.2,1988,642.42,R3,,,,,,
4816.3,1988,642.42,R3,,,,,,
4816.9,1988,642.42,R3,,,,,,
4817.1,1988,642.21,R3,,,,,,
4817.2,1988,642.22,R3,,,,,,
4817.3,1988,642.23,R3,,,,,,
4818.1,1988,642.43,R3,,,,,,
4818.2,1988,642.94,R3,,,,,,
4818.3,1988,642.94,R3,,,,,,
4818.4,1988,642.95,R3,,,,,,
4818.5,1988,642.94,R3,,,,,,
4818.9,1988,642.94,R3,,,,,,
4819.1,1988,642.11,R3,,,,,,
4819.2,1988,642.12,R3,,,,,,
4819.3,1988,642.13,R3,,,,,,
4819.4,1988,642.14,R3,,,,,,
4819.5,1988,642.15,R3,,,,,,
4819.6,1988,642.16,R3,,,,,,
4820.1,1988,642.31,R3,,,,,,
4820.2,1988,642.32,R3,,,,,,
4820.3,1988,642.33,R3,,,,,,
4820.4,1988,642.34,R3,,,,,,
4820.5,1988,642.35,R3,,,,,,
4820.9,1988,642.39,R3,,,,,,
4821.1,1988,892.81,R3,,,,,,
4821.9,1988,892.81,R3,,,,,,
4822.1,1988,642.91,R3,,,,,,
4822.9,1988,642.91,R3,,,,,,
4823.12,2002,642.44,R3,,,,,,
4823.19,1988,642.44,R3,,,,,,
4823.2,1988,642.45,R3F,,,,,,
4823.4,1988,642.99,R3,,,,,,
4823.6,1988,642.93,R3,,,,,,
4823.7,1988,642.99,R3,,,,,,
4823.9,1988,641,R3AF,,,,,,
4901.1,1988,892.15,R3,,,,,,
4901.91,1988,892.16,R3,,,,,,
4901.99,1988,892.19,R3,,,,,,
4902.1,1988,892.21,R3,,,,,,
4902.9,1988,892.29,R3,,,,,,
4903,1988,892.12,R3,,,,,,
4904,1988,892.85,R3,,,,,,
4905.1,1988,892.14,R3,,,,,,
4905.91,1988,892.13,R3,,,,,,
4905.99,1988,892.14,R3,,,,,,
4906,1988,892.82,R3,,,,,,
4907,1988,892.83,R3,,,,,,
4908.1,1988,892.41,R3,,,,,,
4908.9,1988,892.41,R3,,,,,,
4909,1988,892.42,R3,,,,,,
4910,1988,892.84,R3,,,,,,
4911.1,1988,892.86,R3,,,,,,
4911.91,1988,892.87,R3,,,,,,
4911.99,1988,892.89,R3,,,,,,
5001,1988,261.41,R3,,,,,,
5002,1988,261.3,R3,,,,,,
5003.1,1988,261.42,R3,,,,,,
5003.9,1988,261.49,R3,,,,,,
5004,1988,651.92,R3,,,,,,
5005,1988,651.93,R3,,,,,,
5006,1988,651.94,R3,,,,,,
5007.1,1988,654.11,R3,,,,,,
5007.2,1988,654.13,R3,,,,,,
5007.9,1988,654.19,R3,,,,,,
5101.11,1988,268.11,R3,,,,,,
5101.19,1988,268.19,R3,,,,,,
5101.21,1988,268.21,R3,,,,,,
5101.29,1988,268.21,R3,,,,,,
5101.3,1988,268.29,R3,,,,,,
5102.11,2002,268.3,R3,,,,,,
5102.19,2002,268.3,R3,,,,,,
5102.2,1988,268.59,R3,,,,,,
5103.1,1988,268.63,R3,,,,,,
5103.2,1988,268.69,R3,,,,,,
5103.3,1988,268.69,R3,,,,,,
5104,1988,268.62,R3,,,,,,
5105.1,1988,268.71,R3,,,,,,
5105.21,1988,268.71,R3,,,,,,
5105.29,1988,268.73,R3,,,,,,
5105.31,2002,268.77,R3,,,,,,
5105.39,2002,268.77,R3,,,,,,
5105.4,1988,268.77,R3,,,,,,
5106.1,1988,651.12,R3,,,,,,
5106.2,1988,651.17,R3,,,,,,
5107.1,1988,651.13,R3,,,,,,
5107.2,1988,651.18,R3,,,,,,
5108.1,1988,651.14,R3,,,,,,
5108.2,1988,651.14,R3,,,,,,
5109.1,1988,651.16,R3,,,,,,
5109.9,1988,651.19,R3,,,,,,
5110,1988,651.15,R3,,,,,,
5111.11,1988,654.21,R3,,,,,,
5111.19,1988,654.21,R3,,,,,,
5111.2,1988,654.31,R3,,,,,,
5111.3,1988,654.31,R3,,,,,,
5111.9,1988,654.33,R3,,,,,,
5112.11,1988,654.22,R3,,,,,,
5112.19,1988,654.22,R3,,,,,,
5112.2,1988,654.32,R3,,,,,,
5112.3,1988,654.32,R3,,,,,,
5112.9,1988,654.34,R3,,,,,,
5113,1988,654.92,R3,,,,,,
5201,1988,263.1,R3,,,,,,
5202.1,1988,263.31,R3,,,,,,
5202.91,1988,263.32,R3,,,,,,
5202.99,1988,263.39,R3,,,,,,
5203,1988,263.4,R3,,,,,,
5204.11,1988,651.21,R3,,,,,,
5204.19,1988,651.21,R3,,,,,,
5204.2,1988,651.22,R3,,,,,,
5205.11,1988,651.33,R3,,,,,,
5205.12,1988,651.33,R3,,,,,,
5205.13,1988,651.33,R3,,,,,,
5205.14,1988,651.33,R3,,,,,,
5205.15,1988,651.33,R3,,,,,,
5205.21,1988,651.33,R3,,,,,,
5205.22,1988,651.33,R3,,,,,,
5205.23,1988,651.33,R3,,,,,,
5205.24,1988,651.33,R3,,,,,,
5205.26,1996,651.33,R3,,,,,,
5205.27,1996,651.33,R3,,,,,,
5205.28,1996,651.33,R3,,,,,,
5205.31,1988,651.33,R3,,,,,,
5205.32,1988,651.33,R3,,,,,,
5205.33,1988,651.33,R3,,,,,,
5205.34,1988,651.33,R3,,,,,,
5205.35,1988,651.33,R3,,,,,,
5205.41,1988,651.33,R3,,,,,,
5205.42,1988,651.33,R3,,,,,,
5205.43,1988,651.33,R3,,,,,,
5205.44,1988,651.33,R3,,,,,,
5205.46,1996,651.33,R3,,,,,,
5205.47,1996,651.33,R3,,,,,,
5205.48,1996,651.33,R3,,,,,,
5206.11,1988,651.34,R3,,,,,,
5206.12,1988,651.34,R3,,,,,,
5206.13,1988,651.34,R3,,,,,,
5206.14,1988,651.34,R3,,,,,,
5206.15,1988,651.34,R3,,,,,,
5206.21,1988,651.34,R3,,,,,,
5206.22,1988,651.34,R3,,,,,,
5206.23,1988,651.34,R3,,,,,,
5206.24,1988,651.34,R3,,,,,,
5206.25,1988,651.34,R3,,,,,,
5206.31,1988,651.34,R3,,,,,,
5206.32,1988,651.34,R3,,,,,,
5206.33,1988,651.34,R3,,,,,,
5206.34,1988,651.34,R3,,,,,,
5206.35,1988,651.34,R3,,,,,,
5206.41,1988,651.34,R3,,,,,,
5206.42,1988,651.34,R3,,,,,,
5206.43,1988,651.34,R3,,,,,,
5206.44,1988,651.34,R3,,,,,,
5206.45,1988,651.34,R3,,,,,,
5207.1,1988,651.31,R3,,,,,,
5207.9,1988,651.32,R3,,,,,,
5208.11,1988,652.21,R3,,,,,,
5208.12,1988,652.21,R3,,,,,,
5208.13,1988,652.21,R3,,,,,,
5208.19,1988,652.21,R3,,,,,,
5208.21,1988,652.31,R3,,,,,,
5208.22,1988,652.31,R3,,,,,,
5208.23,1988,652.31,R3,,,,,,
5208.29,1988,652.31,R3,,,,,,
5208.31,1988,652.32,R3,,,,,,
5208.32,1988,652.32,R3,,,,,,
5208.33,1988,652.32,R3,,,,,,
5208.39,1988,652.32,R3,,,,,,
5208.41,1988,652.33,R3,,,,,,
5208.42,1988,652.33,R3,,,,,,
5208.43,1988,652.33,R3,,,,,,
5208.49,1988,652.33,R3,,,,,,
5208.51,1988,652.34,R3,,,,,,
5208.52,1988,652.34,R3,,,,,,
5208.53,1988,652.34,R3,,,,,,
5208.59,1988,652.34,R3,,,,,,
5209.11,1988,652.22,R3,,,,,,
5209.12,1988,652.22,R3,,,,,,
5209.19,1988,652.22,R3,,,,,,
5209.21,1988,652.41,R3,,,,,,
5209.22,1988,652.41,R3,,,,,,
5209.29,1988,652.41,R3,,,,,,
5209.31,1988,652.42,R3,,,,,,
5209.32,1988,652.42,R3,,,,,,
5209.39,1988,652.42,R3,,,,,,
5209.41,1988,652.44,R3,,,,,,
5209.42,1988,652.43,R3F,,,,,,
5209.43,1988,652.44,R3,,,,,,
5209.49,1988,652.44,R3,,,,,,
5209.51,1988,652.45,R3,,,,,,
5209.52,1988,652.45,R3,,,,,,
5209.59,1988,652.45,R3,,,,,,
5210.11,1988,652.23,R3,,,,,,
5210.12,1988,652.23,R3,,,,,,
5210.19,1988,652.23,R3,,,,,,
5210.21,1988,652.51,R3,,,,,,
5210.22,1988,652.51,R3,,,,,,
5210.29,1988,652.51,R3,,,,,,
5210.31,1988,652.52,R3,,,,,,
5210.32,1988,652.52,R3,,,,,,
5210.39,1988,652.52,R3,,,,,,
5210.41,1988,652.53,R3,,,,,,
5210.42,1988,652.53,R3,,,,,,
5210.49,1988,652.53,R3,,,,,,
5210.51,1988,652.54,R3,,,,,,
5210.52,1988,652.54,R3,,,,,,
5210.59,1988,652.54,R3,,,,,,
5211.11,1988,652.24,R3,,,,,,
5211.12,1988,652.24,R3,,,,,,
5211.19,1988,652.24,R3,,,,,,
5211.21,1988,652.61,R3,,,,,,
5211.22,1988,652.61,R3,,,,,,
5211.29,1988,652.61,R3,,,,,,
5211.31,1988,652.62,R3,,,,,,
5211.32,1988,652.62,R3,,,,,,
5211.39,1988,652.62,R3,,,,,,
5211.41,1988,652.64,R3,,,,,,
5211.42,1988,652.63,R3F,,,,,,
5211.43,1988,652.64,R3,,,,,,
5211.49,1988,652.64,R3,,,,,,
5211.51,1988,652.65,R3,,,,,,
5211.52,1988,652.65,R3,,,,,,
5211.59,1988,652.65,R3,,,,,,
5212.11,1988,652.25,R3,,,,,,
5212.12,1988,652.91,R3,,,,,,
5212.13,1988,652.92,R3,,,,,,
5212.14,1988,652.93,R3,,,,,,
5212.15,1988,652.94,R3,,,,,,
5212.21,1988,652.26,R3,,,,,,
5212.22,1988,652.95,R3,,,,,,
5212.23,1988,652.96,R3,,,,,,
5212.24,1988,652.97,R3,,,,,,
5212.25,1988,652.98,R3,,,,,,
5301.1,1988,265.11,R3,,,,,,
5301.21,1988,265.12,R3,,,,,,
5301.29,1988,265.12,R3,,,,,,
5301.3,1988,265.13,R3,,,,,,
5302.1,1988,265.21,R3,,,,,,
5302.9,1988,265.29,R3,,,,,,
5303.1,1988,264.1,R3,,,,,,
5303.9,1988,264.9,R3,,,,,,
5304.1,1988,265.41,R3,,,,,,
5304.9,1988,265.49,R3,,,,,,
5305.11,1988,265.71,R3,,,,,,
5305.19,1988,265.79,R3,,,,,,
5305.21,1988,265.51,R3,,,,,,
5305.29,1988,265.59,R3,,,,,,
5305.9,2002,265.89,R3F,,,,,,
5306.1,1988,651.96,R3,,,,,,
5306.2,1988,651.96,R3,,,,,,
5307.1,1988,651.97,R3,,,,,,
5307.2,1988,651.97,R3,,,,,,
5308.1,1988,651.99,R3,,,,,,
5308.2,1988,651.99,R3,,,,,,
5308.9,1988,651.99,R3,,,,,,
5309.11,1988,654.41,R3,,,,,,
5309.19,1988,654.41,R3,,,,,,
5309.21,1988,654.42,R3,,,,,,
5309.29,1988,654.42,R3,,,,,,
5310.1,1988,654.5,R3,,,,,,
5310.9,1988,654.5,R3,,,,,,
5311,1988,654.93,R3,,,,,,
5401.1,1988,651.41,R3,,,,,,
5401.2,1988,651.42,R3,,,,,,
5402.1,1988,651.62,R3,,,,,,
5402.2,1988,651.62,R3,,,,,,
5402.31,1988,651.51,R3,,,,,,
5402.32,1988,651.51,R3,,,,,,
5402.33,1988,651.52,R3,,,,,,
5402.39,1988,651.59,R3,,,,,,
5402.41,1988,651.63,R3,,,,,,
5402.42,1988,651.63,R3,,,,,,
5402.43,1988,651.63,R3,,,,,,
5402.49,1988,651.63,R3,,,,,,
5402.51,1988,651.64,R3,,,,,,
5402.52,1988,651.64,R3,,,,,,
5402.59,1988,651.64,R3,,,,,,
5402.61,1988,651.69,R3,,,,,,
5402.62,1988,651.69,R3,,,,,,
5402.69,1988,651.69,R3,,,,,,
5403.1,1988,651.73,R3,,,,,,
5403.2,1988,651.72,R3,,,,,,
5403.31,1988,651.74,R3,,,,,,
5403.32,1988,651.75,R3,,,,,,
5403.33,1988,651.75,R3,,,,,,
5403.39,1988,651.75,R3,,,,,,
5403.41,1988,651.76,R3,,,,,,
5403.42,1988,651.76,R3,,,,,,
5403.49,1988,651.76,R3,,,,,,
5404.1,1988,651.88,R3,,,,,,
5404.9,1988,651.88,R3,,,,,,
5405,1988,651.77,R3,,,,,,
5406.1,1988,651.61,R3,,,,,,
5406.2,1988,651.71,R3,,,,,,
5407.1,1988,653.11,R3,,,,,,
5407.2,1988,653.12,R3,,,,,,
5407.3,1988,653.13,R3,,,,,,
5407.41,1988,653.14,R3,,,,,,
5407.42,1988,653.14,R3,,,,,,
5407.43,1988,653.14,R3,,,,,,
5407.44,1988,653.14,R3,,,,,,
5407.51,1988,653.15,R3,,,,,,
5407.52,1988,653.15,R3,,,,,,
5407.53,1988,653.15,R3,,,,,,
5407.54,1988,653.15,R3,,,,,,
5407.61,1996,653.16,R3,,,,,,
5407.69,1996,653.17,R3,,,,,,
5407.71,1988,653.17,R3,,,,,,
5407.72,1988,653.17,R3,,,,,,
5407.73,1988,653.17,R3,,,,,,
5407.74,1988,653.17,R3,,,,,,
5407.81,1988,653.18,R3,,,,,,
5407.82,1988,653.18,R3,,,,,,
5407.83,1988,653.18,R3,,,,,,
5407.84,1988,653.18,R3,,,,,,
5407.91,1988,653.19,R3,,,,,,
5407.92,1988,653.19,R3,,,,,,
5407.93,1988,653.19,R3,,,,,,
5407.94,1988,653.19,R3,,,,,,
5408.1,1988,653.51,R3,,,,,,
5408.21,1988,653.52,R3,,,,,,
5408.22,1988,653.52,R3,,,,,,
5408.23,1988,653.52,R3,,,,,,
5408.24,1988,653.52,R3,,,,,,
5408.31,1988,653.59,R3,,,,,,
5408.32,1988,653.59,R3,,,,,,
5408.33,1988,653.59,R3,,,,,,
5408.34,1988,653.59,R3,,,,,,
5501.1,1988,266.61,R3,,,,,,
5501.2,1988,266.62,R3,,,,,,
5501.3,1988,266.63,R3,,,,,,
5501.9,1988,266.69,R3,,,,,,
5502,1988,267.12,R3,,,,,,
5503.1,1988,266.51,R3,,,,,,
5503.2,1988,266.52,R3,,,,,,
5503.3,1988,266.53,R3,,,,,,
5503.4,1988,266.59,R3,,,,,,
5503.9,1988,266.59,R3,,,,,,
5504.1,1988,267.11,R3,,,,,,
5504.9,1988,267.11,R3,,,,,,
5505.1,1988,267.21,R3,,,,,,
5505.2,1988,267.22,R3,,,,,,
5506.1,1988,266.71,R3,,,,,,
5506.2,1988,266.72,R3,,,,,,
5506.3,1988,266.73,R3,,,,,,
5506.9,1988,266.79,R3,,,,,,
5507,1988,267.13,R3,,,,,,
5508.1,1988,651.43,R3,,,,,,
5508.2,1988,651.44,R3,,,,,,
5509.11,1988,651.82,R3,,,,,,
5509.12,1988,651.82,R3,,,,,,
5509.21,1988,651.82,R3,,,,,,
5509.22,1988,651.82,R3,,,,,,
5509.31,1988,651.82,R3,,,,,,
5509.32,1988,651.82,R3,,,,,,
5509.41,1988,651.82,R3,,,,,,
5509.42,1988,651.82,R3,,,,,,
5509.51,1988,651.84,R3,,,,,,
5509.52,1988,651.84,R3,,,,,,
5509.53,1988,651.84,R3,,,,,,
5509.59,1988,651.84,R3,,,,,,
5509.61,1988,651.84,R3,,,,,,
5509.62,1988,651.84,R3,,,,,,
5509.69,1988,651.84,R3,,,,,,
5509.91,1988,651.84,R3,,,,,,
5509.92,1988,651.84,R3,,,,,,
5509.99,1988,651.84,R3,,,,,,
5510.11,1988,651.86,R3,,,,,,
5510.12,1988,651.86,R3,,,,,,
5510.2,1988,651.87,R3,,,,,,
5510.3,1988,651.87,R3,,,,,,
5510.9,1988,651.87,R3,,,,,,
5511.1,1988,651.81,R3,,,,,,
5511.2,1988,651.83,R3,,,,,,
5511.3,1988,651.85,R3,,,,,,
5512.11,1988,653.21,R3,,,,,,
5512.19,1988,653.21,R3,,,,,,
5512.21,1988,653.25,R3,,,,,,
5512.29,1988,653.25,R3,,,,,,
5512.91,1988,653.29,R3,,,,,,
5512.99,1988,653.29,R3,,,,,,
5513.11,1988,653.31,R3,,,,,,
5513.12,1988,653.31,R3,,,,,,
5513.13,1988,653.31,R3,,,,,,
5513.19,1988,653.32,R3,,,,,,
5513.21,1988,653.31,R3,,,,,,
5513.22,1988,653.31,R3,,,,,,
5513.23,1988,653.31,R3,,,,,,
5513.29,1988,653.32,R3,,,,,,
5513.31,1988,653.31,R3,,,,,,
5513.32,1988,653.31,R3,,,,,,
5513.33,1988,653.31,R3,,,,,,
5513.39,1988,653.32,R3,,,,,,
5513.41,1988,653.31,R3,,,,,,
5513.42,1988,653.31,R3,,,,,,
5513.43,1988,653.31,R3,,,,,,
5513.49,1988,653.32,R3,,,,,,
5514.11,1988,653.33,R3,,,,,,
5514.12,1988,653.33,R3,,,,,,
5514.13,1988,653.33,R3,,,,,,
5514.19,1988,653.34,R3,,,,,,
5514.21,1988,653.33,R3,,,,,,
5514.22,1988,653.33,R3,,,,,,
5514.23,1988,653.33,R3,,,,,,
5514.29,1988,653.34,R3,,,,,,
5514.31,1988,653.33,R3,,,,,,
5514.32,1988,653.33,R3,,,,,,
5514.33,1988,653.33,R3,,,,,,
5514.39,1988,653.34,R3,,,,,,
5514.41,1988,653.33,R3,,,,,,
5514.42,1988,653.33,R3,,,,,,
5514.43,1988,653.33,R3,,,,,,
5514.49,1988,653.34,R3,,,,,,
5515.11,1988,653.43,R3,,,,,,
5515.12,1988,653.42,R3,,,,,,
5515.13,1988,653.41,R3,,,,,,
5515.19,1988,653.43,R3,,,,,,
5515.21,1988,653.42,R3,,,,,,
5515.22,1988,653.41,R3,,,,,,
5515.29,1988,653.43,R3,,,,,,
5515.91,1988,653.42,R3,,,,,,
5515.92,1988,653.41,R3,,,,,,
5515.99,1988,653.43,R3,,,,,,
5516.11,1988,653.6,R3,,,,,,
5516.12,1988,653.6,R3,,,,,,
5516.13,1988,653.6,R3,,,,,,
5516.14,1988,653.6,R3,,,,,,
5516.21,1988,653.83,R3,,,,,,
5516.22,1988,653.83,R3,,,,,,
5516.23,1988,653.83,R3,,,,,,
5516.24,1988,653.83,R3,,,,,,
5516.31,1988,653.82,R3,,,,,,
5516.32,1988,653.82,R3,,,,,,
5516.33,1988,653.82,R3,,,,,,
5516.34,1988,653.82,R3,,,,,,
5516.41,1988,653.81,R3,,,,,,
5516.42,1988,653.81,R3,,,,,,
5516.43,1988,653.81,R3,,,,,,
5516.44,1988,653.81,R3,,,,,,
5516.91,1988,653.89,R3,,,,,,
5516.92,1988,653.89,R3,,,,,,
5516.93,1988,653.89,R3,,,,,,
5516.94,1988,653.89,R3,,,,,,
5601.1,1988,657.71,R3,,,,,,
5601.21,1988,657.71,R3,,,,,,
5601.22,1988,657.71,R3,,,,,,
5601.29,1988,657.71,R3,,,,,,
5601.3,1988,657.71,R3,,,,,,
5602.1,1988,657.11,R3,,,,,,
5602.21,1988,657.12,R3,,,,,,
5602.29,1988,657.12,R3,,,,,,
5602.9,1988,657.19,R3,,,,,,
5603.11,1996,657.2,R3,,,,,,
5603.12,1996,657.2,R3,,,,,,
5603.13,1996,657.2,R3,,,,,,
5603.14,1996,657.2,R3,,,,,,
5603.91,1996,657.2,R3,,,,,,
5603.92,1996,657.2,R3,,,,,,
5603.93,1996,657.2,R3,,,,,,
5603.94,1996,657.2,R3,,,,,,
5604.1,1988,657.81,R3,,,,,,
5604.2,1988,657.85,R3,,,,,,
5604.9,1988,657.89,R3,,,,,,
5605,1988,651.91,R3,,,,,,
5606,1988,656.31,R3,,,,,,
5607.1,1988,657.51,R3,,,,,,
5607.21,1988,657.51,R3,,,,,,
5607.29,1988,657.51,R3,,,,,,
5607.41,1988,657.51,R3,,,,,,
5607.49,1988,657.51,R3,,,,,,
5607.5,1988,657.51,R3,,,,,,
5607.9,1988,657.51,R3,,,,,,
5608.11,1988,657.52,R3,,,,,,
5608.19,1988,657.52,R3,,,,,,
5608.9,1988,657.52,R3,,,,,,
5609,1988,657.59,R3,,,,,,
5701.1,1988,659.21,R3,,,,,,
5701.9,1988,659.29,R3,,,,,,
5702.1,1988,659.3,R3,,,,,,
5702.2,1988,659.59,R3,,,,,,
5702.31,1988,659.51,R3,,,,,,
5702.32,1988,659.52,R3,,,,,,
5702.39,1988,659.59,R3,,,,,,
5702.41,1988,659.51,R3,,,,,,
5702.42,1988,659.52,R3,,,,,,
5702.49,1988,659.59,R3,,,,,,
5702.51,1988,659.51,R3,,,,,,
5702.52,1988,659.52,R3,,,,,,
5702.59,1988,659.59,R3,,,,,,
5702.91,1988,659.51,R3,,,,,,
5702.92,1988,659.52,R3,,,,,,
5702.99,1988,659.59,R3,,,,,,
5703.1,1988,659.41,R3,,,,,,
5703.2,1988,659.42,R3,,,,,,
5703.3,1988,659.43,R3,,,,,,
5703.9,1988,659.49,R3,,,,,,
5704.1,1988,659.61,R3,,,,,,
5704.9,1988,659.61,R3,,,,,,
5705,1988,659.69,R3,,,,,,
5801.1,1988,654.35,R3,,,,,,
5801.21,1988,652.14,R3,,,,,,
5801.22,1988,652.15,R3,,,,,,
5801.23,1988,652.15,R3,,,,,,
5801.24,1988,652.14,R3,,,,,,
5801.25,1988,652.15,R3,,,,,,
5801.26,1988,652.15,R3,,,,,,
5801.31,1988,653.91,R3,,,,,,
5801.32,1988,653.93,R3,,,,,,
5801.33,1988,653.93,R3,,,,,,
5801.34,1988,653.91,R3,,,,,,
5801.35,1988,653.93,R3,,,,,,
5801.36,1988,653.93,R3,,,,,,
5801.9,1988,654.95,R3,,,,,,
5802.11,1988,652.12,R3,,,,,,
5802.19,1988,652.13,R3,,,,,,
5802.2,1988,654.96,R3,,,,,,
5802.3,1988,654.97,R3,,,,,,
5803.1,1988,652.11,R3,,,,,,
5803.9,1988,654.94,R3,,,,,,
5804.1,1988,656.41,R3,,,,,,
5804.21,1988,656.42,R3,,,,,,
5804.29,1988,656.42,R3,,,,,,
5804.3,1988,656.43,R3,,,,,,
5805,1988,658.91,R3,,,,,,
5806.1,1988,656.11,R3,,,,,,
5806.2,1988,656.12,R3,,,,,,
5806.31,1988,656.13,R3,,,,,,
5806.32,1988,656.13,R3,,,,,,
5806.39,1988,656.13,R3,,,,,,
5806.4,1988,656.14,R3,,,,,,
5807.1,1988,656.21,R3,,,,,,
5807.9,1988,656.29,R3,,,,,,
5808.1,1988,656.32,R3,,,,,,
5808.9,1988,656.32,R3,,,,,,
5809,1988,654.91,R3,,,,,,
5810.1,1988,656.51,R3,,,,,,
5810.91,1988,656.59,R3,,,,,,
5810.92,1988,656.59,R3,,,,,,
5810.99,1988,656.59,R3,,,,,,
5811,1988,657.4,R3,,,,,,
5901.1,1988,657.31,R3,,,,,,
5901.9,1988,657.31,R3,,,,,,
5902.1,1988,657.93,R3,,,,,,
5902.2,1988,657.93,R3,,,,,,
5902.9,1988,657.93,R3,,,,,,
5903.1,1988,657.32,R3,,,,,,
5903.2,1988,657.32,R3,,,,,,
5903.9,1988,657.32,R3,,,,,,
5904.1,1988,659.12,R3,,,,,,
5904.9,2002,659.12,R3,,,,,,
5905,1988,657.35,R3,,,,,,
5906.1,1988,657.33,R3,,,,,,
5906.91,1988,657.33,R3,,,,,,
5906.99,1988,657.33,R3,,,,,,
5907,1988,657.34,R3,,,,,,
5908,1988,657.72,R3,,,,,,
5909,1988,657.91,R3,,,,,,
5910,1988,657.92,R3,,,,,,
5911.1,1988,657.73,R3F,,,,,,
5911.2,1988,657.73,R3,,,,,,
5911.31,1988,657.73,R3,,,,,,
5911.32,1988,657.73,R3,,,,,,
5911.4,1988,657.73,R3,,,,,,
5911.9,1988,657.73,R3,,,,,,
6001.1,1988,655.11,R3,,,,,,
6001.21,1988,655.12,R3,,,,,,
6001.22,1988,655.12,R3,,,,,,
6001.29,1988,655.12,R3,,,,,,
6001.91,1988,655.19,R3,,,,,,
6001.92,1988,655.19,R3,,,,,,
6001.99,1988,655.19,R3,,,,,,
6002.4,2002,655.21,R3,,,,,,
6002.9,2002,655.21,R3,,,,,,
6003.1,2002,655.21,R3,,,,,,
6003.2,2002,655.21,R3,,,,,,
6003.3,2002,655.21,R3,,,,,,
6003.4,2002,655.21,R3,,,,,,
6003.9,2002,655.21,R3,,,,,,
6004.1,2002,655.22,R3,,,,,,
6004.9,2002,655.22,R3,,,,,,
6005.1,2002,655.23,R3,,,,,,
6005.21,2002,655.23,R3,,,,,,
6005.22,2002,655.23,R3,,,,,,
6005.23,2002,655.23,R3,,,,,,
6005.24,2002,655.23,R3,,,,,,
6005.31,2002,655.23,R3,,,,,,
6005.32,2002,655.23,R3,,,,,,
6005.33,2002,655.23,R3,,,,,,
6005.34,2002,655.23,R3,,,,,,
6005.41,2002,655.23,R3,,,,,,
6005.42,2002,655.23,R3,,,,,,
6005.43,2002,655.23,R3,,,,,,
6005.44,2002,655.23,R3,,,,,,
6005.9,2002,655.23,R3,,,,,,
6006.1,2002,655.29,R3,,,,,,
6006.21,2002,655.29,R3,,,,,,
6006.22,2002,655.29,R3,,,,,,
6006.23,2002,655.29,R3,,,,,,
6006.24,2002,655.29,R3,,,,,,
6006.31,2002,655.29,R3,,,,,,
6006.32,2002,655.29,R3,,,,,,
6006.33,2002,655.29,R3,,,,,,
6006.34,2002,655.29,R3,,,,,,
6006.41,2002,655.29,R3,,,,,,
6006.42,2002,655.29,R3,,,,,,
6006.43,2002,655.29,R3,,,,,,
6006.44,2002,655.29,R3,,,,,,
6006.9,2002,655.29,R3,,,,,,
6101.1,1988,843.1,R3,,,,,,
6101.2,1988,843.1,R3,,,,,,
6101.3,1988,843.1,R3,,,,,,
6101.9,1988,843.1,R3,,,,,,
6102.1,1988,844.1,R3,,,,,,
6102.2,1988,844.1,R3,,,,,,
6102.3,1988,844.1,R3,,,,,,
6102.9,1988,844.1,R3,,,,,,
6103.11,1988,843.21,R3,,,,,,
6103.12,1988,843.21,R3,,,,,,
6103.19,1988,843.21,R3,,,,,,
6103.21,1988,843.22,R3,,,,,,
6103.22,1988,843.22,R3,,,,,,
6103.23,1988,843.22,R3,,,,,,
6103.29,1988,843.22,R3,,,,,,
6103.31,1988,843.23,R3,,,,,,
6103.32,1988,843.23,R3,,,,,,
6103.33,1988,843.23,R3,,,,,,
6103.39,1988,843.23,R3,,,,,,
6103.41,1988,843.24,R3,,,,,,
6103.42,1988,843.24,R3,,,,,,
6103.43,1988,843.24,R3,,,,,,
6103.49,1988,843.24,R3,,,,,,
6104.11,1988,844.21,R3,,,,,,
6104.12,1988,844.21,R3,,,,,,
6104.13,1988,844.21,R3,,,,,,
6104.19,1988,844.21,R3,,,,,,
6104.21,1988,844.22,R3,,,,,,
6104.22,1988,844.22,R3,,,,,,
6104.23,1988,844.22,R3,,,,,,
6104.29,1988,844.22,R3,,,,,,
6104.31,1988,844.23,R3,,,,,,
6104.32,1988,844.23,R3,,,,,,
6104.33,1988,844.23,R3,,,,,,
6104.39,1988,844.23,R3,,,,,,
6104.41,1988,844.24,R3,,,,,,
6104.42,1988,844.24,R3,,,,,,
6104.43,1988,844.24,R3,,,,,,
6104.44,1988,844.24,R3,,,,,,
6104.49,1988,844.24,R3,,,,,,
6104.51,1988,844.25,R3,,,,,,
6104.52,1988,844.25,R3,,,,,,
6104.53,1988,844.25,R3,,,,,,
6104.59,1988,844.25,R3,,,,,,
6104.61,1988,844.26,R3,,,,,,
6104.62,1988,844.26,R3,,,,,,
6104.63,1988,844.26,R3,,,,,,
6104.69,1988,844.26,R3,,,,,,
6105.1,1988,843.71,R3,,,,,,
6105.2,1988,843.79,R3,,,,,,
6105.9,1988,843.79,R3,,,,,,
6106.1,1988,844.7,R3,,,,,,
6106.2,1988,844.7,R3,,,,,,
6106.9,1988,844.7,R3,,,,,,
6107.11,1988,843.81,R3,,,,,,
6107.12,1988,843.81,R3,,,,,,
6107.19,1988,843.81,R3,,,,,,
6107.21,1988,843.82,R3,,,,,,
6107.22,1988,843.82,R3,,,,,,
6107.29,1988,843.82,R3,,,,,,
6107.91,1988,843.89,R3,,,,,,
6107.92,1988,843.89,R3,,,,,,
6107.99,1988,843.89,R3,,,,,,
6108.11,1988,844.81,R3,,,,,,
6108.19,1988,844.81,R3,,,,,,
6108.21,1988,844.82,R3,,,,,,
6108.22,1988,844.82,R3,,,,,,
6108.29,1988,844.82,R3,,,,,,
6108.31,1988,844.83,R3,,,,,,
6108.32,1988,844.83,R3,,,,,,
6108.39,1988,844.83,R3,,,,,,
6108.91,1988,844.89,R3,,,,,,
6108.92,1988,844.89,R3,,,,,,
6108.99,1988,844.89,R3,,,,,,
6109.1,1988,845.4,R3,,,,,,
6109.9,1988,845.4,R3,,,,,,
6110.11,2002,845.3,R3,,,,,,
6110.12,2002,845.3,R3,,,,,,
6110.19,2002,845.3,R3,,,,,,
6110.2,1988,845.3,R3,,,,,,
6110.3,1988,845.3,R3,,,,,,
6110.9,1988,845.3,R3,,,,,,
6111.1,1988,845.12,R3,,,,,,
6111.2,1988,845.12,R3,,,,,,
6111.3,1988,845.12,R3,,,,,,
6111.9,1988,845.12,R3,,,,,,
6112.11,1988,845.91,R3,,,,,,
6112.12,1988,845.91,R3,,,,,,
6112.19,1988,845.91,R3,,,,,,
6112.2,1988,845.92,R3,,,,,,
6112.31,1988,845.62,R3,,,,,,
6112.39,1988,845.62,R3,,,,,,
6112.41,1988,845.64,R3,,,,,,
6112.49,1988,845.64,R3,,,,,,
6113,1988,845.24,R3,,,,,,
6114.1,1988,845.99,R3,,,,,,
6114.2,1988,845.99,R3,,,,,,
6114.3,1988,845.99,R3,,,,,,
6114.9,1988,845.99,R3,,,,,,
6115.11,1988,846.21,R3,,,,,,
6115.12,1988,846.21,R3,,,,,,
6115.19,1988,846.21,R3,,,,,,
6115.2,1988,846.22,R3,,,,,,
6115.91,1988,846.29,R3,,,,,,
6115.92,1988,846.29,R3,,,,,,
6115.93,1988,846.29,R3,,,,,,
6115.99,1988,846.29,R3,,,,,,
6116.1,1988,846.91,R3F,,,,,,
6116.91,1988,846.92,R3,,,,,,
6116.92,1988,846.92,R3,,,,,,
6116.93,1988,846.92,R3,,,,,,
6116.99,1988,846.92,R3,,,,,,
6117.1,1988,846.93,R3,,,,,,
6117.2,1988,846.94,R3,,,,,,
6117.8,1988,846.99,R3,,,,,,
6117.9,1988,846.99,R3,,,,,,
6201.11,1988,841.11,R3,,,,,,
6201.12,1988,841.12,R3,,,,,,
6201.13,1988,841.12,R3,,,,,,
6201.19,1988,841.12,R3,,,,,,
6201.91,1988,841.19,R3,,,,,,
6201.92,1988,841.19,R3,,,,,,
6201.93,1988,841.19,R3,,,,,,
6201.99,1988,841.19,R3,,,,,,
6202.11,1988,842.11,R3,,,,,,
6202.12,1988,842.11,R3,,,,,,
6202.13,1988,842.11,R3,,,,,,
6202.19,1988,842.11,R3,,,,,,
6202.91,1988,842.19,R3,,,,,,
6202.92,1988,842.19,R3,,,,,,
6202.93,1988,842.19,R3,,,,,,
6202.99,1988,842.19,R3,,,,,,
6203.11,1988,841.21,R3,,,,,,
6203.12,1988,841.22,R3,,,,,,
6203.19,1988,841.22,R3,,,,,,
6203.21,1988,841.23,R3,,,,,,
6203.22,1988,841.23,R3,,,,,,
6203.23,1988,841.23,R3,,,,,,
6203.29,1988,841.23,R3,,,,,,
6203.31,1988,841.3,R3,,,,,,
6203.32,1988,841.3,R3,,,,,,
6203.33,1988,841.3,R3,,,,,,
6203.39,1988,841.3,R3,,,,,,
6203.41,1988,841.4,R3,,,,,,
6203.42,1988,841.4,R3,,,,,,
6203.43,1988,841.4,R3,,,,,,
6203.49,1988,841.4,R3,,,,,,
6204.11,1988,842.21,R3,,,,,,
6204.12,1988,842.21,R3,,,,,,
6204.13,1988,842.21,R3,,,,,,
6204.19,1988,842.21,R3,,,,,,
6204.21,1988,842.22,R3,,,,,,
6204.22,1988,842.22,R3,,,,,,
6204.23,1988,842.22,R3,,,,,,
6204.29,1988,842.22,R3,,,,,,
6204.31,1988,842.3,R3,,,,,,
6204.32,1988,842.3,R3,,,,,,
6204.33,1988,842.3,R3,,,,,,
6204.39,1988,842.3,R3,,,,,,
6204.41,1988,842.4,R3,,,,,,
6204.42,1988,842.4,R3,,,,,,
6204.43,1988,842.4,R3,,,,,,
6204.44,1988,842.4,R3,,,,,,
6204.49,1988,842.4,R3,,,,,,
6204.51,1988,842.5,R3,,,,,,
6204.52,1988,842.5,R3,,,,,,
6204.53,1988,842.5,R3,,,,,,
6204.59,1988,842.5,R3,,,,,,
6204.61,1988,842.6,R3,,,,,,
6204.62,1988,842.6,R3,,,,,,
6204.63,1988,842.6,R3,,,,,,
6204.69,1988,842.6,R3,,,,,,
6205.1,1988,841.59,R3,,,,,,
6205.2,1988,841.51,R3,,,,,,
6205.3,1988,841.59,R3,,,,,,
6205.9,1988,841.59,R3,,,,,,
6206.1,1988,842.7,R3,,,,,,
6206.2,1988,842.7,R3,,,,,,
6206.3,1988,842.7,R3,,,,,,
6206.4,1988,842.7,R3,,,,,,
6206.9,1988,842.7,R3,,,,,,
6207.11,1988,841.61,R3,,,,,,
6207.19,1988,841.61,R3,,,,,,
6207.21,1988,841.62,R3,,,,,,
6207.22,1988,841.62,R3,,,,,,
6207.29,1988,841.62,R3,,,,,,
6207.91,1988,841.69,R3,,,,,,
6207.92,1988,841.69,R3,,,,,,
6207.99,1988,841.69,R3,,,,,,
6208.11,1988,842.81,R3,,,,,,
6208.19,1988,842.81,R3,,,,,,
6208.21,1988,842.82,R3,,,,,,
6208.22,1988,842.82,R3,,,,,,
6208.29,1988,842.82,R3,,,,,,
6208.91,1988,842.89,R3,,,,,,
6208.92,1988,842.89,R3,,,,,,
6208.99,1988,842.89,R3,,,,,,
6209.1,1988,845.11,R3,,,,,,
6209.2,1988,845.11,R3,,,,,,
6209.3,1988,845.11,R3,,,,,,
6209.9,1988,845.11,R3,,,,,,
6210.1,1988,845.21,R3,,,,,,
6210.2,1988,845.22,R3,,,,,,
6210.3,1988,845.23,R3,,,,,,
6210.4,1988,845.22,R3,,,,,,
6210.5,1988,845.23,R3,,,,,,
6211.11,1988,845.61,R3,,,,,,
6211.12,1988,845.63,R3,,,,,,
6211.2,1988,845.81,R3,,,,,,
6211.31,1988,845.87,R3,,,,,,
6211.32,1988,845.87,R3,,,,,,
6211.33,1988,845.87,R3,,,,,,
6211.39,1988,845.87,R3,,,,,,
6211.41,1988,845.89,R3,,,,,,
6211.42,1988,845.89,R3,,,,,,
6211.43,1988,845.89,R3,,,,,,
6211.49,1988,845.89,R3,,,,,,
6212.1,1988,845.51,R3,,,,,,
6212.2,1988,845.52,R3,,,,,,
6212.3,1988,845.52,R3,,,,,,
6212.9,1988,845.52,R3,,,,,,
6213.1,1988,846.11,R3,,,,,,
6213.2,1988,846.11,R3,,,,,,
6213.9,1988,846.11,R3,,,,,,
6214.1,1988,846.12,R3,,,,,,
6214.2,1988,846.12,R3,,,,,,
6214.3,1988,846.12,R3,,,,,,
6214.4,1988,846.12,R3,,,,,,
6214.9,1988,846.12,R3,,,,,,
6215.1,1988,846.13,R3,,,,,,
6215.2,1988,846.13,R3,,,,,,
6215.9,1988,846.13,R3,,,,,,
6216,1988,846.14,R3,,,,,,
6217.1,1988,846.19,R3,,,,,,
6217.9,1988,846.19,R3,,,,,,
6301.1,1988,775.85,R3,,,,,,
6301.2,1988,658.31,R3,,,,,,
6301.3,1988,658.32,R3,,,,,,
6301.4,1988,658.33,R3,,,,,,
6301.9,1988,658.39,R3,,,,,,
6302.1,1988,658.41,R3,,,,,,
6302.21,1988,658.42,R3,,,,,,
6302.22,1988,658.43,R3,,,,,,
6302.29,1988,658.43,R3,,,,,,
6302.31,1988,658.42,R3,,,,,,
6302.32,1988,658.43,R3,,,,,,
6302.39,1988,658.43,R3,,,,,,
6302.4,1988,658.44,R3,,,,,,
6302.51,1988,658.45,R3,,,,,,
6302.52,1988,658.46,R3,,,,,,
6302.53,1988,658.46,R3,,,,,,
6302.59,1988,658.46,R3,,,,,,
6302.6,1988,658.47,R3,,,,,,
6302.91,1988,658.47,R3,,,,,,
6302.92,1988,658.48,R3,,,,,,
6302.93,1988,658.48,R3,,,,,,
6302.99,1988,658.48,R3,,,,,,
6303.11,1988,658.51,R3,,,,,,
6303.12,1988,658.51,R3,,,,,,
6303.19,1988,658.51,R3,,,,,,
6303.91,1988,658.51,R3,,,,,,
6303.92,1988,658.51,R3,,,,,,
6303.99,1988,658.51,R3,,,,,,
6304.11,1988,658.52,R3,,,,,,
6304.19,1988,658.52,R3,,,,,,
6304.91,1988,658.59,R3,,,,,,
6304.92,1988,658.59,R3,,,,,,
6304.93,1988,658.59,R3,,,,,,
6304.99,1988,658.59,R3,,,,,,
6305.1,1988,658.11,R3,,,,,,
6305.2,1988,658.12,R3,,,,,,
6305.32,1996,658.13,R3,,,,,,
6305.33,1996,658.13,R3,,,,,,
6305.39,1988,658.13,R3,,,,,,
6305.9,1988,658.19,R3,,,,,,
6306.11,1988,658.21,R3,,,,,,
6306.12,1988,658.21,R3,,,,,,
6306.19,1988,658.21,R3,,,,,,
6306.21,1988,658.22,R3,,,,,,
6306.22,1988,658.22,R3,,,,,,
6306.29,1988,658.22,R3,,,,,,
6306.31,1988,658.23,R3,,,,,,
6306.39,1988,658.23,R3,,,,,,
6306.41,1988,658.24,R3,,,,,,
6306.49,1988,658.24,R3,,,,,,
6306.91,1988,658.29,R3,,,,,,
6306.99,1988,658.29,R3,,,,,,
6307.1,1988,658.92,R3,,,,,,
6307.2,1988,658.93,R3,,,,,,
6307.9,1988,658.93,R3,,,,,,
6308,1988,658.99,R3,,,,,,
6309,1988,269.01,R3,,,,,,
6310.1,1988,269.02,R3,,,,,,
6310.9,1988,269.02,R3,,,,,,
6401.1,1988,851.11,R3,,,,,,
6401.91,1988,851.31,R3,,,,,,
6401.92,1988,851.31,R3,,,,,,
6401.99,1988,851.31,R3,,,,,,
6402.12,1996,851.21,R3F,,,,,,
6402.19,1988,851.23,R3,,,,,,
6402.2,1988,851.32,R3,,,,,,
6402.3,1988,851.13,R3,,,,,,
6402.91,1988,851.32,R3,,,,,,
6402.99,1988,851.32,R3,,,,,,
6403.12,1996,851.22,R3F,,,,,,
6403.19,1988,851.24,R3,,,,,,
6403.2,1988,851.41,R3,,,,,,
6403.3,1988,851.42,R3,,,,,,
6403.4,1988,851.15,R3,,,,,,
6403.51,1988,851.48,R3,,,,,,
6403.59,1988,851.48,R3,,,,,,
6403.91,1988,851.48,R3,,,,,,
6403.99,1988,851.48,R3,,,,,,
6404.11,1988,851.25,R3F,,,,,,
6404.19,1988,851.51,R3,,,,,,
6404.2,1988,851.52,R3,,,,,,
6405.1,1988,851.49,R3,,,,,,
6405.2,1988,851.59,R3,,,,,,
6405.9,1988,851.7,R3,,,,,,
6406.1,1988,851.9,R3,,,,,,
6406.2,1988,851.9,R3,,,,,,
6406.91,1988,851.9,R3,,,,,,
6406.99,1988,851.9,R3,,,,,,
6501,1988,657.61,R3,,,,,,
6502,1988,657.62,R3,,,,,,
6503,1988,848.41,R3,,,,,,
6504,1988,848.42,R3,,,,,,
6505.1,1988,848.43,R3,,,,,,
6505.9,1988,848.43,R3,,,,,,
6506.1,1988,848.44,R3,,,,,,
6506.91,1988,848.45,R3,,,,,,
6506.92,1988,848.49,R3,,,,,,
6506.99,1988,848.49,R3,,,,,,
6507,1988,848.48,R3,,,,,,
6601.1,1988,899.41,R3,,,,,,
6601.91,1988,899.41,R3,,,,,,
6601.99,1988,899.41,R3,,,,,,
6602,1988,899.42,R3,,,,,,
6603.1,1988,899.49,R3,,,,,,
6603.2,1988,899.49,R3,,,,,,
6603.9,1988,899.49,R3,,,,,,
6701,1988,899.92,R3,,,,,,
6702.1,1988,899.21,R3,,,,,,
6702.9,1988,899.29,R3,,,,,,
6703,1988,899.94,R3,,,,,,
6704.11,1988,899.95,R3,,,,,,
6704.19,1988,899.95,R3,,,,,,
6704.2,1988,899.95,R3,,,,,,
6704.9,1988,899.95,R3,,,,,,
6801,1988,661.31,R3,,,,,,
6802.1,1988,661.33,R3,,,,,,
6802.21,1988,661.34,R3,,,,,,
6802.22,1988,661.35,R3,,,,,,
6802.23,1988,661.35,R3,,,,,,
6802.29,1988,661.35,R3,,,,,,
6802.91,1988,661.36,R3,,,,,,
6802.92,1988,661.39,R3,,,,,,
6802.93,1988,661.39,R3,,,,,,
6802.99,1988,661.39,R3,,,,,,
6803,1988,661.32,R3,,,,,,
6804.1,1988,663.11,R3,,,,,,
6804.21,1988,663.12,R3,,,,,,
6804.22,1988,663.12,R3,,,,,,
6804.23,1988,663.12,R3,,,,,,
6804.3,1988,663.13,R3,,,,,,
6805.1,1988,663.21,R3,,,,,,
6805.2,1988,663.22,R3,,,,,,
6805.3,1988,663.29,R3,,,,,,
6806.1,1988,663.51,R3,,,,,,
6806.2,1988,663.52,R3,,,,,,
6806.9,1988,663.53,R3,,,,,,
6807.1,1988,661.81,R3,,,,,,
6807.9,1988,661.81,R3,,,,,,
6808,1988,661.82,R3,,,,,,
6809.11,1988,663.31,R3,,,,,,
6809.19,1988,663.31,R3,,,,,,
6809.9,1988,663.31,R3,,,,,,
6810.11,1988,663.32,R3,,,,,,
6810.19,1988,663.32,R3,,,,,,
6810.91,1988,663.33,R3,,,,,,
6810.99,1988,663.34,R3,,,,,,
6811.1,1988,661.83,R3,,,,,,
6811.2,1988,661.83,R3,,,,,,
6811.3,1988,661.83,R3,,,,,,
6811.9,1988,661.83,R3,,,,,,
6812.5,1988,663.81,R3,,,,,,
6812.6,1988,663.81,R3,,,,,,
6812.7,1988,663.81,R3,,,,,,
6812.9,1988,663.81,R3,,,,,,
6813.1,1988,663.82,R3,,,,,,
6813.9,1988,663.82,R3,,,,,,
6814.1,1988,663.35,R3,,,,,,
6814.9,1988,663.35,R3,,,,,,
6815.1,1988,663.36,R3,,,,,,
6815.2,1988,663.37,R3,,,,,,
6815.91,1988,663.38,R3,,,,,,
6815.99,1988,663.39,R3,,,,,,
6901,1988,662.31,R3,,,,,,
6902.1,1988,662.32,R3,,,,,,
6902.2,1988,662.32,R3,,,,,,
6902.9,1988,662.32,R3,,,,,,
6903.1,1988,663.7,R3,,,,,,
6903.2,1988,663.7,R3,,,,,,
6903.9,1988,663.7,R3,,,,,,
6904.1,1988,662.41,R3,,,,,,
6904.9,1988,662.41,R3,,,,,,
6905.1,1988,662.42,R3,,,,,,
6905.9,1988,662.42,R3,,,,,,
6906,1988,662.43,R3,,,,,,
6907.1,1988,662.44,R3,,,,,,
6907.9,1988,662.44,R3,,,,,,
6908.1,1988,662.45,R3,,,,,,
6908.9,1988,662.45,R3,,,,,,
6909.11,1988,663.91,R3,,,,,,
6909.12,1996,663.91,R3,,,,,,
6909.19,1988,663.91,R3,,,,,,
6909.9,1988,663.91,R3,,,,,,
6910.1,1988,812.21,R3,,,,,,
6910.9,1988,812.29,R3,,,,,,
6911.1,1988,666.11,R3,,,,,,
6911.9,1988,666.12,R3,,,,,,
6912,1988,666.13,R3,,,,,,
6913.1,1988,666.21,R3,,,,,,
6913.9,1988,666.29,R3,,,,,,
6914.1,1988,663.99,R3,,,,,,
6914.9,1988,663.99,R3,,,,,,
7001,1988,664.11,R3,,,,,,
7002.1,1988,664.12,R3,,,,,,
7002.2,1988,664.12,R3,,,,,,
7002.31,1988,664.12,R3,,,,,,
7002.32,1988,664.12,R3,,,,,,
7002.39,1988,664.12,R3,,,,,,
7003.12,1996,664.51,R3F,,,,,,
7003.19,1988,664.51,R3,,,,,,
7003.2,1988,664.52,R3,,,,,,
7003.3,1988,664.53,R3,,,,,,
7004.2,1996,664.31,R3F,,,,,,
7004.9,1988,664.39,R3,,,,,,
7005.1,1988,664.41,R3F,,,,,,
7005.21,1988,664.41,R3,,,,,,
7005.29,1988,664.41,R3,,,,,,
7005.3,1988,664.42,R3,,,,,,
7006,1988,664.91,R3,,,,,,
7007.11,1988,664.71,R3,,,,,,
7007.19,1988,664.71,R3,,,,,,
7007.21,1988,664.72,R3,,,,,,
7007.29,1988,664.72,R3,,,,,,
7008,1988,664.92,R3,,,,,,
7009.1,1988,664.81,R3,,,,,,
7009.91,1988,664.89,R3,,,,,,
7009.92,1988,664.89,R3,,,,,,
7010.1,1988,665.92,R3,,,,,,
7010.2,1996,665.11,R3,,,,,,
7010.9,2002,665.11,R3,,,,,,
7011.1,1988,664.93,R3,,,,,,
7011.2,1988,664.93,R3,,,,,,
7011.9,1988,664.93,R3,,,,,,
7012,1988,665.12,R3,,,,,,
7013.1,1988,665.21,R3,,,,,,
7013.21,1988,665.22,R3,,,,,,
7013.29,1988,665.22,R3,,,,,,
7013.31,1988,665.23,R3,,,,,,
7013.32,1988,665.23,R3,,,,,,
7013.39,1988,665.23,R3,,,,,,
7013.91,1988,665.29,R3,,,,,,
7013.99,1988,665.29,R3,,,,,,
7014,1988,665.95,R3,,,,,,
7015.1,1988,664.94,R3,,,,,,
7015.9,1988,664.94,R3,,,,,,
7016.1,1988,665.94,R3,,,,,,
7016.9,1988,664.96,R3,,,,,,
7017.1,1988,665.91,R3,,,,,,
7017.2,1988,665.91,R3,,,,,,
7017.9,1988,665.91,R3,,,,,,
7018.1,1988,665.93,R3,,,,,,
7018.2,1988,665.93,R3,,,,,,
7018.9,1988,665.93,R3,,,,,,
7019.11,1996,651.95,R3,,,,,,
7019.12,1996,651.95,R3,,,,,,
7019.19,1996,651.95,R3,,,,,,
7019.31,1988,664.95,R3,,,,,,
7019.32,1988,664.95,R3,,,,,,
7019.39,1988,664.95,R3,,,,,,
7019.4,1996,654.6,R3,,,,,,
7019.51,1996,654.6,R3,,,,,,
7019.52,1996,654.6,R3,,,,,,
7019.59,1996,654.6,R3,,,,,,
7019.9,1988,664.95,R3,,,,,,
7020,1988,665.99,R3,,,,,,
7101.1,1988,667.11,R3F,,,,,,
7101.21,1988,667.12,R3F,,,,,,
7101.22,1988,667.13,R3F,,,,,,
7102.1,1988,667.21,R3,,,,,,
7102.21,1988,277.11,R3,,,,,,
7102.29,1988,277.19,R3,,,,,,
7102.31,1988,667.22,R3,,,,,,
7102.39,1988,667.29,R3,,,,,,
7103.1,1988,667.31,R3,,,,,,
7103.91,1988,667.39,R3,,,,,,
7103.99,1988,667.39,R3,,,,,,
7104.1,1988,667.41,R3,,,,,,
7104.2,1988,667.42,R3,,,,,,
7104.9,1988,667.49,R3,,,,,,
7105.1,1988,277.21,R3,,,,,,
7105.9,1988,277.21,R3,,,,,,
7106.1,1988,681.14,R3,,,,,,
7106.91,1988,681.13,R3,,,,,,
7106.92,1988,681.14,R3,,,,,,
7107,1988,681.12,R3,,,,,,
7108.11,1988,971.01,R3,,,,,,
7108.12,1988,971.01,R3,,,,,,
7108.13,1988,971.01,R3,,,,,,
7108.2,1988,I,I,,,,,,
7109,1988,971.02,R3,,,,,,
7110.11,1988,681.23,R3,,,,,,
7110.19,1988,681.25,R3,,,,,,
7110.21,1988,681.24,R3,,,,,,
7110.29,1988,681.25,R3,,,,,,
7110.31,1988,681.24,R3,,,,,,
7110.39,1988,681.25,R3,,,,,,
7110.41,1988,681.24,R3,,,,,,
7110.49,1988,681.25,R3,,,,,,
7111,1988,681.22,R3,,,,,,
7112.3,2002,971.03,R3F,,,,,,
7112.91,2002,971.03,R3,,,,,,
7112.92,2002,289.21,R3,,,,,,
7112.99,2002,289.29,R3,,,,,,
7113.11,1988,897.31,R3,,,,,,
7113.19,1988,897.31,R3,,,,,,
7113.2,1988,897.31,R3,,,,,,
7114.11,1988,897.32,R3,,,,,,
7114.19,1988,897.32,R3,,,,,,
7114.2,1988,897.32,R3,,,,,,
7115.1,1988,897.41,R3,,,,,,
7115.9,1988,897.49,R3,,,,,,
7116.1,1988,897.33,R3,,,,,,
7116.2,1988,897.33,R3,,,,,,
7117.11,1988,897.21,R3,,,,,,
7117.19,1988,897.21,R3,,,,,,
7117.9,1988,897.29,R3,,,,,,
7118.1,1988,961,R3,,,,,,
7118.9,1988,II,II,,,,,,
7201.1,1988,671.21,R3,,,,,,
7201.2,1988,671.22,R3,,,,,,
7201.5,1996,671.23,R3,,,,,,
7202.11,1988,671.41,R3,,,,,,
7202.19,1988,671.49,R3,,,,,,
7202.21,1988,671.51,R3,,,,,,
7202.29,1988,671.51,R3,,,,,,
7202.3,1988,671.52,R3,,,,,,
7202.41,1988,671.53,R3,,,,,,
7202.49,1988,671.53,R3,,,,,,
7202.5,1988,671.54,R3,,,,,,
7202.6,1988,671.55,R3,,,,,,
7202.7,1988,671.59,R3,,,,,,
7202.8,1988,671.59,R3,,,,,,
7202.91,1988,671.59,R3,,,,,,
7202.92,1988,671.59,R3,,,,,,
7202.93,1988,671.59,R3,,,,,,
7202.99,1988,671.59,R3,,,,,,
7203.1,1988,671.33,R3,,,,,,
7203.9,1988,671.33,R3,,,,,,
7204.1,1988,282.1,R3,,,,,,
7204.21,1988,282.21,R3,,,,,,
7204.29,1988,282.29,R3,,,,,,
7204.3,1988,282.31,R3,,,,,,
7204.41,1988,282.32,R3,,,,,,
7204.49,1988,282.39,R3,,,,,,
7204.5,1988,282.33,R3,,,,,,
7205.1,1988,671.31,R3,,,,,,
7205.21,1988,671.32,R3,,,,,,
7205.29,1988,671.32,R3,,,,,,
7206.1,1988,672.41,R3,,,,,,
7206.9,1988,672.45,R3,,,,,,
7207.11,1988,672.61,R3,,,,,,
7207.12,1988,672.62,R3,,,,,,
7207.19,1988,672.69,R3,,,,,,
7207.2,1988,672.7,R3,,,,,,
7208.1,1996,673,R3AF,,,,,,
7208.25,1996,673,R3AF,,,,,,
7208.26,1996,673,R3AF,,,,,,
7208.27,1996,673,R3AF,,,,,,
7208.36,1996,673,R3AF,,,,,,
7208.37,1996,673,R3AF,,,,,,
7208.38,1996,673,R3AF,,,,,,
7208.39,1996,673,R3AF,,,,,,
7208.4,1996,673,R3AF,,,,,,
7208.51,1996,673,R3AF,,,,,,
7208.52,1996,673,R3AF,,,,,,
7208.53,1996,673,R3AF,,,,,,
7208.54,1996,673,R3AF,,,,,,
7208.9,1988,673.51,R3,,,,,,
7209.15,1996,673,R3A,,,,,,
7209.16,1996,673,R3A,,,,,,
7209.17,1996,673,R3A,,,,,,
7209.18,1996,673,R3A,,,,,,
7209.25,1996,673,R3A,,,,,,
7209.26,1996,673,R3A,,,,,,
7209.27,1996,673,R3A,,,,,,
7209.28,1996,673,R3A,,,,,,
7209.9,1988,673.52,R3,,,,,,
7210.11,1988,674.21,R3,,,,,,
7210.12,1988,674.21,R3,,,,,,
7210.2,1988,674.41,R3,,,,,,
7210.3,1996,674.11,R3,,,,,,
7210.41,1988,674.13,R3,,,,,,
7210.49,1988,674.13,R3,,,,,,
7210.5,1988,674.42,R3,,,,,,
7210.61,1996,674.43,R3,,,,,,
7210.69,1996,674.43,R3,,,,,,
7210.7,1988,674.31,R3,,,,,,
7210.9,1988,674.44,R3,,,,,,
7211.13,1996,673,R3A,,,,,,
7211.14,1996,673,R3A,,,,,,
7211.19,1988,673,R3A,,,,,,
7211.23,1996,673,R3AF,,,,,,
7211.29,1988,673,R3AF,,,,,,
7211.9,1988,673.53,R3,,,,,,
7212.1,1988,674.22,R3,,,,,,
7212.2,1996,674.12,R3,,,,,,
7212.3,1988,674.14,R3,,,,,,
7212.4,1988,674.32,R3,,,,,,
7212.5,1988,674.51,R3,,,,,,
7212.6,1988,674.52,R3,,,,,,
7213.1,1988,676.11,R3,,,,,,
7213.2,1988,676.12,R3F,,,,,,
7213.91,1996,676.1,R3AF,,,,,,
7213.99,1996,676,R3AF,,,,,,
7214.1,1988,676,R3A,,,,,,
7214.2,1988,676,R3A,,,,,,
7214.3,1988,676,R3A,,,,,,
7214.91,1996,676.2,R3AF,,,,,,
7214.99,1996,676,R3AF,,,,,,
7215.1,1988,676,R3A,,,,,,
7215.5,1996,676.33,R3F,,,,,,
7215.9,1988,676,R3A,,,,,,
7216.1,1988,676.81,R3,,,,,,
7216.21,1988,676.81,R3,,,,,,
7216.22,1988,676.81,R3,,,,,,
7216.31,1988,676.82,R3,,,,,,
7216.32,1988,676.82,R3,,,,,,
7216.33,1988,676.82,R3,,,,,,
7216.4,1988,676.82,R3,,,,,,
7216.5,1988,676.83,R3,,,,,,
7216.61,1996,676.84,R3,,,,,,
7216.69,1996,676.84,R3,,,,,,
7216.91,1996,676.85,R3,,,,,,
7216.99,1996,676.85,R3,,,,,,
7217.1,1996,678.1,R3AF,,,,,,
7217.2,1996,678.1,R3AF,,,,,,
7217.3,1996,678.1,R3AF,,,,,,
7217.9,1996,678.1,R3AF,,,,,,
7218.1,1988,672.47,R3,,,,,,
7218.91,1996,672.81,R3,,,,,,
7218.99,1996,672.81,R3,,,,,,
7219.11,1988,675.31,R3,,,,,,
7219.12,1988,675.31,R3,,,,,,
7219.13,1988,675.32,R3,,,,,,
7219.14,1988,675.33,R3,,,,,,
7219.21,1988,675.34,R3,,,,,,
7219.22,1988,675.34,R3,,,,,,
7219.23,1988,675.35,R3,,,,,,
7219.24,1988,675.36,R3,,,,,,
7219.31,1988,675.51,R3,,,,,,
7219.32,1988,675.52,R3,,,,,,
7219.33,1988,675.53,R3,,,,,,
7219.34,1988,675.54,R3,,,,,,
7219.35,1988,675.55,R3,,,,,,
7219.9,1988,675.71,R3,,,,,,
7220.11,1988,675.37,R3,,,,,,
7220.12,1988,675.38,R3,,,,,,
7220.2,1988,675.56,R3,,,,,,
7220.9,1988,675.72,R3,,,,,,
7221,1988,676,R3A,,,,,,
7222.11,1996,676.25,R3,,,,,,
7222.19,1996,676,R3AF,,,,,,
7222.2,1988,676,R3A,,,,,,
7222.3,1988,676,R3A,,,,,,
7222.4,1988,676.87,R3,,,,,,
7223,1988,678.21,R3,,,,,,
7224.1,1988,672.49,R3,,,,,,
7224.9,1988,672.82,R3,,,,,,
7225.11,1996,675.11,R3,,,,,,
7225.19,1996,675.11,R3,,,,,,
7225.2,1988,675.21,R3,,,,,,
7225.3,1988,675.41,R3,,,,,,
7225.4,1988,675.42,R3,,,,,,
7225.5,1988,675.61,R3,,,,,,
7225.91,1996,675.73,R3,,,,,,
7225.92,1996,675.73,R3,,,,,,
7225.99,1996,675.73,R3,,,,,,
7226.11,1996,675.12,R3,,,,,,
7226.19,1996,675.12,R3,,,,,,
7226.2,1988,675.22,R3,,,,,,
7226.91,1988,675.43,R3,,,,,,
7226.92,1988,675.62,R3,,,,,,
7226.93,1996,675.74,R3,,,,,,
7226.94,1996,675.74,R3,,,,,,
7226.99,1988,675.74,R3,,,,,,
7227.1,1988,676,R3A,,,,,,
7227.2,1988,676,R3AF,,,,,,
7227.9,1988,676,R3AF,,,,,,
7228.1,1988,676,R3A,,,,,,
7228.2,1988,676,R3A,,,,,,
7228.3,1988,676.29,R3F,,,,,,
7228.4,1988,676.46,R3F,,,,,,
7228.5,1988,676.39,R3F,,,,,,
7228.6,1988,676.47,R3F,,,,,,
7228.7,1988,676.88,R3,,,,,,
7228.8,1988,676.48,R3,,,,,,
7229.1,1988,678.29,R3,,,,,,
7229.2,1988,678.29,R3,,,,,,
7229.9,1988,678.29,R3,,,,,,
7301.1,1988,676.86,R3,,,,,,
7301.2,1988,676.86,R3,,,,,,
7302.1,1988,677.01,R3,,,,,,
7302.3,1988,677.09,R3,,,,,,
7302.4,1988,677.09,R3,,,,,,
7302.9,1988,677.09,R3,,,,,,
7303,1988,679.11,R3,,,,,,
7304.1,1988,679.12,R3,,,,,,
7304.21,1996,679.13,R3,,,,,,
7304.29,1996,679.13,R3,,,,,,
7304.31,1988,679.14,R3,,,,,,
7304.39,1988,679.14,R3,,,,,,
7304.41,1988,679.15,R3,,,,,,
7304.49,1988,679.15,R3,,,,,,
7304.51,1988,679.16,R3,,,,,,
7304.59,1988,679.16,R3,,,,,,
7304.9,1988,679.17,R3,,,,,,
7305.11,1988,679.31,R3,,,,,,
7305.12,1988,679.31,R3,,,,,,
7305.19,1988,679.31,R3,,,,,,
7305.2,1988,679.32,R3,,,,,,
7305.31,1988,679.33,R3,,,,,,
7305.39,1988,679.33,R3,,,,,,
7305.9,1988,679.39,R3,,,,,,
7306.1,1988,679.41,R3,,,,,,
7306.2,1988,679.42,R3,,,,,,
7306.3,1988,679.43,R3,,,,,,
7306.4,1988,679.43,R3,,,,,,
7306.5,1988,679.43,R3,,,,,,
7306.6,1988,679.44,R3,,,,,,
7306.9,1988,679.49,R3,,,,,,
7307.11,1988,679.51,R3,,,,,,
7307.19,1988,679.52,R3,,,,,,
7307.21,1988,679.53,R3,,,,,,
7307.22,1988,679.54,R3,,,,,,
7307.23,1988,679.55,R3,,,,,,
7307.29,1988,679.56,R3,,,,,,
7307.91,1988,679.59,R3,,,,,,
7307.92,1988,679.59,R3,,,,,,
7307.93,1988,679.59,R3,,,,,,
7307.99,1988,679.59,R3,,,,,,
7308.1,1988,691.11,R3,,,,,,
7308.2,1988,691.12,R3,,,,,,
7308.3,1988,691.13,R3,,,,,,
7308.4,1988,691.14,R3,,,,,,
7308.9,1988,691.19,R3,,,,,,
7309,1988,692.11,R3,,,,,,
7310.1,1988,692.41,R3,,,,,,
7310.21,1988,692.41,R3,,,,,,
7310.29,1988,692.41,R3,,,,,,
7311,1988,692.43,R3,,,,,,
7312.1,1988,693.11,R3,,,,,,
7312.9,1988,693.11,R3,,,,,,
7313,1988,693.2,R3,,,,,,
7314.12,1996,693.51,R3,,,,,,
7314.13,1996,693.51,R3,,,,,,
7314.14,1996,693.51,R3,,,,,,
7314.19,1988,693.51,R3,,,,,,
7314.2,1988,693.51,R3,,,,,,
7314.31,1996,693.51,R3,,,,,,
7314.39,1996,693.51,R3,,,,,,
7314.41,1988,693.51,R3,,,,,,
7314.42,1988,693.51,R3,,,,,,
7314.49,1988,693.51,R3,,,,,,
7314.5,1988,693.51,R3,,,,,,
7315.11,1988,748.31,R3,,,,,,
7315.12,1988,748.32,R3,,,,,,
7315.19,1988,748.39,R3,,,,,,
7315.2,1988,699.21,R3,,,,,,
7315.81,1988,699.22,R3,,,,,,
7315.82,1988,699.22,R3,,,,,,
7315.89,1988,699.22,R3,,,,,,
7315.9,1988,699.22,R3,,,,,,
7316,1988,699.61,R3,,,,,,
7317,1988,694.1,R3,,,,,,
7318.11,1988,694.21,R3,,,,,,
7318.12,1988,694.21,R3,,,,,,
7318.13,1988,694.21,R3,,,,,,
7318.14,1988,694.21,R3,,,,,,
7318.15,1988,694.21,R3,,,,,,
7318.16,1988,694.21,R3,,,,,,
7318.19,1988,694.21,R3,,,,,,
7318.21,1988,694.22,R3,,,,,,
7318.22,1988,694.22,R3,,,,,,
7318.23,1988,694.22,R3,,,,,,
7318.24,1988,694.22,R3,,,,,,
7318.29,1988,694.22,R3,,,,,,
7319.1,1988,699.31,R3,,,,,,
7319.2,1988,699.32,R3,,,,,,
7319.3,1988,699.32,R3,,,,,,
7319.9,1988,699.31,R3,,,,,,
7320.1,1988,699.41,R3,,,,,,
7320.2,1988,699.41,R3,,,,,,
7320.9,1988,699.41,R3,,,,,,
7321.11,1988,697.31,R3,,,,,,
7321.12,1988,697.31,R3,,,,,,
7321.13,1988,697.31,R3,,,,,,
7321.81,1988,697.32,R3,,,,,,
7321.82,1988,697.32,R3,,,,,,
7321.83,1988,697.32,R3,,,,,,
7321.9,1988,697.33,R3,,,,,,
7322.11,1988,812.11,R3,,,,,,
7322.19,1988,812.11,R3,,,,,,
7322.9,1988,812.15,R3,,,,,,
7323.1,1988,697.44,R3,,,,,,
7323.91,1988,697.41,R3,,,,,,
7323.92,1988,697.41,R3,,,,,,
7323.93,1988,697.41,R3,,,,,,
7323.94,1988,697.41,R3,,,,,,
7323.99,1988,697.41,R3,,,,,,
7324.1,1988,697.51,R3,,,,,,
7324.21,1988,697.51,R3,,,,,,
7324.29,1988,697.51,R3,,,,,,
7324.9,1988,697.51,R3,,,,,,
7325.1,1988,699.62,R3,,,,,,
7325.91,1988,699.63,R3,,,,,,
7325.99,1988,699.63,R3,,,,,,
7326.11,1988,699.65,R3,,,,,,
7326.19,1988,699.65,R3,,,,,,
7326.2,1988,699.67,R3,,,,,,
7326.9,1988,699.69,R3,,,,,,
7401.1,1988,283.21,R3,,,,,,
7401.2,1988,283.22,R3,,,,,,
7402,1988,682.11,R3,,,,,,
7403.11,1988,682.12,R3,,,,,,
7403.12,1988,682.12,R3,,,,,,
7403.13,1988,682.12,R3,,,,,,
7403.19,1988,682.12,R3,,,,,,
7403.21,1988,682.14,R3,,,,,,
7403.22,1988,682.14,R3,,,,,,
7403.23,1988,682.14,R3,,,,,,
7403.29,1988,682.14,R3,,,,,,
7404,1988,288.21,R3,,,,,,
7405,1988,682.13,R3,,,,,,
7406.1,1988,682.62,R3,,,,,,
7406.2,1988,682.62,R3,,,,,,
7407.1,1988,682.31,R3,,,,,,
7407.21,1988,682.32,R3,,,,,,
7407.22,1988,682.32,R3,,,,,,
7407.29,1988,682.32,R3,,,,,,
7408.11,1988,682.41,R3,,,,,,
7408.19,1988,682.41,R3,,,,,,
7408.21,1988,682.42,R3,,,,,,
7408.22,1988,682.42,R3,,,,,,
7408.29,1988,682.42,R3,,,,,,
7409.11,1988,682.51,R3,,,,,,
7409.19,1988,682.51,R3,,,,,,
7409.21,1988,682.52,R3,,,,,,
7409.29,1988,682.52,R3,,,,,,
7409.31,1988,682.52,R3,,,,,,
7409.39,1988,682.52,R3,,,,,,
7409.4,1988,682.52,R3,,,,,,
7409.9,1988,682.52,R3,,,,,,
7410.11,1988,682.61,R3,,,,,,
7410.12,1988,682.61,R3,,,,,,
7410.21,1988,682.61,R3,,,,,,
7410.22,1988,682.61,R3,,,,,,
7411.1,1988,682.71,R3,,,,,,
7411.21,1988,682.71,R3,,,,,,
7411.22,1988,682.71,R3,,,,,,
7411.29,1988,682.71,R3,,,,,,
7412.1,1988,682.72,R3,,,,,,
7412.2,1988,682.72,R3,,,,,,
7413,1988,693.12,R3,,,,,,
7414.2,1996,693.52,R3,,,,,,
7414.9,1988,693.52,R3,,,,,,
7415.1,1988,694.31,R3,,,,,,
7415.21,1988,694.32,R3,,,,,,
7415.29,1988,694.32,R3,,,,,,
7415.33,2002,694.33,R3,,,,,,
7415.39,1988,694.33,R3,,,,,,
7416,1988,699.42,R3,,,,,,
7417,1988,697.34,R3,,,,,,
7418.11,1996,697.42,R3,,,,,,
7418.19,1996,697.42,R3,,,,,,
7418.2,1988,697.52,R3,,,,,,
7419.1,1988,699.71,R3,,,,,,
7419.91,1988,699.73,R3,,,,,,
7419.99,1988,699.73,R3,,,,,,
7501.1,1988,284.21,R3,,,,,,
7501.2,1988,284.22,R3,,,,,,
7502.1,1988,683.11,R3,,,,,,
7502.2,1988,683.12,R3,,,,,,
7503,1988,288.22,R3,,,,,,
7504,1988,683.23,R3,,,,,,
7505.11,1988,683.21,R3,,,,,,
7505.12,1988,683.21,R3,,,,,,
7505.21,1988,683.21,R3,,,,,,
7505.22,1988,683.21,R3,,,,,,
7506.1,1988,683.24,R3,,,,,,
7506.2,1988,683.24,R3,,,,,,
7507.11,1988,683.22,R3,,,,,,
7507.12,1988,683.22,R3,,,,,,
7507.2,1988,683.22,R3,,,,,,
7508.1,1996,699.75,R3,,,,,,
7508.9,1996,699.75,R3,,,,,,
7601.1,1988,684.11,R3,,,,,,
7601.2,1988,684.12,R3,,,,,,
7602,1988,288.23,R3,,,,,,
7603.1,1988,684.25,R3,,,,,,
7603.2,1988,684.25,R3,,,,,,
7604.1,1988,684.21,R3,,,,,,
7604.21,1988,684.21,R3,,,,,,
7604.29,1988,684.21,R3,,,,,,
7605.11,1988,684.22,R3,,,,,,
7605.19,1988,684.22,R3,,,,,,
7605.21,1988,684.22,R3,,,,,,
7605.29,1988,684.22,R3,,,,,,
7606.11,1988,684.23,R3,,,,,,
7606.12,1988,684.23,R3,,,,,,
7606.91,1988,684.23,R3,,,,,,
7606.92,1988,684.23,R3,,,,,,
7607.11,1988,684.24,R3,,,,,,
7607.19,1988,684.24,R3,,,,,,
7607.2,1988,684.24,R3,,,,,,
7608.1,1988,684.26,R3,,,,,,
7608.2,1988,684.26,R3,,,,,,
7609,1988,684.27,R3,,,,,,
7610.1,1988,691.21,R3,,,,,,
7610.9,1988,691.29,R3,,,,,,
7611,1988,692.12,R3,,,,,,
7612.1,1988,692.42,R3,,,,,,
7612.9,1988,692.42,R3,,,,,,
7613,1988,692.44,R3,,,,,,
7614.1,1988,693.13,R3,,,,,,
7614.9,1988,693.13,R3,,,,,,
7615.11,1996,697.43,R3,,,,,,
7615.19,1996,697.43,R3,,,,,,
7615.2,1988,697.53,R3,,,,,,
7616.1,1988,694.4,R3,,,,,,
7616.91,1996,699.79,R3,,,,,,
7616.99,1996,699.79,R3,,,,,,
7801.1,1988,685.12,R3,,,,,,
7801.91,1988,685.11,R3,,,,,,
7801.99,1988,685.11,R3,,,,,,
7802,1988,288.24,R3,,,,,,
7803,1988,685.21,R3,,,,,,
7804.11,1988,685.22,R3,,,,,,
7804.19,1988,685.22,R3,,,,,,
7804.2,1988,685.22,R3,,,,,,
7805,1988,685.24,R3,,,,,,
7806,1988,699.76,R3,,,,,,
7901.11,1988,686.11,R3,,,,,,
7901.12,1988,686.11,R3,,,,,,
7901.2,1988,686.12,R3,,,,,,
7902,1988,288.25,R3,,,,,,
7903.1,1988,686.33,R3,,,,,,
7903.9,1988,686.33,R3,,,,,,
7904,1988,686.31,R3,,,,,,
7905,1988,686.32,R3,,,,,,
7906,1988,686.34,R3,,,,,,
7907,1996,699.77,R3,,,,,,
8001.1,1988,687.11,R3,,,,,,
8001.2,1988,687.12,R3,,,,,,
8002,1988,288.26,R3,,,,,,
8003,1988,687.21,R3,,,,,,
8004,1988,687.22,R3,,,,,,
8005,1996,687.23,R3,,,,,,
8006,1988,687.24,R3,,,,,,
8007,1988,699.78,R3,,,,,,
8101.1,1988,689.11,R3,,,,,,
8101.94,2002,689.11,R3,,,,,,
8101.95,2002,699.91,R3,,,,,,
8101.96,2002,699.91,R3,,,,,,
8101.97,2002,689.11,R3,,,,,,
8101.99,1988,699.91,R3,,,,,,
8102.1,1988,689.12,R3,,,,,,
8102.94,2002,689.12,R3,,,,,,
8102.95,2002,699.92,R3,,,,,,
8102.96,2002,699.92,R3,,,,,,
8102.97,2002,689.12,R3,,,,,,
8102.99,1988,699.92,R3,,,,,,
8103.2,2002,689.13,R3,,,,,,
8103.3,2002,689.13,R3,,,,,,
8103.9,1988,699.93,R3,,,,,,
8104.11,1988,689.15,R3,,,,,,
8104.19,1988,689.15,R3,,,,,,
8104.2,1988,689.14,R3,,,,,,
8104.3,1988,699.94,R3,,,,,,
8104.9,1988,699.94,R3,,,,,,
8105.2,2002,689.81,R3,,,,,,
8105.3,2002,689.81,R3,,,,,,
8105.9,1988,699.81,R3,,,,,,
8106,1988,689.92,R3,,,,,,
8107.2,2002,689.82,R3,,,,,,
8107.3,2002,689.82,R3,,,,,,
8107.9,1988,699.83,R3,,,,,,
8108.2,2002,689.83,R3,,,,,,
8108.3,2002,689.83,R3,,,,,,
8108.9,1988,699.85,R3,,,,,,
8109.2,2002,689.84,R3,,,,,,
8109.3,2002,689.84,R3,,,,,,
8109.9,1988,699.87,R3,,,,,,
8110.1,2002,689.93,R3,,,,,,
8110.2,2002,689.93,R3,,,,,,
8110.9,2002,689.93,R3,,,,,,
8111,1988,689.94,R3,,,,,,
8112.12,2002,689.91,R3,,,,,,
8112.13,2002,689.91,R3,,,,,,
8112.19,1988,699.95,R3,,,,,,
8112.21,2002,689.95,R3,,,,,,
8112.22,2002,689.95,R3,,,,,,
8112.29,2002,689.95,R3,,,,,,
8112.3,1988,689.96,R3,,,,,,
8112.4,1988,689.97,R3,,,,,,
8112.51,2002,689.98,R3,,,,,,
8112.52,2002,689.98,R3,,,,,,
8112.59,2002,699.99,R3,,,,,,
8112.92,2002,689.98,R3,,,,,,
8112.99,1988,699.99,R3,,,,,,
8113,1988,689.99,R3,,,,,,
8201.1,1988,695.1,R3,,,,,,
8201.2,1988,695.1,R3,,,,,,
8201.3,1988,695.1,R3,,,,,,
8201.4,1988,695.1,R3,,,,,,
8201.5,1988,695.1,R3,,,,,,
8201.6,1988,695.1,R3,,,,,,
8201.9,1988,695.1,R3,,,,,,
8202.1,1988,695.21,R3,,,,,,
8202.2,1988,695.51,R3,,,,,,
8202.31,1988,695.52,R3,,,,,,
8202.39,1996,695.53,R3F,,,,,,
8202.4,1988,695.54,R3,,,,,,
8202.91,1988,695.55,R3,,,,,,
8202.99,1988,695.59,R3,,,,,,
8203.1,1988,695.22,R3,,,,,,
8203.2,1988,695.23,R3,,,,,,
8203.3,1988,695.23,R3,,,,,,
8203.4,1988,695.23,R3,,,,,,
8204.11,1988,695.3,R3,,,,,,
8204.12,1988,695.3,R3,,,,,,
8204.2,1988,695.3,R3,,,,,,
8205.1,1988,695.41,R3,,,,,,
8205.2,1988,695.42,R3,,,,,,
8205.3,1988,695.43,R3,,,,,,
8205.4,1988,695.44,R3,,,,,,
8205.51,1988,695.45,R3,,,,,,
8205.59,1988,695.46,R3,,,,,,
8205.6,1988,695.46,R3,,,,,,
8205.7,1988,695.47,R3,,,,,,
8205.8,1988,695.48,R3,,,,,,
8205.9,1988,695.49,R3,,,,,,
8206,1988,695.7,R3,,,,,,
8207.13,1996,695.63,R3,,,,,,
8207.19,1996,695.63,R3,,,,,,
8207.2,1988,695.64,R3,,,,,,
8207.3,1988,695.64,R3,,,,,,
8207.4,1988,695.64,R3,,,,,,
8207.5,1988,695.64,R3,,,,,,
8207.6,1988,695.64,R3,,,,,,
8207.7,1988,695.64,R3,,,,,,
8207.8,1988,695.64,R3,,,,,,
8207.9,1988,695.64,R3,,,,,,
8208.1,1988,695.61,R3,,,,,,
8208.2,1988,695.61,R3,,,,,,
8208.3,1988,695.61,R3,,,,,,
8208.4,1988,695.61,R3,,,,,,
8208.9,1988,695.61,R3,,,,,,
8209,1988,695.62,R3,,,,,,
8210,1988,697.81,R3,,,,,,
8211.1,1988,696.8,R3,,,,,,
8211.91,1988,696.8,R3,,,,,,
8211.92,1988,696.8,R3,,,,,,
8211.93,1988,696.8,R3,,,,,,
8211.94,1988,696.8,R3,,,,,,
8211.95,1996,696.8,R3,,,,,,
8212.1,1988,696.31,R3,,,,,,
8212.2,1988,696.35,R3,,,,,,
8212.9,1988,696.38,R3,,,,,,
8213,1988,696.4,R3,,,,,,
8214.1,1988,696.51,R3,,,,,,
8214.2,1988,696.55,R3,,,,,,
8214.9,1988,696.59,R3,,,,,,
8215.1,1988,696.61,R3,,,,,,
8215.2,1988,696.62,R3,,,,,,
8215.91,1988,696.63,R3,,,,,,
8215.99,1988,696.69,R3,,,,,,
8301.1,1988,699.11,R3,,,,,,
8301.2,1988,699.11,R3,,,,,,
8301.3,1988,699.11,R3,,,,,,
8301.4,1988,699.11,R3,,,,,,
8301.5,1988,699.11,R3,,,,,,
8301.6,1988,699.11,R3,,,,,,
8301.7,1988,699.11,R3,,,,,,
8302.1,1988,699.13,R3,,,,,,
8302.2,1988,699.14,R3,,,,,,
8302.3,1988,699.15,R3,,,,,,
8302.41,1988,699.16,R3,,,,,,
8302.42,1988,699.17,R3,,,,,,
8302.49,1988,699.19,R3,,,,,,
8302.5,1988,699.19,R3,,,,,,
8302.6,1988,699.19,R3,,,,,,
8303,1988,699.12,R3,,,,,,
8304,1988,895.11,R3,,,,,,
8305.1,1988,895.12,R3,,,,,,
8305.2,1988,895.12,R3,,,,,,
8305.9,1988,895.12,R3,,,,,,
8306.1,1988,699.52,R3,,,,,,
8306.21,1988,697.82,R3,,,,,,
8306.29,1988,697.82,R3,,,,,,
8306.3,1988,697.82,R3,,,,,,
8307.1,1988,699.51,R3,,,,,,
8307.9,1988,699.51,R3,,,,,,
8308.1,1988,699.33,R3,,,,,,
8308.2,1988,699.33,R3,,,,,,
8308.9,1988,699.33,R3,,,,,,
8309.1,1988,699.53,R3,,,,,,
8309.9,1988,699.53,R3,,,,,,
8310,1988,699.54,R3,,,,,,
8311.1,1988,699.55,R3,,,,,,
8311.2,1988,699.55,R3,,,,,,
8311.3,1988,699.55,R3,,,,,,
8311.9,1988,699.55,R3,,,,,,
8401.1,1988,718.71,R3,,,,,,
8401.2,1988,728.47,R3,,,,,,
8401.3,1988,718.77,R3,,,,,,
8401.4,1988,718.78,R3,,,,,,
8402.11,1988,711.11,R3,,,,,,
8402.12,1988,711.11,R3,,,,,,
8402.19,1988,711.11,R3,,,,,,
8402.2,1988,711.12,R3,,,,,,
8402.9,1988,711.91,R3,,,,,,
8403.1,1988,812.17,R3,,,,,,
8403.9,1988,812.19,R3,,,,,,
8404.1,1988,711.21,R3,,,,,,
8404.2,1988,711.22,R3,,,,,,
8404.9,1988,711.92,R3,,,,,,
8405.1,1988,741.71,R3,,,,,,
8405.9,1988,741.72,R3,,,,,,
8406.1,1996,712.11,R3,,,,,,
8406.81,1996,712.19,R3,,,,,,
8406.82,1996,712.19,R3,,,,,,
8406.9,1988,712.8,R3,,,,,,
8407.1,1988,713.11,R3,,,,,,
8407.21,1988,713.31,R3,,,,,,
8407.29,1988,713.32,R3,,,,,,
8407.31,1988,713.21,R3,,,,,,
8407.32,1988,713.21,R3,,,,,,
8407.33,1988,713.21,R3,,,,,,
8407.34,1988,713.22,R3,,,,,,
8407.9,1988,713.81,R3,,,,,,
8408.1,1988,713.33,R3,,,,,,
8408.2,1988,713.23,R3,,,,,,
8408.9,1988,713.82,R3,,,,,,
8409.1,1988,713.19,R3,,,,,,
8409.91,1988,713.91,R3,,,,,,
8409.99,1988,713.92,R3,,,,,,
8410.11,1988,718.11,R3,,,,,,
8410.12,1988,718.11,R3,,,,,,
8410.13,1988,718.11,R3,,,,,,
8410.9,1988,718.19,R3,,,,,,
8411.11,1988,714.41,R3,,,,,,
8411.12,1988,714.41,R3,,,,,,
8411.21,1988,714.81,R3,,,,,,
8411.22,1988,714.81,R3,,,,,,
8411.81,1988,714.89,R3,,,,,,
8411.82,1988,714.89,R3,,,,,,
8411.91,1988,714.91,R3,,,,,,
8411.99,1988,714.99,R3,,,,,,
8412.1,1988,714.49,R3,,,,,,
8412.21,1988,718.91,R3,,,,,,
8412.29,1988,718.93,R3,,,,,,
8412.31,1988,718.92,R3,,,,,,
8412.39,1988,718.93,R3,,,,,,
8412.8,1988,718.93,R3,,,,,,
8412.9,1988,718.99,R3,,,,,,
8413.11,1988,742.11,R3,,,,,,
8413.19,1988,742.19,R3,,,,,,
8413.2,1988,742.71,R3,,,,,,
8413.3,1988,742.2,R3,,,,,,
8413.4,1988,742.3,R3,,,,,,
8413.5,1988,742.4,R3F,,,,,,
8413.6,1988,742.5,R3F,,,,,,
8413.7,1988,742.6,R3F,,,,,,
8413.81,1988,742.71,R3F,,,,,,
8413.82,1988,742.75,R3,,,,,,
8413.91,1988,742.91,R3,,,,,,
8413.92,1988,742.95,R3,,,,,,
8414.1,1988,743.11,R3,,,,,,
8414.2,1988,743.13,R3,,,,,,
8414.3,1988,743.15,R3,,,,,,
8414.4,1988,743.17,R3,,,,,,
8414.51,1988,743.41,R3,,,,,,
8414.59,1988,743.43,R3,,,,,,
8414.6,1988,743.45,R3,,,,,,
8414.8,1988,743.19,R3F,,,,,,
8414.9,1988,743.8,R3F,,,,,,
8415.1,1988,741.51,R3F,,,,,,
8415.2,1996,741.55,R3,,,,,,
8415.81,1988,741.55,R3,,,,,,
8415.82,1988,741.55,R3,,,,,,
8415.83,1988,741.55,R3,,,,,,
8415.9,1988,741.59,R3,,,,,,
8416.1,1988,741.21,R3,,,,,,
8416.2,1988,741.23,R3,,,,,,
8416.3,1988,741.25,R3,,,,,,
8416.9,1988,741.28,R3,,,,,,
8417.1,1988,741.36,R3,,,,,,
8417.2,1988,741.37,R3,,,,,,
8417.8,1988,741.38,R3,,,,,,
8417.9,1988,741.39,R3,,,,,,
8418.1,1988,775.21,R3,,,,,,
8418.21,1988,775.21,R3,,,,,,
8418.22,1988,775.21,R3,,,,,,
8418.29,1988,775.21,R3,,,,,,
8418.3,1988,775.22,R3,,,,,,
8418.4,1988,775.22,R3,,,,,,
8418.5,1988,741.43,R3,,,,,,
8418.61,1988,741.45,R3,,,,,,
8418.69,1988,741.45,R3,,,,,,
8418.91,1988,741.49,R3,,,,,,
8418.99,1988,741.49,R3,,,,,,
8419.11,1988,741.81,R3,,,,,,
8419.19,1988,741.82,R3,,,,,,
8419.2,1988,741.83,R3,,,,,,
8419.31,1988,741.84,R3,,,,,,
8419.32,1988,741.85,R3,,,,,,
8419.39,1988,741.86,R3F,,,,,,
8419.4,1988,741.73,R3,,,,,,
8419.5,1988,741.74,R3,,,,,,
8419.6,1988,741.75,R3,,,,,,
8419.81,1988,741.87,R3,,,,,,
8419.89,1988,741.89,R3F,,,,,,
8419.9,1988,741.9,R3F,,,,,,
8420.1,1988,745.91,R3,,,,,,
8420.91,1988,745.93,R3,,,,,,
8420.99,1988,745.93,R3,,,,,,
8421.11,1988,743.51,R3,,,,,,
8421.12,1988,743.55,R3,,,,,,
8421.19,1988,743.59,R3,,,,,,
8421.21,1988,743.61,R3F,,,,,,
8421.22,1988,743.62,R3,,,,,,
8421.23,1988,743.63,R3,,,,,,
8421.29,1988,743.67,R3,,,,,,
8421.31,1988,743.64,R3,,,,,,
8421.39,1988,743.69,R3,,,,,,
8421.91,1988,743.91,R3,,,,,,
8421.99,1988,743.95,R3,,,,,,
8422.11,1988,775.3,R3,,,,,,
8422.19,1988,745.21,R3,,,,,,
8422.2,1988,745.23,R3,,,,,,
8422.3,1988,745.27,R3F,,,,,,
8422.4,1988,745.27,R3F,,,,,,
8422.9,1988,745.29,R3F,,,,,,
8423.1,1988,745.32,R3,,,,,,
8423.2,1988,745.31,R3,,,,,,
8423.3,1988,745.31,R3,,,,,,
8423.81,1988,745.31,R3,,,,,,
8423.82,1988,745.31,R3,,,,,,
8423.89,1988,745.31,R3,,,,,,
8423.9,1988,745.39,R3,,,,,,
8424.1,1988,745.61,R3,,,,,,
8424.2,1988,745.62,R3,,,,,,
8424.3,1988,745.63,R3F,,,,,,
8424.81,1988,745.64,R3,,,,,,
8424.89,1988,745.65,R3,,,,,,
8424.9,1988,745.68,R3F,,,,,,
8425.11,1988,744.21,R3,,,,,,
8425.19,1988,744.21,R3,,,,,,
8425.2,1988,744.23,R3,,,,,,
8425.31,1988,744.25,R3,,,,,,
8425.39,1988,744.25,R3,,,,,,
8425.41,1988,744.41,R3,,,,,,
8425.42,1988,744.43,R3,,,,,,
8425.49,1988,744.49,R3,,,,,,
8426.11,1988,744.31,R3,,,,,,
8426.12,1988,744.32,R3,,,,,,
8426.19,1988,744.33,R3,,,,,,
8426.2,1988,744.34,R3,,,,,,
8426.3,1988,744.35,R3,,,,,,
8426.41,1988,744.37,R3,,,,,,
8426.49,1988,744.37,R3,,,,,,
8426.91,1988,744.39,R3,,,,,,
8426.99,1988,744.39,R3,,,,,,
8427.1,1988,744.11,R3,,,,,,
8427.2,1988,744.12,R3,,,,,,
8427.9,1988,744.13,R3,,,,,,
8428.1,1988,744.81,R3,,,,,,
8428.2,1988,744.71,R3,,,,,,
8428.31,1988,744.72,R3,,,,,,
8428.32,1988,744.73,R3,,,,,,
8428.33,1988,744.74,R3,,,,,,
8428.39,1988,744.79,R3,,,,,,
8428.4,1988,744.85,R3,,,,,,
8428.5,1988,744.89,R3,,,,,,
8428.6,1988,744.89,R3,,,,,,
8428.9,1988,744.89,R3,,,,,,
8429.11,1988,723.11,R3,,,,,,
8429.19,1988,723.11,R3,,,,,,
8429.2,1988,723.12,R3,,,,,,
8429.3,1988,723.31,R3,,,,,,
8429.4,1988,723.33,R3,,,,,,
8429.51,1988,723.21,R3,,,,,,
8429.52,1988,723.22,R3,,,,,,
8429.59,1988,723.29,R3,,,,,,
8430.1,1988,723.41,R3,,,,,,
8430.2,1988,723.42,R3,,,,,,
8430.31,1988,723.35,R3,,,,,,
8430.39,1988,723.43,R3,,,,,,
8430.41,1988,723.37,R3,,,,,,
8430.49,1988,723.44,R3,,,,,,
8430.5,1988,723.39,R3,,,,,,
8430.61,1988,723.45,R3,,,,,,
8430.69,1988,723.47,R3F,,,,,,
8431.1,1988,744.91,R3,,,,,,
8431.2,1988,744.92,R3,,,,,,
8431.31,1988,744.93,R3,,,,,,
8431.39,1988,744.94,R3,,,,,,
8431.41,1988,723.91,R3,,,,,,
8431.42,1988,723.92,R3,,,,,,
8431.43,1988,723.93,R3,,,,,,
8431.49,1988,723.99,R3,,,,,,
8432.1,1988,721.11,R3,,,,,,
8432.21,1988,721.13,R3,,,,,,
8432.29,1988,721.13,R3,,,,,,
8432.3,1988,721.12,R3,,,,,,
8432.4,1988,721.12,R3,,,,,,
8432.8,1988,721.18,R3,,,,,,
8432.9,1988,721.19,R3,,,,,,
8433.11,1988,721.21,R3,,,,,,
8433.19,1988,721.21,R3,,,,,,
8433.2,1988,721.23,R3,,,,,,
8433.3,1988,721.23,R3,,,,,,
8433.4,1988,721.23,R3,,,,,,
8433.51,1988,721.22,R3,,,,,,
8433.52,1988,721.23,R3,,,,,,
8433.53,1988,721.23,R3,,,,,,
8433.59,1988,721.23,R3,,,,,,
8433.6,1988,721.26,R3,,,,,,
8433.9,1988,721.29,R3,,,,,,
8434.1,1988,721.31,R3,,,,,,
8434.2,1988,721.38,R3,,,,,,
8434.9,1988,721.39,R3,,,,,,
8435.1,1988,721.91,R3,,,,,,
8435.9,1988,721.98,R3,,,,,,
8436.1,1988,721.96,R3,,,,,,
8436.21,1988,721.95,R3,,,,,,
8436.29,1988,721.95,R3,,,,,,
8436.8,1988,721.96,R3,,,,,,
8436.91,1988,721.99,R3,,,,,,
8436.99,1988,721.99,R3,,,,,,
8437.1,1988,721.27,R3,,,,,,
8437.8,1988,727.11,R3,,,,,,
8437.9,1988,727.19,R3,,,,,,
8438.1,1988,727.22,R3,,,,,,
8438.2,1988,727.22,R3,,,,,,
8438.3,1988,727.22,R3,,,,,,
8438.4,1988,727.22,R3,,,,,,
8438.5,1988,727.22,R3,,,,,,
8438.6,1988,727.22,R3,,,,,,
8438.8,1988,727.22,R3,,,,,,
8438.9,1988,727.29,R3,,,,,,
8439.1,1988,725.11,R3,,,,,,
8439.2,1988,725.12,R3,,,,,,
8439.3,1988,725.12,R3,,,,,,
8439.91,1988,725.91,R3,,,,,,
8439.99,1988,725.91,R3,,,,,,
8440.1,1988,726.81,R3,,,,,,
8440.9,1988,726.89,R3,,,,,,
8441.1,1988,725.21,R3,,,,,,
8441.2,1988,725.23,R3,,,,,,
8441.3,1988,725.25,R3,,,,,,
8441.4,1988,725.27,R3,,,,,,
8441.8,1988,725.29,R3,,,,,,
8441.9,1988,725.99,R3,,,,,,
8442.1,1988,726.31,R3,,,,,,
8442.2,1988,726.31,R3,,,,,,
8442.3,1988,726.31,R3,,,,,,
8442.4,1988,726.91,R3,,,,,,
8442.5,1988,726.35,R3,,,,,,
8443.11,1988,726.51,R3,,,,,,
8443.12,1988,726.55,R3,,,,,,
8443.19,1988,726.59,R3,,,,,,
8443.21,1988,726.61,R3,,,,,,
8443.29,1988,726.61,R3,,,,,,
8443.3,1988,726.63,R3,,,,,,
8443.4,1988,726.65,R3,,,,,,
8443.51,1996,745.65,R3,,,,,,
8443.59,1996,726.67,R3,,,,,,
8443.6,1988,726.68,R3,,,,,,
8443.9,1988,726.99,R3,,,,,,
8444,1988,724.41,R3,,,,,,
8445.11,1988,724.42,R3,,,,,,
8445.12,1988,724.42,R3,,,,,,
8445.13,1988,724.42,R3,,,,,,
8445.19,1988,724.42,R3,,,,,,
8445.2,1988,724.43,R3,,,,,,
8445.3,1988,724.43,R3,,,,,,
8445.4,1988,724.43,R3,,,,,,
8445.9,1988,724.54,R3,,,,,,
8446.1,1988,724.51,R3,,,,,,
8446.21,1988,724.51,R3,,,,,,
8446.29,1988,724.51,R3,,,,,,
8446.3,1988,724.51,R3,,,,,,
8447.11,1988,724.52,R3,,,,,,
8447.12,1988,724.52,R3,,,,,,
8447.2,1988,724.52,R3,,,,,,
8447.9,1988,724.53,R3,,,,,,
8448.11,1988,724.61,R3,,,,,,
8448.19,1988,724.61,R3,,,,,,
8448.2,1988,724.49,R3,,,,,,
8448.31,1988,724.49,R3,,,,,,
8448.32,1988,724.49,R3,,,,,,
8448.33,1988,724.49,R3,,,,,,
8448.39,1988,724.49,R3,,,,,,
8448.41,1988,724.67,R3,,,,,,
8448.42,1988,724.67,R3,,,,,,
8448.49,1988,724.67,R3,,,,,,
8448.51,1988,724.68,R3,,,,,,
8448.59,1988,724.68,R3,,,,,,
8449,1988,724.55,R3,,,,,,
8450.11,1988,775.11,R3,,,,,,
8450.12,1988,775.11,R3,,,,,,
8450.19,1988,775.11,R3,,,,,,
8450.2,1988,724.71,R3,,,,,,
8450.9,1988,724.91,R3,,,,,,
8451.1,1988,724.72,R3,,,,,,
8451.21,1988,775.12,R3,,,,,,
8451.29,1988,724.73,R3,,,,,,
8451.3,1988,724.74,R3,,,,,,
8451.4,1988,724.74,R3,,,,,,
8451.5,1988,724.74,R3,,,,,,
8451.8,1988,724.74,R3,,,,,,
8451.9,1988,724.92,R3,,,,,,
8452.1,1988,724.33,R3,,,,,,
8452.21,1988,724.35,R3,,,,,,
8452.29,1988,724.35,R3,,,,,,
8452.3,1988,724.39,R3,,,,,,
8452.4,1988,724.39,R3,,,,,,
8452.9,1988,724.39,R3,,,,,,
8453.1,1988,724.81,R3,,,,,,
8453.2,1988,724.83,R3,,,,,,
8453.8,1988,724.85,R3,,,,,,
8453.9,1988,724.88,R3,,,,,,
8454.1,1988,737.11,R3,,,,,,
8454.2,1988,737.11,R3,,,,,,
8454.3,1988,737.12,R3,,,,,,
8454.9,1988,737.19,R3,,,,,,
8455.1,1988,737.21,R3,,,,,,
8455.21,1988,737.21,R3,,,,,,
8455.22,1988,737.21,R3,,,,,,
8455.3,1988,737.29,R3,,,,,,
8455.9,1988,737.29,R3,,,,,,
8456.1,1988,731.11,R3,,,,,,
8456.2,1988,731.12,R3,,,,,,
8456.3,1988,731.13,R3,,,,,,
8456.91,1996,731.14,R3,,,,,,
8456.99,1996,731.14,R3,,,,,,
8457.1,1988,731.21,R3,,,,,,
8457.2,1988,731.22,R3,,,,,,
8457.3,1988,731.23,R3,,,,,,
8458.11,1988,731.31,R3,,,,,,
8458.19,1988,731.37,R3,,,,,,
8458.91,1988,731.35,R3,,,,,,
8458.99,1988,731.39,R3,,,,,,
8459.1,1988,731.41,R3,,,,,,
8459.21,1988,731.42,R3,,,,,,
8459.29,1988,731.43,R3,,,,,,
8459.31,1988,731.44,R3,,,,,,
8459.39,1988,731.45,R3,,,,,,
8459.4,1988,731.46,R3,,,,,,
8459.51,1988,731.51,R3,,,,,,
8459.59,1988,731.52,R3,,,,,,
8459.61,1988,731.53,R3,,,,,,
8459.69,1988,731.54,R3,,,,,,
8459.7,1988,731.57,R3,,,,,,
8460.11,1988,731.61,R3,,,,,,
8460.19,1988,731.62,R3,,,,,,
8460.21,1988,731.63,R3,,,,,,
8460.29,1988,731.64,R3,,,,,,
8460.31,1988,731.65,R3,,,,,,
8460.39,1988,731.66,R3,,,,,,
8460.4,1988,731.67,R3,,,,,,
8460.9,1988,731.69,R3,,,,,,
8461.2,1988,731.71,R3,,,,,,
8461.3,1988,731.73,R3,,,,,,
8461.4,1988,731.75,R3,,,,,,
8461.5,1988,731.77,R3,,,,,,
8461.9,1988,731.79,R3F,,,,,,
8462.1,1988,733.11,R3,,,,,,
8462.21,1988,733.12,R3,,,,,,
8462.29,1988,733.13,R3,,,,,,
8462.31,1988,733.14,R3,,,,,,
8462.39,1988,733.15,R3,,,,,,
8462.41,1988,733.16,R3,,,,,,
8462.49,1988,733.17,R3,,,,,,
8462.91,1988,733.18,R3,,,,,,
8462.99,1988,733.18,R3,,,,,,
8463.1,1988,733.91,R3,,,,,,
8463.2,1988,733.93,R3,,,,,,
8463.3,1988,733.95,R3,,,,,,
8463.9,1988,733.99,R3,,,,,,
8464.1,1988,728.11,R3,,,,,,
8464.2,1988,728.11,R3,,,,,,
8464.9,1988,728.11,R3,,,,,,
8465.1,1988,728.12,R3,,,,,,
8465.91,1988,728.12,R3,,,,,,
8465.92,1988,728.12,R3,,,,,,
8465.93,1988,728.12,R3,,,,,,
8465.94,1988,728.12,R3,,,,,,
8465.95,1988,728.12,R3,,,,,,
8465.96,1988,728.12,R3,,,,,,
8465.99,1988,728.12,R3,,,,,,
8466.1,1988,735.11,R3,,,,,,
8466.2,1988,735.13,R3,,,,,,
8466.3,1988,735.15,R3,,,,,,
8466.91,1988,728.19,R3,,,,,,
8466.92,1988,728.19,R3,,,,,,
8466.93,1988,735.91,R3,,,,,,
8466.94,1988,735.95,R3,,,,,,
8467.11,1988,745.11,R3,,,,,,
8467.19,1988,745.11,R3,,,,,,
8467.21,2002,778.41,R3,,,,,,
8467.22,2002,778.43,R3,,,,,,
8467.29,2002,778.45,R3,,,,,,
8467.81,1988,745.12,R3,,,,,,
8467.89,1988,745.12,R3F,,,,,,
8467.91,1988,745.19,R3F,,,,,,
8467.92,1988,745.19,R3,,,,,,
8467.99,1988,745.19,R3F,,,,,,
8468.1,1988,737.41,R3,,,,,,
8468.2,1988,737.42,R3,,,,,,
8468.8,1988,737.43,R3,,,,,,
8468.9,1988,737.49,R3,,,,,,
8469.11,1996,751.13,R3,,,,,,
8469.12,1996,751.13,R3,,,,,,
8469.2,1996,751.15,R3F,,,,,,
8469.3,1996,751.18,R3F,,,,,,
8470.1,1988,751.21,R3F,,,,,,
8470.21,1988,751.22,R3,,,,,,
8470.29,1988,751.22,R3,,,,,,
8470.3,1988,751.22,R3,,,,,,
8470.4,1988,751.23,R3,,,,,,
8470.5,1988,751.24,R3,,,,,,
8470.9,1988,751.28,R3,,,,,,
8471.1,1988,752.1,R3,,,,,,
8471.3,1996,752.2,R3F,,,,,,
8471.41,1996,752.2,R3,,,,,,
8471.49,1996,752.3,R3F,,,,,,
8471.5,1996,752.3,R3,,,,,,
8471.6,1996,752.6,R3F,,,,,,
8471.7,1996,752.7,R3F,,,,,,
8471.8,1996,752.9,R3,,,,,,
8471.9,1996,752.9,R3,,,,,,
8472.1,1988,751.91,R3,,,,,,
8472.2,1988,751.92,R3,,,,,,
8472.3,1988,751.93,R3,,,,,,
8472.9,1988,751.99,R3,,,,,,
8473.1,1988,759.91,R3,,,,,,
8473.21,1988,759.95,R3,,,,,,
8473.29,1988,759.95,R3,,,,,,
8473.3,1988,759.97,R3,,,,,,
8473.4,1988,759.93,R3,,,,,,
8473.5,1996,759.9,R3AF,,,,,,
8474.1,1988,728.31,R3,,,,,,
8474.2,1988,728.32,R3,,,,,,
8474.31,1988,728.33,R3,,,,,,
8474.32,1988,728.33,R3,,,,,,
8474.39,1988,728.33,R3,,,,,,
8474.8,1988,728.34,R3,,,,,,
8474.9,1988,728.39,R3,,,,,,
8475.1,1988,728.41,R3,,,,,,
8475.21,1996,728.41,R3,,,,,,
8475.29,1996,728.41,R3,,,,,,
8475.9,1988,728.51,R3,,,,,,
8476.21,1996,745.95,R3,,,,,,
8476.29,1996,745.95,R3,,,,,,
8476.81,1996,745.95,R3,,,,,,
8476.89,1996,745.95,R3,,,,,,
8476.9,1988,745.97,R3,,,,,,
8477.1,1988,728.42,R3,,,,,,
8477.2,1988,728.42,R3,,,,,,
8477.3,1988,728.42,R3,,,,,,
8477.4,1988,728.42,R3,,,,,,
8477.51,1988,728.42,R3,,,,,,
8477.59,1988,728.42,R3,,,,,,
8477.8,1988,728.42,R3,,,,,,
8477.9,1988,728.52,R3,,,,,,
8478.1,1988,728.43,R3,,,,,,
8478.9,1988,728.53,R3,,,,,,
8479.1,1988,723.48,R3,,,,,,
8479.2,1988,727.21,R3,,,,,,
8479.3,1988,728.44,R3,,,,,,
8479.4,1988,728.49,R3,,,,,,
8479.5,1996,728.49,R3F,,,,,,
8479.6,1996,728.49,R3,,,,,,
8479.81,1988,728.46,R3,,,,,,
8479.82,1988,728.49,R3,,,,,,
8479.89,1988,728.49,R3,,,,,,
8479.9,1988,728.55,R3,,,,,,
8480.1,1988,749.11,R3,,,,,,
8480.2,1988,749.12,R3,,,,,,
8480.3,1988,749.13,R3,,,,,,
8480.41,1988,749.14,R3,,,,,,
8480.49,1988,749.15,R3,,,,,,
8480.5,1988,749.16,R3,,,,,,
8480.6,1988,749.17,R3,,,,,,
8480.71,1988,749.18,R3,,,,,,
8480.79,1988,749.19,R3,,,,,,
8481.1,1988,747.1,R3,,,,,,
8481.2,1988,747.2,R3,,,,,,
8481.3,1988,747.3,R3,,,,,,
8481.4,1988,747.4,R3,,,,,,
8481.8,1988,747.8,R3,,,,,,
8481.9,1988,747.9,R3,,,,,,
8482.1,1988,746.1,R3,,,,,,
8482.2,1988,746.2,R3,,,,,,
8482.3,1988,746.3,R3,,,,,,
8482.4,1988,746.4,R3,,,,,,
8482.5,1988,746.5,R3,,,,,,
8482.8,1988,746.8,R3,,,,,,
8482.91,1988,746.91,R3,,,,,,
8482.99,1988,746.99,R3,,,,,,
8483.1,1988,748.1,R3,,,,,,
8483.2,1988,748.21,R3,,,,,,
8483.3,1988,748.22,R3,,,,,,
8483.4,1988,748.4,R3F,,,,,,
8483.5,1988,748.5,R3,,,,,,
8483.6,1988,748.6,R3,,,,,,
8483.9,1988,748.9,R3,,,,,,
8484.1,1988,749.2,R3,,,,,,
8484.2,1996,749.99,R3,,,,,,
8484.9,1988,749.2,R3,,,,,,
8485.1,1988,749.91,R3,,,,,,
8485.9,1988,749.99,R3,,,,,,
8501.1,1988,716.1,R3,,,,,,
8501.2,1988,716.31,R3,,,,,,
8501.31,1988,716.2,R3,,,,,,
8501.32,1988,716.2,R3,,,,,,
8501.33,1988,716.2,R3,,,,,,
8501.34,1988,716.2,R3,,,,,,
8501.4,1988,716.31,R3,,,,,,
8501.51,1988,716.31,R3,,,,,,
8501.52,1988,716.31,R3,,,,,,
8501.53,1988,716.31,R3,,,,,,
8501.61,1988,716.32,R3,,,,,,
8501.62,1988,716.32,R3,,,,,,
8501.63,1988,716.32,R3,,,,,,
8501.64,1988,716.32,R3,,,,,,
8502.11,1988,716.51,R3,,,,,,
8502.12,1988,716.51,R3,,,,,,
8502.13,1988,716.51,R3,,,,,,
8502.2,1988,716.51,R3,,,,,,
8502.31,1996,716.52,R3,,,,,,
8502.39,1996,716.52,R3,,,,,,
8502.4,1988,716.4,R3,,,,,,
8503,1988,716.9,R3,,,,,,
8504.1,1988,771.23,R3,,,,,,
8504.21,1988,771.11,R3,,,,,,
8504.22,1988,771.11,R3,,,,,,
8504.23,1988,771.11,R3,,,,,,
8504.31,1988,771.19,R3,,,,,,
8504.32,1988,771.19,R3,,,,,,
8504.33,1988,771.19,R3,,,,,,
8504.34,1988,771.19,R3,,,,,,
8504.4,1988,771.21,R3F,,,,,,
8504.5,1988,771.25,R3,,,,,,
8504.9,1988,771.29,R3,,,,,,
8505.11,1988,778.81,R3,,,,,,
8505.19,1988,778.81,R3,,,,,,
8505.2,1988,778.81,R3,,,,,,
8505.3,1988,778.81,R3,,,,,,
8505.9,1988,778.81,R3,,,,,,
8506.1,1996,778.11,R3,,,,,,
8506.3,1996,778.11,R3,,,,,,
8506.4,1996,778.11,R3,,,,,,
8506.5,1996,778.11,R3,,,,,,
8506.6,1996,778.11,R3,,,,,,
8506.8,1996,778.11,R3,,,,,,
8506.9,1988,778.17,R3,,,,,,
8507.1,1988,778.12,R3,,,,,,
8507.2,1988,778.12,R3,,,,,,
8507.3,1988,778.12,R3,,,,,,
8507.4,1988,778.12,R3,,,,,,
8507.8,1988,778.12,R3,,,,,,
8507.9,1988,778.19,R3,,,,,,
8509.1,1988,775.71,R3,,,,,,
8509.2,1988,775.71,R3,,,,,,
8509.3,1988,775.73,R3,,,,,,
8509.4,1988,775.72,R3,,,,,,
8509.8,1988,775.73,R3,,,,,,
8509.9,1988,775.79,R3,,,,,,
8510.1,1988,775.41,R3,,,,,,
8510.2,1988,775.42,R3,,,,,,
8510.3,1996,775.73,R3,,,,,,
8510.9,1988,775.49,R3,,,,,,
8511.1,1988,778.31,R3,,,,,,
8511.2,1988,778.31,R3,,,,,,
8511.3,1988,778.31,R3,,,,,,
8511.4,1988,778.31,R3,,,,,,
8511.5,1988,778.31,R3,,,,,,
8511.8,1988,778.31,R3,,,,,,
8511.9,1988,778.33,R3,,,,,,
8512.1,1988,778.34,R3,,,,,,
8512.2,1988,778.34,R3,,,,,,
8512.3,1988,778.34,R3,,,,,,
8512.4,1988,778.34,R3,,,,,,
8512.9,1988,778.35,R3,,,,,,
8513.1,1988,813.12,R3,,,,,,
8513.9,1988,813.8,R3,,,,,,
8514.1,1988,741.31,R3,,,,,,
8514.2,1988,741.32,R3,,,,,,
8514.3,1988,741.33,R3,,,,,,
8514.4,1988,741.34,R3,,,,,,
8514.9,1988,741.35,R3,,,,,,
8515.11,1988,737.31,R3,,,,,,
8515.19,1988,737.32,R3,,,,,,
8515.21,1988,737.33,R3,,,,,,
8515.29,1988,737.34,R3,,,,,,
8515.31,1988,737.35,R3,,,,,,
8515.39,1988,737.36,R3,,,,,,
8515.8,1988,737.37,R3,,,,,,
8515.9,1988,737.39,R3,,,,,,
8516.1,1988,775.81,R3,,,,,,
8516.21,1988,775.82,R3,,,,,,
8516.29,1988,775.82,R3,,,,,,
8516.31,1988,775.83,R3,,,,,,
8516.32,1988,775.83,R3,,,,,,
8516.33,1988,775.83,R3,,,,,,
8516.4,1988,775.84,R3,,,,,,
8516.5,1988,775.86,R3,,,,,,
8516.6,1988,775.86,R3,,,,,,
8516.71,1988,775.87,R3,,,,,,
8516.72,1988,775.87,R3,,,,,,
8516.79,1988,775.87,R3,,,,,,
8516.8,1988,775.88,R3,,,,,,
8516.9,1988,775.89,R3,,,,,,
8517.11,1996,764.11,R3,,,,,,
8517.19,1996,764.11,R3F,,,,,,
8517.21,1996,764.19,R3F,,,,,,
8517.22,1996,764.13,R3,,,,,,
8517.3,1988,764.15,R3,,,,,,
8517.5,1996,764.17,R3F,,,,,,
8517.8,1996,764.19,R3,,,,,,
8517.9,1988,764.91,R3,,,,,,
8518.1,1988,764.21,R3,,,,,,
8518.21,1988,764.22,R3,,,,,,
8518.22,1988,764.22,R3,,,,,,
8518.29,1988,764.23,R3,,,,,,
8518.3,1988,764.24,R3,,,,,,
8518.4,1988,764.25,R3,,,,,,
8518.5,1988,764.26,R3,,,,,,
8518.9,1988,764.92,R3,,,,,,
8519.1,1988,763.31,R3,,,,,,
8519.21,1988,763.33,R3,,,,,,
8519.29,1988,763.33,R3,,,,,,
8519.31,1988,763.35,R3,,,,,,
8519.39,1988,763.35,R3,,,,,,
8519.4,1988,763.82,R3,,,,,,
8519.92,1996,763.83,R3,,,,,,
8519.93,1996,763.83,R3,,,,,,
8519.99,1988,763.83,R3,,,,,,
8520.1,1988,763.84,R3,,,,,,
8520.2,1988,763.84,R3,,,,,,
8520.32,1996,763.84,R3,,,,,,
8520.33,1996,763.84,R3,,,,,,
8520.39,1988,763.84,R3,,,,,,
8520.9,1988,763.84,R3,,,,,,
8521.1,1988,763.81,R3,,,,,,
8521.9,1988,763.81,R3,,,,,,
8522.1,1988,764.99,R3,,,,,,
8522.9,1988,764.99,R3,,,,,,
8523.11,1988,898.41,R3,,,,,,
8523.12,1988,898.43,R3,,,,,,
8523.13,1988,898.45,R3,,,,,,
8523.2,1988,898.51,R3,,,,,,
8523.3,1996,898.59,R3,,,,,,
8523.9,1988,898.59,R3,,,,,,
8524.1,1988,898.71,R3,,,,,,
8524.31,1996,898.79,R3,,,,,,
8524.32,1996,898.79,R3,,,,,,
8524.39,1996,898.79,R3,,,,,,
8524.4,1996,898.6,R3AF,,,,,,
8524.51,1996,898.61,R3,,,,,,
8524.52,1996,898.65,R3,,,,,,
8524.53,1996,898.67,R3,,,,,,
8524.6,1996,898.79,R3,,,,,,
8524.91,1996,898.79,R3,,,,,,
8524.99,1996,898.79,R3,,,,,,
8525.1,1988,764.31,R3,,,,,,
8525.2,1988,764.32,R3,,,,,,
8525.3,1988,764.82,R3,,,,,,
8525.4,1996,763.81,R3F,,,,,,
8526.1,1988,764.83,R3,,,,,,
8526.91,1988,764.83,R3,,,,,,
8526.92,1988,764.83,R3,,,,,,
8527.12,1996,762.21,R3,,,,,,
8527.13,1996,762.21,R3,,,,,,
8527.19,1988,762.22,R3,,,,,,
8527.21,1988,762.11,R3,,,,,,
8527.29,1988,762.12,R3,,,,,,
8527.31,1988,762.81,R3,,,,,,
8527.32,1988,762.82,R3,,,,,,
8527.39,1988,762.89,R3,,,,,,
8527.9,1988,764.81,R3,,,,,,
8528.12,1996,761.1,R3,,,,,,
8528.13,1996,761.2,R3,,,,,,
8528.21,1996,761.1,R3,,,,,,
8528.22,1996,761.2,R3,,,,,,
8528.3,1996,761.1,R3F,,,,,,
8529.1,1988,764.93,R3,,,,,,
8529.9,1988,764.93,R3,,,,,,
8530.1,1988,778.82,R3,,,,,,
8530.8,1988,778.82,R3,,,,,,
8530.9,1988,778.83,R3,,,,,,
8531.1,1988,778.84,R3,,,,,,
8531.2,1988,778.84,R3,,,,,,
8531.8,1988,778.84,R3,,,,,,
8531.9,1988,778.85,R3,,,,,,
8532.1,1988,778.61,R3,,,,,,
8532.21,1988,778.62,R3,,,,,,
8532.22,1988,778.63,R3,,,,,,
8532.23,1988,778.64,R3,,,,,,
8532.24,1988,778.65,R3,,,,,,
8532.25,1988,778.66,R3,,,,,,
8532.29,1988,778.67,R3,,,,,,
8532.3,1988,778.68,R3,,,,,,
8532.9,1988,778.69,R3,,,,,,
8533.1,1988,772.31,R3,,,,,,
8533.21,1988,772.32,R3,,,,,,
8533.29,1988,772.32,R3,,,,,,
8533.31,1988,772.33,R3,,,,,,
8533.39,1988,772.33,R3,,,,,,
8533.4,1988,772.35,R3,,,,,,
8533.9,1988,772.38,R3,,,,,,
8534,1988,772.2,R3,,,,,,
8535.1,1988,772.41,R3,,,,,,
8535.21,1988,772.42,R3,,,,,,
8535.29,1988,772.43,R3,,,,,,
8535.3,1988,772.44,R3,,,,,,
8535.4,1988,772.45,R3,,,,,,
8535.9,1988,772.49,R3,,,,,,
8536.1,1988,772.51,R3,,,,,,
8536.2,1988,772.52,R3,,,,,,
8536.3,1988,772.53,R3,,,,,,
8536.41,1988,772.54,R3,,,,,,
8536.49,1988,772.54,R3,,,,,,
8536.5,1988,772.55,R3,,,,,,
8536.61,1988,772.57,R3,,,,,,
8536.69,1988,772.58,R3,,,,,,
8536.9,1988,772.59,R3,,,,,,
8537.1,1988,772.61,R3,,,,,,
8537.2,1988,772.62,R3,,,,,,
8538.1,1988,772.81,R3,,,,,,
8538.9,1988,772.82,R3,,,,,,
8539.1,1988,778.23,R3,,,,,,
8539.21,1988,778.21,R3,,,,,,
8539.22,1988,778.21,R3,,,,,,
8539.29,1988,778.21,R3,,,,,,
8539.31,1988,778.22,R3,,,,,,
8539.32,1996,778.22,R3,,,,,,
8539.39,1988,778.22,R3,,,,,,
8539.41,1996,778.24,R3,,,,,,
8539.49,1996,778.24,R3,,,,,,
8539.9,1988,778.29,R3,,,,,,
8540.11,1988,776.11,R3,,,,,,
8540.12,1988,776.12,R3,,,,,,
8540.2,1988,776.21,R3,,,,,,
8540.4,1996,776.23,R3,,,,,,
8540.5,1996,776.23,R3,,,,,,
8540.6,1996,776.23,R3,,,,,,
8540.71,1996,776.25,R3,,,,,,
8540.72,1996,776.25,R3,,,,,,
8540.79,1996,776.25,R3,,,,,,
8540.81,1988,776.27,R3,,,,,,
8540.89,1988,776.27,R3,,,,,,
8540.91,1988,776.29,R3,,,,,,
8540.99,1988,776.29,R3,,,,,,
8541.1,1988,776.31,R3,,,,,,
8541.21,1988,776.32,R3,,,,,,
8541.29,1988,776.33,R3,,,,,,
8541.3,1988,776.35,R3,,,,,,
8541.4,1988,776.37,R3,,,,,,
8541.5,1988,776.39,R3,,,,,,
8541.6,1988,776.81,R3,,,,,,
8541.9,1988,776.88,R3,,,,,,
8542.1,2002,776.41,R3F,,,,,,
8542.21,2002,776.41,R3,,,,,,
8542.29,2002,776.43,R3,,,,,,
8542.6,2002,776.45,R3,,,,,,
8542.7,2002,776.49,R3,,,,,,
8542.9,1988,776.89,R3,,,,,,
8543.11,1996,778.71,R3,,,,,,
8543.19,1996,778.71,R3,,,,,,
8543.2,1988,778.78,R3,,,,,,
8543.3,1988,778.78,R3,,,,,,
8543.4,1996,778.78,R3,,,,,,
8543.81,1996,778.78,R3,,,,,,
8543.89,1996,778.78,R3,,,,,,
8543.9,1988,778.79,R3,,,,,,
8544.11,1988,773.11,R3,,,,,,
8544.19,1988,773.11,R3,,,,,,
8544.2,1988,773.12,R3,,,,,,
8544.3,1988,773.13,R3,,,,,,
8544.41,1988,773.14,R3,,,,,,
8544.49,1988,773.14,R3,,,,,,
8544.51,1988,773.15,R3,,,,,,
8544.59,1988,773.15,R3,,,,,,
8544.6,1988,773.17,R3,,,,,,
8544.7,1988,773.18,R3,,,,,,
8545.11,1988,778.86,R3,,,,,,
8545.19,1988,778.86,R3,,,,,,
8545.2,1988,778.86,R3,,,,,,
8545.9,1988,778.86,R3,,,,,,
8546.1,1988,773.22,R3,,,,,,
8546.2,1988,773.23,R3,,,,,,
8546.9,1988,773.24,R3,,,,,,
8547.1,1988,773.26,R3,,,,,,
8547.2,1988,773.28,R3,,,,,,
8547.9,1988,773.29,R3,,,,,,
8548.1,1996,778.12,R3F,,,,,,
8548.9,1996,778.89,R3,,,,,,
8601.1,1988,791.11,R3,,,,,,
8601.2,1988,791.15,R3,,,,,,
8602.1,1988,791.21,R3,,,,,,
8602.9,1988,791.29,R3,,,,,,
8603.1,1988,791.6,R3,,,,,,
8603.9,1988,791.6,R3,,,,,,
8604,1988,791.81,R3,,,,,,
8605,1988,791.7,R3,,,,,,
8606.1,1988,791.82,R3,,,,,,
8606.2,1988,791.82,R3,,,,,,
8606.3,1988,791.82,R3,,,,,,
8606.91,1988,791.82,R3,,,,,,
8606.92,1988,791.82,R3,,,,,,
8606.99,1988,791.82,R3,,,,,,
8607.11,1988,791.99,R3,,,,,,
8607.12,1988,791.99,R3,,,,,,
8607.19,1988,791.99,R3,,,,,,
8607.21,1988,791.99,R3,,,,,,
8607.29,1988,791.99,R3,,,,,,
8607.3,1988,791.99,R3,,,,,,
8607.91,1988,791.99,R3,,,,,,
8607.99,1988,791.99,R3,,,,,,
8608,1988,791.91,R3,,,,,,
8609,1988,786.3,R3,,,,,,
8701.1,1988,722.41,R3,,,,,,
8701.2,1988,783.2,R3,,,,,,
8701.3,1988,722.3,R3,,,,,,
8701.9,1988,722.49,R3,,,,,,
8702.1,1988,783.11,R3,,,,,,
8702.9,1988,783.19,R3,,,,,,
8703.1,1988,781.1,R3,,,,,,
8703.21,1988,781.2,R3,,,,,,
8703.22,1988,781.2,R3,,,,,,
8703.23,1988,781.2,R3,,,,,,
8703.24,1988,781.2,R3,,,,,,
8703.31,1988,781.2,R3,,,,,,
8703.32,1988,781.2,R3,,,,,,
8703.33,1988,781.2,R3,,,,,,
8703.9,1988,781.2,R3,,,,,,
8704.1,1988,782.11,R3,,,,,,
8704.21,1988,782.19,R3,,,,,,
8704.22,1988,782.19,R3,,,,,,
8704.23,1988,782.19,R3,,,,,,
8704.31,1988,782.19,R3,,,,,,
8704.32,1988,782.19,R3,,,,,,
8704.9,1988,782.19,R3,,,,,,
8705.1,1988,782.21,R3,,,,,,
8705.2,1988,782.23,R3,,,,,,
8705.3,1988,782.25,R3,,,,,,
8705.4,1988,782.27,R3,,,,,,
8705.9,1988,782.29,R3,,,,,,
8706,1988,784.1,R3,,,,,,
8707.1,1988,784.21,R3,,,,,,
8707.9,1988,784.25,R3,,,,,,
8708.1,1988,784.31,R3,,,,,,
8708.21,1988,784.32,R3,,,,,,
8708.29,1988,784.32,R3,,,,,,
8708.31,1988,784.33,R3,,,,,,
8708.39,1988,784.33,R3,,,,,,
8708.4,1988,784.34,R3,,,,,,
8708.5,1988,784.35,R3,,,,,,
8708.6,1988,784.36,R3,,,,,,
8708.7,1988,784.39,R3,,,,,,
8708.8,1988,784.39,R3,,,,,,
8708.91,1988,784.39,R3,,,,,,
8708.92,1988,784.39,R3,,,,,,
8708.93,1988,784.39,R3,,,,,,
8708.94,1988,784.39,R3,,,,,,
8708.99,1988,784.39,R3,,,,,,
8709.11,1988,744.14,R3,,,,,,
8709.19,1988,744.15,R3,,,,,,
8709.9,1988,744.19,R3,,,,,,
8710,1988,891.11,R3,,,,,,
8711.1,1988,785.11,R3,,,,,,
8711.2,1988,785.13,R3,,,,,,
8711.3,1988,785.15,R3,,,,,,
8711.4,1988,785.16,R3,,,,,,
8711.5,1988,785.17,R3,,,,,,
8711.9,1988,785.19,R3,,,,,,
8712,1988,785.2,R3,,,,,,
8713.1,1988,785.31,R3,,,,,,
8713.9,1988,785.31,R3,,,,,,
8714.11,1988,785.35,R3,,,,,,
8714.19,1988,785.35,R3,,,,,,
8714.2,1988,785.36,R3,,,,,,
8714.91,1988,785.37,R3,,,,,,
8714.92,1988,785.37,R3,,,,,,
8714.93,1988,785.37,R3,,,,,,
8714.94,1988,785.37,R3,,,,,,
8714.95,1988,785.37,R3,,,,,,
8714.96,1988,785.37,R3,,,,,,
8714.99,1988,785.37,R3,,,,,,
8715,1988,894.1,R3,,,,,,
8716.1,1988,786.1,R3,,,,,,
8716.2,1988,786.21,R3,,,,,,
8716.31,1988,786.22,R3,,,,,,
8716.39,1988,786.29,R3,,,,,,
8716.4,1988,786.83,R3,,,,,,
8716.8,1988,786.85,R3,,,,,,
8716.9,1988,786.89,R3,,,,,,
8801.1,1988,792.81,R3,,,,,,
8801.9,1988,792.82,R3,,,,,,
8802.11,1988,792.11,R3,,,,,,
8802.12,1988,792.15,R3,,,,,,
8802.2,1988,792.2,R3,,,,,,
8802.3,1988,792.3,R3,,,,,,
8802.4,1988,792.4,R3,,,,,,
8802.6,1996,792.5,R3,,,,,,
8803.1,1988,792.91,R3,,,,,,
8803.2,1988,792.93,R3,,,,,,
8803.3,1988,792.95,R3,,,,,,
8803.9,1988,792.97,R3,,,,,,
8804,1988,899.96,R3,,,,,,
8805.1,1988,792.83,R3,,,,,,
8805.21,2002,792.83,R3,,,,,,
8805.29,2002,792.83,R3,,,,,,
8901.1,1988,793.28,R3,,,,,,
8901.2,1988,793.22,R3,,,,,,
8901.3,1988,793.26,R3,,,,,,
8901.9,1988,793.27,R3,,,,,,
8902,1988,793.24,R3,,,,,,
8903.1,1988,793.11,R3,,,,,,
8903.91,1988,793.12,R3,,,,,,
8903.92,1988,793.19,R3,,,,,,
8903.99,1988,793.19,R3,,,,,,
8904,1988,793.7,R3,,,,,,
8905.1,1988,793.51,R3,,,,,,
8905.2,1988,793.55,R3,,,,,,
8905.9,1988,793.59,R3,,,,,,
8906.1,2002,793.29,R3,,,,,,
8906.9,2002,793.29,R3,,,,,,
8907.1,1988,793.91,R3,,,,,,
8907.9,1988,793.99,R3,,,,,,
8908,1988,793.3,R3,,,,,,
9001.1,1988,884.19,R3,,,,,,
9001.2,1988,884.19,R3,,,,,,
9001.3,1988,884.11,R3,,,,,,
9001.4,1988,884.15,R3,,,,,,
9001.5,1988,884.17,R3,,,,,,
9001.9,1988,884.19,R3,,,,,,
9002.11,1988,884.31,R3,,,,,,
9002.19,1988,884.32,R3,,,,,,
9002.2,1988,884.33,R3,,,,,,
9002.9,1988,884.39,R3,,,,,,
9003.11,1988,884.21,R3,,,,,,
9003.19,1988,884.21,R3,,,,,,
9003.9,1988,884.22,R3,,,,,,
9004.1,1988,884.23,R3,,,,,,
9004.9,1988,884.23,R3,,,,,,
9005.1,1988,871.11,R3,,,,,,
9005.8,1988,871.15,R3,,,,,,
9005.9,1988,871.19,R3,,,,,,
9006.1,1988,881.11,R3,,,,,,
9006.2,1988,881.11,R3,,,,,,
9006.3,1988,881.11,R3,,,,,,
9006.4,1988,881.11,R3,,,,,,
9006.51,1988,881.11,R3,,,,,,
9006.52,1988,881.11,R3,,,,,,
9006.53,1988,881.11,R3,,,,,,
9006.59,1988,881.11,R3,,,,,,
9006.61,1988,881.13,R3,,,,,,
9006.62,1988,881.12,R3,,,,,,
9006.69,1988,881.13,R3,,,,,,
9006.91,1988,881.14,R3,,,,,,
9006.99,1988,881.15,R3,,,,,,
9007.11,1988,881.21,R3,,,,,,
9007.19,1988,881.21,R3,,,,,,
9007.2,1996,881.22,R3,,,,,,
9007.91,1988,881.23,R3,,,,,,
9007.92,1988,881.24,R3,,,,,,
9008.1,1988,881.32,R3,,,,,,
9008.2,1988,881.31,R3,,,,,,
9008.3,1988,881.32,R3,,,,,,
9008.4,1988,881.33,R3,,,,,,
9008.9,1988,881.34,R3,,,,,,
9009.11,1988,751.31,R3,,,,,,
9009.12,1988,751.32,R3,,,,,,
9009.21,1988,751.33,R3,,,,,,
9009.22,1988,751.34,R3,,,,,,
9009.3,1988,751.35,R3,,,,,,
9009.91,2002,759.1,R3,,,,,,
9009.92,2002,759.1,R3,,,,,,
9009.93,2002,759.1,R3,,,,,,
9009.99,2002,759.1,R3,,,,,,
9010.1,1988,881.35,R3,,,,,,
9010.41,1996,881.35,R3,,,,,,
9010.42,1996,881.35,R3,,,,,,
9010.49,1996,881.35,R3,,,,,,
9010.5,1996,881.35,R3,,,,,,
9010.6,1996,881.35,R3,,,,,,
9010.9,1988,881.36,R3,,,,,,
9011.1,1988,871.41,R3,,,,,,
9011.2,1988,871.43,R3,,,,,,
9011.8,1988,871.45,R3,,,,,,
9011.9,1988,871.49,R3,,,,,,
9012.1,1988,871.31,R3,,,,,,
9012.9,1988,871.39,R3,,,,,,
9013.1,1988,871.91,R3,,,,,,
9013.2,1988,871.92,R3,,,,,,
9013.8,1988,871.93,R3,,,,,,
9013.9,1988,871.99,R3,,,,,,
9014.1,1988,874.11,R3,,,,,,
9014.2,1988,874.11,R3,,,,,,
9014.8,1988,874.11,R3,,,,,,
9014.9,1988,874.12,R3,,,,,,
9015.1,1988,874.13,R3,,,,,,
9015.2,1988,874.13,R3,,,,,,
9015.3,1988,874.13,R3,,,,,,
9015.4,1988,874.13,R3,,,,,,
9015.8,1988,874.13,R3,,,,,,
9015.9,1988,874.14,R3,,,,,,
9016,1988,874.51,R3,,,,,,
9017.1,1988,874.22,R3,,,,,,
9017.2,1988,874.22,R3,,,,,,
9017.3,1988,874.23,R3,,,,,,
9017.8,1988,874.23,R3,,,,,,
9017.9,1988,874.24,R3,,,,,,
9018.11,1988,774.11,R3,,,,,,
9018.12,1996,774.12,R3,,,,,,
9018.13,1996,774.12,R3,,,,,,
9018.14,1996,774.12,R3,,,,,,
9018.19,1988,774.12,R3,,,,,,
9018.2,1988,774.13,R3,,,,,,
9018.31,1988,872.21,R3,,,,,,
9018.32,1988,872.21,R3,,,,,,
9018.39,1988,872.21,R3,,,,,,
9018.41,1988,872.11,R3,,,,,,
9018.49,1988,872.19,R3,,,,,,
9018.5,1988,872.25,R3,,,,,,
9018.9,1988,872.29,R3,,,,,,
9019.1,1988,872.31,R3,,,,,,
9019.2,1988,872.33,R3,,,,,,
9020,1988,872.35,R3,,,,,,
9021.1,2002,899.63,R3,,,,,,
9021.21,1988,899.65,R3,,,,,,
9021.29,1988,899.65,R3,,,,,,
9021.31,2002,899.63,R3,,,,,,
9021.39,2002,899.66,R3,,,,,,
9021.4,1988,899.61,R3,,,,,,
9021.5,1988,899.67,R3,,,,,,
9021.9,1988,899.69,R3,,,,,,
9022.12,1996,774.21,R3,,,,,,
9022.13,1996,774.21,R3,,,,,,
9022.14,1996,774.21,R3,,,,,,
9022.19,1988,774.21,R3,,,,,,
9022.21,1988,774.22,R3,,,,,,
9022.29,1988,774.22,R3,,,,,,
9022.3,1988,774.23,R3,,,,,,
9022.9,1988,774.29,R3,,,,,,
9023,1988,874.52,R3,,,,,,
9024.1,1988,874.53,R3,,,,,,
9024.8,1988,874.53,R3,,,,,,
9024.9,1988,874.54,R3,,,,,,
9025.11,1988,874.55,R3,,,,,,
9025.19,1988,874.55,R3,,,,,,
9025.8,1988,874.55,R3,,,,,,
9025.9,1988,874.56,R3,,,,,,
9026.1,1988,874.31,R3,,,,,,
9026.2,1988,874.35,R3,,,,,,
9026.8,1988,874.37,R3,,,,,,
9026.9,1988,874.39,R3,,,,,,
9027.1,1988,874.41,R3,,,,,,
9027.2,1988,874.42,R3,,,,,,
9027.3,1988,874.43,R3,,,,,,
9027.4,1988,874.44,R3,,,,,,
9027.5,1988,874.45,R3,,,,,,
9027.8,1988,874.46,R3,,,,,,
9027.9,1988,874.49,R3,,,,,,
9028.1,1988,873.11,R3,,,,,,
9028.2,1988,873.13,R3,,,,,,
9028.3,1988,873.15,R3,,,,,,
9028.9,1988,873.19,R3,,,,,,
9029.1,1988,873.21,R3,,,,,,
9029.2,1988,873.25,R3,,,,,,
9029.9,1988,873.29,R3,,,,,,
9030.1,1988,874.71,R3,,,,,,
9030.2,1988,874.73,R3,,,,,,
9030.31,1988,874.75,R3,,,,,,
9030.39,1988,874.75,R3,,,,,,
9030.4,1988,874.77,R3,,,,,,
9030.82,1996,874.78,R3,,,,,,
9030.83,1996,874.78,R3,,,,,,
9030.89,1988,874.78,R3,,,,,,
9030.9,1988,874.79,R3,,,,,,
9031.1,1988,874.25,R3,,,,,,
9031.2,1988,874.25,R3,,,,,,
9031.3,1988,874.25,R3,,,,,,
9031.41,1996,874.25,R3,,,,,,
9031.49,1996,874.25,R3,,,,,,
9031.8,1988,874.25,R3,,,,,,
9031.9,1988,874.26,R3,,,,,,
9032.1,1988,874.61,R3,,,,,,
9032.2,1988,874.63,R3,,,,,,
9032.81,1988,874.65,R3,,,,,,
9032.89,1988,874.65,R3,,,,,,
9032.9,1988,874.69,R3,,,,,,
9033,1988,874.9,R3,,,,,,
9101.11,1988,885.31,R3F,,,,,,
9101.12,1988,885.31,R3F,,,,,,
9101.19,1988,885.31,R3F,,,,,,
9101.21,1988,885.32,R3,,,,,,
9101.29,1988,885.32,R3,,,,,,
9101.91,1988,885.39,R3,,,,,,
9101.99,1988,885.39,R3,,,,,,
9102.11,1988,885.41,R3F,,,,,,
9102.12,1988,885.41,R3F,,,,,,
9102.19,1988,885.41,R3F,,,,,,
9102.21,1988,885.42,R3,,,,,,
9102.29,1988,885.42,R3,,,,,,
9102.91,1988,885.49,R3,,,,,,
9102.99,1988,885.49,R3,,,,,,
9103.1,1988,885.72,R3F,,,,,,
9103.9,1988,885.73,R3,,,,,,
9104,1988,885.71,R3,,,,,,
9105.11,1988,885.74,R3F,,,,,,
9105.19,1988,885.75,R3,,,,,,
9105.21,1988,885.76,R3F,,,,,,
9105.29,1988,885.77,R3,,,,,,
9105.91,1988,885.78,R3F,,,,,,
9105.99,1988,885.79,R3,,,,,,
9106.1,1988,885.94,R3,,,,,,
9106.2,1988,885.94,R3,,,,,,
9106.9,1988,885.94,R3,,,,,,
9107,1988,885.95,R3,,,,,,
9108.11,1988,885.51,R3F,,,,,,
9108.12,1988,885.51,R3F,,,,,,
9108.19,1988,885.51,R3F,,,,,,
9108.2,1988,885.52,R3,,,,,,
9108.9,2002,885.52,R3,,,,,,
9109.11,1988,885.96,R3,,,,,,
9109.19,1988,885.96,R3,,,,,,
9109.9,1988,885.96,R3,,,,,,
9110.11,1988,885.98,R3,,,,,,
9110.12,1988,885.98,R3,,,,,,
9110.19,1988,885.98,R3,,,,,,
9110.9,1988,885.98,R3,,,,,,
9111.1,1988,885.91,R3,,,,,,
9111.2,1988,885.91,R3,,,,,,
9111.8,1988,885.91,R3,,,,,,
9111.9,1988,885.91,R3,,,,,,
9112.2,2002,885.97,R3,,,,,,
9112.9,1988,885.97,R3,,,,,,
9113.1,1988,885.92,R3,,,,,,
9113.2,1988,885.92,R3,,,,,,
9113.9,1988,885.93,R3,,,,,,
9114.1,1988,885.99,R3,,,,,,
9114.2,1988,885.99,R3,,,,,,
9114.3,1988,885.99,R3,,,,,,
9114.4,1988,885.99,R3,,,,,,
9114.9,1988,885.99,R3,,,,,,
9201.1,1988,898.13,R3,,,,,,
9201.2,1988,898.13,R3,,,,,,
9201.9,1988,898.13,R3,,,,,,
9202.1,1988,898.15,R3,,,,,,
9202.9,1988,898.15,R3,,,,,,
9203,1988,898.21,R3,,,,,,
9204.1,1988,898.22,R3,,,,,,
9204.2,1988,898.22,R3,,,,,,
9205.1,1988,898.23,R3,,,,,,
9205.9,1988,898.23,R3,,,,,,
9206,1988,898.24,R3,,,,,,
9207.1,1988,898.25,R3,,,,,,
9207.9,1988,898.26,R3,,,,,,
9208.1,1988,898.29,R3,,,,,,
9208.9,1988,898.29,R3,,,,,,
9209.1,1988,898.9,R3,,,,,,
9209.2,1988,898.9,R3,,,,,,
9209.3,1988,898.9,R3,,,,,,
9209.91,1988,898.9,R3,,,,,,
9209.92,1988,898.9,R3,,,,,,
9209.93,1988,898.9,R3,,,,,,
9209.94,1988,898.9,R3,,,,,,
9209.99,1988,898.9,R3,,,,,,
9301.11,2002,891.12,R3,,,,,,
9301.19,2002,891.12,R3,,,,,,
9301.2,2002,891.12,R3,,,,,,
9301.9,2002,891.12,R3,,,,,,
9302,1988,891.14,R3,,,,,,
9303.1,1988,891.31,R3,,,,,,
9303.2,1988,891.31,R3,,,,,,
9303.3,1988,891.31,R3,,,,,,
9303.9,1988,891.31,R3,,,,,,
9304,1988,891.39,R3,,,,,,
9305.1,1988,891.91,R3,,,,,,
9305.21,1988,891.93,R3,,,,,,
9305.29,1988,891.95,R3,,,,,,
9305.91,2002,891.99,R3,,,,,,
9305.99,2002,891.99,R3,,,,,,
9306.1,1988,891.21,R3,,,,,,
9306.21,1988,891.22,R3,,,,,,
9306.29,1988,891.23,R3,,,,,,
9306.3,1988,891.24,R3,,,,,,
9306.9,1988,891.29,R3,,,,,,
9307,1988,891.13,R3,,,,,,
9401.1,1988,821.11,R3,,,,,,
9401.2,1988,821.12,R3,,,,,,
9401.3,1988,821.14,R3,,,,,,
9401.4,1988,821.15,R3,,,,,,
9401.5,1988,821.13,R3,,,,,,
9401.61,1988,821.16,R3,,,,,,
9401.69,1988,821.16,R3,,,,,,
9401.71,1988,821.17,R3,,,,,,
9401.79,1988,821.17,R3,,,,,,
9401.8,1988,821.18,R3,,,,,,
9401.9,1988,821.19,R3,,,,,,
9402.1,1988,872.4,R3,,,,,,
9402.9,1988,872.4,R3,,,,,,
9403.1,1988,821.31,R3,,,,,,
9403.2,1988,821.39,R3,,,,,,
9403.3,1988,821.51,R3,,,,,,
9403.4,1988,821.53,R3,,,,,,
9403.5,1988,821.55,R3,,,,,,
9403.6,1988,821.59,R3,,,,,,
9403.7,1988,821.71,R3,,,,,,
9403.8,1988,821.79,R3,,,,,,
9403.9,1988,821.8,R3,,,,,,
9404.1,1988,821.21,R3,,,,,,
9404.21,1988,821.23,R3,,,,,,
9404.29,1988,821.25,R3,,,,,,
9404.3,1988,821.27,R3,,,,,,
9404.9,1988,821.29,R3,,,,,,
9405.1,1988,813.11,R3,,,,,,
9405.2,1988,813.13,R3,,,,,,
9405.3,1988,894.41,R3,,,,,,
9405.4,1988,813.15,R3,,,,,,
9405.5,1988,813.17,R3,,,,,,
9405.6,1988,813.2,R3,,,,,,
9405.91,1988,813.91,R3,,,,,,
9405.92,1988,813.92,R3,,,,,,
9405.99,1988,813.99,R3,,,,,,
9406,1988,811,R3,,,,,,
9501,1988,894.21,R3,,,,,,
9502.1,1988,894.22,R3,,,,,,
9502.91,1988,894.23,R3,,,,,,
9502.99,1988,894.23,R3,,,,,,
9503.1,1988,894.24,R3,,,,,,
9503.2,1988,894.24,R3,,,,,,
9503.3,1988,894.24,R3,,,,,,
9503.41,1988,894.25,R3,,,,,,
9503.49,1988,894.25,R3,,,,,,
9503.5,1988,894.26,R3,,,,,,
9503.6,1988,894.27,R3,,,,,,
9503.7,1988,894.29,R3,,,,,,
9503.8,1988,894.29,R3,,,,,,
9503.9,1988,894.29,R3,,,,,,
9504.1,1988,894.31,R3,,,,,,
9504.2,1988,894.33,R3,,,,,,
9504.3,1988,894.35,R3F,,,,,,
9504.4,1988,894.37,R3,,,,,,
9504.9,1988,894.39,R3,,,,,,
9505.1,1988,894.45,R3,,,,,,
9505.9,1988,894.49,R3,,,,,,
9506.11,1988,894.73,R3,,,,,,
9506.12,1988,894.73,R3,,,,,,
9506.19,1988,894.73,R3,,,,,,
9506.21,1988,894.74,R3,,,,,,
9506.29,1988,894.74,R3,,,,,,
9506.31,1988,894.75,R3,,,,,,
9506.32,1988,894.75,R3,,,,,,
9506.39,1988,894.75,R3,,,,,,
9506.4,1988,894.79,R3,,,,,,
9506.51,1988,894.76,R3,,,,,,
9506.59,1988,894.76,R3,,,,,,
9506.61,1988,894.79,R3,,,,,,
9506.62,1988,894.79,R3,,,,,,
9506.69,1988,894.79,R3,,,,,,
9506.7,1988,894.72,R3,,,,,,
9506.91,1988,894.78,R3,,,,,,
9506.99,1988,894.79,R3,,,,,,
9507.1,1988,894.71,R3,,,,,,
9507.2,1988,894.71,R3,,,,,,
9507.3,1988,894.71,R3,,,,,,
9507.9,1988,894.71,R3,,,,,,
9508.1,2002,894.6,R3,,,,,,
9508.9,2002,894.6,R3,,,,,,
9601.1,1988,899.11,R3,,,,,,
9601.9,1988,899.11,R3,,,,,,
9602,1988,899.19,R3,,,,,,
9603.1,1988,899.72,R3,,,,,,
9603.21,1988,899.72,R3,,,,,,
9603.29,1988,899.72,R3,,,,,,
9603.3,1988,899.72,R3,,,,,,
9603.4,1988,899.72,R3,,,,,,
9603.5,1988,899.72,R3,,,,,,
9603.9,1988,899.72,R3,,,,,,
9604,1988,899.81,R3,,,,,,
9605,1988,831.3,R3,,,,,,
9606.1,1988,899.83,R3,,,,,,
9606.21,1988,899.83,R3,,,,,,
9606.22,1988,899.83,R3,,,,,,
9606.29,1988,899.83,R3,,,,,,
9606.3,1988,899.84,R3,,,,,,
9607.11,1988,899.85,R3,,,,,,
9607.19,1988,899.85,R3,,,,,,
9607.2,1988,899.86,R3,,,,,,
9608.1,1988,895.21,R3,,,,,,
9608.2,1988,895.21,R3,,,,,,
9608.31,1988,895.21,R3,,,,,,
9608.39,1988,895.21,R3,,,,,,
9608.4,1988,895.21,R3,,,,,,
9608.5,1988,895.21,R3,,,,,,
9608.6,1988,895.21,R3,,,,,,
9608.91,1988,895.22,R3,,,,,,
9608.99,1988,895.21,R3,,,,,,
9609.1,1988,895.23,R3,,,,,,
9609.2,1988,895.23,R3,,,,,,
9609.9,1988,895.23,R3,,,,,,
9610,1988,895.92,R3,,,,,,
9611,1988,895.93,R3,,,,,,
9612.1,1988,895.94,R3,,,,,,
9612.2,1988,895.94,R3,,,,,,
9613.1,1988,899.33,R3,,,,,,
9613.2,1988,899.33,R3,,,,,,
9613.8,1988,899.33,R3,,,,,,
9613.9,1988,899.35,R3,,,,,,
9614.2,1988,899.37,R3F,,,,,,
9614.9,1988,899.37,R3,,,,,,
9615.11,1988,899.89,R3,,,,,,
9615.19,1988,899.89,R3,,,,,,
9615.9,1988,899.89,R3,,,,,,
9616.1,1988,899.87,R3,,,,,,
9616.2,1988,899.82,R3,,,,,,
9617,1988,899.97,R3,,,,,,
9618,1988,899.88,R3,,,,,,
9701.1,1988,896.11,R3,,,,,,
9701.9,1988,896.12,R3,,,,,,
9702,1988,896.2,R3,,,,,,
9703,1988,896.3,R3,,,,,,
9704,1988,896.4,R3,,,,,,
9705,1988,896.5,R3,,,,,,
9706,1988,896.6,R3,,,,,,
