typeCode,freqCode,refPeriodId,refYear,refMonth,period,reporterCode,reporterISO,reporterDesc,flowCode,flowDesc,partnerCode,partnerISO,partnerDesc,partner2Code,partner2ISO,partner2Desc,classificationCode,classificationSearchCode,isOriginalClassification,cmdCode,cmdDesc,aggrLevel,isLeaf,customsCode,customsDesc,mosCode,motCode,motDesc,qtyUnitCode,qtyUnitAbbr,qty,isQtyEstimated,altQtyUnitCode,altQtyUnitAbbr,altQty,isAltQtyEstimated,netWgt,isNetWgtEstimated,grossWgt,isGrossWgtEstimated,cifvalue,fobvalue,primaryValue,legacyEstimationFlag,isReported,isAggregate
C,A,19620101,1962,52,1962,24,AGO,Angola,M,Import,0,W00,World,0,W00,World,S1,S1,TRUE,5613,Potassic fertilizers and materials,4,FALSE,C00,TOTAL CPC,0,0,TOTAL MOT,8,kg,937580,FALSE,-1,N/A,,FALSE,937580,FALSE,,FALSE,56660,,56660,0,TRUE,FALSE
C,A,19620101,1962,52,1962,58,BEL,Belgium-Luxembourg (...1998),M,Import,0,W00,World,0,W00,World,S1,S1,TRUE,5613,Potassic fertilizers and materials,4,FALSE,C00,TOTAL CPC,0,0,TOTAL MOT,8,kg,1198136960,FALSE,-1,N/A,,FALSE,1198136960,FALSE,,FALSE,37757132,,37757132,0,TRUE,FALSE
C,A,19620101,1962,52,1962,58,BEL,Belgium-Luxembourg (...1998),X,Export,0,W00,World,0,W00,World,S1,S1,TRUE,5613,Potassic fertilizers and materials,4,FALSE,C00,TOTAL CPC,0,0,TOTAL MOT,8,kg,1037563264,FALSE,-1,N/A,,FALSE,1037563264,FALSE,,FALSE,,40274876,40274876,0,TRUE,FALSE
C,A,19620101,1962,52,1962,68,BOL,Bolivia (Plurinational State of),M,Import,0,W00,World,0,W00,World,S1,S1,TRUE,5613,Potassic fertilizers and materials,4,FALSE,C00,TOTAL CPC,0,0,TOTAL MOT,8,kg,4000,FALSE,-1,N/A,,FALSE,4000,FALSE,,FALSE,298,,298,0,TRUE,FALSE
C,A,19620101,1962,52,1962,76,BRA,Brazil,M,Import,0,W00,World,0,W00,World,S1,S1,TRUE,5613,Potassic fertilizers and materials,4,FALSE,C00,TOTAL CPC,0,0,TOTAL MOT,8,kg,115192624,FALSE,-1,N/A,,FALSE,115192624,FALSE,,FALSE,5857598,,5857598,0,TRUE,FALSE
C,A,19620101,1962,52,1962,96,BRN,Brunei Darussalam,M,Import,0,W00,World,0,W00,World,S1,S1,TRUE,5613,Potassic fertilizers and materials,4,FALSE,C00,TOTAL CPC,0,0,TOTAL MOT,8,kg,0,FALSE,-1,N/A,,FALSE,,FALSE,,FALSE,11,,11,0,TRUE,FALSE
C,A,19620101,1962,52,1962,104,MMR,Myanmar,M,Import,0,W00,World,0,W00,World,S1,S1,TRUE,5613,Potassic fertilizers and materials,4,FALSE,C00,TOTAL CPC,0,0,TOTAL MOT,-1,N/A,0,FALSE,-1,N/A,,FALSE,,FALSE,,FALSE,22452,,22452,0,TRUE,FALSE
C,A,19620101,1962,52,1962,116,KHM,Cambodia,M,Import,0,W00,World,0,W00,World,S1,S1,TRUE,5613,Potassic fertilizers and materials,4,FALSE,C00,TOTAL CPC,0,0,TOTAL MOT,8,kg,142507,FALSE,-1,N/A,,FALSE,142507,FALSE,,FALSE,12575,,12575,0,TRUE,FALSE
C,A,19620101,1962,52,1962,120,CMR,Cameroon,M,Import,0,W00,World,0,W00,World,S1,S1,TRUE,5613,Potassic fertilizers and materials,4,FALSE,C00,TOTAL CPC,0,0,TOTAL MOT,8,kg,2042125,FALSE,-1,N/A,,FALSE,2042125,FALSE,,FALSE,127248,,127248,0,TRUE,FALSE
C,A,19620101,1962,52,1962,120,CMR,Cameroon,X,Export,0,W00,World,0,W00,World,S1,S1,TRUE,5613,Potassic fertilizers and materials,4,FALSE,C00,TOTAL CPC,0,0,TOTAL MOT,8,kg,3500,FALSE,-1,N/A,,FALSE,3500,FALSE,,FALSE,,502,502,0,TRUE,FALSE
C,A,19620101,1962,52,1962,124,CAN,Canada,M,Import,0,W00,World,0,W00,World,S1,S1,TRUE,5613,Potassic fertilizers and materials,4,FALSE,C00,TOTAL CPC,0,0,TOTAL MOT,8,kg,161203424,FALSE,-1,N/A,,FALSE,161203424,FALSE,,FALSE,5076408,,5076408,0,TRUE,FALSE
C,A,19620101,1962,52,1962,140,CAF,Central African Rep.,M,Import,0,W00,World,0,W00,World,S1,S1,TRUE,5613,Potassic fertilizers and materials,4,FALSE,C00,TOTAL CPC,0,0,TOTAL MOT,8,kg,89078,FALSE,-1,N/A,,FALSE,89078,FALSE,,FALSE,5390,,5390,0,TRUE,FALSE
C,A,19620101,1962,52,1962,144,LKA,Sri Lanka,M,Import,0,W00,World,0,W00,World,S1,S1,TRUE,5613,Potassic fertilizers and materials,4,FALSE,C00,TOTAL CPC,0,0,TOTAL MOT,8,kg,39365300,FALSE,-1,N/A,,FALSE,39365300,FALSE,,FALSE,2268997,,2268997,0,TRUE,FALSE
C,A,19620101,1962,52,1962,152,CHL,Chile,M,Import,0,W00,World,0,W00,World,S1,S1,TRUE,5613,Potassic fertilizers and materials,4,FALSE,C00,TOTAL CPC,0,0,TOTAL MOT,8,kg,19925884,FALSE,-1,N/A,,FALSE,19925884,FALSE,,FALSE,1053423,,1053423,0,TRUE,FALSE
C,A,19620101,1962,52,1962,170,COL,Colombia,M,Import,0,W00,World,0,W00,World,S1,S1,TRUE,5613,Potassic fertilizers and materials,4,FALSE,C00,TOTAL CPC,0,0,TOTAL MOT,8,kg,17742420,FALSE,-1,N/A,,FALSE,17742420,FALSE,,FALSE,989030,,989030,0,TRUE,FALSE
C,A,19620101,1962,52,1962,178,COG,Congo,M,Import,0,W00,World,0,W00,World,S1,S1,TRUE,5613,Potassic fertilizers and materials,4,FALSE,C00,TOTAL CPC,0,0,TOTAL MOT,8,kg,930374,FALSE,-1,N/A,,FALSE,930374,FALSE,,FALSE,52438,,52438,0,TRUE,FALSE
C,A,19620101,1962,52,1962,178,COG,Congo,X,Export,0,W00,World,0,W00,World,S1,S1,TRUE,5613,Potassic fertilizers and materials,4,FALSE,C00,TOTAL CPC,0,0,TOTAL MOT,8,kg,68394,FALSE,-1,N/A,,FALSE,68394,FALSE,,FALSE,,1704,1704,0,TRUE,FALSE
C,A,19620101,1962,52,1962,204,BEN,Benin,M,Import,0,W00,World,0,W00,World,S1,S1,TRUE,5613,Potassic fertilizers and materials,4,FALSE,C00,TOTAL CPC,0,0,TOTAL MOT,8,kg,843125,FALSE,-1,N/A,,FALSE,843125,FALSE,,FALSE,55271,,55271,0,TRUE,FALSE
C,A,19620101,1962,52,1962,208,DNK,Denmark,M,Import,0,W00,World,0,W00,World,S1,S1,TRUE,5613,Potassic fertilizers and materials,4,FALSE,C00,TOTAL CPC,0,0,TOTAL MOT,8,kg,288171584,FALSE,-1,N/A,,FALSE,288171584,FALSE,,FALSE,10442817,,10442817,0,TRUE,FALSE
C,A,19620101,1962,52,1962,218,ECU,Ecuador,M,Import,0,W00,World,0,W00,World,S1,S1,TRUE,5613,Potassic fertilizers and materials,4,FALSE,C00,TOTAL CPC,0,0,TOTAL MOT,8,kg,655000,FALSE,-1,N/A,,FALSE,655000,FALSE,,FALSE,43099,,43099,0,TRUE,FALSE
C,A,19620101,1962,52,1962,251,FRA,France,M,Import,0,W00,World,0,W00,World,S1,S1,TRUE,5613,Potassic fertilizers and materials,4,FALSE,C00,TOTAL CPC,0,0,TOTAL MOT,8,kg,47963500,FALSE,-1,N/A,,FALSE,47963500,FALSE,,FALSE,2597735,,2597735,0,TRUE,FALSE
C,A,19620101,1962,52,1962,251,FRA,France,X,Export,0,W00,World,0,W00,World,S1,S1,TRUE,5613,Potassic fertilizers and materials,4,FALSE,C00,TOTAL CPC,0,0,TOTAL MOT,8,kg,1130481920,FALSE,-1,N/A,,FALSE,1130481920,FALSE,,FALSE,,37108792,37108792,0,TRUE,FALSE
C,A,19620101,1962,52,1962,266,GAB,Gabon,M,Import,0,W00,World,0,W00,World,S1,S1,TRUE,5613,Potassic fertilizers and materials,4,FALSE,C00,TOTAL CPC,0,0,TOTAL MOT,8,kg,26706,FALSE,-1,N/A,,FALSE,26706,FALSE,,FALSE,2235,,2235,0,TRUE,FALSE
C,A,19620101,1962,52,1962,280,DEU,Fed. Rep. of Germany (...1990),M,Import,0,W00,World,0,W00,World,S1,S1,TRUE,5613,Potassic fertilizers and materials,4,FALSE,C00,TOTAL CPC,0,0,TOTAL MOT,8,kg,21807200,FALSE,-1,N/A,,TRUE,21807200,FALSE,-1,TRUE,828000,,828000,0,FALSE,FALSE
C,A,19620101,1962,52,1962,280,DEU,Fed. Rep. of Germany (...1990),X,Export,0,W00,World,0,W00,World,S1,S1,TRUE,5613,Potassic fertilizers and materials,4,FALSE,C00,TOTAL CPC,0,0,TOTAL MOT,8,kg,1280811520,FALSE,-1,N/A,,TRUE,1280811520,FALSE,-1,TRUE,,43614000,43614000,0,FALSE,FALSE
C,A,19620101,1962,52,1962,288,GHA,Ghana,M,Import,0,W00,World,0,W00,World,S1,S1,TRUE,5613,Potassic fertilizers and materials,4,FALSE,C00,TOTAL CPC,0,0,TOTAL MOT,8,kg,25437,FALSE,-1,N/A,,FALSE,25437,FALSE,,FALSE,3584,,3584,0,TRUE,FALSE
C,A,19620101,1962,52,1962,300,GRC,Greece,M,Import,0,W00,World,0,W00,World,S1,S1,TRUE,5613,Potassic fertilizers and materials,4,FALSE,C00,TOTAL CPC,0,0,TOTAL MOT,8,kg,16112182,FALSE,-1,N/A,,FALSE,16112182,FALSE,,FALSE,862710,,862710,0,TRUE,FALSE
C,A,19620101,1962,52,1962,344,HKG,"China, Hong Kong SAR",M,Import,0,W00,World,0,W00,World,S1,S1,TRUE,5613,Potassic fertilizers and materials,4,FALSE,C00,TOTAL CPC,0,0,TOTAL MOT,8,kg,47601,FALSE,-1,N/A,,FALSE,47601,FALSE,,FALSE,2763,,2763,0,TRUE,FALSE
C,A,19620101,1962,52,1962,352,ISL,Iceland,M,Import,0,W00,World,0,W00,World,S1,S1,TRUE,5613,Potassic fertilizers and materials,4,FALSE,C00,TOTAL CPC,0,0,TOTAL MOT,8,kg,5250014,FALSE,-1,N/A,,FALSE,5250014,FALSE,,FALSE,212973,,212973,0,TRUE,FALSE
C,A,19620101,1962,52,1962,356,IND,India (...1974),M,Import,0,W00,World,0,W00,World,S1,S1,TRUE,5613,Potassic fertilizers and materials,4,FALSE,C00,TOTAL CPC,0,0,TOTAL MOT,8,kg,88767000,FALSE,-1,N/A,,FALSE,88767000,FALSE,,FALSE,4687595,,4687595,0,TRUE,FALSE
C,A,19620101,1962,52,1962,376,ISR,Israel,M,Import,0,W00,World,0,W00,World,S1,S1,TRUE,5613,Potassic fertilizers and materials,4,FALSE,C00,TOTAL CPC,0,0,TOTAL MOT,-1,N/A,0,FALSE,-1,N/A,,FALSE,,FALSE,,FALSE,21545,,21545,0,TRUE,FALSE
C,A,19620101,1962,52,1962,380,ITA,Italy,M,Import,0,W00,World,0,W00,World,S1,S1,TRUE,5613,Potassic fertilizers and materials,4,FALSE,C00,TOTAL CPC,0,0,TOTAL MOT,8,kg,169025088,FALSE,-1,N/A,,TRUE,169025088,FALSE,-1,TRUE,6341094,,6341094,0,FALSE,FALSE
C,A,19620101,1962,52,1962,380,ITA,Italy,X,Export,0,W00,World,0,W00,World,S1,S1,TRUE,5613,Potassic fertilizers and materials,4,FALSE,C00,TOTAL CPC,0,0,TOTAL MOT,8,kg,65346072,FALSE,-1,N/A,,TRUE,65346072,FALSE,-1,TRUE,,3274994,3274994,0,FALSE,FALSE
C,A,19620101,1962,52,1962,384,CIV,CÙte d'Ivoire,M,Import,0,W00,World,0,W00,World,S1,S1,TRUE,5613,Potassic fertilizers and materials,4,FALSE,C00,TOTAL CPC,0,0,TOTAL MOT,8,kg,6834397,FALSE,-1,N/A,,FALSE,6834397,FALSE,,FALSE,429486,,429486,0,TRUE,FALSE
C,A,19620101,1962,52,1962,384,CIV,CÙte d'Ivoire,X,Export,0,W00,World,0,W00,World,S1,S1,TRUE,5613,Potassic fertilizers and materials,4,FALSE,C00,TOTAL CPC,0,0,TOTAL MOT,8,kg,988,FALSE,-1,N/A,,FALSE,988,FALSE,,FALSE,,117,117,0,TRUE,FALSE
C,A,19620101,1962,52,1962,388,JAM,Jamaica,M,Import,0,W00,World,0,W00,World,S1,S1,TRUE,5613,Potassic fertilizers and materials,4,FALSE,C00,TOTAL CPC,0,0,TOTAL MOT,8,kg,3659771,FALSE,-1,N/A,,FALSE,3659771,FALSE,,FALSE,208342,,208342,0,TRUE,FALSE
C,A,19620101,1962,52,1962,388,JAM,Jamaica,X,Export,0,W00,World,0,W00,World,S1,S1,TRUE,5613,Potassic fertilizers and materials,4,FALSE,C00,TOTAL CPC,0,0,TOTAL MOT,8,kg,15250,FALSE,-1,N/A,,FALSE,15250,FALSE,,FALSE,,979,979,0,TRUE,FALSE
C,A,19620101,1962,52,1962,392,JPN,Japan,M,Import,0,W00,World,0,W00,World,S1,S1,TRUE,5613,Potassic fertilizers and materials,4,FALSE,C00,TOTAL CPC,0,0,TOTAL MOT,8,kg,741529984,FALSE,-1,N/A,,FALSE,741529984,FALSE,,FALSE,31885952,,31885952,0,TRUE,FALSE
C,A,19620101,1962,52,1962,392,JPN,Japan,X,Export,0,W00,World,0,W00,World,S1,S1,TRUE,5613,Potassic fertilizers and materials,4,FALSE,C00,TOTAL CPC,0,0,TOTAL MOT,8,kg,4763000,FALSE,-1,N/A,,FALSE,4763000,FALSE,,FALSE,,248155,248155,0,TRUE,FALSE
C,A,19620101,1962,52,1962,410,KOR,Rep. of Korea,M,Import,0,W00,World,0,W00,World,S1,S1,TRUE,5613,Potassic fertilizers and materials,4,FALSE,C00,TOTAL CPC,0,0,TOTAL MOT,8,kg,65346000,FALSE,-1,N/A,,FALSE,65346000,FALSE,,FALSE,2902000,,2902000,0,TRUE,FALSE
C,A,19620101,1962,52,1962,450,MDG,Madagascar,M,Import,0,W00,World,0,W00,World,S1,S1,TRUE,5613,Potassic fertilizers and materials,4,FALSE,C00,TOTAL CPC,0,0,TOTAL MOT,8,kg,388500,FALSE,-1,N/A,,FALSE,388500,FALSE,,FALSE,24618,,24618,0,TRUE,FALSE
C,A,19620101,1962,52,1962,450,MDG,Madagascar,X,Export,0,W00,World,0,W00,World,S1,S1,TRUE,5613,Potassic fertilizers and materials,4,FALSE,C00,TOTAL CPC,0,0,TOTAL MOT,8,kg,1824,FALSE,-1,N/A,,FALSE,1824,FALSE,,FALSE,,260,260,0,TRUE,FALSE
C,A,19620101,1962,52,1962,459,_PM,Peninsula Malaysia (...1963),M,Import,0,W00,World,0,W00,World,S1,S1,TRUE,5613,Potassic fertilizers and materials,4,FALSE,C00,TOTAL CPC,0,0,TOTAL MOT,8,kg,10759560,FALSE,-1,N/A,,FALSE,10759560,FALSE,,FALSE,583921,,583921,0,TRUE,FALSE
C,A,19620101,1962,52,1962,459,_PM,Peninsula Malaysia (...1963),X,Export,0,W00,World,0,W00,World,S1,S1,TRUE,5613,Potassic fertilizers and materials,4,FALSE,C00,TOTAL CPC,0,0,TOTAL MOT,8,kg,1000,FALSE,-1,N/A,,FALSE,1000,FALSE,,FALSE,,261,261,0,TRUE,FALSE
C,A,19620101,1962,52,1962,461,_SH,Sabah (...1963),M,Import,0,W00,World,0,W00,World,S1,S1,TRUE,5613,Potassic fertilizers and materials,4,FALSE,C00,TOTAL CPC,0,0,TOTAL MOT,8,kg,157472,FALSE,-1,N/A,,FALSE,157472,FALSE,,FALSE,8751,,8751,0,TRUE,FALSE
C,A,19620101,1962,52,1962,466,MLI,Mali,M,Import,0,W00,World,0,W00,World,S1,S1,TRUE,5613,Potassic fertilizers and materials,4,FALSE,C00,TOTAL CPC,0,0,TOTAL MOT,8,kg,21179,FALSE,-1,N/A,,FALSE,21179,FALSE,,FALSE,2569,,2569,0,TRUE,FALSE
C,A,19620101,1962,52,1962,484,MEX,Mexico,M,Import,0,W00,World,0,W00,World,S1,S1,TRUE,5613,Potassic fertilizers and materials,4,FALSE,C00,TOTAL CPC,0,0,TOTAL MOT,8,kg,75400552,FALSE,-1,N/A,,FALSE,75400552,FALSE,,FALSE,4934695,,4934695,0,TRUE,FALSE
C,A,19620101,1962,52,1962,490,S19,"Other Asia, nes",M,Import,0,W00,World,0,W00,World,S1,S1,TRUE,5613,Potassic fertilizers and materials,4,FALSE,C00,TOTAL CPC,0,0,TOTAL MOT,8,kg,50678000,FALSE,-1,N/A,,FALSE,50678000,FALSE,,FALSE,2302919,,2302919,0,TRUE,FALSE
C,A,19620101,1962,52,1962,504,MAR,Morocco,M,Import,0,W00,World,0,W00,World,S1,S1,TRUE,5613,Potassic fertilizers and materials,4,FALSE,C00,TOTAL CPC,0,0,TOTAL MOT,8,kg,12388960,FALSE,-1,N/A,,FALSE,12388960,FALSE,,FALSE,731336,,731336,0,TRUE,FALSE
C,A,19620101,1962,52,1962,528,NLD,Netherlands,M,Import,0,W00,World,0,W00,World,S1,S1,TRUE,5613,Potassic fertilizers and materials,4,FALSE,C00,TOTAL CPC,0,0,TOTAL MOT,8,kg,216802192,FALSE,-1,N/A,,FALSE,216802192,FALSE,,FALSE,8165517,,8165517,0,TRUE,FALSE
C,A,19620101,1962,52,1962,528,NLD,Netherlands,X,Export,0,W00,World,0,W00,World,S1,S1,TRUE,5613,Potassic fertilizers and materials,4,FALSE,C00,TOTAL CPC,0,0,TOTAL MOT,8,kg,1155486,FALSE,-1,N/A,,FALSE,1155486,FALSE,,FALSE,,55162,55162,0,TRUE,FALSE
C,A,19620101,1962,52,1962,566,NGA,Nigeria,M,Import,0,W00,World,0,W00,World,S1,S1,TRUE,5613,Potassic fertilizers and materials,4,FALSE,C00,TOTAL CPC,0,0,TOTAL MOT,8,kg,1290463,FALSE,-1,N/A,,FALSE,1290463,FALSE,,FALSE,105269,,105269,0,TRUE,FALSE
C,A,19620101,1962,52,1962,579,NOR,Norway,M,Import,0,W00,World,0,W00,World,S1,S1,TRUE,5613,Potassic fertilizers and materials,4,FALSE,C00,TOTAL CPC,0,0,TOTAL MOT,8,kg,86791552,FALSE,-1,N/A,,FALSE,86791552,FALSE,,FALSE,3386475,,3386475,0,TRUE,FALSE
C,A,19620101,1962,52,1962,579,NOR,Norway,X,Export,0,W00,World,0,W00,World,S1,S1,TRUE,5613,Potassic fertilizers and materials,4,FALSE,C00,TOTAL CPC,0,0,TOTAL MOT,8,kg,2625,FALSE,-1,N/A,,FALSE,2625,FALSE,,FALSE,,98,98,0,TRUE,FALSE
C,A,19620101,1962,52,1962,590,PAN,"Panama, excl.Canal Zone (...1977)",M,Import,0,W00,World,0,W00,World,S1,S1,TRUE,5613,Potassic fertilizers and materials,4,FALSE,C00,TOTAL CPC,0,0,TOTAL MOT,8,kg,460048,FALSE,-1,N/A,,FALSE,460048,FALSE,,FALSE,25029,,25029,0,TRUE,FALSE
C,A,19620101,1962,52,1962,604,PER,Peru,M,Import,0,W00,World,0,W00,World,S1,S1,TRUE,5613,Potassic fertilizers and materials,4,FALSE,C00,TOTAL CPC,0,0,TOTAL MOT,8,kg,4109612,FALSE,-1,N/A,,FALSE,4109612,FALSE,,FALSE,251397,,251397,0,TRUE,FALSE
C,A,19620101,1962,52,1962,608,PHL,Philippines,M,Import,0,W00,World,0,W00,World,S1,S1,TRUE,5613,Potassic fertilizers and materials,4,FALSE,C00,TOTAL CPC,0,0,TOTAL MOT,8,kg,41414756,FALSE,-1,N/A,,FALSE,41414756,FALSE,,FALSE,1866091,,1866091,0,TRUE,FALSE
C,A,19620101,1962,52,1962,620,PRT,Portugal,M,Import,0,W00,World,0,W00,World,S1,S1,TRUE,5613,Potassic fertilizers and materials,4,FALSE,C00,TOTAL CPC,0,0,TOTAL MOT,8,kg,15263291,FALSE,-1,N/A,,FALSE,15263291,FALSE,,FALSE,578700,,578700,0,TRUE,FALSE
C,A,19620101,1962,52,1962,620,PRT,Portugal,X,Export,0,W00,World,0,W00,World,S1,S1,TRUE,5613,Potassic fertilizers and materials,4,FALSE,C00,TOTAL CPC,0,0,TOTAL MOT,8,kg,129699,FALSE,-1,N/A,,FALSE,129699,FALSE,,FALSE,,6572,6572,0,TRUE,FALSE
C,A,19620101,1962,52,1962,686,SEN,Senegal,M,Import,0,W00,World,0,W00,World,S1,S1,TRUE,5613,Potassic fertilizers and materials,4,FALSE,C00,TOTAL CPC,0,0,TOTAL MOT,8,kg,2545375,FALSE,-1,N/A,,FALSE,2545375,FALSE,,FALSE,147354,,147354,0,TRUE,FALSE
C,A,19620101,1962,52,1962,702,SGP,Singapore,M,Import,0,W00,World,0,W00,World,S1,S1,TRUE,5613,Potassic fertilizers and materials,4,FALSE,C00,TOTAL CPC,0,0,TOTAL MOT,8,kg,6586127,FALSE,-1,N/A,,FALSE,6586127,FALSE,,FALSE,339600,,339600,0,TRUE,FALSE
C,A,19620101,1962,52,1962,702,SGP,Singapore,X,Export,0,W00,World,0,W00,World,S1,S1,TRUE,5613,Potassic fertilizers and materials,4,FALSE,C00,TOTAL CPC,0,0,TOTAL MOT,8,kg,3562553,FALSE,-1,N/A,,FALSE,3562553,FALSE,,FALSE,,218076,218076,0,TRUE,FALSE
C,A,19620101,1962,52,1962,724,ESP,Spain,M,Import,0,W00,World,0,W00,World,S1,S1,TRUE,5613,Potassic fertilizers and materials,4,FALSE,C00,TOTAL CPC,0,0,TOTAL MOT,8,kg,299750,FALSE,-1,N/A,,FALSE,299750,FALSE,,FALSE,22919,,22919,0,TRUE,FALSE
C,A,19620101,1962,52,1962,724,ESP,Spain,X,Export,0,W00,World,0,W00,World,S1,S1,TRUE,5613,Potassic fertilizers and materials,4,FALSE,C00,TOTAL CPC,0,0,TOTAL MOT,8,kg,248185296,FALSE,-1,N/A,,FALSE,248185296,FALSE,,FALSE,,7707784,7707784,0,TRUE,FALSE
C,A,19620101,1962,52,1962,752,SWE,Sweden,M,Import,0,W00,World,0,W00,World,S1,S1,TRUE,5613,Potassic fertilizers and materials,4,FALSE,C00,TOTAL CPC,0,0,TOTAL MOT,8,kg,161137712,FALSE,-1,N/A,,FALSE,161137712,FALSE,,FALSE,6419003,,6419003,0,TRUE,FALSE
C,A,19620101,1962,52,1962,752,SWE,Sweden,X,Export,0,W00,World,0,W00,World,S1,S1,TRUE,5613,Potassic fertilizers and materials,4,FALSE,C00,TOTAL CPC,0,0,TOTAL MOT,8,kg,2,FALSE,-1,N/A,,FALSE,2,FALSE,,FALSE,,8,8,0,TRUE,FALSE
C,A,19620101,1962,52,1962,757,CHE,Switzerland,M,Import,0,W00,World,0,W00,World,S1,S1,TRUE,5613,Potassic fertilizers and materials,4,FALSE,C00,TOTAL CPC,0,0,TOTAL MOT,8,kg,103064408,FALSE,-1,N/A,,FALSE,103064408,FALSE,,FALSE,3853083,,3853083,0,TRUE,FALSE
C,A,19620101,1962,52,1962,757,CHE,Switzerland,X,Export,0,W00,World,0,W00,World,S1,S1,TRUE,5613,Potassic fertilizers and materials,4,FALSE,C00,TOTAL CPC,0,0,TOTAL MOT,8,kg,12323,FALSE,-1,N/A,,FALSE,12323,FALSE,,FALSE,,2548,2548,0,TRUE,FALSE
C,A,19620101,1962,52,1962,764,THA,Thailand,M,Import,0,W00,World,0,W00,World,S1,S1,TRUE,5613,Potassic fertilizers and materials,4,FALSE,C00,TOTAL CPC,0,0,TOTAL MOT,8,kg,1604011,FALSE,-1,N/A,,FALSE,1604011,FALSE,,FALSE,95973,,95973,0,TRUE,FALSE
C,A,19620101,1962,52,1962,768,TGO,Togo,M,Import,0,W00,World,0,W00,World,S1,S1,TRUE,5613,Potassic fertilizers and materials,4,FALSE,C00,TOTAL CPC,0,0,TOTAL MOT,8,kg,83281,FALSE,-1,N/A,,FALSE,83281,FALSE,,FALSE,5609,,5609,0,TRUE,FALSE
C,A,19620101,1962,52,1962,768,TGO,Togo,X,Export,0,W00,World,0,W00,World,S1,S1,TRUE,5613,Potassic fertilizers and materials,4,FALSE,C00,TOTAL CPC,0,0,TOTAL MOT,8,kg,88000,FALSE,-1,N/A,,FALSE,88000,FALSE,,FALSE,,3518,3518,0,TRUE,FALSE
C,A,19620101,1962,52,1962,788,TUN,Tunisia,M,Import,0,W00,World,0,W00,World,S1,S1,TRUE,5613,Potassic fertilizers and materials,4,FALSE,C00,TOTAL CPC,0,0,TOTAL MOT,8,kg,4497562,FALSE,-1,N/A,,FALSE,4497562,FALSE,,FALSE,268752,,268752,0,TRUE,FALSE
C,A,19620101,1962,52,1962,788,TUN,Tunisia,X,Export,0,W00,World,0,W00,World,S1,S1,TRUE,5613,Potassic fertilizers and materials,4,FALSE,C00,TOTAL CPC,0,0,TOTAL MOT,8,kg,9000,FALSE,-1,N/A,,FALSE,9000,FALSE,,FALSE,,421,421,0,TRUE,FALSE
C,A,19620101,1962,52,1962,792,TUR,TÅEkiye,M,Import,0,W00,World,0,W00,World,S1,S1,TRUE,5613,Potassic fertilizers and materials,4,FALSE,C00,TOTAL CPC,0,0,TOTAL MOT,8,kg,1571937,FALSE,-1,N/A,,FALSE,1571937,FALSE,,FALSE,39050,,39050,0,TRUE,FALSE
C,A,19620101,1962,52,1962,826,GBR,United Kingdom,M,Import,0,W00,World,0,W00,World,S1,S1,TRUE,5613,Potassic fertilizers and materials,4,FALSE,C00,TOTAL CPC,0,0,TOTAL MOT,8,kg,702238336,FALSE,-1,N/A,,FALSE,702238336,FALSE,,FALSE,29682164,,29682164,0,TRUE,FALSE
C,A,19620101,1962,52,1962,826,GBR,United Kingdom,X,Export,0,W00,World,0,W00,World,S1,S1,TRUE,5613,Potassic fertilizers and materials,4,FALSE,C00,TOTAL CPC,0,0,TOTAL MOT,-1,N/A,0,FALSE,-1,N/A,,FALSE,,FALSE,,FALSE,,36527,36527,0,TRUE,FALSE
C,A,19620101,1962,52,1962,841,USA,USA and Puerto Rico (...1980),M,Import,0,W00,World,0,W00,World,S1,S1,TRUE,5613,Potassic fertilizers and materials,4,FALSE,C00,TOTAL CPC,0,0,TOTAL MOT,8,kg,4151213,FALSE,-1,N/A,,FALSE,4151213,FALSE,,FALSE,171632,,171632,0,TRUE,FALSE
C,A,19620101,1962,52,1962,841,USA,USA and Puerto Rico (...1980),X,Export,0,W00,World,0,W00,World,S1,S1,TRUE,5613,Potassic fertilizers and materials,4,FALSE,C00,TOTAL CPC,0,0,TOTAL MOT,8,kg,729374848,FALSE,-1,N/A,,FALSE,729374848,FALSE,,FALSE,,26421152,26421152,0,TRUE,FALSE
C,A,19620101,1962,52,1962,854,BFA,Burkina Faso,M,Import,0,W00,World,0,W00,World,S1,S1,TRUE,5613,Potassic fertilizers and materials,4,FALSE,C00,TOTAL CPC,0,0,TOTAL MOT,8,kg,1125,FALSE,-1,N/A,,FALSE,1125,FALSE,,FALSE,109,,109,0,TRUE,FALSE
C,A,19620101,1962,52,1962,862,VEN,Venezuela,M,Import,0,W00,World,0,W00,World,S1,S1,TRUE,5613,Potassic fertilizers and materials,4,FALSE,C00,TOTAL CPC,0,0,TOTAL MOT,8,kg,7975799,FALSE,-1,N/A,,FALSE,7975799,FALSE,,FALSE,459897,,459897,0,TRUE,FALSE
C,A,19620101,1962,52,1962,890,YUG,Yugoslavia (...1991),M,Import,0,W00,World,0,W00,World,S1,S1,TRUE,5613,Potassic fertilizers and materials,4,FALSE,C00,TOTAL CPC,0,0,TOTAL MOT,8,kg,126712552,FALSE,-1,N/A,,FALSE,126712552,FALSE,,FALSE,4009617,,4009617,0,TRUE,FALSE
C,A,19630101,1963,52,1963,36,AUS,Australia,M,Import,0,W00,World,0,W00,World,S1,S1,TRUE,5613,Potassic fertilizers and materials,4,FALSE,C00,TOTAL CPC,0,0,TOTAL MOT,-1,N/A,0,FALSE,-1,N/A,,FALSE,,FALSE,,FALSE,2360166,,2360166,0,TRUE,FALSE
C,A,19630101,1963,52,1963,58,BEL,Belgium-Luxembourg (...1998),M,Import,0,W00,World,0,W00,World,S1,S1,TRUE,5613,Potassic fertilizers and materials,4,FALSE,C00,TOTAL CPC,0,0,TOTAL MOT,8,kg,1317924096,FALSE,-1,N/A,,FALSE,1317924096,FALSE,,FALSE,40364932,,40364932,0,TRUE,FALSE
C,A,19630101,1963,52,1963,58,BEL,Belgium-Luxembourg (...1998),X,Export,0,W00,World,0,W00,World,S1,S1,TRUE,5613,Potassic fertilizers and materials,4,FALSE,C00,TOTAL CPC,0,0,TOTAL MOT,8,kg,1077965312,FALSE,-1,N/A,,FALSE,1077965312,FALSE,,FALSE,,42431696,42431696,0,TRUE,FALSE
C,A,19630101,1963,52,1963,68,BOL,Bolivia (Plurinational State of),M,Import,0,W00,World,0,W00,World,S1,S1,TRUE,5613,Potassic fertilizers and materials,4,FALSE,C00,TOTAL CPC,0,0,TOTAL MOT,8,kg,28500,FALSE,-1,N/A,,FALSE,28500,FALSE,,FALSE,2500,,2500,0,TRUE,FALSE
C,A,19630101,1963,52,1963,76,BRA,Brazil,M,Import,0,W00,World,0,W00,World,S1,S1,TRUE,5613,Potassic fertilizers and materials,4,FALSE,C00,TOTAL CPC,0,0,TOTAL MOT,8,kg,151440320,FALSE,-1,N/A,,FALSE,151440320,FALSE,,FALSE,7666397,,7666397,0,TRUE,FALSE
C,A,19630101,1963,52,1963,104,MMR,Myanmar,M,Import,0,W00,World,0,W00,World,S1,S1,TRUE,5613,Potassic fertilizers and materials,4,FALSE,C00,TOTAL CPC,0,0,TOTAL MOT,8,kg,261124,FALSE,-1,N/A,,FALSE,261124,FALSE,,FALSE,15989,,15989,0,TRUE,FALSE
C,A,19630101,1963,52,1963,116,KHM,Cambodia,M,Import,0,W00,World,0,W00,World,S1,S1,TRUE,5613,Potassic fertilizers and materials,4,FALSE,C00,TOTAL CPC,0,0,TOTAL MOT,8,kg,119315,FALSE,-1,N/A,,FALSE,119315,FALSE,,FALSE,15416,,15416,0,TRUE,FALSE
C,A,19630101,1963,52,1963,120,CMR,Cameroon,M,Import,0,W00,World,0,W00,World,S1,S1,TRUE,5613,Potassic fertilizers and materials,4,FALSE,C00,TOTAL CPC,0,0,TOTAL MOT,8,kg,795312,FALSE,-1,N/A,,FALSE,795312,FALSE,,FALSE,50049,,50049,0,TRUE,FALSE
C,A,19630101,1963,52,1963,124,CAN,Canada,M,Import,0,W00,World,0,W00,World,S1,S1,TRUE,5613,Potassic fertilizers and materials,4,FALSE,C00,TOTAL CPC,0,0,TOTAL MOT,8,kg,88664352,FALSE,-1,N/A,,FALSE,88664352,FALSE,,FALSE,2726323,,2726323,0,TRUE,FALSE
C,A,19630101,1963,52,1963,140,CAF,Central African Rep.,M,Import,0,W00,World,0,W00,World,S1,S1,TRUE,5613,Potassic fertilizers and materials,4,FALSE,C00,TOTAL CPC,0,0,TOTAL MOT,8,kg,393812,FALSE,-1,N/A,,FALSE,393812,FALSE,,FALSE,23054,,23054,0,TRUE,FALSE
C,A,19630101,1963,52,1963,144,LKA,Sri Lanka,M,Import,0,W00,World,0,W00,World,S1,S1,TRUE,5613,Potassic fertilizers and materials,4,FALSE,C00,TOTAL CPC,0,0,TOTAL MOT,8,kg,61992244,FALSE,-1,N/A,,FALSE,61992244,FALSE,,FALSE,3513131,,3513131,0,TRUE,FALSE
C,A,19630101,1963,52,1963,148,TCD,Chad,M,Import,0,W00,World,0,W00,World,S1,S1,TRUE,5613,Potassic fertilizers and materials,4,FALSE,C00,TOTAL CPC,0,0,TOTAL MOT,8,kg,199,FALSE,-1,N/A,,FALSE,199,FALSE,,FALSE,16,,16,0,TRUE,FALSE
C,A,19630101,1963,52,1963,152,CHL,Chile,M,Import,0,W00,World,0,W00,World,S1,S1,TRUE,5613,Potassic fertilizers and materials,4,FALSE,C00,TOTAL CPC,0,0,TOTAL MOT,8,kg,34996712,FALSE,-1,N/A,,FALSE,34996712,FALSE,,FALSE,1718296,,1718296,0,TRUE,FALSE
C,A,19630101,1963,52,1963,170,COL,Colombia,M,Import,0,W00,World,0,W00,World,S1,S1,TRUE,5613,Potassic fertilizers and materials,4,FALSE,C00,TOTAL CPC,0,0,TOTAL MOT,8,kg,35284732,FALSE,-1,N/A,,FALSE,35284732,FALSE,,FALSE,1760342,,1760342,0,TRUE,FALSE
C,A,19630101,1963,52,1963,178,COG,Congo,M,Import,0,W00,World,0,W00,World,S1,S1,TRUE,5613,Potassic fertilizers and materials,4,FALSE,C00,TOTAL CPC,0,0,TOTAL MOT,8,kg,563691,FALSE,-1,N/A,,FALSE,563691,FALSE,,FALSE,30252,,30252,0,TRUE,FALSE
C,A,19630101,1963,52,1963,178,COG,Congo,X,Export,0,W00,World,0,W00,World,S1,S1,TRUE,5613,Potassic fertilizers and materials,4,FALSE,C00,TOTAL CPC,0,0,TOTAL MOT,8,kg,21128,FALSE,-1,N/A,,FALSE,21128,FALSE,,FALSE,,571,571,0,TRUE,FALSE
C,A,19630101,1963,52,1963,204,BEN,Benin,M,Import,0,W00,World,0,W00,World,S1,S1,TRUE,5613,Potassic fertilizers and materials,4,FALSE,C00,TOTAL CPC,0,0,TOTAL MOT,8,kg,61000,FALSE,-1,N/A,,FALSE,61000,FALSE,,FALSE,4383,,4383,0,TRUE,FALSE
C,A,19630101,1963,52,1963,208,DNK,Denmark,M,Import,0,W00,World,0,W00,World,S1,S1,TRUE,5613,Potassic fertilizers and materials,4,FALSE,C00,TOTAL CPC,0,0,TOTAL MOT,8,kg,286254656,FALSE,-1,N/A,,FALSE,286254656,FALSE,,FALSE,10300779,,10300779,0,TRUE,FALSE
C,A,19630101,1963,52,1963,208,DNK,Denmark,X,Export,0,W00,World,0,W00,World,S1,S1,TRUE,5613,Potassic fertilizers and materials,4,FALSE,C00,TOTAL CPC,0,0,TOTAL MOT,8,kg,30,FALSE,-1,N/A,,FALSE,30,FALSE,,FALSE,,14,14,0,TRUE,FALSE
C,A,19630101,1963,52,1963,218,ECU,Ecuador,M,Import,0,W00,World,0,W00,World,S1,S1,TRUE,5613,Potassic fertilizers and materials,4,FALSE,C00,TOTAL CPC,0,0,TOTAL MOT,8,kg,2045687,FALSE,-1,N/A,,FALSE,2045687,FALSE,,FALSE,124378,,124378,0,TRUE,FALSE
C,A,19630101,1963,52,1963,222,SLV,El Salvador,M,Import,0,W00,World,0,W00,World,S1,S1,TRUE,5613,Potassic fertilizers and materials,4,FALSE,C00,TOTAL CPC,0,0,TOTAL MOT,8,kg,1146772,FALSE,-1,N/A,,FALSE,1146772,FALSE,,FALSE,61739,,61739,0,TRUE,FALSE
C,A,19630101,1963,52,1963,246,FIN,Finland,M,Import,0,W00,World,0,W00,World,S1,S1,TRUE,5613,Potassic fertilizers and materials,4,FALSE,C00,TOTAL CPC,0,0,TOTAL MOT,8,kg,139790512,FALSE,-1,N/A,,FALSE,139790512,FALSE,,FALSE,5309187,,5309187,0,TRUE,FALSE
C,A,19630101,1963,52,1963,246,FIN,Finland,X,Export,0,W00,World,0,W00,World,S1,S1,TRUE,5613,Potassic fertilizers and materials,4,FALSE,C00,TOTAL CPC,0,0,TOTAL MOT,8,kg,78,FALSE,-1,N/A,,FALSE,78,FALSE,,FALSE,,3,3,0,TRUE,FALSE
C,A,19630101,1963,52,1963,251,FRA,France,M,Import,0,W00,World,0,W00,World,S1,S1,TRUE,5613,Potassic fertilizers and materials,4,FALSE,C00,TOTAL CPC,0,0,TOTAL MOT,8,kg,54209296,FALSE,-1,N/A,,FALSE,54209296,FALSE,,FALSE,3121290,,3121290,0,TRUE,FALSE
C,A,19630101,1963,52,1963,251,FRA,France,X,Export,0,W00,World,0,W00,World,S1,S1,TRUE,5613,Potassic fertilizers and materials,4,FALSE,C00,TOTAL CPC,0,0,TOTAL MOT,8,kg,1238938624,FALSE,-1,N/A,,FALSE,1238938624,FALSE,,FALSE,,39004760,39004760,0,TRUE,FALSE
C,A,19630101,1963,52,1963,266,GAB,Gabon,M,Import,0,W00,World,0,W00,World,S1,S1,TRUE,5613,Potassic fertilizers and materials,4,FALSE,C00,TOTAL CPC,0,0,TOTAL MOT,8,kg,75648,FALSE,-1,N/A,,FALSE,75648,FALSE,,FALSE,6680,,6680,0,TRUE,FALSE
C,A,19630101,1963,52,1963,280,DEU,Fed. Rep. of Germany (...1990),M,Import,0,W00,World,0,W00,World,S1,S1,TRUE,5613,Potassic fertilizers and materials,4,FALSE,C00,TOTAL CPC,0,0,TOTAL MOT,8,kg,31698710,FALSE,-1,N/A,,TRUE,31698710,FALSE,-1,TRUE,1259000,,1259000,0,FALSE,FALSE
C,A,19630101,1963,52,1963,280,DEU,Fed. Rep. of Germany (...1990),X,Export,0,W00,World,0,W00,World,S1,S1,TRUE,5613,Potassic fertilizers and materials,4,FALSE,C00,TOTAL CPC,0,0,TOTAL MOT,8,kg,1457983360,FALSE,-1,N/A,,TRUE,1457983360,FALSE,-1,TRUE,,48481000,48481000,0,FALSE,FALSE
C,A,19630101,1963,52,1963,288,GHA,Ghana,M,Import,0,W00,World,0,W00,World,S1,S1,TRUE,5613,Potassic fertilizers and materials,4,FALSE,C00,TOTAL CPC,0,0,TOTAL MOT,8,kg,464284,FALSE,-1,N/A,,FALSE,464284,FALSE,,FALSE,21268,,21268,0,TRUE,FALSE
C,A,19630101,1963,52,1963,300,GRC,Greece,M,Import,0,W00,World,0,W00,World,S1,S1,TRUE,5613,Potassic fertilizers and materials,4,FALSE,C00,TOTAL CPC,0,0,TOTAL MOT,8,kg,22550838,FALSE,-1,N/A,,FALSE,22550838,FALSE,,FALSE,1207533,,1207533,0,TRUE,FALSE
C,A,19630101,1963,52,1963,340,HND,Honduras,M,Import,0,W00,World,0,W00,World,S1,S1,TRUE,5613,Potassic fertilizers and materials,4,FALSE,C00,TOTAL CPC,0,0,TOTAL MOT,8,kg,2755420,FALSE,-1,N/A,,FALSE,2755420,FALSE,,FALSE,193219,,193219,0,TRUE,FALSE
C,A,19630101,1963,52,1963,344,HKG,"China, Hong Kong SAR",M,Import,0,W00,World,0,W00,World,S1,S1,TRUE,5613,Potassic fertilizers and materials,4,FALSE,C00,TOTAL CPC,0,0,TOTAL MOT,8,kg,27433,FALSE,-1,N/A,,FALSE,27433,FALSE,,FALSE,1679,,1679,0,TRUE,FALSE
C,A,19630101,1963,52,1963,352,ISL,Iceland,M,Import,0,W00,World,0,W00,World,S1,S1,TRUE,5613,Potassic fertilizers and materials,4,FALSE,C00,TOTAL CPC,0,0,TOTAL MOT,8,kg,4751500,FALSE,-1,N/A,,FALSE,4751500,FALSE,,FALSE,166496,,166496,0,TRUE,FALSE
C,A,19630101,1963,52,1963,356,IND,India (...1974),M,Import,0,W00,World,0,W00,World,S1,S1,TRUE,5613,Potassic fertilizers and materials,4,FALSE,C00,TOTAL CPC,0,0,TOTAL MOT,8,kg,53593000,FALSE,-1,N/A,,FALSE,53593000,FALSE,,FALSE,2776787,,2776787,0,TRUE,FALSE
C,A,19630101,1963,52,1963,356,IND,India (...1974),X,Export,0,W00,World,0,W00,World,S1,S1,TRUE,5613,Potassic fertilizers and materials,4,FALSE,C00,TOTAL CPC,0,0,TOTAL MOT,8,kg,0,FALSE,-1,N/A,,FALSE,,FALSE,,FALSE,,24,24,0,TRUE,FALSE
C,A,19630101,1963,52,1963,364,IRN,Iran,M,Import,0,W00,World,0,W00,World,S1,S1,TRUE,5613,Potassic fertilizers and materials,4,FALSE,C00,TOTAL CPC,0,0,TOTAL MOT,8,kg,700390,FALSE,-1,N/A,,FALSE,700390,FALSE,,FALSE,47778,,47778,0,TRUE,FALSE
C,A,19630101,1963,52,1963,372,IRL,Ireland,M,Import,0,W00,World,0,W00,World,S1,S1,TRUE,5613,Potassic fertilizers and materials,4,FALSE,C00,TOTAL CPC,0,0,TOTAL MOT,8,kg,165801664,FALSE,-1,N/A,,FALSE,165801664,FALSE,,FALSE,7583730,,7583730,0,TRUE,FALSE
C,A,19630101,1963,52,1963,376,ISR,Israel,M,Import,0,W00,World,0,W00,World,S1,S1,TRUE,5613,Potassic fertilizers and materials,4,FALSE,C00,TOTAL CPC,0,0,TOTAL MOT,-1,N/A,0,FALSE,-1,N/A,,FALSE,,FALSE,,FALSE,577,,577,0,TRUE,FALSE
C,A,19630101,1963,52,1963,376,ISR,Israel,X,Export,0,W00,World,0,W00,World,S1,S1,TRUE,5613,Potassic fertilizers and materials,4,FALSE,C00,TOTAL CPC,0,0,TOTAL MOT,-1,N/A,0,FALSE,-1,N/A,,FALSE,,FALSE,,FALSE,,8,8,0,TRUE,FALSE
C,A,19630101,1963,52,1963,380,ITA,Italy,M,Import,0,W00,World,0,W00,World,S1,S1,TRUE,5613,Potassic fertilizers and materials,4,FALSE,C00,TOTAL CPC,0,0,TOTAL MOT,8,kg,140952208,FALSE,-1,N/A,,TRUE,140952208,FALSE,-1,TRUE,5034198,,5034198,0,FALSE,FALSE
C,A,19630101,1963,52,1963,380,ITA,Italy,X,Export,0,W00,World,0,W00,World,S1,S1,TRUE,5613,Potassic fertilizers and materials,4,FALSE,C00,TOTAL CPC,0,0,TOTAL MOT,8,kg,76600920,FALSE,-1,N/A,,TRUE,76600920,FALSE,-1,TRUE,,3276213,3276213,0,FALSE,FALSE
C,A,19630101,1963,52,1963,384,CIV,CÙte d'Ivoire,M,Import,0,W00,World,0,W00,World,S1,S1,TRUE,5613,Potassic fertilizers and materials,4,FALSE,C00,TOTAL CPC,0,0,TOTAL MOT,8,kg,7907425,FALSE,-1,N/A,,FALSE,7907425,FALSE,,FALSE,521841,,521841,0,TRUE,FALSE
C,A,19630101,1963,52,1963,384,CIV,CÙte d'Ivoire,X,Export,0,W00,World,0,W00,World,S1,S1,TRUE,5613,Potassic fertilizers and materials,4,FALSE,C00,TOTAL CPC,0,0,TOTAL MOT,8,kg,16562,FALSE,-1,N/A,,FALSE,16562,FALSE,,FALSE,,1266,1266,0,TRUE,FALSE
C,A,19630101,1963,52,1963,388,JAM,Jamaica,M,Import,0,W00,World,0,W00,World,S1,S1,TRUE,5613,Potassic fertilizers and materials,4,FALSE,C00,TOTAL CPC,0,0,TOTAL MOT,8,kg,6533189,FALSE,-1,N/A,,FALSE,6533189,FALSE,,FALSE,371644,,371644,0,TRUE,FALSE
C,A,19630101,1963,52,1963,392,JPN,Japan,M,Import,0,W00,World,0,W00,World,S1,S1,TRUE,5613,Potassic fertilizers and materials,4,FALSE,C00,TOTAL CPC,0,0,TOTAL MOT,8,kg,1075659008,FALSE,-1,N/A,,FALSE,1075659008,FALSE,,FALSE,42933648,,42933648,0,TRUE,FALSE
C,A,19630101,1963,52,1963,392,JPN,Japan,X,Export,0,W00,World,0,W00,World,S1,S1,TRUE,5613,Potassic fertilizers and materials,4,FALSE,C00,TOTAL CPC,0,0,TOTAL MOT,8,kg,9273000,FALSE,-1,N/A,,FALSE,9273000,FALSE,,FALSE,,439463,439463,0,TRUE,FALSE
C,A,19630101,1963,52,1963,410,KOR,Rep. of Korea,M,Import,0,W00,World,0,W00,World,S1,S1,TRUE,5613,Potassic fertilizers and materials,4,FALSE,C00,TOTAL CPC,0,0,TOTAL MOT,8,kg,54116456,FALSE,-1,N/A,,FALSE,54116456,FALSE,,FALSE,2942471,,2942471,0,TRUE,FALSE
C,A,19630101,1963,52,1963,430,LBR,Liberia,M,Import,0,W00,World,0,W00,World,S1,S1,TRUE,5613,Potassic fertilizers and materials,4,FALSE,C00,TOTAL CPC,0,0,TOTAL MOT,8,kg,23132,FALSE,-1,N/A,,FALSE,23132,FALSE,,FALSE,6000,,6000,0,TRUE,FALSE
C,A,19630101,1963,52,1963,450,MDG,Madagascar,M,Import,0,W00,World,0,W00,World,S1,S1,TRUE,5613,Potassic fertilizers and materials,4,FALSE,C00,TOTAL CPC,0,0,TOTAL MOT,8,kg,705000,FALSE,-1,N/A,,FALSE,705000,FALSE,,FALSE,42581,,42581,0,TRUE,FALSE
C,A,19630101,1963,52,1963,450,MDG,Madagascar,X,Export,0,W00,World,0,W00,World,S1,S1,TRUE,5613,Potassic fertilizers and materials,4,FALSE,C00,TOTAL CPC,0,0,TOTAL MOT,8,kg,1488,FALSE,-1,N/A,,FALSE,1488,FALSE,,FALSE,,211,211,0,TRUE,FALSE
C,A,19630101,1963,52,1963,459,_PM,Peninsula Malaysia (...1963),M,Import,0,W00,World,0,W00,World,S1,S1,TRUE,5613,Potassic fertilizers and materials,4,FALSE,C00,TOTAL CPC,0,0,TOTAL MOT,8,kg,18336472,FALSE,-1,N/A,,FALSE,18336472,FALSE,,FALSE,995073,,995073,0,TRUE,FALSE
C,A,19630101,1963,52,1963,459,_PM,Peninsula Malaysia (...1963),X,Export,0,W00,World,0,W00,World,S1,S1,TRUE,5613,Potassic fertilizers and materials,4,FALSE,C00,TOTAL CPC,0,0,TOTAL MOT,8,kg,17375,FALSE,-1,N/A,,FALSE,17375,FALSE,,FALSE,,1028,1028,0,TRUE,FALSE
C,A,19630101,1963,52,1963,461,_SH,Sabah (...1963),M,Import,0,W00,World,0,W00,World,S1,S1,TRUE,5613,Potassic fertilizers and materials,4,FALSE,C00,TOTAL CPC,0,0,TOTAL MOT,8,kg,9500,FALSE,-1,N/A,,FALSE,9500,FALSE,,FALSE,651,,651,0,TRUE,FALSE
C,A,19630101,1963,52,1963,466,MLI,Mali,M,Import,0,W00,World,0,W00,World,S1,S1,TRUE,5613,Potassic fertilizers and materials,4,FALSE,C00,TOTAL CPC,0,0,TOTAL MOT,8,kg,199,FALSE,-1,N/A,,FALSE,199,FALSE,,FALSE,37,,37,0,TRUE,FALSE
C,A,19630101,1963,52,1963,484,MEX,Mexico,M,Import,0,W00,World,0,W00,World,S1,S1,TRUE,5613,Potassic fertilizers and materials,4,FALSE,C00,TOTAL CPC,0,0,TOTAL MOT,8,kg,24701326,FALSE,-1,N/A,,FALSE,24701326,FALSE,,FALSE,1118577,,1118577,0,TRUE,FALSE
C,A,19630101,1963,52,1963,490,S19,"Other Asia, nes",M,Import,0,W00,World,0,W00,World,S1,S1,TRUE,5613,Potassic fertilizers and materials,4,FALSE,C00,TOTAL CPC,0,0,TOTAL MOT,8,kg,47480000,FALSE,-1,N/A,,FALSE,47480000,FALSE,,FALSE,1841749,,1841749,0,TRUE,FALSE
C,A,19630101,1963,52,1963,504,MAR,Morocco,M,Import,0,W00,World,0,W00,World,S1,S1,TRUE,5613,Potassic fertilizers and materials,4,FALSE,C00,TOTAL CPC,0,0,TOTAL MOT,8,kg,13476858,FALSE,-1,N/A,,FALSE,13476858,FALSE,,FALSE,821668,,821668,0,TRUE,FALSE
C,A,19630101,1963,52,1963,528,NLD,Netherlands,M,Import,0,W00,World,0,W00,World,S1,S1,TRUE,5613,Potassic fertilizers and materials,4,FALSE,C00,TOTAL CPC,0,0,TOTAL MOT,8,kg,218004416,FALSE,-1,N/A,,FALSE,218004416,FALSE,,FALSE,7959582,,7959582,0,TRUE,FALSE
C,A,19630101,1963,52,1963,528,NLD,Netherlands,X,Export,0,W00,World,0,W00,World,S1,S1,TRUE,5613,Potassic fertilizers and materials,4,FALSE,C00,TOTAL CPC,0,0,TOTAL MOT,8,kg,1362264,FALSE,-1,N/A,,FALSE,1362264,FALSE,,FALSE,,67739,67739,0,TRUE,FALSE
C,A,19630101,1963,52,1963,562,NER,Niger,M,Import,0,W00,World,0,W00,World,S1,S1,TRUE,5613,Potassic fertilizers and materials,4,FALSE,C00,TOTAL CPC,0,0,TOTAL MOT,8,kg,1375,FALSE,-1,N/A,,FALSE,1375,FALSE,,FALSE,234,,234,0,TRUE,FALSE
C,A,19630101,1963,52,1963,566,NGA,Nigeria,M,Import,0,W00,World,0,W00,World,S1,S1,TRUE,5613,Potassic fertilizers and materials,4,FALSE,C00,TOTAL CPC,0,0,TOTAL MOT,8,kg,665482,FALSE,-1,N/A,,FALSE,665482,FALSE,,FALSE,54573,,54573,0,TRUE,FALSE
C,A,19630101,1963,52,1963,579,NOR,Norway,M,Import,0,W00,World,0,W00,World,S1,S1,TRUE,5613,Potassic fertilizers and materials,4,FALSE,C00,TOTAL CPC,0,0,TOTAL MOT,8,kg,102540448,FALSE,-1,N/A,,FALSE,102540448,FALSE,,FALSE,4097586,,4097586,0,TRUE,FALSE
C,A,19630101,1963,52,1963,579,NOR,Norway,X,Export,0,W00,World,0,W00,World,S1,S1,TRUE,5613,Potassic fertilizers and materials,4,FALSE,C00,TOTAL CPC,0,0,TOTAL MOT,8,kg,5000,FALSE,-1,N/A,,FALSE,5000,FALSE,,FALSE,,349,349,0,TRUE,FALSE
C,A,19630101,1963,52,1963,588,PAK,East and West Pakistan (...1971),M,Import,0,W00,World,0,W00,World,S1,S1,TRUE,5613,Potassic fertilizers and materials,4,FALSE,C00,TOTAL CPC,0,0,TOTAL MOT,-1,N/A,0,FALSE,-1,N/A,,FALSE,,FALSE,,FALSE,846,,846,0,TRUE,FALSE
C,A,19630101,1963,52,1963,590,PAN,"Panama, excl.Canal Zone (...1977)",M,Import,0,W00,World,0,W00,World,S1,S1,TRUE,5613,Potassic fertilizers and materials,4,FALSE,C00,TOTAL CPC,0,0,TOTAL MOT,8,kg,578609,FALSE,-1,N/A,,FALSE,578609,FALSE,,FALSE,30150,,30150,0,TRUE,FALSE
C,A,19630101,1963,52,1963,604,PER,Peru,M,Import,0,W00,World,0,W00,World,S1,S1,TRUE,5613,Potassic fertilizers and materials,4,FALSE,C00,TOTAL CPC,0,0,TOTAL MOT,8,kg,2369398,FALSE,-1,N/A,,FALSE,2369398,FALSE,,FALSE,131898,,131898,0,TRUE,FALSE
C,A,19630101,1963,52,1963,608,PHL,Philippines,M,Import,0,W00,World,0,W00,World,S1,S1,TRUE,5613,Potassic fertilizers and materials,4,FALSE,C00,TOTAL CPC,0,0,TOTAL MOT,8,kg,13957890,FALSE,-1,N/A,,FALSE,13957890,FALSE,,FALSE,749517,,749517,0,TRUE,FALSE
C,A,19630101,1963,52,1963,620,PRT,Portugal,M,Import,0,W00,World,0,W00,World,S1,S1,TRUE,5613,Potassic fertilizers and materials,4,FALSE,C00,TOTAL CPC,0,0,TOTAL MOT,8,kg,23091292,FALSE,-1,N/A,,FALSE,23091292,FALSE,,FALSE,864241,,864241,0,TRUE,FALSE
C,A,19630101,1963,52,1963,620,PRT,Portugal,X,Export,0,W00,World,0,W00,World,S1,S1,TRUE,5613,Potassic fertilizers and materials,4,FALSE,C00,TOTAL CPC,0,0,TOTAL MOT,8,kg,134800,FALSE,-1,N/A,,FALSE,134800,FALSE,,FALSE,,8241,8241,0,TRUE,FALSE
C,A,19630101,1963,52,1963,686,SEN,Senegal,M,Import,0,W00,World,0,W00,World,S1,S1,TRUE,5613,Potassic fertilizers and materials,4,FALSE,C00,TOTAL CPC,0,0,TOTAL MOT,8,kg,2434812,FALSE,-1,N/A,,FALSE,2434812,FALSE,,FALSE,127666,,127666,0,TRUE,FALSE
C,A,19630101,1963,52,1963,694,SLE,Sierra Leone,M,Import,0,W00,World,0,W00,World,S1,S1,TRUE,5613,Potassic fertilizers and materials,4,FALSE,C00,TOTAL CPC,0,0,TOTAL MOT,8,kg,380000,FALSE,-1,N/A,,FALSE,380000,FALSE,,FALSE,13725,,13725,0,TRUE,FALSE
C,A,19630101,1963,52,1963,702,SGP,Singapore,M,Import,0,W00,World,0,W00,World,S1,S1,TRUE,5613,Potassic fertilizers and materials,4,FALSE,C00,TOTAL CPC,0,0,TOTAL MOT,8,kg,11172858,FALSE,-1,N/A,,FALSE,11172858,FALSE,,FALSE,562751,,562751,0,TRUE,FALSE
C,A,19630101,1963,52,1963,702,SGP,Singapore,X,Export,0,W00,World,0,W00,World,S1,S1,TRUE,5613,Potassic fertilizers and materials,4,FALSE,C00,TOTAL CPC,0,0,TOTAL MOT,8,kg,6896369,FALSE,-1,N/A,,FALSE,6896369,FALSE,,FALSE,,426500,426500,0,TRUE,FALSE
C,A,19630101,1963,52,1963,724,ESP,Spain,M,Import,0,W00,World,0,W00,World,S1,S1,TRUE,5613,Potassic fertilizers and materials,4,FALSE,C00,TOTAL CPC,0,0,TOTAL MOT,8,kg,1150124,FALSE,-1,N/A,,FALSE,1150124,FALSE,,FALSE,62690,,62690,0,TRUE,FALSE
C,A,19630101,1963,52,1963,724,ESP,Spain,X,Export,0,W00,World,0,W00,World,S1,S1,TRUE,5613,Potassic fertilizers and materials,4,FALSE,C00,TOTAL CPC,0,0,TOTAL MOT,8,kg,270093632,FALSE,-1,N/A,,FALSE,270093632,FALSE,,FALSE,,8368561,8368561,0,TRUE,FALSE
C,A,19630101,1963,52,1963,736,SDN,Sudan (...2011),M,Import,0,W00,World,0,W00,World,S1,S1,TRUE,5613,Potassic fertilizers and materials,4,FALSE,C00,TOTAL CPC,0,0,TOTAL MOT,8,kg,7000,FALSE,-1,N/A,,FALSE,7000,FALSE,,FALSE,588,,588,0,TRUE,FALSE
C,A,19630101,1963,52,1963,752,SWE,Sweden,M,Import,0,W00,World,0,W00,World,S1,S1,TRUE,5613,Potassic fertilizers and materials,4,FALSE,C00,TOTAL CPC,0,0,TOTAL MOT,8,kg,158772000,FALSE,-1,N/A,,FALSE,158772000,FALSE,,FALSE,6556572,,6556572,0,TRUE,FALSE
C,A,19630101,1963,52,1963,752,SWE,Sweden,X,Export,0,W00,World,0,W00,World,S1,S1,TRUE,5613,Potassic fertilizers and materials,4,FALSE,C00,TOTAL CPC,0,0,TOTAL MOT,8,kg,2000,FALSE,-1,N/A,,FALSE,2000,FALSE,,FALSE,,367,367,0,TRUE,FALSE
C,A,19630101,1963,52,1963,757,CHE,Switzerland,M,Import,0,W00,World,0,W00,World,S1,S1,TRUE,5613,Potassic fertilizers and materials,4,FALSE,C00,TOTAL CPC,0,0,TOTAL MOT,8,kg,1450375,FALSE,-1,N/A,,FALSE,1450375,FALSE,,FALSE,97011,,97011,0,TRUE,FALSE
C,A,19630101,1963,52,1963,757,CHE,Switzerland,X,Export,0,W00,World,0,W00,World,S1,S1,TRUE,5613,Potassic fertilizers and materials,4,FALSE,C00,TOTAL CPC,0,0,TOTAL MOT,8,kg,977,FALSE,-1,N/A,,FALSE,977,FALSE,,FALSE,,625,625,0,TRUE,FALSE
C,A,19630101,1963,52,1963,764,THA,Thailand,M,Import,0,W00,World,0,W00,World,S1,S1,TRUE,5613,Potassic fertilizers and materials,4,FALSE,C00,TOTAL CPC,0,0,TOTAL MOT,8,kg,2005698,FALSE,-1,N/A,,FALSE,2005698,FALSE,,FALSE,117607,,117607,0,TRUE,FALSE
C,A,19630101,1963,52,1963,764,THA,Thailand,X,Export,0,W00,World,0,W00,World,S1,S1,TRUE,5613,Potassic fertilizers and materials,4,FALSE,C00,TOTAL CPC,0,0,TOTAL MOT,8,kg,250,FALSE,-1,N/A,,FALSE,250,FALSE,,FALSE,,14,14,0,TRUE,FALSE
C,A,19630101,1963,52,1963,768,TGO,Togo,M,Import,0,W00,World,0,W00,World,S1,S1,TRUE,5613,Potassic fertilizers and materials,4,FALSE,C00,TOTAL CPC,0,0,TOTAL MOT,8,kg,21949,FALSE,-1,N/A,,FALSE,21949,FALSE,,FALSE,843,,843,0,TRUE,FALSE
C,A,19630101,1963,52,1963,768,TGO,Togo,X,Export,0,W00,World,0,W00,World,S1,S1,TRUE,5613,Potassic fertilizers and materials,4,FALSE,C00,TOTAL CPC,0,0,TOTAL MOT,8,kg,93492,FALSE,-1,N/A,,FALSE,93492,FALSE,,FALSE,,4544,4544,0,TRUE,FALSE
C,A,19630101,1963,52,1963,788,TUN,Tunisia,M,Import,0,W00,World,0,W00,World,S1,S1,TRUE,5613,Potassic fertilizers and materials,4,FALSE,C00,TOTAL CPC,0,0,TOTAL MOT,8,kg,5144710,FALSE,-1,N/A,,FALSE,5144710,FALSE,,FALSE,303972,,303972,0,TRUE,FALSE
C,A,19630101,1963,52,1963,792,TUR,TÅEkiye,M,Import,0,W00,World,0,W00,World,S1,S1,TRUE,5613,Potassic fertilizers and materials,4,FALSE,C00,TOTAL CPC,0,0,TOTAL MOT,8,kg,579438,FALSE,-1,N/A,,FALSE,579438,FALSE,,FALSE,34382,,34382,0,TRUE,FALSE
C,A,19630101,1963,52,1963,826,GBR,United Kingdom,M,Import,0,W00,World,0,W00,World,S1,S1,TRUE,5613,Potassic fertilizers and materials,4,FALSE,C00,TOTAL CPC,0,0,TOTAL MOT,8,kg,737585088,FALSE,-1,N/A,,FALSE,737585088,FALSE,,FALSE,29757738,,29757738,0,TRUE,FALSE
C,A,19630101,1963,52,1963,826,GBR,United Kingdom,X,Export,0,W00,World,0,W00,World,S1,S1,TRUE,5613,Potassic fertilizers and materials,4,FALSE,C00,TOTAL CPC,0,0,TOTAL MOT,8,kg,2232249,FALSE,-1,N/A,,FALSE,2232249,FALSE,,FALSE,,160484,160484,0,TRUE,FALSE
C,A,19630101,1963,52,1963,841,USA,USA and Puerto Rico (...1980),M,Import,0,W00,World,0,W00,World,S1,S1,TRUE,5613,Potassic fertilizers and materials,4,FALSE,C00,TOTAL CPC,0,0,TOTAL MOT,8,kg,335852192,FALSE,-1,N/A,,FALSE,335852192,FALSE,,FALSE,9966746,,9966746,0,TRUE,FALSE
C,A,19630101,1963,52,1963,841,USA,USA and Puerto Rico (...1980),X,Export,0,W00,World,0,W00,World,S1,S1,TRUE,5613,Potassic fertilizers and materials,4,FALSE,C00,TOTAL CPC,0,0,TOTAL MOT,8,kg,602630400,FALSE,-1,N/A,,FALSE,602630400,FALSE,,FALSE,,20420792,20420792,0,TRUE,FALSE
C,A,19630101,1963,52,1963,854,BFA,Burkina Faso,M,Import,0,W00,World,0,W00,World,S1,S1,TRUE,5613,Potassic fertilizers and materials,4,FALSE,C00,TOTAL CPC,0,0,TOTAL MOT,8,kg,79386,FALSE,-1,N/A,,FALSE,79386,FALSE,,FALSE,7742,,7742,0,TRUE,FALSE
C,A,19630101,1963,52,1963,862,VEN,Venezuela,M,Import,0,W00,World,0,W00,World,S1,S1,TRUE,5613,Potassic fertilizers and materials,4,FALSE,C00,TOTAL CPC,0,0,TOTAL MOT,8,kg,6690831,FALSE,-1,N/A,,FALSE,6690831,FALSE,,FALSE,605779,,605779,0,TRUE,FALSE
C,A,19630101,1963,52,1963,868,VNM,Rep. of Vietnam (...1974),M,Import,0,W00,World,0,W00,World,S1,S1,TRUE,5613,Potassic fertilizers and materials,4,FALSE,C00,TOTAL CPC,0,0,TOTAL MOT,8,kg,11786019,FALSE,-1,N/A,,FALSE,11786019,FALSE,,FALSE,846724,,846724,0,TRUE,FALSE
C,A,19630101,1963,52,1963,890,YUG,Yugoslavia (...1991),M,Import,0,W00,World,0,W00,World,S1,S1,TRUE,5613,Potassic fertilizers and materials,4,FALSE,C00,TOTAL CPC,0,0,TOTAL MOT,8,kg,316134240,FALSE,-1,N/A,,FALSE,316134240,FALSE,,FALSE,10537975,,10537975,0,TRUE,FALSE
C,A,19640101,1964,52,1964,36,AUS,Australia,M,Import,0,W00,World,0,W00,World,S1,S1,TRUE,5613,Potassic fertilizers and materials,4,FALSE,C00,TOTAL CPC,0,0,TOTAL MOT,-1,N/A,0,FALSE,-1,N/A,,FALSE,,FALSE,,FALSE,3630587,,3630587,0,TRUE,FALSE
C,A,19640101,1964,52,1964,58,BEL,Belgium-Luxembourg (...1998),M,Import,0,W00,World,0,W00,World,S1,S1,TRUE,5613,Potassic fertilizers and materials,4,FALSE,C00,TOTAL CPC,0,0,TOTAL MOT,8,kg,1296994560,FALSE,-1,N/A,,FALSE,1296994560,FALSE,,FALSE,41358172,,41358172,0,TRUE,FALSE
C,A,19640101,1964,52,1964,58,BEL,Belgium-Luxembourg (...1998),X,Export,0,W00,World,0,W00,World,S1,S1,TRUE,5613,Potassic fertilizers and materials,4,FALSE,C00,TOTAL CPC,0,0,TOTAL MOT,8,kg,979880448,FALSE,-1,N/A,,FALSE,979880448,FALSE,,FALSE,,38733992,38733992,0,TRUE,FALSE
C,A,19640101,1964,52,1964,76,BRA,Brazil,M,Import,0,W00,World,0,W00,World,S1,S1,TRUE,5613,Potassic fertilizers and materials,4,FALSE,C00,TOTAL CPC,0,0,TOTAL MOT,8,kg,115202288,FALSE,-1,N/A,,FALSE,115202288,FALSE,,FALSE,5695714,,5695714,0,TRUE,FALSE
C,A,19640101,1964,52,1964,104,MMR,Myanmar,M,Import,0,W00,World,0,W00,World,S1,S1,TRUE,5613,Potassic fertilizers and materials,4,FALSE,C00,TOTAL CPC,0,0,TOTAL MOT,8,kg,356625,FALSE,-1,N/A,,FALSE,356625,FALSE,,FALSE,20772,,20772,0,TRUE,FALSE
C,A,19640101,1964,52,1964,116,KHM,Cambodia,M,Import,0,W00,World,0,W00,World,S1,S1,TRUE,5613,Potassic fertilizers and materials,4,FALSE,C00,TOTAL CPC,0,0,TOTAL MOT,8,kg,225101,FALSE,-1,N/A,,FALSE,225101,FALSE,,FALSE,17486,,17486,0,TRUE,FALSE
C,A,19640101,1964,52,1964,120,CMR,Cameroon,M,Import,0,W00,World,0,W00,World,S1,S1,TRUE,5613,Potassic fertilizers and materials,4,FALSE,C00,TOTAL CPC,0,0,TOTAL MOT,8,kg,4586187,FALSE,-1,N/A,,FALSE,4586187,FALSE,,FALSE,285242,,285242,0,TRUE,FALSE
C,A,19640101,1964,52,1964,120,CMR,Cameroon,X,Export,0,W00,World,0,W00,World,S1,S1,TRUE,5613,Potassic fertilizers and materials,4,FALSE,C00,TOTAL CPC,0,0,TOTAL MOT,8,kg,796,FALSE,-1,N/A,,FALSE,796,FALSE,,FALSE,,3082,3082,0,TRUE,FALSE
C,A,19640101,1964,52,1964,124,CAN,Canada,M,Import,0,W00,World,0,W00,World,S1,S1,TRUE,5613,Potassic fertilizers and materials,4,FALSE,C00,TOTAL CPC,0,0,TOTAL MOT,8,kg,84186296,FALSE,-1,N/A,,FALSE,84186296,FALSE,,FALSE,2668776,,2668776,0,TRUE,FALSE
C,A,19640101,1964,52,1964,140,CAF,Central African Rep.,M,Import,0,W00,World,0,W00,World,S1,S1,TRUE,5613,Potassic fertilizers and materials,4,FALSE,C00,TOTAL CPC,0,0,TOTAL MOT,8,kg,1203875,FALSE,-1,N/A,,FALSE,1203875,FALSE,,FALSE,89251,,89251,0,TRUE,FALSE
C,A,19640101,1964,52,1964,144,LKA,Sri Lanka,M,Import,0,W00,World,0,W00,World,S1,S1,TRUE,5613,Potassic fertilizers and materials,4,FALSE,C00,TOTAL CPC,0,0,TOTAL MOT,8,kg,50939852,FALSE,-1,N/A,,FALSE,50939852,FALSE,,FALSE,2965244,,2965244,0,TRUE,FALSE
C,A,19640101,1964,52,1964,152,CHL,Chile,M,Import,0,W00,World,0,W00,World,S1,S1,TRUE,5613,Potassic fertilizers and materials,4,FALSE,C00,TOTAL CPC,0,0,TOTAL MOT,8,kg,41690284,FALSE,-1,N/A,,FALSE,41690284,FALSE,,FALSE,2129195,,2129195,0,TRUE,FALSE
C,A,19640101,1964,52,1964,170,COL,Colombia,M,Import,0,W00,World,0,W00,World,S1,S1,TRUE,5613,Potassic fertilizers and materials,4,FALSE,C00,TOTAL CPC,0,0,TOTAL MOT,8,kg,46629732,FALSE,-1,N/A,,FALSE,46629732,FALSE,,FALSE,2049146,,2049146,0,TRUE,FALSE
C,A,19640101,1964,52,1964,178,COG,Congo,M,Import,0,W00,World,0,W00,World,S1,S1,TRUE,5613,Potassic fertilizers and materials,4,FALSE,C00,TOTAL CPC,0,0,TOTAL MOT,8,kg,2430437,FALSE,-1,N/A,,FALSE,2430437,FALSE,,FALSE,133780,,133780,0,TRUE,FALSE
C,A,19640101,1964,52,1964,204,BEN,Benin,M,Import,0,W00,World,0,W00,World,S1,S1,TRUE,5613,Potassic fertilizers and materials,4,FALSE,C00,TOTAL CPC,0,0,TOTAL MOT,8,kg,74800,FALSE,-1,N/A,,FALSE,74800,FALSE,,FALSE,5217,,5217,0,TRUE,FALSE
C,A,19640101,1964,52,1964,208,DNK,Denmark,M,Import,0,W00,World,0,W00,World,S1,S1,TRUE,5613,Potassic fertilizers and materials,4,FALSE,C00,TOTAL CPC,0,0,TOTAL MOT,8,kg,286245184,FALSE,-1,N/A,,FALSE,286245184,FALSE,,FALSE,10219714,,10219714,0,TRUE,FALSE
C,A,19640101,1964,52,1964,208,DNK,Denmark,X,Export,0,W00,World,0,W00,World,S1,S1,TRUE,5613,Potassic fertilizers and materials,4,FALSE,C00,TOTAL CPC,0,0,TOTAL MOT,8,kg,156,FALSE,-1,N/A,,FALSE,156,FALSE,,FALSE,,72,72,0,TRUE,FALSE
C,A,19640101,1964,52,1964,218,ECU,Ecuador,M,Import,0,W00,World,0,W00,World,S1,S1,TRUE,5613,Potassic fertilizers and materials,4,FALSE,C00,TOTAL CPC,0,0,TOTAL MOT,8,kg,5222163,FALSE,-1,N/A,,FALSE,5222163,FALSE,,FALSE,469177,,469177,0,TRUE,FALSE
C,A,19640101,1964,52,1964,222,SLV,El Salvador,M,Import,0,W00,World,0,W00,World,S1,S1,TRUE,5613,Potassic fertilizers and materials,4,FALSE,C00,TOTAL CPC,0,0,TOTAL MOT,8,kg,438048,FALSE,-1,N/A,,FALSE,438048,FALSE,,FALSE,24861,,24861,0,TRUE,FALSE
C,A,19640101,1964,52,1964,222,SLV,El Salvador,X,Export,0,W00,World,0,W00,World,S1,S1,TRUE,5613,Potassic fertilizers and materials,4,FALSE,C00,TOTAL CPC,0,0,TOTAL MOT,8,kg,2125,FALSE,-1,N/A,,FALSE,2125,FALSE,,FALSE,,759,759,0,TRUE,FALSE
C,A,19640101,1964,52,1964,246,FIN,Finland,M,Import,0,W00,World,0,W00,World,S1,S1,TRUE,5613,Potassic fertilizers and materials,4,FALSE,C00,TOTAL CPC,0,0,TOTAL MOT,8,kg,173938368,FALSE,-1,N/A,,FALSE,173938368,FALSE,,FALSE,6482528,,6482528,0,TRUE,FALSE
C,A,19640101,1964,52,1964,251,FRA,France,M,Import,0,W00,World,0,W00,World,S1,S1,TRUE,5613,Potassic fertilizers and materials,4,FALSE,C00,TOTAL CPC,0,0,TOTAL MOT,8,kg,64209088,FALSE,-1,N/A,,FALSE,64209088,FALSE,,FALSE,3514234,,3514234,0,TRUE,FALSE
C,A,19640101,1964,52,1964,251,FRA,France,X,Export,0,W00,World,0,W00,World,S1,S1,TRUE,5613,Potassic fertilizers and materials,4,FALSE,C00,TOTAL CPC,0,0,TOTAL MOT,8,kg,1403258624,FALSE,-1,N/A,,FALSE,1403258624,FALSE,,FALSE,,43856036,43856036,0,TRUE,FALSE
C,A,19640101,1964,52,1964,266,GAB,Gabon,M,Import,0,W00,World,0,W00,World,S1,S1,TRUE,5613,Potassic fertilizers and materials,4,FALSE,C00,TOTAL CPC,0,0,TOTAL MOT,8,kg,831,FALSE,-1,N/A,,FALSE,831,FALSE,,FALSE,315,,315,0,TRUE,FALSE
C,A,19640101,1964,52,1964,280,DEU,Fed. Rep. of Germany (...1990),M,Import,0,W00,World,0,W00,World,S1,S1,TRUE,5613,Potassic fertilizers and materials,4,FALSE,C00,TOTAL CPC,0,0,TOTAL MOT,8,kg,27932024,FALSE,-1,N/A,,TRUE,27932024,FALSE,-1,TRUE,1158000,,1158000,0,FALSE,FALSE
C,A,19640101,1964,52,1964,280,DEU,Fed. Rep. of Germany (...1990),X,Export,0,W00,World,0,W00,World,S1,S1,TRUE,5613,Potassic fertilizers and materials,4,FALSE,C00,TOTAL CPC,0,0,TOTAL MOT,8,kg,1472505600,FALSE,-1,N/A,,TRUE,1472505600,FALSE,-1,TRUE,,48639000,48639000,0,FALSE,FALSE
C,A,19640101,1964,52,1964,288,GHA,Ghana,M,Import,0,W00,World,0,W00,World,S1,S1,TRUE,5613,Potassic fertilizers and materials,4,FALSE,C00,TOTAL CPC,0,0,TOTAL MOT,8,kg,969361,FALSE,-1,N/A,,FALSE,969361,FALSE,,FALSE,65304,,65304,0,TRUE,FALSE
C,A,19640101,1964,52,1964,300,GRC,Greece,M,Import,0,W00,World,0,W00,World,S1,S1,TRUE,5613,Potassic fertilizers and materials,4,FALSE,C00,TOTAL CPC,0,0,TOTAL MOT,8,kg,19541580,FALSE,-1,N/A,,FALSE,19541580,FALSE,,FALSE,1021939,,1021939,0,TRUE,FALSE
C,A,19640101,1964,52,1964,340,HND,Honduras,M,Import,0,W00,World,0,W00,World,S1,S1,TRUE,5613,Potassic fertilizers and materials,4,FALSE,C00,TOTAL CPC,0,0,TOTAL MOT,8,kg,8849433,FALSE,-1,N/A,,FALSE,8849433,FALSE,,FALSE,695614,,695614,0,TRUE,FALSE
C,A,19640101,1964,52,1964,344,HKG,"China, Hong Kong SAR",M,Import,0,W00,World,0,W00,World,S1,S1,TRUE,5613,Potassic fertilizers and materials,4,FALSE,C00,TOTAL CPC,0,0,TOTAL MOT,8,kg,18847,FALSE,-1,N/A,,FALSE,18847,FALSE,,FALSE,1427,,1427,0,TRUE,FALSE
C,A,19640101,1964,52,1964,344,HKG,"China, Hong Kong SAR",X,Export,0,W00,World,0,W00,World,S1,S1,TRUE,5613,Potassic fertilizers and materials,4,FALSE,C00,TOTAL CPC,0,0,TOTAL MOT,8,kg,355,FALSE,-1,N/A,,FALSE,355,FALSE,,FALSE,,114,114,0,TRUE,FALSE
C,A,19640101,1964,52,1964,352,ISL,Iceland,M,Import,0,W00,World,0,W00,World,S1,S1,TRUE,5613,Potassic fertilizers and materials,4,FALSE,C00,TOTAL CPC,0,0,TOTAL MOT,8,kg,8158612,FALSE,-1,N/A,,FALSE,8158612,FALSE,,FALSE,412047,,412047,0,TRUE,FALSE
C,A,19640101,1964,52,1964,356,IND,India (...1974),M,Import,0,W00,World,0,W00,World,S1,S1,TRUE,5613,Potassic fertilizers and materials,4,FALSE,C00,TOTAL CPC,0,0,TOTAL MOT,8,kg,93065000,FALSE,-1,N/A,,FALSE,93065000,FALSE,,FALSE,4732999,,4732999,0,TRUE,FALSE
C,A,19640101,1964,52,1964,356,IND,India (...1974),X,Export,0,W00,World,0,W00,World,S1,S1,TRUE,5613,Potassic fertilizers and materials,4,FALSE,C00,TOTAL CPC,0,0,TOTAL MOT,-1,N/A,0,FALSE,-1,N/A,,FALSE,,FALSE,,FALSE,,548,548,0,TRUE,FALSE
C,A,19640101,1964,52,1964,364,IRN,Iran,M,Import,0,W00,World,0,W00,World,S1,S1,TRUE,5613,Potassic fertilizers and materials,4,FALSE,C00,TOTAL CPC,0,0,TOTAL MOT,8,kg,1500761,FALSE,-1,N/A,,FALSE,1500761,FALSE,,FALSE,94267,,94267,0,TRUE,FALSE
C,A,19640101,1964,52,1964,372,IRL,Ireland,M,Import,0,W00,World,0,W00,World,S1,S1,TRUE,5613,Potassic fertilizers and materials,4,FALSE,C00,TOTAL CPC,0,0,TOTAL MOT,8,kg,161876608,FALSE,-1,N/A,,FALSE,161876608,FALSE,,FALSE,7451630,,7451630,0,TRUE,FALSE
C,A,19640101,1964,52,1964,376,ISR,Israel,M,Import,0,W00,World,0,W00,World,S1,S1,TRUE,5613,Potassic fertilizers and materials,4,FALSE,C00,TOTAL CPC,0,0,TOTAL MOT,-1,N/A,0,FALSE,-1,N/A,,FALSE,,FALSE,,FALSE,844,,844,0,TRUE,FALSE
C,A,19640101,1964,52,1964,376,ISR,Israel,X,Export,0,W00,World,0,W00,World,S1,S1,TRUE,5613,Potassic fertilizers and materials,4,FALSE,C00,TOTAL CPC,0,0,TOTAL MOT,-1,N/A,0,FALSE,-1,N/A,,FALSE,,FALSE,,FALSE,,7978109,7978109,0,TRUE,FALSE
C,A,19640101,1964,52,1964,380,ITA,Italy,M,Import,0,W00,World,0,W00,World,S1,S1,TRUE,5613,Potassic fertilizers and materials,4,FALSE,C00,TOTAL CPC,0,0,TOTAL MOT,8,kg,180619200,FALSE,-1,N/A,,TRUE,180619200,FALSE,-1,TRUE,6417518,,6417518,0,FALSE,FALSE
C,A,19640101,1964,52,1964,380,ITA,Italy,X,Export,0,W00,World,0,W00,World,S1,S1,TRUE,5613,Potassic fertilizers and materials,4,FALSE,C00,TOTAL CPC,0,0,TOTAL MOT,8,kg,113978872,FALSE,-1,N/A,,TRUE,113978872,FALSE,-1,TRUE,,4632652,4632652,0,FALSE,FALSE
C,A,19640101,1964,52,1964,384,CIV,CÙte d'Ivoire,M,Import,0,W00,World,0,W00,World,S1,S1,TRUE,5613,Potassic fertilizers and materials,4,FALSE,C00,TOTAL CPC,0,0,TOTAL MOT,8,kg,12647143,FALSE,-1,N/A,,FALSE,12647143,FALSE,,FALSE,892584,,892584,0,TRUE,FALSE
C,A,19640101,1964,52,1964,384,CIV,CÙte d'Ivoire,X,Export,0,W00,World,0,W00,World,S1,S1,TRUE,5613,Potassic fertilizers and materials,4,FALSE,C00,TOTAL CPC,0,0,TOTAL MOT,8,kg,85089,FALSE,-1,N/A,,FALSE,85089,FALSE,,FALSE,,6819,6819,0,TRUE,FALSE
C,A,19640101,1964,52,1964,392,JPN,Japan,M,Import,0,W00,World,0,W00,World,S1,S1,TRUE,5613,Potassic fertilizers and materials,4,FALSE,C00,TOTAL CPC,0,0,TOTAL MOT,8,kg,1072902976,FALSE,-1,N/A,,FALSE,1072902976,FALSE,,FALSE,43024892,,43024892,0,TRUE,FALSE
C,A,19640101,1964,52,1964,392,JPN,Japan,X,Export,0,W00,World,0,W00,World,S1,S1,TRUE,5613,Potassic fertilizers and materials,4,FALSE,C00,TOTAL CPC,0,0,TOTAL MOT,8,kg,10478000,FALSE,-1,N/A,,FALSE,10478000,FALSE,,FALSE,,468583,468583,0,TRUE,FALSE
C,A,19640101,1964,52,1964,400,JOR,Jordan,X,Export,0,W00,World,0,W00,World,S1,S1,TRUE,5613,Potassic fertilizers and materials,4,FALSE,C00,TOTAL CPC,0,0,TOTAL MOT,8,kg,2000,FALSE,-1,N/A,,FALSE,2000,FALSE,,FALSE,,50,50,0,TRUE,FALSE
C,A,19640101,1964,52,1964,410,KOR,Rep. of Korea,M,Import,0,W00,World,0,W00,World,S1,S1,TRUE,5613,Potassic fertilizers and materials,4,FALSE,C00,TOTAL CPC,0,0,TOTAL MOT,8,kg,10037929,FALSE,-1,N/A,,FALSE,10037929,FALSE,,FALSE,573606,,573606,0,TRUE,FALSE
C,A,19640101,1964,52,1964,418,LAO,Lao People's Dem. Rep.,M,Import,0,W00,World,0,W00,World,S1,S1,TRUE,5613,Potassic fertilizers and materials,4,FALSE,C00,TOTAL CPC,0,0,TOTAL MOT,8,kg,97,FALSE,-1,N/A,,FALSE,97,FALSE,,FALSE,4,,4,0,TRUE,FALSE
C,A,19640101,1964,52,1964,450,MDG,Madagascar,M,Import,0,W00,World,0,W00,World,S1,S1,TRUE,5613,Potassic fertilizers and materials,4,FALSE,C00,TOTAL CPC,0,0,TOTAL MOT,8,kg,744908,FALSE,-1,N/A,,FALSE,744908,FALSE,,FALSE,45448,,45448,0,TRUE,FALSE
C,A,19640101,1964,52,1964,450,MDG,Madagascar,X,Export,0,W00,World,0,W00,World,S1,S1,TRUE,5613,Potassic fertilizers and materials,4,FALSE,C00,TOTAL CPC,0,0,TOTAL MOT,8,kg,97,FALSE,-1,N/A,,FALSE,97,FALSE,,FALSE,,12,12,0,TRUE,FALSE
C,A,19640101,1964,52,1964,458,MYS,Malaysia,M,Import,0,W00,World,0,W00,World,S1,S1,TRUE,5613,Potassic fertilizers and materials,4,FALSE,C00,TOTAL CPC,0,0,TOTAL MOT,8,kg,23802196,FALSE,-1,N/A,,FALSE,23802196,FALSE,,FALSE,1270074,,1270074,0,TRUE,FALSE
C,A,19640101,1964,52,1964,458,MYS,Malaysia,X,Export,0,W00,World,0,W00,World,S1,S1,TRUE,5613,Potassic fertilizers and materials,4,FALSE,C00,TOTAL CPC,0,0,TOTAL MOT,8,kg,16976,FALSE,-1,N/A,,FALSE,16976,FALSE,,FALSE,,1231,1231,0,TRUE,FALSE
C,A,19640101,1964,52,1964,466,MLI,Mali,M,Import,0,W00,World,0,W00,World,S1,S1,TRUE,5613,Potassic fertilizers and materials,4,FALSE,C00,TOTAL CPC,0,0,TOTAL MOT,8,kg,10000,FALSE,-1,N/A,,FALSE,10000,FALSE,,FALSE,607,,607,0,TRUE,FALSE
C,A,19640101,1964,52,1964,484,MEX,Mexico,M,Import,0,W00,World,0,W00,World,S1,S1,TRUE,5613,Potassic fertilizers and materials,4,FALSE,C00,TOTAL CPC,0,0,TOTAL MOT,8,kg,32733398,FALSE,-1,N/A,,FALSE,32733398,FALSE,,FALSE,1163814,,1163814,0,TRUE,FALSE
C,A,19640101,1964,52,1964,490,S19,"Other Asia, nes",M,Import,0,W00,World,0,W00,World,S1,S1,TRUE,5613,Potassic fertilizers and materials,4,FALSE,C00,TOTAL CPC,0,0,TOTAL MOT,8,kg,94481928,FALSE,-1,N/A,,FALSE,94481928,FALSE,,FALSE,3784383,,3784383,0,TRUE,FALSE
C,A,19640101,1964,52,1964,504,MAR,Morocco,M,Import,0,W00,World,0,W00,World,S1,S1,TRUE,5613,Potassic fertilizers and materials,4,FALSE,C00,TOTAL CPC,0,0,TOTAL MOT,8,kg,11628194,FALSE,-1,N/A,,FALSE,11628194,FALSE,,FALSE,685792,,685792,0,TRUE,FALSE
C,A,19640101,1964,52,1964,504,MAR,Morocco,X,Export,0,W00,World,0,W00,World,S1,S1,TRUE,5613,Potassic fertilizers and materials,4,FALSE,C00,TOTAL CPC,0,0,TOTAL MOT,8,kg,1000,FALSE,-1,N/A,,FALSE,1000,FALSE,,FALSE,,19,19,0,TRUE,FALSE
C,A,19640101,1964,52,1964,528,NLD,Netherlands,M,Import,0,W00,World,0,W00,World,S1,S1,TRUE,5613,Potassic fertilizers and materials,4,FALSE,C00,TOTAL CPC,0,0,TOTAL MOT,8,kg,402173056,FALSE,-1,N/A,,FALSE,402173056,FALSE,,FALSE,13489021,,13489021,0,TRUE,FALSE
C,A,19640101,1964,52,1964,528,NLD,Netherlands,X,Export,0,W00,World,0,W00,World,S1,S1,TRUE,5613,Potassic fertilizers and materials,4,FALSE,C00,TOTAL CPC,0,0,TOTAL MOT,8,kg,1038147,FALSE,-1,N/A,,FALSE,1038147,FALSE,,FALSE,,55096,55096,0,TRUE,FALSE
C,A,19640101,1964,52,1964,554,NZL,New Zealand,M,Import,0,W00,World,0,W00,World,S1,S1,TRUE,5613,Potassic fertilizers and materials,4,FALSE,C00,TOTAL CPC,0,0,TOTAL MOT,8,kg,130779464,FALSE,-1,N/A,,FALSE,130779464,FALSE,,FALSE,5402506,,5402506,0,TRUE,FALSE
C,A,19640101,1964,52,1964,554,NZL,New Zealand,X,Export,0,W00,World,0,W00,World,S1,S1,TRUE,5613,Potassic fertilizers and materials,4,FALSE,C00,TOTAL CPC,0,0,TOTAL MOT,8,kg,89413,FALSE,-1,N/A,,FALSE,89413,FALSE,,FALSE,,6068,6068,0,TRUE,FALSE
C,A,19640101,1964,52,1964,562,NER,Niger,M,Import,0,W00,World,0,W00,World,S1,S1,TRUE,5613,Potassic fertilizers and materials,4,FALSE,C00,TOTAL CPC,0,0,TOTAL MOT,8,kg,386,FALSE,-1,N/A,,FALSE,386,FALSE,,FALSE,40,,40,0,TRUE,FALSE
C,A,19640101,1964,52,1964,566,NGA,Nigeria,M,Import,0,W00,World,0,W00,World,S1,S1,TRUE,5613,Potassic fertilizers and materials,4,FALSE,C00,TOTAL CPC,0,0,TOTAL MOT,8,kg,848388,FALSE,-1,N/A,,FALSE,848388,FALSE,,FALSE,96459,,96459,0,TRUE,FALSE
C,A,19640101,1964,52,1964,579,NOR,Norway,M,Import,0,W00,World,0,W00,World,S1,S1,TRUE,5613,Potassic fertilizers and materials,4,FALSE,C00,TOTAL CPC,0,0,TOTAL MOT,8,kg,120793928,FALSE,-1,N/A,,FALSE,120793928,FALSE,,FALSE,4852655,,4852655,0,TRUE,FALSE
C,A,19640101,1964,52,1964,579,NOR,Norway,X,Export,0,W00,World,0,W00,World,S1,S1,TRUE,5613,Potassic fertilizers and materials,4,FALSE,C00,TOTAL CPC,0,0,TOTAL MOT,8,kg,4222,FALSE,-1,N/A,,FALSE,4222,FALSE,,FALSE,,171,171,0,TRUE,FALSE
C,A,19640101,1964,52,1964,588,PAK,East and West Pakistan (...1971),M,Import,0,W00,World,0,W00,World,S1,S1,TRUE,5613,Potassic fertilizers and materials,4,FALSE,C00,TOTAL CPC,0,0,TOTAL MOT,-1,N/A,0,FALSE,-1,N/A,,FALSE,,FALSE,,FALSE,637484,,637484,0,TRUE,FALSE
C,A,19640101,1964,52,1964,590,PAN,"Panama, excl.Canal Zone (...1977)",M,Import,0,W00,World,0,W00,World,S1,S1,TRUE,5613,Potassic fertilizers and materials,4,FALSE,C00,TOTAL CPC,0,0,TOTAL MOT,8,kg,509331,FALSE,-1,N/A,,FALSE,509331,FALSE,,FALSE,46046,,46046,0,TRUE,FALSE
C,A,19640101,1964,52,1964,604,PER,Peru,M,Import,0,W00,World,0,W00,World,S1,S1,TRUE,5613,Potassic fertilizers and materials,4,FALSE,C00,TOTAL CPC,0,0,TOTAL MOT,8,kg,1808749,FALSE,-1,N/A,,FALSE,1808749,FALSE,,FALSE,116898,,116898,0,TRUE,FALSE
C,A,19640101,1964,52,1964,608,PHL,Philippines,M,Import,0,W00,World,0,W00,World,S1,S1,TRUE,5613,Potassic fertilizers and materials,4,FALSE,C00,TOTAL CPC,0,0,TOTAL MOT,8,kg,15300289,FALSE,-1,N/A,,FALSE,15300289,FALSE,,FALSE,787712,,787712,0,TRUE,FALSE
C,A,19640101,1964,52,1964,620,PRT,Portugal,M,Import,0,W00,World,0,W00,World,S1,S1,TRUE,5613,Potassic fertilizers and materials,4,FALSE,C00,TOTAL CPC,0,0,TOTAL MOT,8,kg,24538698,FALSE,-1,N/A,,FALSE,24538698,FALSE,,FALSE,945981,,945981,0,TRUE,FALSE
C,A,19640101,1964,52,1964,620,PRT,Portugal,X,Export,0,W00,World,0,W00,World,S1,S1,TRUE,5613,Potassic fertilizers and materials,4,FALSE,C00,TOTAL CPC,0,0,TOTAL MOT,8,kg,535101,FALSE,-1,N/A,,FALSE,535101,FALSE,,FALSE,,33842,33842,0,TRUE,FALSE
C,A,19640101,1964,52,1964,686,SEN,Senegal,M,Import,0,W00,World,0,W00,World,S1,S1,TRUE,5613,Potassic fertilizers and materials,4,FALSE,C00,TOTAL CPC,0,0,TOTAL MOT,8,kg,5604812,FALSE,-1,N/A,,FALSE,5604812,FALSE,,FALSE,321296,,321296,0,TRUE,FALSE
C,A,19640101,1964,52,1964,702,SGP,Singapore,M,Import,0,W00,World,0,W00,World,S1,S1,TRUE,5613,Potassic fertilizers and materials,4,FALSE,C00,TOTAL CPC,0,0,TOTAL MOT,8,kg,10292463,FALSE,-1,N/A,,FALSE,10292463,FALSE,,FALSE,502990,,502990,0,TRUE,FALSE
C,A,19640101,1964,52,1964,702,SGP,Singapore,X,Export,0,W00,World,0,W00,World,S1,S1,TRUE,5613,Potassic fertilizers and materials,4,FALSE,C00,TOTAL CPC,0,0,TOTAL MOT,8,kg,8458968,FALSE,-1,N/A,,FALSE,8458968,FALSE,,FALSE,,526795,526795,0,TRUE,FALSE
C,A,19640101,1964,52,1964,724,ESP,Spain,M,Import,0,W00,World,0,W00,World,S1,S1,TRUE,5613,Potassic fertilizers and materials,4,FALSE,C00,TOTAL CPC,0,0,TOTAL MOT,8,kg,720937,FALSE,-1,N/A,,FALSE,720937,FALSE,,FALSE,41792,,41792,0,TRUE,FALSE
C,A,19640101,1964,52,1964,724,ESP,Spain,X,Export,0,W00,World,0,W00,World,S1,S1,TRUE,5613,Potassic fertilizers and materials,4,FALSE,C00,TOTAL CPC,0,0,TOTAL MOT,8,kg,322251936,FALSE,-1,N/A,,FALSE,322251936,FALSE,,FALSE,,10398500,10398500,0,TRUE,FALSE
C,A,19640101,1964,52,1964,736,SDN,Sudan (...2011),M,Import,0,W00,World,0,W00,World,S1,S1,TRUE,5613,Potassic fertilizers and materials,4,FALSE,C00,TOTAL CPC,0,0,TOTAL MOT,8,kg,10000,FALSE,-1,N/A,,FALSE,10000,FALSE,,FALSE,686,,686,0,TRUE,FALSE
C,A,19640101,1964,52,1964,752,SWE,Sweden,M,Import,0,W00,World,0,W00,World,S1,S1,TRUE,5613,Potassic fertilizers and materials,4,FALSE,C00,TOTAL CPC,0,0,TOTAL MOT,8,kg,176458000,FALSE,-1,N/A,,FALSE,176458000,FALSE,,FALSE,7294500,,7294500,0,TRUE,FALSE
C,A,19640101,1964,52,1964,752,SWE,Sweden,X,Export,0,W00,World,0,W00,World,S1,S1,TRUE,5613,Potassic fertilizers and materials,4,FALSE,C00,TOTAL CPC,0,0,TOTAL MOT,-1,N/A,0,FALSE,-1,N/A,,FALSE,,FALSE,,FALSE,,48,48,0,TRUE,FALSE
C,A,19640101,1964,52,1964,757,CHE,Switzerland,M,Import,0,W00,World,0,W00,World,S1,S1,TRUE,5613,Potassic fertilizers and materials,4,FALSE,C00,TOTAL CPC,0,0,TOTAL MOT,8,kg,1714908,FALSE,-1,N/A,,FALSE,1714908,FALSE,,FALSE,106984,,106984,0,TRUE,FALSE
C,A,19640101,1964,52,1964,757,CHE,Switzerland,X,Export,0,W00,World,0,W00,World,S1,S1,TRUE,5613,Potassic fertilizers and materials,4,FALSE,C00,TOTAL CPC,0,0,TOTAL MOT,8,kg,543,FALSE,-1,N/A,,FALSE,543,FALSE,,FALSE,,237,237,0,TRUE,FALSE
C,A,19640101,1964,52,1964,764,THA,Thailand,M,Import,0,W00,World,0,W00,World,S1,S1,TRUE,5613,Potassic fertilizers and materials,4,FALSE,C00,TOTAL CPC,0,0,TOTAL MOT,8,kg,782000,FALSE,-1,N/A,,FALSE,782000,FALSE,,FALSE,48339,,48339,0,TRUE,FALSE
C,A,19640101,1964,52,1964,768,TGO,Togo,M,Import,0,W00,World,0,W00,World,S1,S1,TRUE,5613,Potassic fertilizers and materials,4,FALSE,C00,TOTAL CPC,0,0,TOTAL MOT,8,kg,139652,FALSE,-1,N/A,,FALSE,139652,FALSE,,FALSE,10748,,10748,0,TRUE,FALSE
C,A,19640101,1964,52,1964,768,TGO,Togo,X,Export,0,W00,World,0,W00,World,S1,S1,TRUE,5613,Potassic fertilizers and materials,4,FALSE,C00,TOTAL CPC,0,0,TOTAL MOT,8,kg,11000,FALSE,-1,N/A,,FALSE,11000,FALSE,,FALSE,,688,688,0,TRUE,FALSE
C,A,19640101,1964,52,1964,788,TUN,Tunisia,M,Import,0,W00,World,0,W00,World,S1,S1,TRUE,5613,Potassic fertilizers and materials,4,FALSE,C00,TOTAL CPC,0,0,TOTAL MOT,8,kg,6513437,FALSE,-1,N/A,,FALSE,6513437,FALSE,,FALSE,431467,,431467,0,TRUE,FALSE
C,A,19640101,1964,52,1964,792,TUR,TÅEkiye,M,Import,0,W00,World,0,W00,World,S1,S1,TRUE,5613,Potassic fertilizers and materials,4,FALSE,C00,TOTAL CPC,0,0,TOTAL MOT,8,kg,549375,FALSE,-1,N/A,,FALSE,549375,FALSE,,FALSE,32277,,32277,0,TRUE,FALSE
C,A,19640101,1964,52,1964,826,GBR,United Kingdom,M,Import,0,W00,World,0,W00,World,S1,S1,TRUE,5613,Potassic fertilizers and materials,4,FALSE,C00,TOTAL CPC,0,0,TOTAL MOT,8,kg,716504128,FALSE,-1,N/A,,FALSE,716504128,FALSE,,FALSE,29167610,,29167610,0,TRUE,FALSE
C,A,19640101,1964,52,1964,826,GBR,United Kingdom,X,Export,0,W00,World,0,W00,World,S1,S1,TRUE,5613,Potassic fertilizers and materials,4,FALSE,C00,TOTAL CPC,0,0,TOTAL MOT,8,kg,2400816,FALSE,-1,N/A,,FALSE,2400816,FALSE,,FALSE,,123589,123589,0,TRUE,FALSE
C,A,19640101,1964,52,1964,841,USA,USA and Puerto Rico (...1980),M,Import,0,W00,World,0,W00,World,S1,S1,TRUE,5613,Potassic fertilizers and materials,4,FALSE,C00,TOTAL CPC,0,0,TOTAL MOT,8,kg,1159616135,FALSE,-1,N/A,,FALSE,1159616135,FALSE,,FALSE,33497227,,33497227,0,TRUE,FALSE
C,A,19640101,1964,52,1964,841,USA,USA and Puerto Rico (...1980),X,Export,0,W00,World,0,W00,World,S1,S1,TRUE,5613,Potassic fertilizers and materials,4,FALSE,C00,TOTAL CPC,0,0,TOTAL MOT,8,kg,834587285,FALSE,-1,N/A,,FALSE,834587285,FALSE,,FALSE,,28492272,28492272,0,TRUE,FALSE
C,A,19640101,1964,52,1964,854,BFA,Burkina Faso,M,Import,0,W00,World,0,W00,World,S1,S1,TRUE,5613,Potassic fertilizers and materials,4,FALSE,C00,TOTAL CPC,0,0,TOTAL MOT,8,kg,63011,FALSE,-1,N/A,,FALSE,63011,FALSE,,FALSE,5188,,5188,0,TRUE,FALSE
C,A,19640101,1964,52,1964,862,VEN,Venezuela,M,Import,0,W00,World,0,W00,World,S1,S1,TRUE,5613,Potassic fertilizers and materials,4,FALSE,C00,TOTAL CPC,0,0,TOTAL MOT,8,kg,12956287,FALSE,-1,N/A,,FALSE,12956287,FALSE,,FALSE,768598,,768598,0,TRUE,FALSE
C,A,19640101,1964,52,1964,868,VNM,Rep. of Vietnam (...1974),M,Import,0,W00,World,0,W00,World,S1,S1,TRUE,5613,Potassic fertilizers and materials,4,FALSE,C00,TOTAL CPC,0,0,TOTAL MOT,8,kg,7329226,FALSE,-1,N/A,,FALSE,7329226,FALSE,,FALSE,550114,,550114,0,TRUE,FALSE
C,A,19640101,1964,52,1964,890,YUG,Yugoslavia (...1991),M,Import,0,W00,World,0,W00,World,S1,S1,TRUE,5613,Potassic fertilizers and materials,4,FALSE,C00,TOTAL CPC,0,0,TOTAL MOT,8,kg,396259936,FALSE,-1,N/A,,FALSE,396259936,FALSE,,FALSE,15913775,,15913775,0,TRUE,FALSE
C,A,19650101,1965,52,1965,36,AUS,Australia,M,Import,0,W00,World,0,W00,World,S1,S1,TRUE,5613,Potassic fertilizers and materials,4,FALSE,C00,TOTAL CPC,0,0,TOTAL MOT,-1,N/A,0,FALSE,-1,N/A,,FALSE,,FALSE,,FALSE,3781531,,3781531,0,TRUE,FALSE
C,A,19650101,1965,52,1965,58,BEL,Belgium-Luxembourg (...1998),M,Import,0,W00,World,0,W00,World,S1,S1,TRUE,5613,Potassic fertilizers and materials,4,FALSE,C00,TOTAL CPC,0,0,TOTAL MOT,8,kg,1345218157,FALSE,-1,N/A,,FALSE,1345218157,FALSE,,FALSE,42735154,,42735154,0,TRUE,FALSE
C,A,19650101,1965,52,1965,58,BEL,Belgium-Luxembourg (...1998),X,Export,0,W00,World,0,W00,World,S1,S1,TRUE,5613,Potassic fertilizers and materials,4,FALSE,C00,TOTAL CPC,0,0,TOTAL MOT,8,kg,922846343,FALSE,-1,N/A,,FALSE,922846343,FALSE,,FALSE,,38984361,38984361,0,TRUE,FALSE
C,A,19650101,1965,52,1965,76,BRA,Brazil,M,Import,0,W00,World,0,W00,World,S1,S1,TRUE,5613,Potassic fertilizers and materials,4,FALSE,C00,TOTAL CPC,0,0,TOTAL MOT,8,kg,163324880,FALSE,-1,N/A,,FALSE,163324880,FALSE,,FALSE,8567986,,8567986,0,TRUE,FALSE
C,A,19650101,1965,52,1965,96,BRN,Brunei Darussalam,M,Import,0,W00,World,0,W00,World,S1,S1,TRUE,5613,Potassic fertilizers and materials,4,FALSE,C00,TOTAL CPC,0,0,TOTAL MOT,-1,N/A,0,FALSE,-1,N/A,,FALSE,,FALSE,,FALSE,63,,63,0,TRUE,FALSE
C,A,19650101,1965,52,1965,116,KHM,Cambodia,M,Import,0,W00,World,0,W00,World,S1,S1,TRUE,5613,Potassic fertilizers and materials,4,FALSE,C00,TOTAL CPC,0,0,TOTAL MOT,8,kg,291000,FALSE,-1,N/A,,FALSE,291000,FALSE,,FALSE,23071,,23071,0,TRUE,FALSE
C,A,19650101,1965,52,1965,120,CMR,Cameroon,M,Import,0,W00,World,0,W00,World,S1,S1,TRUE,5613,Potassic fertilizers and materials,4,FALSE,C00,TOTAL CPC,0,0,TOTAL MOT,8,kg,7126312,FALSE,-1,N/A,,FALSE,7126312,FALSE,,FALSE,464851,,464851,0,TRUE,FALSE
C,A,19650101,1965,52,1965,120,CMR,Cameroon,X,Export,0,W00,World,0,W00,World,S1,S1,TRUE,5613,Potassic fertilizers and materials,4,FALSE,C00,TOTAL CPC,0,0,TOTAL MOT,8,kg,398,FALSE,-1,N/A,,FALSE,398,FALSE,,FALSE,,80,80,0,TRUE,FALSE
C,A,19650101,1965,52,1965,124,CAN,Canada,M,Import,0,W00,World,0,W00,World,S1,S1,TRUE,5613,Potassic fertilizers and materials,4,FALSE,C00,TOTAL CPC,0,0,TOTAL MOT,8,kg,73896328,FALSE,-1,N/A,,FALSE,73896328,FALSE,,FALSE,2360195,,2360195,0,TRUE,FALSE
C,A,19650101,1965,52,1965,124,CAN,Canada,X,Export,0,W00,World,0,W00,World,S1,S1,TRUE,5613,Potassic fertilizers and materials,4,FALSE,C00,TOTAL CPC,0,0,TOTAL MOT,-1,N/A,0,FALSE,-1,N/A,,FALSE,,FALSE,,FALSE,,50397184,50397184,0,TRUE,FALSE
C,A,19650101,1965,52,1965,140,CAF,Central African Rep.,M,Import,0,W00,World,0,W00,World,S1,S1,TRUE,5613,Potassic fertilizers and materials,4,FALSE,C00,TOTAL CPC,0,0,TOTAL MOT,8,kg,218613,FALSE,-1,N/A,,FALSE,218613,FALSE,,FALSE,12691,,12691,0,TRUE,FALSE
C,A,19650101,1965,52,1965,144,LKA,Sri Lanka,M,Import,0,W00,World,0,W00,World,S1,S1,TRUE,5613,Potassic fertilizers and materials,4,FALSE,C00,TOTAL CPC,0,0,TOTAL MOT,8,kg,58400460,FALSE,-1,N/A,,FALSE,58400460,FALSE,,FALSE,3411778,,3411778,0,TRUE,FALSE
C,A,19650101,1965,52,1965,148,TCD,Chad,M,Import,0,W00,World,0,W00,World,S1,S1,TRUE,5613,Potassic fertilizers and materials,4,FALSE,C00,TOTAL CPC,0,0,TOTAL MOT,8,kg,288550,FALSE,-1,N/A,,FALSE,288550,FALSE,,FALSE,17321,,17321,0,TRUE,FALSE
C,A,19650101,1965,52,1965,152,CHL,Chile,M,Import,0,W00,World,0,W00,World,S1,S1,TRUE,5613,Potassic fertilizers and materials,4,FALSE,C00,TOTAL CPC,0,0,TOTAL MOT,8,kg,25635522,FALSE,-1,N/A,,FALSE,25635522,FALSE,,FALSE,1499498,,1499498,0,TRUE,FALSE
C,A,19650101,1965,52,1965,170,COL,Colombia,M,Import,0,W00,World,0,W00,World,S1,S1,TRUE,5613,Potassic fertilizers and materials,4,FALSE,C00,TOTAL CPC,0,0,TOTAL MOT,8,kg,36622468,FALSE,-1,N/A,,FALSE,36622468,FALSE,,FALSE,1732711,,1732711,0,TRUE,FALSE
C,A,19650101,1965,52,1965,178,COG,Congo,M,Import,0,W00,World,0,W00,World,S1,S1,TRUE,5613,Potassic fertilizers and materials,4,FALSE,C00,TOTAL CPC,0,0,TOTAL MOT,8,kg,4126187,FALSE,-1,N/A,,FALSE,4126187,FALSE,,FALSE,230314,,230314,0,TRUE,FALSE
C,A,19650101,1965,52,1965,180,COD,Dem. Rep. of the Congo,M,Import,0,W00,World,0,W00,World,S1,S1,TRUE,5613,Potassic fertilizers and materials,4,FALSE,C00,TOTAL CPC,0,0,TOTAL MOT,8,kg,752561,FALSE,-1,N/A,,FALSE,752561,FALSE,,FALSE,50734,,50734,0,TRUE,FALSE
C,A,19650101,1965,52,1965,188,CRI,Costa Rica,M,Import,0,W00,World,0,W00,World,S1,S1,TRUE,5613,Potassic fertilizers and materials,4,FALSE,C00,TOTAL CPC,0,0,TOTAL MOT,8,kg,11318909,FALSE,-1,N/A,,FALSE,11318909,FALSE,,FALSE,458788,,458788,0,TRUE,FALSE
C,A,19650101,1965,52,1965,204,BEN,Benin,M,Import,0,W00,World,0,W00,World,S1,S1,TRUE,5613,Potassic fertilizers and materials,4,FALSE,C00,TOTAL CPC,0,0,TOTAL MOT,8,kg,761187,FALSE,-1,N/A,,FALSE,761187,FALSE,,FALSE,50653,,50653,0,TRUE,FALSE
C,A,19650101,1965,52,1965,208,DNK,Denmark,M,Import,0,W00,World,0,W00,World,S1,S1,TRUE,5613,Potassic fertilizers and materials,4,FALSE,C00,TOTAL CPC,0,0,TOTAL MOT,8,kg,281402720,FALSE,-1,N/A,,FALSE,281402720,FALSE,,FALSE,10459559,,10459559,0,TRUE,FALSE
C,A,19650101,1965,52,1965,208,DNK,Denmark,X,Export,0,W00,World,0,W00,World,S1,S1,TRUE,5613,Potassic fertilizers and materials,4,FALSE,C00,TOTAL CPC,0,0,TOTAL MOT,8,kg,2000,FALSE,-1,N/A,,FALSE,2000,FALSE,,FALSE,,86,86,0,TRUE,FALSE
C,A,19650101,1965,52,1965,218,ECU,Ecuador,M,Import,0,W00,World,0,W00,World,S1,S1,TRUE,5613,Potassic fertilizers and materials,4,FALSE,C00,TOTAL CPC,0,0,TOTAL MOT,8,kg,5677398,FALSE,-1,N/A,,FALSE,5677398,FALSE,,FALSE,433299,,433299,0,TRUE,FALSE
C,A,19650101,1965,52,1965,222,SLV,El Salvador,M,Import,0,W00,World,0,W00,World,S1,S1,TRUE,5613,Potassic fertilizers and materials,4,FALSE,C00,TOTAL CPC,0,0,TOTAL MOT,8,kg,3893499,FALSE,-1,N/A,,FALSE,3893499,FALSE,,FALSE,159014,,159014,0,TRUE,FALSE
C,A,19650101,1965,52,1965,246,FIN,Finland,M,Import,0,W00,World,0,W00,World,S1,S1,TRUE,5613,Potassic fertilizers and materials,4,FALSE,C00,TOTAL CPC,0,0,TOTAL MOT,8,kg,223281904,FALSE,-1,N/A,,FALSE,223281904,FALSE,,FALSE,9034974,,9034974,0,TRUE,FALSE
C,A,19650101,1965,52,1965,251,FRA,France,M,Import,0,W00,World,0,W00,World,S1,S1,TRUE,5613,Potassic fertilizers and materials,4,FALSE,C00,TOTAL CPC,0,0,TOTAL MOT,8,kg,72787864,FALSE,-1,N/A,,FALSE,72787864,FALSE,,FALSE,3923587,,3923587,0,TRUE,FALSE
C,A,19650101,1965,52,1965,251,FRA,France,X,Export,0,W00,World,0,W00,World,S1,S1,TRUE,5613,Potassic fertilizers and materials,4,FALSE,C00,TOTAL CPC,0,0,TOTAL MOT,8,kg,1187129984,FALSE,-1,N/A,,FALSE,1187129984,FALSE,,FALSE,,40193124,40193124,0,TRUE,FALSE
C,A,19650101,1965,52,1965,266,GAB,Gabon,M,Import,0,W00,World,0,W00,World,S1,S1,TRUE,5613,Potassic fertilizers and materials,4,FALSE,C00,TOTAL CPC,0,0,TOTAL MOT,8,kg,3854,FALSE,-1,N/A,,FALSE,3854,FALSE,,FALSE,473,,473,0,TRUE,FALSE
C,A,19650101,1965,52,1965,280,DEU,Fed. Rep. of Germany (...1990),M,Import,0,W00,World,0,W00,World,S1,S1,TRUE,5613,Potassic fertilizers and materials,4,FALSE,C00,TOTAL CPC,0,0,TOTAL MOT,8,kg,49135600,FALSE,-1,N/A,,TRUE,49135600,FALSE,-1,TRUE,1597000,,1597000,0,FALSE,FALSE
C,A,19650101,1965,52,1965,280,DEU,Fed. Rep. of Germany (...1990),X,Export,0,W00,World,0,W00,World,S1,S1,TRUE,5613,Potassic fertilizers and materials,4,FALSE,C00,TOTAL CPC,0,0,TOTAL MOT,8,kg,1915500032,FALSE,-1,N/A,,TRUE,1915500032,FALSE,-1,TRUE,,64701000,64701000,0,FALSE,FALSE
C,A,19650101,1965,52,1965,288,GHA,Ghana,M,Import,0,W00,World,0,W00,World,S1,S1,TRUE,5613,Potassic fertilizers and materials,4,FALSE,C00,TOTAL CPC,0,0,TOTAL MOT,8,kg,18312,FALSE,-1,N/A,,FALSE,18312,FALSE,,FALSE,29789,,29789,0,TRUE,FALSE
C,A,19650101,1965,52,1965,300,GRC,Greece,M,Import,0,W00,World,0,W00,World,S1,S1,TRUE,5613,Potassic fertilizers and materials,4,FALSE,C00,TOTAL CPC,0,0,TOTAL MOT,8,kg,36964596,FALSE,-1,N/A,,FALSE,36964596,FALSE,,FALSE,2029976,,2029976,0,TRUE,FALSE
C,A,19650101,1965,52,1965,320,GTM,Guatemala,M,Import,0,W00,World,0,W00,World,S1,S1,TRUE,5613,Potassic fertilizers and materials,4,FALSE,C00,TOTAL CPC,0,0,TOTAL MOT,8,kg,26361248,FALSE,-1,N/A,,FALSE,26361248,FALSE,,FALSE,833896,,833896,0,TRUE,FALSE
C,A,19650101,1965,52,1965,340,HND,Honduras,M,Import,0,W00,World,0,W00,World,S1,S1,TRUE,5613,Potassic fertilizers and materials,4,FALSE,C00,TOTAL CPC,0,0,TOTAL MOT,8,kg,6265230,FALSE,-1,N/A,,FALSE,6265230,FALSE,,FALSE,378081,,378081,0,TRUE,FALSE
C,A,19650101,1965,52,1965,344,HKG,"China, Hong Kong SAR",M,Import,0,W00,World,0,W00,World,S1,S1,TRUE,5613,Potassic fertilizers and materials,4,FALSE,C00,TOTAL CPC,0,0,TOTAL MOT,8,kg,18695,FALSE,-1,N/A,,FALSE,18695,FALSE,,FALSE,1569,,1569,0,TRUE,FALSE
C,A,19650101,1965,52,1965,344,HKG,"China, Hong Kong SAR",X,Export,0,W00,World,0,W00,World,S1,S1,TRUE,5613,Potassic fertilizers and materials,4,FALSE,C00,TOTAL CPC,0,0,TOTAL MOT,8,kg,2062,FALSE,-1,N/A,,FALSE,2062,FALSE,,FALSE,,527,527,0,TRUE,FALSE
C,A,19650101,1965,52,1965,352,ISL,Iceland,M,Import,0,W00,World,0,W00,World,S1,S1,TRUE,5613,Potassic fertilizers and materials,4,FALSE,C00,TOTAL CPC,0,0,TOTAL MOT,8,kg,11258933,FALSE,-1,N/A,,FALSE,11258933,FALSE,,FALSE,650082,,650082,0,TRUE,FALSE
C,A,19650101,1965,52,1965,356,IND,India (...1974),M,Import,0,W00,World,0,W00,World,S1,S1,TRUE,5613,Potassic fertilizers and materials,4,FALSE,C00,TOTAL CPC,0,0,TOTAL MOT,8,kg,147536992,FALSE,-1,N/A,,FALSE,147536992,FALSE,,FALSE,8312390,,8312390,0,TRUE,FALSE
C,A,19650101,1965,52,1965,356,IND,India (...1974),X,Export,0,W00,World,0,W00,World,S1,S1,TRUE,5613,Potassic fertilizers and materials,4,FALSE,C00,TOTAL CPC,0,0,TOTAL MOT,-1,N/A,0,FALSE,-1,N/A,,FALSE,,FALSE,,FALSE,,191,191,0,TRUE,FALSE
C,A,19650101,1965,52,1965,364,IRN,Iran,M,Import,0,W00,World,0,W00,World,S1,S1,TRUE,5613,Potassic fertilizers and materials,4,FALSE,C00,TOTAL CPC,0,0,TOTAL MOT,8,kg,700000,FALSE,-1,N/A,,FALSE,700000,FALSE,,FALSE,55287,,55287,0,TRUE,FALSE
C,A,19650101,1965,52,1965,372,IRL,Ireland,M,Import,0,W00,World,0,W00,World,S1,S1,TRUE,5613,Potassic fertilizers and materials,4,FALSE,C00,TOTAL CPC,0,0,TOTAL MOT,8,kg,160376880,FALSE,-1,N/A,,FALSE,160376880,FALSE,,FALSE,7545660,,7545660,0,TRUE,FALSE
C,A,19650101,1965,52,1965,376,ISR,Israel,M,Import,0,W00,World,0,W00,World,S1,S1,TRUE,5613,Potassic fertilizers and materials,4,FALSE,C00,TOTAL CPC,0,0,TOTAL MOT,8,kg,95406,FALSE,-1,N/A,,FALSE,95406,FALSE,,FALSE,15867,,15867,0,TRUE,FALSE
C,A,19650101,1965,52,1965,376,ISR,Israel,X,Export,0,W00,World,0,W00,World,S1,S1,TRUE,5613,Potassic fertilizers and materials,4,FALSE,C00,TOTAL CPC,0,0,TOTAL MOT,-1,N/A,0,FALSE,-1,N/A,,FALSE,,FALSE,,FALSE,,13598754,13598754,0,TRUE,FALSE
C,A,19650101,1965,52,1965,380,ITA,Italy,M,Import,0,W00,World,0,W00,World,S1,S1,TRUE,5613,Potassic fertilizers and materials,4,FALSE,C00,TOTAL CPC,0,0,TOTAL MOT,8,kg,165847584,FALSE,-1,N/A,,TRUE,165847584,FALSE,-1,TRUE,6493345,,6493345,0,FALSE,FALSE
C,A,19650101,1965,52,1965,380,ITA,Italy,X,Export,0,W00,World,0,W00,World,S1,S1,TRUE,5613,Potassic fertilizers and materials,4,FALSE,C00,TOTAL CPC,0,0,TOTAL MOT,8,kg,135028560,FALSE,-1,N/A,,TRUE,135028560,FALSE,-1,TRUE,,6170255,6170255,0,FALSE,FALSE
C,A,19650101,1965,52,1965,384,CIV,CÙte d'Ivoire,M,Import,0,W00,World,0,W00,World,S1,S1,TRUE,5613,Potassic fertilizers and materials,4,FALSE,C00,TOTAL CPC,0,0,TOTAL MOT,8,kg,1251562,FALSE,-1,N/A,,FALSE,1251562,FALSE,,FALSE,88518,,88518,0,TRUE,FALSE
C,A,19650101,1965,52,1965,384,CIV,CÙte d'Ivoire,X,Export,0,W00,World,0,W00,World,S1,S1,TRUE,5613,Potassic fertilizers and materials,4,FALSE,C00,TOTAL CPC,0,0,TOTAL MOT,8,kg,8937,FALSE,-1,N/A,,FALSE,8937,FALSE,,FALSE,,963,963,0,TRUE,FALSE
C,A,19650101,1965,52,1965,392,JPN,Japan,M,Import,0,W00,World,0,W00,World,S1,S1,TRUE,5613,Potassic fertilizers and materials,4,FALSE,C00,TOTAL CPC,0,0,TOTAL MOT,8,kg,1083489024,FALSE,-1,N/A,,FALSE,1083489024,FALSE,,FALSE,45022272,,45022272,0,TRUE,FALSE
C,A,19650101,1965,52,1965,392,JPN,Japan,X,Export,0,W00,World,0,W00,World,S1,S1,TRUE,5613,Potassic fertilizers and materials,4,FALSE,C00,TOTAL CPC,0,0,TOTAL MOT,8,kg,17590000,FALSE,-1,N/A,,FALSE,17590000,FALSE,,FALSE,,1077253,1077253,0,TRUE,FALSE
C,A,19650101,1965,52,1965,410,KOR,Rep. of Korea,M,Import,0,W00,World,0,W00,World,S1,S1,TRUE,5613,Potassic fertilizers and materials,4,FALSE,C00,TOTAL CPC,0,0,TOTAL MOT,8,kg,40496424,FALSE,-1,N/A,,FALSE,40496424,FALSE,,FALSE,1675559,,1675559,0,TRUE,FALSE
C,A,19650101,1965,52,1965,418,LAO,Lao People's Dem. Rep.,M,Import,0,W00,World,0,W00,World,S1,S1,TRUE,5613,Potassic fertilizers and materials,4,FALSE,C00,TOTAL CPC,0,0,TOTAL MOT,8,kg,14062,FALSE,-1,N/A,,FALSE,14062,FALSE,,FALSE,2456,,2456,0,TRUE,FALSE
C,A,19650101,1965,52,1965,450,MDG,Madagascar,M,Import,0,W00,World,0,W00,World,S1,S1,TRUE,5613,Potassic fertilizers and materials,4,FALSE,C00,TOTAL CPC,0,0,TOTAL MOT,8,kg,2291042,FALSE,-1,N/A,,FALSE,2291042,FALSE,,FALSE,170610,,170610,0,TRUE,FALSE
C,A,19650101,1965,52,1965,458,MYS,Malaysia,M,Import,0,W00,World,0,W00,World,S1,S1,TRUE,5613,Potassic fertilizers and materials,4,FALSE,C00,TOTAL CPC,0,0,TOTAL MOT,8,kg,33005080,FALSE,-1,N/A,,FALSE,33005080,FALSE,,FALSE,1969308,,1969308,0,TRUE,FALSE
C,A,19650101,1965,52,1965,458,MYS,Malaysia,X,Export,0,W00,World,0,W00,World,S1,S1,TRUE,5613,Potassic fertilizers and materials,4,FALSE,C00,TOTAL CPC,0,0,TOTAL MOT,8,kg,26785,FALSE,-1,N/A,,FALSE,26785,FALSE,,FALSE,,1958,1958,0,TRUE,FALSE
C,A,19650101,1965,52,1965,466,MLI,Mali,M,Import,0,W00,World,0,W00,World,S1,S1,TRUE,5613,Potassic fertilizers and materials,4,FALSE,C00,TOTAL CPC,0,0,TOTAL MOT,8,kg,2437,FALSE,-1,N/A,,FALSE,2437,FALSE,,FALSE,163,,163,0,TRUE,FALSE
C,A,19650101,1965,52,1965,470,MLT,Malta,M,Import,0,W00,World,0,W00,World,S1,S1,TRUE,5613,Potassic fertilizers and materials,4,FALSE,C00,TOTAL CPC,0,0,TOTAL MOT,8,kg,4000,FALSE,-1,N/A,,FALSE,4000,FALSE,,FALSE,240,,240,0,TRUE,FALSE
C,A,19650101,1965,52,1965,484,MEX,Mexico,M,Import,0,W00,World,0,W00,World,S1,S1,TRUE,5613,Potassic fertilizers and materials,4,FALSE,C00,TOTAL CPC,0,0,TOTAL MOT,8,kg,38340880,FALSE,-1,N/A,,FALSE,38340880,FALSE,,FALSE,1273458,,1273458,0,TRUE,FALSE
C,A,19650101,1965,52,1965,484,MEX,Mexico,X,Export,0,W00,World,0,W00,World,S1,S1,TRUE,5613,Potassic fertilizers and materials,4,FALSE,C00,TOTAL CPC,0,0,TOTAL MOT,8,kg,2000,FALSE,-1,N/A,,FALSE,2000,FALSE,,FALSE,,295,295,0,TRUE,FALSE
C,A,19650101,1965,52,1965,490,S19,"Other Asia, nes",M,Import,0,W00,World,0,W00,World,S1,S1,TRUE,5613,Potassic fertilizers and materials,4,FALSE,C00,TOTAL CPC,0,0,TOTAL MOT,8,kg,90270000,FALSE,-1,N/A,,FALSE,90270000,FALSE,,FALSE,4256333,,4256333,0,TRUE,FALSE
C,A,19650101,1965,52,1965,504,MAR,Morocco,M,Import,0,W00,World,0,W00,World,S1,S1,TRUE,5613,Potassic fertilizers and materials,4,FALSE,C00,TOTAL CPC,0,0,TOTAL MOT,8,kg,16249276,FALSE,-1,N/A,,FALSE,16249276,FALSE,,FALSE,982984,,982984,0,TRUE,FALSE
C,A,19650101,1965,52,1965,528,NLD,Netherlands,M,Import,0,W00,World,0,W00,World,S1,S1,TRUE,5613,Potassic fertilizers and materials,4,FALSE,C00,TOTAL CPC,0,0,TOTAL MOT,8,kg,410979264,FALSE,-1,N/A,,FALSE,410979264,FALSE,,FALSE,14105860,,14105860,0,TRUE,FALSE
C,A,19650101,1965,52,1965,528,NLD,Netherlands,X,Export,0,W00,World,0,W00,World,S1,S1,TRUE,5613,Potassic fertilizers and materials,4,FALSE,C00,TOTAL CPC,0,0,TOTAL MOT,8,kg,1568122,FALSE,-1,N/A,,FALSE,1568122,FALSE,,FALSE,,86099,86099,0,TRUE,FALSE
C,A,19650101,1965,52,1965,554,NZL,New Zealand,M,Import,0,W00,World,0,W00,World,S1,S1,TRUE,5613,Potassic fertilizers and materials,4,FALSE,C00,TOTAL CPC,0,0,TOTAL MOT,8,kg,167840736,FALSE,-1,N/A,,FALSE,167840736,FALSE,,FALSE,7309334,,7309334,0,TRUE,FALSE
C,A,19650101,1965,52,1965,554,NZL,New Zealand,X,Export,0,W00,World,0,W00,World,S1,S1,TRUE,5613,Potassic fertilizers and materials,4,FALSE,C00,TOTAL CPC,0,0,TOTAL MOT,8,kg,2062,FALSE,-1,N/A,,FALSE,2062,FALSE,,FALSE,,113,113,0,TRUE,FALSE
C,A,19650101,1965,52,1965,558,NIC,Nicaragua,M,Import,0,W00,World,0,W00,World,S1,S1,TRUE,5613,Potassic fertilizers and materials,4,FALSE,C00,TOTAL CPC,0,0,TOTAL MOT,8,kg,4453219,FALSE,-1,N/A,,FALSE,4453219,FALSE,,FALSE,336367,,336367,0,TRUE,FALSE
C,A,19650101,1965,52,1965,566,NGA,Nigeria,M,Import,0,W00,World,0,W00,World,S1,S1,TRUE,5613,Potassic fertilizers and materials,4,FALSE,C00,TOTAL CPC,0,0,TOTAL MOT,8,kg,3273662,FALSE,-1,N/A,,FALSE,3273662,FALSE,,FALSE,255575,,255575,0,TRUE,FALSE
C,A,19650101,1965,52,1965,579,NOR,Norway,M,Import,0,W00,World,0,W00,World,S1,S1,TRUE,5613,Potassic fertilizers and materials,4,FALSE,C00,TOTAL CPC,0,0,TOTAL MOT,8,kg,121669728,FALSE,-1,N/A,,FALSE,121669728,FALSE,,FALSE,4929687,,4929687,0,TRUE,FALSE
C,A,19650101,1965,52,1965,579,NOR,Norway,X,Export,0,W00,World,0,W00,World,S1,S1,TRUE,5613,Potassic fertilizers and materials,4,FALSE,C00,TOTAL CPC,0,0,TOTAL MOT,8,kg,10562,FALSE,-1,N/A,,FALSE,10562,FALSE,,FALSE,,517,517,0,TRUE,FALSE
C,A,19650101,1965,52,1965,588,PAK,East and West Pakistan (...1971),M,Import,0,W00,World,0,W00,World,S1,S1,TRUE,5613,Potassic fertilizers and materials,4,FALSE,C00,TOTAL CPC,0,0,TOTAL MOT,-1,N/A,0,FALSE,-1,N/A,,FALSE,,FALSE,,FALSE,1143319,,1143319,0,TRUE,FALSE
C,A,19650101,1965,52,1965,590,PAN,"Panama, excl.Canal Zone (...1977)",M,Import,0,W00,World,0,W00,World,S1,S1,TRUE,5613,Potassic fertilizers and materials,4,FALSE,C00,TOTAL CPC,0,0,TOTAL MOT,8,kg,1028597,FALSE,-1,N/A,,FALSE,1028597,FALSE,,FALSE,81620,,81620,0,TRUE,FALSE
C,A,19650101,1965,52,1965,604,PER,Peru,M,Import,0,W00,World,0,W00,World,S1,S1,TRUE,5613,Potassic fertilizers and materials,4,FALSE,C00,TOTAL CPC,0,0,TOTAL MOT,8,kg,6364937,FALSE,-1,N/A,,FALSE,6364937,FALSE,,FALSE,378797,,378797,0,TRUE,FALSE
C,A,19650101,1965,52,1965,608,PHL,Philippines,M,Import,0,W00,World,0,W00,World,S1,S1,TRUE,5613,Potassic fertilizers and materials,4,FALSE,C00,TOTAL CPC,0,0,TOTAL MOT,8,kg,29614876,FALSE,-1,N/A,,FALSE,29614876,FALSE,,FALSE,1428864,,1428864,0,TRUE,FALSE
C,A,19650101,1965,52,1965,620,PRT,Portugal,M,Import,0,W00,World,0,W00,World,S1,S1,TRUE,5613,Potassic fertilizers and materials,4,FALSE,C00,TOTAL CPC,0,0,TOTAL MOT,8,kg,33880504,FALSE,-1,N/A,,FALSE,33880504,FALSE,,FALSE,1365700,,1365700,0,TRUE,FALSE
C,A,19650101,1965,52,1965,620,PRT,Portugal,X,Export,0,W00,World,0,W00,World,S1,S1,TRUE,5613,Potassic fertilizers and materials,4,FALSE,C00,TOTAL CPC,0,0,TOTAL MOT,8,kg,1474245,FALSE,-1,N/A,,FALSE,1474245,FALSE,,FALSE,,95217,95217,0,TRUE,FALSE
C,A,19650101,1965,52,1965,686,SEN,Senegal,M,Import,0,W00,World,0,W00,World,S1,S1,TRUE,5613,Potassic fertilizers and materials,4,FALSE,C00,TOTAL CPC,0,0,TOTAL MOT,8,kg,5361625,FALSE,-1,N/A,,FALSE,5361625,FALSE,,FALSE,316650,,316650,0,TRUE,FALSE
C,A,19650101,1965,52,1965,702,SGP,Singapore,M,Import,0,W00,World,0,W00,World,S1,S1,TRUE,5613,Potassic fertilizers and materials,4,FALSE,C00,TOTAL CPC,0,0,TOTAL MOT,8,kg,16016493,FALSE,-1,N/A,,FALSE,16016493,FALSE,,FALSE,864557,,864557,0,TRUE,FALSE
C,A,19650101,1965,52,1965,702,SGP,Singapore,X,Export,0,W00,World,0,W00,World,S1,S1,TRUE,5613,Potassic fertilizers and materials,4,FALSE,C00,TOTAL CPC,0,0,TOTAL MOT,8,kg,12534808,FALSE,-1,N/A,,FALSE,12534808,FALSE,,FALSE,,855546,855546,0,TRUE,FALSE
C,A,19650101,1965,52,1965,724,ESP,Spain,M,Import,0,W00,World,0,W00,World,S1,S1,TRUE,5613,Potassic fertilizers and materials,4,FALSE,C00,TOTAL CPC,0,0,TOTAL MOT,8,kg,1052750,FALSE,-1,N/A,,FALSE,1052750,FALSE,,FALSE,64398,,64398,0,TRUE,FALSE
C,A,19650101,1965,52,1965,724,ESP,Spain,X,Export,0,W00,World,0,W00,World,S1,S1,TRUE,5613,Potassic fertilizers and materials,4,FALSE,C00,TOTAL CPC,0,0,TOTAL MOT,8,kg,402693408,FALSE,-1,N/A,,FALSE,402693408,FALSE,,FALSE,,13563042,13563042,0,TRUE,FALSE
C,A,19650101,1965,52,1965,736,SDN,Sudan (...2011),M,Import,0,W00,World,0,W00,World,S1,S1,TRUE,5613,Potassic fertilizers and materials,4,FALSE,C00,TOTAL CPC,0,0,TOTAL MOT,8,kg,20000,FALSE,-1,N/A,,FALSE,20000,FALSE,,FALSE,4568,,4568,0,TRUE,FALSE
C,A,19650101,1965,52,1965,752,SWE,Sweden,M,Import,0,W00,World,0,W00,World,S1,S1,TRUE,5613,Potassic fertilizers and materials,4,FALSE,C00,TOTAL CPC,0,0,TOTAL MOT,8,kg,194587008,FALSE,-1,N/A,,FALSE,194587008,FALSE,,FALSE,8176638,,8176638,0,TRUE,FALSE
C,A,19650101,1965,52,1965,752,SWE,Sweden,X,Export,0,W00,World,0,W00,World,S1,S1,TRUE,5613,Potassic fertilizers and materials,4,FALSE,C00,TOTAL CPC,0,0,TOTAL MOT,8,kg,2000,FALSE,-1,N/A,,FALSE,2000,FALSE,,FALSE,,523,523,0,TRUE,FALSE
C,A,19650101,1965,52,1965,757,CHE,Switzerland,M,Import,0,W00,World,0,W00,World,S1,S1,TRUE,5613,Potassic fertilizers and materials,4,FALSE,C00,TOTAL CPC,0,0,TOTAL MOT,8,kg,12586476,FALSE,-1,N/A,,FALSE,12586476,FALSE,,FALSE,555488,,555488,0,TRUE,FALSE
C,A,19650101,1965,52,1965,757,CHE,Switzerland,X,Export,0,W00,World,0,W00,World,S1,S1,TRUE,5613,Potassic fertilizers and materials,4,FALSE,C00,TOTAL CPC,0,0,TOTAL MOT,8,kg,8623,FALSE,-1,N/A,,FALSE,8623,FALSE,,FALSE,,4962,4962,0,TRUE,FALSE
C,A,19650101,1965,52,1965,764,THA,Thailand,M,Import,0,W00,World,0,W00,World,S1,S1,TRUE,5613,Potassic fertilizers and materials,4,FALSE,C00,TOTAL CPC,0,0,TOTAL MOT,8,kg,2199058,FALSE,-1,N/A,,FALSE,2199058,FALSE,,FALSE,134462,,134462,0,TRUE,FALSE
C,A,19650101,1965,52,1965,768,TGO,Togo,M,Import,0,W00,World,0,W00,World,S1,S1,TRUE,5613,Potassic fertilizers and materials,4,FALSE,C00,TOTAL CPC,0,0,TOTAL MOT,8,kg,30500,FALSE,-1,N/A,,FALSE,30500,FALSE,,FALSE,2821,,2821,0,TRUE,FALSE
C,A,19650101,1965,52,1965,788,TUN,Tunisia,M,Import,0,W00,World,0,W00,World,S1,S1,TRUE,5613,Potassic fertilizers and materials,4,FALSE,C00,TOTAL CPC,0,0,TOTAL MOT,8,kg,1750097,FALSE,-1,N/A,,FALSE,1750097,FALSE,,FALSE,113566,,113566,0,TRUE,FALSE
C,A,19650101,1965,52,1965,792,TUR,TÅEkiye,M,Import,0,W00,World,0,W00,World,S1,S1,TRUE,5613,Potassic fertilizers and materials,4,FALSE,C00,TOTAL CPC,0,0,TOTAL MOT,8,kg,6260097,FALSE,-1,N/A,,FALSE,6260097,FALSE,,FALSE,418438,,418438,0,TRUE,FALSE
C,A,19650101,1965,52,1965,826,GBR,United Kingdom,M,Import,0,W00,World,0,W00,World,S1,S1,TRUE,5613,Potassic fertilizers and materials,4,FALSE,C00,TOTAL CPC,0,0,TOTAL MOT,8,kg,727550592,FALSE,-1,N/A,,FALSE,727550592,FALSE,,FALSE,30053060,,30053060,0,TRUE,FALSE
C,A,19650101,1965,52,1965,826,GBR,United Kingdom,X,Export,0,W00,World,0,W00,World,S1,S1,TRUE,5613,Potassic fertilizers and materials,4,FALSE,C00,TOTAL CPC,0,0,TOTAL MOT,8,kg,2030062,FALSE,-1,N/A,,FALSE,2030062,FALSE,,FALSE,,124366,124366,0,TRUE,FALSE
C,A,19650101,1965,52,1965,841,USA,USA and Puerto Rico (...1980),M,Import,0,W00,World,0,W00,World,S1,S1,TRUE,5613,Potassic fertilizers and materials,4,FALSE,C00,TOTAL CPC,0,0,TOTAL MOT,8,kg,1664140059,FALSE,-1,N/A,,FALSE,1664140059,FALSE,,FALSE,48125669,,48125669,0,TRUE,FALSE
C,A,19650101,1965,52,1965,841,USA,USA and Puerto Rico (...1980),X,Export,0,W00,World,0,W00,World,S1,S1,TRUE,5613,Potassic fertilizers and materials,4,FALSE,C00,TOTAL CPC,0,0,TOTAL MOT,8,kg,954635199,FALSE,-1,N/A,,FALSE,954635199,FALSE,,FALSE,,33809132,33809132,0,TRUE,FALSE
C,A,19650101,1965,52,1965,854,BFA,Burkina Faso,M,Import,0,W00,World,0,W00,World,S1,S1,TRUE,5613,Potassic fertilizers and materials,4,FALSE,C00,TOTAL CPC,0,0,TOTAL MOT,8,kg,988,FALSE,-1,N/A,,FALSE,988,FALSE,,FALSE,123,,123,0,TRUE,FALSE
C,A,19650101,1965,52,1965,862,VEN,Venezuela,M,Import,0,W00,World,0,W00,World,S1,S1,TRUE,5613,Potassic fertilizers and materials,4,FALSE,C00,TOTAL CPC,0,0,TOTAL MOT,8,kg,24884976,FALSE,-1,N/A,,FALSE,24884976,FALSE,,FALSE,1155195,,1155195,0,TRUE,FALSE
C,A,19650101,1965,52,1965,868,VNM,Rep. of Vietnam (...1974),M,Import,0,W00,World,0,W00,World,S1,S1,TRUE,5613,Potassic fertilizers and materials,4,FALSE,C00,TOTAL CPC,0,0,TOTAL MOT,8,kg,8127503,FALSE,-1,N/A,,FALSE,8127503,FALSE,,FALSE,520927,,520927,0,TRUE,FALSE
C,A,19650101,1965,52,1965,890,YUG,Yugoslavia (...1991),M,Import,0,W00,World,0,W00,World,S1,S1,TRUE,5613,Potassic fertilizers and materials,4,FALSE,C00,TOTAL CPC,0,0,TOTAL MOT,8,kg,202639680,FALSE,-1,N/A,,FALSE,202639680,FALSE,,FALSE,7297057,,7297057,0,TRUE,FALSE
C,A,19660101,1966,52,1966,12,DZA,Algeria,M,Import,0,W00,World,0,W00,World,S1,S1,TRUE,5613,Potassic fertilizers and materials,4,FALSE,C00,TOTAL CPC,0,0,TOTAL MOT,8,kg,53,FALSE,-1,N/A,,FALSE,53,FALSE,,FALSE,24,,24,0,TRUE,FALSE
C,A,19660101,1966,52,1966,32,ARG,Argentina,M,Import,0,W00,World,0,W00,World,S1,S1,TRUE,5613,Potassic fertilizers and materials,4,FALSE,C00,TOTAL CPC,0,0,TOTAL MOT,8,kg,3567507,FALSE,-1,N/A,,FALSE,3567507,FALSE,,FALSE,219441,,219441,0,TRUE,FALSE
C,A,19660101,1966,52,1966,32,ARG,Argentina,X,Export,0,W00,World,0,W00,World,S1,S1,TRUE,5613,Potassic fertilizers and materials,4,FALSE,C00,TOTAL CPC,0,0,TOTAL MOT,8,kg,199,FALSE,-1,N/A,,FALSE,199,FALSE,,FALSE,,73,73,0,TRUE,FALSE
C,A,19660101,1966,52,1966,36,AUS,Australia,M,Import,0,W00,World,0,W00,World,S1,S1,TRUE,5613,Potassic fertilizers and materials,4,FALSE,C00,TOTAL CPC,0,0,TOTAL MOT,8,kg,110627544,FALSE,-1,N/A,,FALSE,110627544,FALSE,,FALSE,3956674,,3956674,0,TRUE,FALSE
C,A,19660101,1966,52,1966,58,BEL,Belgium-Luxembourg (...1998),M,Import,0,W00,World,0,W00,World,S1,S1,TRUE,5613,Potassic fertilizers and materials,4,FALSE,C00,TOTAL CPC,0,0,TOTAL MOT,8,kg,1210081280,FALSE,-1,N/A,,FALSE,1210081280,FALSE,,FALSE,37635212,,37635212,0,TRUE,FALSE
C,A,19660101,1966,52,1966,58,BEL,Belgium-Luxembourg (...1998),X,Export,0,W00,World,0,W00,World,S1,S1,TRUE,5613,Potassic fertilizers and materials,4,FALSE,C00,TOTAL CPC,0,0,TOTAL MOT,8,kg,845618112,FALSE,-1,N/A,,FALSE,845618112,FALSE,,FALSE,,35095160,35095160,0,TRUE,FALSE
C,A,19660101,1966,52,1966,68,BOL,Bolivia (Plurinational State of),M,Import,0,W00,World,0,W00,World,S1,S1,TRUE,5613,Potassic fertilizers and materials,4,FALSE,C00,TOTAL CPC,0,0,TOTAL MOT,8,kg,500,FALSE,-1,N/A,,FALSE,500,FALSE,,FALSE,699,,699,0,TRUE,FALSE
C,A,19660101,1966,52,1966,76,BRA,Brazil,M,Import,0,W00,World,0,W00,World,S1,S1,TRUE,5613,Potassic fertilizers and materials,4,FALSE,C00,TOTAL CPC,0,0,TOTAL MOT,8,kg,152691504,FALSE,-1,N/A,,FALSE,152691504,FALSE,,FALSE,7051452,,7051452,0,TRUE,FALSE
C,A,19660101,1966,52,1966,116,KHM,Cambodia,M,Import,0,W00,World,0,W00,World,S1,S1,TRUE,5613,Potassic fertilizers and materials,4,FALSE,C00,TOTAL CPC,0,0,TOTAL MOT,8,kg,241780,FALSE,-1,N/A,,FALSE,241780,FALSE,,FALSE,17255,,17255,0,TRUE,FALSE
C,A,19660101,1966,52,1966,120,CMR,Cameroon,M,Import,0,W00,World,0,W00,World,S1,S1,TRUE,5613,Potassic fertilizers and materials,4,FALSE,C00,TOTAL CPC,0,0,TOTAL MOT,8,kg,25000,FALSE,-1,N/A,,FALSE,25000,FALSE,,FALSE,1721,,1721,0,TRUE,FALSE
C,A,19660101,1966,52,1966,120,CMR,Cameroon,X,Export,0,W00,World,0,W00,World,S1,S1,TRUE,5613,Potassic fertilizers and materials,4,FALSE,C00,TOTAL CPC,0,0,TOTAL MOT,8,kg,5187,FALSE,-1,N/A,,FALSE,5187,FALSE,,FALSE,,413,413,0,TRUE,FALSE
C,A,19660101,1966,52,1966,124,CAN,Canada,M,Import,0,W00,World,0,W00,World,S1,S1,TRUE,5613,Potassic fertilizers and materials,4,FALSE,C00,TOTAL CPC,0,0,TOTAL MOT,8,kg,60474496,FALSE,-1,N/A,,FALSE,60474496,FALSE,,FALSE,1954844,,1954844,0,TRUE,FALSE
C,A,19660101,1966,52,1966,124,CAN,Canada,X,Export,0,W00,World,0,W00,World,S1,S1,TRUE,5613,Potassic fertilizers and materials,4,FALSE,C00,TOTAL CPC,0,0,TOTAL MOT,-1,N/A,0,FALSE,-1,N/A,,FALSE,,FALSE,,FALSE,,70637256,70637256,0,TRUE,FALSE
C,A,19660101,1966,52,1966,140,CAF,Central African Rep.,M,Import,0,W00,World,0,W00,World,S1,S1,TRUE,5613,Potassic fertilizers and materials,4,FALSE,C00,TOTAL CPC,0,0,TOTAL MOT,8,kg,728752,FALSE,-1,N/A,,FALSE,728752,FALSE,,FALSE,45638,,45638,0,TRUE,FALSE
C,A,19660101,1966,52,1966,144,LKA,Sri Lanka,M,Import,0,W00,World,0,W00,World,S1,S1,TRUE,5613,Potassic fertilizers and materials,4,FALSE,C00,TOTAL CPC,0,0,TOTAL MOT,8,kg,57087948,FALSE,-1,N/A,,FALSE,57087948,FALSE,,FALSE,3301327,,3301327,0,TRUE,FALSE
C,A,19660101,1966,52,1966,152,CHL,Chile,M,Import,0,W00,World,0,W00,World,S1,S1,TRUE,5613,Potassic fertilizers and materials,4,FALSE,C00,TOTAL CPC,0,0,TOTAL MOT,8,kg,49138688,FALSE,-1,N/A,,FALSE,49138688,FALSE,,FALSE,2568332,,2568332,0,TRUE,FALSE
C,A,19660101,1966,52,1966,152,CHL,Chile,X,Export,0,W00,World,0,W00,World,S1,S1,TRUE,5613,Potassic fertilizers and materials,4,FALSE,C00,TOTAL CPC,0,0,TOTAL MOT,8,kg,296,FALSE,-1,N/A,,FALSE,296,FALSE,,FALSE,,1000,1000,0,TRUE,FALSE
C,A,19660101,1966,52,1966,170,COL,Colombia,M,Import,0,W00,World,0,W00,World,S1,S1,TRUE,5613,Potassic fertilizers and materials,4,FALSE,C00,TOTAL CPC,0,0,TOTAL MOT,8,kg,49338632,FALSE,-1,N/A,,FALSE,49338632,FALSE,,FALSE,3460083,,3460083,0,TRUE,FALSE
C,A,19660101,1966,52,1966,178,COG,Congo,M,Import,0,W00,World,0,W00,World,S1,S1,TRUE,5613,Potassic fertilizers and materials,4,FALSE,C00,TOTAL CPC,0,0,TOTAL MOT,8,kg,4496652,FALSE,-1,N/A,,FALSE,4496652,FALSE,,FALSE,269106,,269106,0,TRUE,FALSE
C,A,19660101,1966,52,1966,188,CRI,Costa Rica,M,Import,0,W00,World,0,W00,World,S1,S1,TRUE,5613,Potassic fertilizers and materials,4,FALSE,C00,TOTAL CPC,0,0,TOTAL MOT,8,kg,13505861,FALSE,-1,N/A,,FALSE,13505861,FALSE,,FALSE,591936,,591936,0,TRUE,FALSE
C,A,19660101,1966,52,1966,204,BEN,Benin,M,Import,0,W00,World,0,W00,World,S1,S1,TRUE,5613,Potassic fertilizers and materials,4,FALSE,C00,TOTAL CPC,0,0,TOTAL MOT,8,kg,1045375,FALSE,-1,N/A,,FALSE,1045375,FALSE,,FALSE,70572,,70572,0,TRUE,FALSE
C,A,19660101,1966,52,1966,208,DNK,Denmark,M,Import,0,W00,World,0,W00,World,S1,S1,TRUE,5613,Potassic fertilizers and materials,4,FALSE,C00,TOTAL CPC,0,0,TOTAL MOT,8,kg,222080832,FALSE,-1,N/A,,FALSE,222080832,FALSE,,FALSE,8462251,,8462251,0,TRUE,FALSE
C,A,19660101,1966,52,1966,208,DNK,Denmark,X,Export,0,W00,World,0,W00,World,S1,S1,TRUE,5613,Potassic fertilizers and materials,4,FALSE,C00,TOTAL CPC,0,0,TOTAL MOT,8,kg,1323,FALSE,-1,N/A,,FALSE,1323,FALSE,,FALSE,,1186,1186,0,TRUE,FALSE
C,A,19660101,1966,52,1966,218,ECU,Ecuador,M,Import,0,W00,World,0,W00,World,S1,S1,TRUE,5613,Potassic fertilizers and materials,4,FALSE,C00,TOTAL CPC,0,0,TOTAL MOT,8,kg,5546125,FALSE,-1,N/A,,FALSE,5546125,FALSE,,FALSE,314521,,314521,0,TRUE,FALSE
C,A,19660101,1966,52,1966,222,SLV,El Salvador,M,Import,0,W00,World,0,W00,World,S1,S1,TRUE,5613,Potassic fertilizers and materials,4,FALSE,C00,TOTAL CPC,0,0,TOTAL MOT,8,kg,4005875,FALSE,-1,N/A,,FALSE,4005875,FALSE,,FALSE,161889,,161889,0,TRUE,FALSE
C,A,19660101,1966,52,1966,246,FIN,Finland,M,Import,0,W00,World,0,W00,World,S1,S1,TRUE,5613,Potassic fertilizers and materials,4,FALSE,C00,TOTAL CPC,0,0,TOTAL MOT,8,kg,188268896,FALSE,-1,N/A,,FALSE,188268896,FALSE,,FALSE,7388812,,7388812,0,TRUE,FALSE
C,A,19660101,1966,52,1966,246,FIN,Finland,X,Export,0,W00,World,0,W00,World,S1,S1,TRUE,5613,Potassic fertilizers and materials,4,FALSE,C00,TOTAL CPC,0,0,TOTAL MOT,8,kg,296,FALSE,-1,N/A,,FALSE,296,FALSE,,FALSE,,90,90,0,TRUE,FALSE
C,A,19660101,1966,52,1966,251,FRA,France,M,Import,0,W00,World,0,W00,World,S1,S1,TRUE,5613,Potassic fertilizers and materials,4,FALSE,C00,TOTAL CPC,0,0,TOTAL MOT,8,kg,62016984,FALSE,-1,N/A,,FALSE,62016984,FALSE,,FALSE,2927448,,2927448,0,TRUE,FALSE
C,A,19660101,1966,52,1966,251,FRA,France,X,Export,0,W00,World,0,W00,World,S1,S1,TRUE,5613,Potassic fertilizers and materials,4,FALSE,C00,TOTAL CPC,0,0,TOTAL MOT,8,kg,1109967104,FALSE,-1,N/A,,FALSE,1109967104,FALSE,,FALSE,,37001340,37001340,0,TRUE,FALSE
C,A,19660101,1966,52,1966,254,GUF,French Guiana (Overseas France),M,Import,0,W00,World,0,W00,World,S1,S1,TRUE,5613,Potassic fertilizers and materials,4,FALSE,C00,TOTAL CPC,0,0,TOTAL MOT,8,kg,6625,FALSE,-1,N/A,,FALSE,6625,FALSE,,FALSE,1018,,1018,0,TRUE,FALSE
C,A,19660101,1966,52,1966,254,GUF,French Guiana (Overseas France),X,Export,0,W00,World,0,W00,World,S1,S1,TRUE,5613,Potassic fertilizers and materials,4,FALSE,C00,TOTAL CPC,0,0,TOTAL MOT,8,kg,687,FALSE,-1,N/A,,FALSE,687,FALSE,,FALSE,,186,186,0,TRUE,FALSE
C,A,19660101,1966,52,1966,266,GAB,Gabon,M,Import,0,W00,World,0,W00,World,S1,S1,TRUE,5613,Potassic fertilizers and materials,4,FALSE,C00,TOTAL CPC,0,0,TOTAL MOT,8,kg,192877,FALSE,-1,N/A,,FALSE,192877,FALSE,,FALSE,16227,,16227,0,TRUE,FALSE
C,A,19660101,1966,52,1966,280,DEU,Fed. Rep. of Germany (...1990),M,Import,0,W00,World,0,W00,World,S1,S1,TRUE,5613,Potassic fertilizers and materials,4,FALSE,C00,TOTAL CPC,0,0,TOTAL MOT,8,kg,37618084,FALSE,-1,N/A,,TRUE,37618084,FALSE,-1,TRUE,1282000,,1282000,0,FALSE,FALSE
C,A,19660101,1966,52,1966,280,DEU,Fed. Rep. of Germany (...1990),X,Export,0,W00,World,0,W00,World,S1,S1,TRUE,5613,Potassic fertilizers and materials,4,FALSE,C00,TOTAL CPC,0,0,TOTAL MOT,8,kg,1687563904,FALSE,-1,N/A,,TRUE,1687563904,FALSE,-1,TRUE,,55395000,55395000,0,FALSE,FALSE
C,A,19660101,1966,52,1966,288,GHA,Ghana,M,Import,0,W00,World,0,W00,World,S1,S1,TRUE,5613,Potassic fertilizers and materials,4,FALSE,C00,TOTAL CPC,0,0,TOTAL MOT,8,kg,4062,FALSE,-1,N/A,,FALSE,4062,FALSE,,FALSE,1546,,1546,0,TRUE,FALSE
C,A,19660101,1966,52,1966,300,GRC,Greece,M,Import,0,W00,World,0,W00,World,S1,S1,TRUE,5613,Potassic fertilizers and materials,4,FALSE,C00,TOTAL CPC,0,0,TOTAL MOT,8,kg,28370716,FALSE,-1,N/A,,FALSE,28370716,FALSE,,FALSE,1631860,,1631860,0,TRUE,FALSE
C,A,19660101,1966,52,1966,312,GLP,Guadeloupe (Overseas France),M,Import,0,W00,World,0,W00,World,S1,S1,TRUE,5613,Potassic fertilizers and materials,4,FALSE,C00,TOTAL CPC,0,0,TOTAL MOT,8,kg,123984,FALSE,-1,N/A,,FALSE,123984,FALSE,,FALSE,8118,,8118,0,TRUE,FALSE
C,A,19660101,1966,52,1966,320,GTM,Guatemala,M,Import,0,W00,World,0,W00,World,S1,S1,TRUE,5613,Potassic fertilizers and materials,4,FALSE,C00,TOTAL CPC,0,0,TOTAL MOT,8,kg,874109,FALSE,-1,N/A,,FALSE,874109,FALSE,,FALSE,94191,,94191,0,TRUE,FALSE
C,A,19660101,1966,52,1966,340,HND,Honduras,M,Import,0,W00,World,0,W00,World,S1,S1,TRUE,5613,Potassic fertilizers and materials,4,FALSE,C00,TOTAL CPC,0,0,TOTAL MOT,8,kg,7849943,FALSE,-1,N/A,,FALSE,7849943,FALSE,,FALSE,465005,,465005,0,TRUE,FALSE
C,A,19660101,1966,52,1966,344,HKG,"China, Hong Kong SAR",M,Import,0,W00,World,0,W00,World,S1,S1,TRUE,5613,Potassic fertilizers and materials,4,FALSE,C00,TOTAL CPC,0,0,TOTAL MOT,8,kg,58015,FALSE,-1,N/A,,FALSE,58015,FALSE,,FALSE,4524,,4524,0,TRUE,FALSE
C,A,19660101,1966,52,1966,352,ISL,Iceland,M,Import,0,W00,World,0,W00,World,S1,S1,TRUE,5613,Potassic fertilizers and materials,4,FALSE,C00,TOTAL CPC,0,0,TOTAL MOT,8,kg,9175898,FALSE,-1,N/A,,FALSE,9175898,FALSE,,FALSE,526601,,526601,0,TRUE,FALSE
C,A,19660101,1966,52,1966,356,IND,India (...1974),M,Import,0,W00,World,0,W00,World,S1,S1,TRUE,5613,Potassic fertilizers and materials,4,FALSE,C00,TOTAL CPC,0,0,TOTAL MOT,8,kg,142678000,FALSE,-1,N/A,,FALSE,142678000,FALSE,,FALSE,7797167,,7797167,0,TRUE,FALSE
C,A,19660101,1966,52,1966,372,IRL,Ireland,M,Import,0,W00,World,0,W00,World,S1,S1,TRUE,5613,Potassic fertilizers and materials,4,FALSE,C00,TOTAL CPC,0,0,TOTAL MOT,8,kg,160313952,FALSE,-1,N/A,,FALSE,160313952,FALSE,,FALSE,7481902,,7481902,0,TRUE,FALSE
C,A,19660101,1966,52,1966,376,ISR,Israel,M,Import,0,W00,World,0,W00,World,S1,S1,TRUE,5613,Potassic fertilizers and materials,4,FALSE,C00,TOTAL CPC,0,0,TOTAL MOT,8,kg,802,FALSE,-1,N/A,,FALSE,802,FALSE,,FALSE,1006,,1006,0,TRUE,FALSE
C,A,19660101,1966,52,1966,376,ISR,Israel,X,Export,0,W00,World,0,W00,World,S1,S1,TRUE,5613,Potassic fertilizers and materials,4,FALSE,C00,TOTAL CPC,0,0,TOTAL MOT,-1,N/A,0,FALSE,-1,N/A,,FALSE,,FALSE,,FALSE,,12705355,12705355,0,TRUE,FALSE
C,A,19660101,1966,52,1966,380,ITA,Italy,M,Import,0,W00,World,0,W00,World,S1,S1,TRUE,5613,Potassic fertilizers and materials,4,FALSE,C00,TOTAL CPC,0,0,TOTAL MOT,8,kg,223482720,FALSE,-1,N/A,,TRUE,223482720,FALSE,-1,TRUE,8279765,,8279765,0,FALSE,FALSE
C,A,19660101,1966,52,1966,380,ITA,Italy,X,Export,0,W00,World,0,W00,World,S1,S1,TRUE,5613,Potassic fertilizers and materials,4,FALSE,C00,TOTAL CPC,0,0,TOTAL MOT,8,kg,152416368,FALSE,-1,N/A,,TRUE,152416368,FALSE,-1,TRUE,,6192859,6192859,0,FALSE,FALSE
C,A,19660101,1966,52,1966,384,CIV,CÙte d'Ivoire,M,Import,0,W00,World,0,W00,World,S1,S1,TRUE,5613,Potassic fertilizers and materials,4,FALSE,C00,TOTAL CPC,0,0,TOTAL MOT,8,kg,298421,FALSE,-1,N/A,,FALSE,298421,FALSE,,FALSE,20226,,20226,0,TRUE,FALSE
C,A,19660101,1966,52,1966,384,CIV,CÙte d'Ivoire,X,Export,0,W00,World,0,W00,World,S1,S1,TRUE,5613,Potassic fertilizers and materials,4,FALSE,C00,TOTAL CPC,0,0,TOTAL MOT,8,kg,195702,FALSE,-1,N/A,,FALSE,195702,FALSE,,FALSE,,18167,18167,0,TRUE,FALSE
C,A,19660101,1966,52,1966,392,JPN,Japan,M,Import,0,W00,World,0,W00,World,S1,S1,TRUE,5613,Potassic fertilizers and materials,4,FALSE,C00,TOTAL CPC,0,0,TOTAL MOT,8,kg,1184673024,FALSE,-1,N/A,,FALSE,1184673024,FALSE,,FALSE,48692336,,48692336,0,TRUE,FALSE
C,A,19660101,1966,52,1966,392,JPN,Japan,X,Export,0,W00,World,0,W00,World,S1,S1,TRUE,5613,Potassic fertilizers and materials,4,FALSE,C00,TOTAL CPC,0,0,TOTAL MOT,8,kg,5308125,FALSE,-1,N/A,,FALSE,5308125,FALSE,,FALSE,,261258,261258,0,TRUE,FALSE
C,A,19660101,1966,52,1966,410,KOR,Rep. of Korea,M,Import,0,W00,World,0,W00,World,S1,S1,TRUE,5613,Potassic fertilizers and materials,4,FALSE,C00,TOTAL CPC,0,0,TOTAL MOT,8,kg,315359808,FALSE,-1,N/A,,FALSE,315359808,FALSE,,FALSE,13647721,,13647721,0,TRUE,FALSE
C,A,19660101,1966,52,1966,418,LAO,Lao People's Dem. Rep.,M,Import,0,W00,World,0,W00,World,S1,S1,TRUE,5613,Potassic fertilizers and materials,4,FALSE,C00,TOTAL CPC,0,0,TOTAL MOT,8,kg,18,FALSE,-1,N/A,,FALSE,18,FALSE,,FALSE,20,,20,0,TRUE,FALSE
C,A,19660101,1966,52,1966,450,MDG,Madagascar,M,Import,0,W00,World,0,W00,World,S1,S1,TRUE,5613,Potassic fertilizers and materials,4,FALSE,C00,TOTAL CPC,0,0,TOTAL MOT,8,kg,1161136,FALSE,-1,N/A,,FALSE,1161136,FALSE,,FALSE,76116,,76116,0,TRUE,FALSE
C,A,19660101,1966,52,1966,454,MWI,Malawi,M,Import,0,W00,World,0,W00,World,S1,S1,TRUE,5613,Potassic fertilizers and materials,4,FALSE,C00,TOTAL CPC,0,0,TOTAL MOT,8,kg,38530,FALSE,-1,N/A,,FALSE,38530,FALSE,,FALSE,4440,,4440,0,TRUE,FALSE
C,A,19660101,1966,52,1966,458,MYS,Malaysia,M,Import,0,W00,World,0,W00,World,S1,S1,TRUE,5613,Potassic fertilizers and materials,4,FALSE,C00,TOTAL CPC,0,0,TOTAL MOT,8,kg,47287572,FALSE,-1,N/A,,FALSE,47287572,FALSE,,FALSE,2755942,,2755942,0,TRUE,FALSE
C,A,19660101,1966,52,1966,458,MYS,Malaysia,X,Export,0,W00,World,0,W00,World,S1,S1,TRUE,5613,Potassic fertilizers and materials,4,FALSE,C00,TOTAL CPC,0,0,TOTAL MOT,8,kg,2062,FALSE,-1,N/A,,FALSE,2062,FALSE,,FALSE,,146,146,0,TRUE,FALSE
C,A,19660101,1966,52,1966,474,MTQ,Martinique (Overseas France),M,Import,0,W00,World,0,W00,World,S1,S1,TRUE,5613,Potassic fertilizers and materials,4,FALSE,C00,TOTAL CPC,0,0,TOTAL MOT,8,kg,3349000,FALSE,-1,N/A,,FALSE,3349000,FALSE,,FALSE,213801,,213801,0,TRUE,FALSE
C,A,19660101,1966,52,1966,484,MEX,Mexico,M,Import,0,W00,World,0,W00,World,S1,S1,TRUE,5613,Potassic fertilizers and materials,4,FALSE,C00,TOTAL CPC,0,0,TOTAL MOT,8,kg,48198944,FALSE,-1,N/A,,FALSE,48198944,FALSE,,FALSE,1569657,,1569657,0,TRUE,FALSE
C,A,19660101,1966,52,1966,484,MEX,Mexico,X,Export,0,W00,World,0,W00,World,S1,S1,TRUE,5613,Potassic fertilizers and materials,4,FALSE,C00,TOTAL CPC,0,0,TOTAL MOT,8,kg,25,FALSE,-1,N/A,,FALSE,25,FALSE,,FALSE,,5,5,0,TRUE,FALSE
C,A,19660101,1966,52,1966,490,S19,"Other Asia, nes",M,Import,0,W00,World,0,W00,World,S1,S1,TRUE,5613,Potassic fertilizers and materials,4,FALSE,C00,TOTAL CPC,0,0,TOTAL MOT,8,kg,31760700,FALSE,-1,N/A,,FALSE,31760700,FALSE,,FALSE,1394234,,1394234,0,TRUE,FALSE
C,A,19660101,1966,52,1966,504,MAR,Morocco,M,Import,0,W00,World,0,W00,World,S1,S1,TRUE,5613,Potassic fertilizers and materials,4,FALSE,C00,TOTAL CPC,0,0,TOTAL MOT,8,kg,15145436,FALSE,-1,N/A,,FALSE,15145436,FALSE,,FALSE,826331,,826331,0,TRUE,FALSE
C,A,19660101,1966,52,1966,528,NLD,Netherlands,M,Import,0,W00,World,0,W00,World,S1,S1,TRUE,5613,Potassic fertilizers and materials,4,FALSE,C00,TOTAL CPC,0,0,TOTAL MOT,8,kg,393196256,FALSE,-1,N/A,,FALSE,393196256,FALSE,,FALSE,13424805,,13424805,0,TRUE,FALSE
C,A,19660101,1966,52,1966,528,NLD,Netherlands,X,Export,0,W00,World,0,W00,World,S1,S1,TRUE,5613,Potassic fertilizers and materials,4,FALSE,C00,TOTAL CPC,0,0,TOTAL MOT,8,kg,1576649,FALSE,-1,N/A,,FALSE,1576649,FALSE,,FALSE,,81502,81502,0,TRUE,FALSE
C,A,19660101,1966,52,1966,554,NZL,New Zealand,M,Import,0,W00,World,0,W00,World,S1,S1,TRUE,5613,Potassic fertilizers and materials,4,FALSE,C00,TOTAL CPC,0,0,TOTAL MOT,8,kg,152773856,FALSE,-1,N/A,,FALSE,152773856,FALSE,,FALSE,6413284,,6413284,0,TRUE,FALSE
C,A,19660101,1966,52,1966,554,NZL,New Zealand,X,Export,0,W00,World,0,W00,World,S1,S1,TRUE,5613,Potassic fertilizers and materials,4,FALSE,C00,TOTAL CPC,0,0,TOTAL MOT,8,kg,179824,FALSE,-1,N/A,,FALSE,179824,FALSE,,FALSE,,10296,10296,0,TRUE,FALSE
C,A,19660101,1966,52,1966,558,NIC,Nicaragua,M,Import,0,W00,World,0,W00,World,S1,S1,TRUE,5613,Potassic fertilizers and materials,4,FALSE,C00,TOTAL CPC,0,0,TOTAL MOT,8,kg,2633062,FALSE,-1,N/A,,FALSE,2633062,FALSE,,FALSE,159425,,159425,0,TRUE,FALSE
C,A,19660101,1966,52,1966,562,NER,Niger,M,Import,0,W00,World,0,W00,World,S1,S1,TRUE,5613,Potassic fertilizers and materials,4,FALSE,C00,TOTAL CPC,0,0,TOTAL MOT,8,kg,4750,FALSE,-1,N/A,,FALSE,4750,FALSE,,FALSE,753,,753,0,TRUE,FALSE
C,A,19660101,1966,52,1966,566,NGA,Nigeria,M,Import,0,W00,World,0,W00,World,S1,S1,TRUE,5613,Potassic fertilizers and materials,4,FALSE,C00,TOTAL CPC,0,0,TOTAL MOT,8,kg,1755705,FALSE,-1,N/A,,FALSE,1755705,FALSE,,FALSE,114634,,114634,0,TRUE,FALSE
C,A,19660101,1966,52,1966,579,NOR,Norway,M,Import,0,W00,World,0,W00,World,S1,S1,TRUE,5613,Potassic fertilizers and materials,4,FALSE,C00,TOTAL CPC,0,0,TOTAL MOT,8,kg,157608160,FALSE,-1,N/A,,FALSE,157608160,FALSE,,FALSE,6419989,,6419989,0,TRUE,FALSE
C,A,19660101,1966,52,1966,579,NOR,Norway,X,Export,0,W00,World,0,W00,World,S1,S1,TRUE,5613,Potassic fertilizers and materials,4,FALSE,C00,TOTAL CPC,0,0,TOTAL MOT,8,kg,3750,FALSE,-1,N/A,,FALSE,3750,FALSE,,FALSE,,249,249,0,TRUE,FALSE
C,A,19660101,1966,52,1966,588,PAK,East and West Pakistan (...1971),M,Import,0,W00,World,0,W00,World,S1,S1,TRUE,5613,Potassic fertilizers and materials,4,FALSE,C00,TOTAL CPC,0,0,TOTAL MOT,-1,N/A,0,FALSE,-1,N/A,,FALSE,,FALSE,,FALSE,530777,,530777,0,TRUE,FALSE
C,A,19660101,1966,52,1966,590,PAN,"Panama, excl.Canal Zone (...1977)",M,Import,0,W00,World,0,W00,World,S1,S1,TRUE,5613,Potassic fertilizers and materials,4,FALSE,C00,TOTAL CPC,0,0,TOTAL MOT,8,kg,163783,FALSE,-1,N/A,,FALSE,163783,FALSE,,FALSE,13406,,13406,0,TRUE,FALSE
C,A,19660101,1966,52,1966,604,PER,Peru,M,Import,0,W00,World,0,W00,World,S1,S1,TRUE,5613,Potassic fertilizers and materials,4,FALSE,C00,TOTAL CPC,0,0,TOTAL MOT,8,kg,4081108,FALSE,-1,N/A,,FALSE,4081108,FALSE,,FALSE,245700,,245700,0,TRUE,FALSE
C,A,19660101,1966,52,1966,608,PHL,Philippines,M,Import,0,W00,World,0,W00,World,S1,S1,TRUE,5613,Potassic fertilizers and materials,4,FALSE,C00,TOTAL CPC,0,0,TOTAL MOT,8,kg,17657680,FALSE,-1,N/A,,FALSE,17657680,FALSE,,FALSE,1000321,,1000321,0,TRUE,FALSE
C,A,19660101,1966,52,1966,620,PRT,Portugal,M,Import,0,W00,World,0,W00,World,S1,S1,TRUE,5613,Potassic fertilizers and materials,4,FALSE,C00,TOTAL CPC,0,0,TOTAL MOT,8,kg,23126556,FALSE,-1,N/A,,FALSE,23126556,FALSE,,FALSE,951865,,951865,0,TRUE,FALSE
C,A,19660101,1966,52,1966,620,PRT,Portugal,X,Export,0,W00,World,0,W00,World,S1,S1,TRUE,5613,Potassic fertilizers and materials,4,FALSE,C00,TOTAL CPC,0,0,TOTAL MOT,8,kg,929483,FALSE,-1,N/A,,FALSE,929483,FALSE,,FALSE,,62244,62244,0,TRUE,FALSE
C,A,19660101,1966,52,1966,638,REU,RÈunion (Overseas France),M,Import,0,W00,World,0,W00,World,S1,S1,TRUE,5613,Potassic fertilizers and materials,4,FALSE,C00,TOTAL CPC,0,0,TOTAL MOT,8,kg,888750,FALSE,-1,N/A,,TRUE,888750,FALSE,-1,TRUE,53107,,53107,0,FALSE,FALSE
C,A,19660101,1966,52,1966,686,SEN,Senegal,M,Import,0,W00,World,0,W00,World,S1,S1,TRUE,5613,Potassic fertilizers and materials,4,FALSE,C00,TOTAL CPC,0,0,TOTAL MOT,8,kg,6895187,FALSE,-1,N/A,,FALSE,6895187,FALSE,,FALSE,373720,,373720,0,TRUE,FALSE
C,A,19660101,1966,52,1966,702,SGP,Singapore,M,Import,0,W00,World,0,W00,World,S1,S1,TRUE,5613,Potassic fertilizers and materials,4,FALSE,C00,TOTAL CPC,0,0,TOTAL MOT,8,kg,16827158,FALSE,-1,N/A,,FALSE,16827158,FALSE,,FALSE,931789,,931789,0,TRUE,FALSE
C,A,19660101,1966,52,1966,702,SGP,Singapore,X,Export,0,W00,World,0,W00,World,S1,S1,TRUE,5613,Potassic fertilizers and materials,4,FALSE,C00,TOTAL CPC,0,0,TOTAL MOT,8,kg,15785812,FALSE,-1,N/A,,FALSE,15785812,FALSE,,FALSE,,1031420,1031420,0,TRUE,FALSE
C,A,19660101,1966,52,1966,724,ESP,Spain,M,Import,0,W00,World,0,W00,World,S1,S1,TRUE,5613,Potassic fertilizers and materials,4,FALSE,C00,TOTAL CPC,0,0,TOTAL MOT,8,kg,1248837,FALSE,-1,N/A,,FALSE,1248837,FALSE,,FALSE,77182,,77182,0,TRUE,FALSE
C,A,19660101,1966,52,1966,724,ESP,Spain,X,Export,0,W00,World,0,W00,World,S1,S1,TRUE,5613,Potassic fertilizers and materials,4,FALSE,C00,TOTAL CPC,0,0,TOTAL MOT,8,kg,452601120,FALSE,-1,N/A,,FALSE,452601120,FALSE,,FALSE,,15380221,15380221,0,TRUE,FALSE
C,A,19660101,1966,52,1966,752,SWE,Sweden,M,Import,0,W00,World,0,W00,World,S1,S1,TRUE,5613,Potassic fertilizers and materials,4,FALSE,C00,TOTAL CPC,0,0,TOTAL MOT,8,kg,170108000,FALSE,-1,N/A,,FALSE,170108000,FALSE,,FALSE,7128517,,7128517,0,TRUE,FALSE
C,A,19660101,1966,52,1966,757,CHE,Switzerland,M,Import,0,W00,World,0,W00,World,S1,S1,TRUE,5613,Potassic fertilizers and materials,4,FALSE,C00,TOTAL CPC,0,0,TOTAL MOT,8,kg,21409416,FALSE,-1,N/A,,FALSE,21409416,FALSE,,FALSE,884231,,884231,0,TRUE,FALSE
C,A,19660101,1966,52,1966,757,CHE,Switzerland,X,Export,0,W00,World,0,W00,World,S1,S1,TRUE,5613,Potassic fertilizers and materials,4,FALSE,C00,TOTAL CPC,0,0,TOTAL MOT,8,kg,10113,FALSE,-1,N/A,,FALSE,10113,FALSE,,FALSE,,642,642,0,TRUE,FALSE
C,A,19660101,1966,52,1966,764,THA,Thailand,M,Import,0,W00,World,0,W00,World,S1,S1,TRUE,5613,Potassic fertilizers and materials,4,FALSE,C00,TOTAL CPC,0,0,TOTAL MOT,8,kg,2118750,FALSE,-1,N/A,,FALSE,2118750,FALSE,,FALSE,133148,,133148,0,TRUE,FALSE
C,A,19660101,1966,52,1966,768,TGO,Togo,M,Import,0,W00,World,0,W00,World,S1,S1,TRUE,5613,Potassic fertilizers and materials,4,FALSE,C00,TOTAL CPC,0,0,TOTAL MOT,8,kg,9687,FALSE,-1,N/A,,FALSE,9687,FALSE,,FALSE,1273,,1273,0,TRUE,FALSE
C,A,19660101,1966,52,1966,788,TUN,Tunisia,M,Import,0,W00,World,0,W00,World,S1,S1,TRUE,5613,Potassic fertilizers and materials,4,FALSE,C00,TOTAL CPC,0,0,TOTAL MOT,8,kg,3547000,FALSE,-1,N/A,,FALSE,3547000,FALSE,,FALSE,231137,,231137,0,TRUE,FALSE
C,A,19660101,1966,52,1966,792,TUR,TÅEkiye,M,Import,0,W00,World,0,W00,World,S1,S1,TRUE,5613,Potassic fertilizers and materials,4,FALSE,C00,TOTAL CPC,0,0,TOTAL MOT,8,kg,4170874,FALSE,-1,N/A,,FALSE,4170874,FALSE,,FALSE,237272,,237272,0,TRUE,FALSE
C,A,19660101,1966,52,1966,826,GBR,United Kingdom,M,Import,0,W00,World,0,W00,World,S1,S1,TRUE,5613,Potassic fertilizers and materials,4,FALSE,C00,TOTAL CPC,0,0,TOTAL MOT,8,kg,687567232,FALSE,-1,N/A,,FALSE,687567232,FALSE,,FALSE,28425308,,28425308,0,TRUE,FALSE
C,A,19660101,1966,52,1966,826,GBR,United Kingdom,X,Export,0,W00,World,0,W00,World,S1,S1,TRUE,5613,Potassic fertilizers and materials,4,FALSE,C00,TOTAL CPC,0,0,TOTAL MOT,8,kg,1161354,FALSE,-1,N/A,,FALSE,1161354,FALSE,,FALSE,,87370,87370,0,TRUE,FALSE
C,A,19660101,1966,52,1966,841,USA,USA and Puerto Rico (...1980),M,Import,0,W00,World,0,W00,World,S1,S1,TRUE,5613,Potassic fertilizers and materials,4,FALSE,C00,TOTAL CPC,0,0,TOTAL MOT,8,kg,2228794968,FALSE,-1,N/A,,FALSE,2228794968,FALSE,,FALSE,63848798,,63848798,0,TRUE,FALSE
C,A,19660101,1966,52,1966,841,USA,USA and Puerto Rico (...1980),X,Export,0,W00,World,0,W00,World,S1,S1,TRUE,5613,Potassic fertilizers and materials,4,FALSE,C00,TOTAL CPC,0,0,TOTAL MOT,8,kg,905569297,FALSE,-1,N/A,,FALSE,905569297,FALSE,,FALSE,,31892220,31892220,0,TRUE,FALSE
C,A,19660101,1966,52,1966,854,BFA,Burkina Faso,M,Import,0,W00,World,0,W00,World,S1,S1,TRUE,5613,Potassic fertilizers and materials,4,FALSE,C00,TOTAL CPC,0,0,TOTAL MOT,8,kg,166440,FALSE,-1,N/A,,FALSE,166440,FALSE,,FALSE,18230,,18230,0,TRUE,FALSE
C,A,19660101,1966,52,1966,862,VEN,Venezuela,M,Import,0,W00,World,0,W00,World,S1,S1,TRUE,5613,Potassic fertilizers and materials,4,FALSE,C00,TOTAL CPC,0,0,TOTAL MOT,8,kg,15842097,FALSE,-1,N/A,,FALSE,15842097,FALSE,,FALSE,580497,,580497,0,TRUE,FALSE
C,A,19660101,1966,52,1966,862,VEN,Venezuela,X,Export,0,W00,World,0,W00,World,S1,S1,TRUE,5613,Potassic fertilizers and materials,4,FALSE,C00,TOTAL CPC,0,0,TOTAL MOT,8,kg,5000,FALSE,-1,N/A,,FALSE,5000,FALSE,,FALSE,,299,299,0,TRUE,FALSE
C,A,19660101,1966,52,1966,868,VNM,Rep. of Vietnam (...1974),M,Import,0,W00,World,0,W00,World,S1,S1,TRUE,5613,Potassic fertilizers and materials,4,FALSE,C00,TOTAL CPC,0,0,TOTAL MOT,8,kg,2568437,FALSE,-1,N/A,,FALSE,2568437,FALSE,,FALSE,149007,,149007,0,TRUE,FALSE
C,A,19660101,1966,52,1966,890,YUG,Yugoslavia (...1991),M,Import,0,W00,World,0,W00,World,S1,S1,TRUE,5613,Potassic fertilizers and materials,4,FALSE,C00,TOTAL CPC,0,0,TOTAL MOT,8,kg,309799072,FALSE,-1,N/A,,FALSE,309799072,FALSE,,FALSE,12296147,,12296147,0,TRUE,FALSE
C,A,19660101,1966,52,1966,894,ZMB,Zambia,M,Import,0,W00,World,0,W00,World,S1,S1,TRUE,5613,Potassic fertilizers and materials,4,FALSE,C00,TOTAL CPC,0,0,TOTAL MOT,8,kg,35995,FALSE,-1,N/A,,FALSE,35995,FALSE,,FALSE,2899,,2899,0,TRUE,FALSE
C,A,19670101,1967,52,1967,32,ARG,Argentina,M,Import,0,W00,World,0,W00,World,S1,S1,TRUE,5613,Potassic fertilizers and materials,4,FALSE,C00,TOTAL CPC,0,0,TOTAL MOT,8,kg,7591922,FALSE,-1,N/A,,FALSE,7591922,FALSE,,FALSE,388061,,388061,0,TRUE,FALSE
C,A,19670101,1967,52,1967,36,AUS,Australia,M,Import,0,W00,World,0,W00,World,S1,S1,TRUE,5613,Potassic fertilizers and materials,4,FALSE,C00,TOTAL CPC,0,0,TOTAL MOT,8,kg,116146571,FALSE,-1,N/A,,FALSE,116146571,FALSE,,FALSE,,4201674,4201674,0,TRUE,FALSE
C,A,19670101,1967,52,1967,52,BRB,Barbados,M,Import,0,W00,World,0,W00,World,S1,S1,TRUE,5613,Potassic fertilizers and materials,4,FALSE,C00,TOTAL CPC,0,0,TOTAL MOT,8,kg,4230827,FALSE,-1,N/A,,FALSE,4230827,FALSE,,FALSE,224322,,224322,0,TRUE,FALSE
C,A,19670101,1967,52,1967,58,BEL,Belgium-Luxembourg (...1998),M,Import,0,W00,World,0,W00,World,S1,S1,TRUE,5613,Potassic fertilizers and materials,4,FALSE,C00,TOTAL CPC,0,0,TOTAL MOT,8,kg,1224117504,FALSE,-1,N/A,,FALSE,1224117504,FALSE,,FALSE,36561352,,36561352,0,TRUE,FALSE
C,A,19670101,1967,52,1967,58,BEL,Belgium-Luxembourg (...1998),X,Export,0,W00,World,0,W00,World,S1,S1,TRUE,5613,Potassic fertilizers and materials,4,FALSE,C00,TOTAL CPC,0,0,TOTAL MOT,8,kg,964380160,FALSE,-1,N/A,,FALSE,964380160,FALSE,,FALSE,,39339624,39339624,0,TRUE,FALSE
C,A,19670101,1967,52,1967,68,BOL,Bolivia (Plurinational State of),M,Import,0,W00,World,0,W00,World,S1,S1,TRUE,5613,Potassic fertilizers and materials,4,FALSE,C00,TOTAL CPC,0,0,TOTAL MOT,8,kg,23500,FALSE,-1,N/A,,FALSE,23500,FALSE,,FALSE,2199,,2199,0,TRUE,FALSE
C,A,19670101,1967,52,1967,76,BRA,Brazil,M,Import,0,W00,World,0,W00,World,S1,S1,TRUE,5613,Potassic fertilizers and materials,4,FALSE,C00,TOTAL CPC,0,0,TOTAL MOT,8,kg,226890400,FALSE,-1,N/A,,FALSE,226890400,FALSE,,FALSE,8213764,,8213764,0,TRUE,FALSE
C,A,19670101,1967,52,1967,96,BRN,Brunei Darussalam,M,Import,0,W00,World,0,W00,World,S1,S1,TRUE,5613,Potassic fertilizers and materials,4,FALSE,C00,TOTAL CPC,0,0,TOTAL MOT,-1,N/A,0,FALSE,-1,N/A,,FALSE,,FALSE,,FALSE,6,,6,0,TRUE,FALSE
C,A,19670101,1967,52,1967,104,MMR,Myanmar,M,Import,0,W00,World,0,W00,World,S1,S1,TRUE,5613,Potassic fertilizers and materials,4,FALSE,C00,TOTAL CPC,0,0,TOTAL MOT,8,kg,249949,FALSE,-1,N/A,,FALSE,249949,FALSE,,FALSE,15947,,15947,0,TRUE,FALSE
C,A,19670101,1967,52,1967,116,KHM,Cambodia,M,Import,0,W00,World,0,W00,World,S1,S1,TRUE,5613,Potassic fertilizers and materials,4,FALSE,C00,TOTAL CPC,0,0,TOTAL MOT,8,kg,197000,FALSE,-1,N/A,,FALSE,197000,FALSE,,FALSE,14393,,14393,0,TRUE,FALSE
C,A,19670101,1967,52,1967,120,CMR,Cameroon,M,Import,0,W00,World,0,W00,World,S1,S1,TRUE,5613,Potassic fertilizers and materials,4,FALSE,C00,TOTAL CPC,0,0,TOTAL MOT,8,kg,1763925,FALSE,-1,N/A,,FALSE,1763925,FALSE,,FALSE,110861,,110861,0,TRUE,FALSE
C,A,19670101,1967,52,1967,124,CAN,Canada,M,Import,0,W00,World,0,W00,World,S1,S1,TRUE,5613,Potassic fertilizers and materials,4,FALSE,C00,TOTAL CPC,0,0,TOTAL MOT,8,kg,71791000,FALSE,-1,N/A,,FALSE,71791000,FALSE,,FALSE,,2076994,2076994,0,TRUE,FALSE
C,A,19670101,1967,52,1967,124,CAN,Canada,X,Export,0,W00,World,0,W00,World,S1,S1,TRUE,5613,Potassic fertilizers and materials,4,FALSE,C00,TOTAL CPC,0,0,TOTAL MOT,-1,N/A,0,FALSE,-1,N/A,,FALSE,,FALSE,,FALSE,,79682104,79682104,0,TRUE,FALSE
C,A,19670101,1967,52,1967,140,CAF,Central African Rep.,M,Import,0,W00,World,0,W00,World,S1,S1,TRUE,5613,Potassic fertilizers and materials,4,FALSE,C00,TOTAL CPC,0,0,TOTAL MOT,8,kg,906499,FALSE,-1,N/A,,FALSE,906499,FALSE,,FALSE,60500,,60500,0,TRUE,FALSE
C,A,19670101,1967,52,1967,144,LKA,Sri Lanka,M,Import,0,W00,World,0,W00,World,S1,S1,TRUE,5613,Potassic fertilizers and materials,4,FALSE,C00,TOTAL CPC,0,0,TOTAL MOT,8,kg,51660572,FALSE,-1,N/A,,FALSE,51660572,FALSE,,FALSE,2766149,,2766149,0,TRUE,FALSE
C,A,19670101,1967,52,1967,148,TCD,Chad,M,Import,0,W00,World,0,W00,World,S1,S1,TRUE,5613,Potassic fertilizers and materials,4,FALSE,C00,TOTAL CPC,0,0,TOTAL MOT,8,kg,39585,FALSE,-1,N/A,,FALSE,39585,FALSE,,FALSE,4804,,4804,0,TRUE,FALSE
C,A,19670101,1967,52,1967,152,CHL,Chile,M,Import,0,W00,World,0,W00,World,S1,S1,TRUE,5613,Potassic fertilizers and materials,4,FALSE,C00,TOTAL CPC,0,0,TOTAL MOT,8,kg,36439568,FALSE,-1,N/A,,FALSE,36439568,FALSE,,FALSE,1609453,,1609453,0,TRUE,FALSE
C,A,19670101,1967,52,1967,170,COL,Colombia,M,Import,0,W00,World,0,W00,World,S1,S1,TRUE,5613,Potassic fertilizers and materials,4,FALSE,C00,TOTAL CPC,0,0,TOTAL MOT,8,kg,48228020,FALSE,-1,N/A,,FALSE,48228020,FALSE,,FALSE,2114526,,2114526,0,TRUE,FALSE
C,A,19670101,1967,52,1967,178,COG,Congo,M,Import,0,W00,World,0,W00,World,S1,S1,TRUE,5613,Potassic fertilizers and materials,4,FALSE,C00,TOTAL CPC,0,0,TOTAL MOT,8,kg,5514890,FALSE,-1,N/A,,FALSE,5514890,FALSE,,FALSE,364982,,364982,0,TRUE,FALSE
C,A,19670101,1967,52,1967,188,CRI,Costa Rica,M,Import,0,W00,World,0,W00,World,S1,S1,TRUE,5613,Potassic fertilizers and materials,4,FALSE,C00,TOTAL CPC,0,0,TOTAL MOT,8,kg,19031104,FALSE,-1,N/A,,FALSE,19031104,FALSE,,FALSE,830639,,830639,0,TRUE,FALSE
C,A,19670101,1967,52,1967,204,BEN,Benin,M,Import,0,W00,World,0,W00,World,S1,S1,TRUE,5613,Potassic fertilizers and materials,4,FALSE,C00,TOTAL CPC,0,0,TOTAL MOT,8,kg,1468409,FALSE,-1,N/A,,FALSE,1468409,FALSE,,FALSE,95500,,95500,0,TRUE,FALSE
C,A,19670101,1967,52,1967,208,DNK,Denmark,M,Import,0,W00,World,0,W00,World,S1,S1,TRUE,5613,Potassic fertilizers and materials,4,FALSE,C00,TOTAL CPC,0,0,TOTAL MOT,8,kg,245423104,FALSE,-1,N/A,,FALSE,245423104,FALSE,,FALSE,8933337,,8933337,0,TRUE,FALSE
C,A,19670101,1967,52,1967,208,DNK,Denmark,X,Export,0,W00,World,0,W00,World,S1,S1,TRUE,5613,Potassic fertilizers and materials,4,FALSE,C00,TOTAL CPC,0,0,TOTAL MOT,8,kg,13038,FALSE,-1,N/A,,FALSE,13038,FALSE,,FALSE,,34711,34711,0,TRUE,FALSE
C,A,19670101,1967,52,1967,218,ECU,Ecuador,M,Import,0,W00,World,0,W00,World,S1,S1,TRUE,5613,Potassic fertilizers and materials,4,FALSE,C00,TOTAL CPC,0,0,TOTAL MOT,8,kg,6664398,FALSE,-1,N/A,,FALSE,6664398,FALSE,,FALSE,335238,,335238,0,TRUE,FALSE
C,A,19670101,1967,52,1967,222,SLV,El Salvador,M,Import,0,W00,World,0,W00,World,S1,S1,TRUE,5613,Potassic fertilizers and materials,4,FALSE,C00,TOTAL CPC,0,0,TOTAL MOT,8,kg,3181312,FALSE,-1,N/A,,FALSE,3181312,FALSE,,FALSE,135526,,135526,0,TRUE,FALSE
C,A,19670101,1967,52,1967,242,FJI,Fiji,M,Import,0,W00,World,0,W00,World,S1,S1,TRUE,5613,Potassic fertilizers and materials,4,FALSE,C00,TOTAL CPC,0,0,TOTAL MOT,8,kg,226573,FALSE,-1,N/A,,FALSE,226573,FALSE,,FALSE,16522,,16522,0,TRUE,FALSE
C,A,19670101,1967,52,1967,246,FIN,Finland,M,Import,0,W00,World,0,W00,World,S1,S1,TRUE,5613,Potassic fertilizers and materials,4,FALSE,C00,TOTAL CPC,0,0,TOTAL MOT,8,kg,180578704,FALSE,-1,N/A,,FALSE,180578704,FALSE,,FALSE,7002193,,7002193,0,TRUE,FALSE
C,A,19670101,1967,52,1967,251,FRA,France,M,Import,0,W00,World,0,W00,World,S1,S1,TRUE,5613,Potassic fertilizers and materials,4,FALSE,C00,TOTAL CPC,0,0,TOTAL MOT,8,kg,95668096,FALSE,-1,N/A,,FALSE,95668096,FALSE,,FALSE,4309850,,4309850,0,TRUE,FALSE
C,A,19670101,1967,52,1967,251,FRA,France,X,Export,0,W00,World,0,W00,World,S1,S1,TRUE,5613,Potassic fertilizers and materials,4,FALSE,C00,TOTAL CPC,0,0,TOTAL MOT,8,kg,1259913216,FALSE,-1,N/A,,FALSE,1259913216,FALSE,,FALSE,,38956956,38956956,0,TRUE,FALSE
C,A,19670101,1967,52,1967,254,GUF,French Guiana (Overseas France),M,Import,0,W00,World,0,W00,World,S1,S1,TRUE,5613,Potassic fertilizers and materials,4,FALSE,C00,TOTAL CPC,0,0,TOTAL MOT,8,kg,14011,FALSE,-1,N/A,,FALSE,14011,FALSE,,FALSE,1661,,1661,0,TRUE,FALSE
C,A,19670101,1967,52,1967,266,GAB,Gabon,M,Import,0,W00,World,0,W00,World,S1,S1,TRUE,5613,Potassic fertilizers and materials,4,FALSE,C00,TOTAL CPC,0,0,TOTAL MOT,8,kg,96773,FALSE,-1,N/A,,FALSE,96773,FALSE,,FALSE,9499,,9499,0,TRUE,FALSE
C,A,19670101,1967,52,1967,280,DEU,Fed. Rep. of Germany (...1990),M,Import,0,W00,World,0,W00,World,S1,S1,TRUE,5613,Potassic fertilizers and materials,4,FALSE,C00,TOTAL CPC,0,0,TOTAL MOT,8,kg,91540128,FALSE,-1,N/A,,TRUE,91540128,FALSE,-1,TRUE,3288000,,3288000,0,FALSE,FALSE
C,A,19670101,1967,52,1967,280,DEU,Fed. Rep. of Germany (...1990),X,Export,0,W00,World,0,W00,World,S1,S1,TRUE,5613,Potassic fertilizers and materials,4,FALSE,C00,TOTAL CPC,0,0,TOTAL MOT,8,kg,1623080704,FALSE,-1,N/A,,TRUE,1623080704,FALSE,-1,TRUE,,49683000,49683000,0,FALSE,FALSE
C,A,19670101,1967,52,1967,288,GHA,Ghana,M,Import,0,W00,World,0,W00,World,S1,S1,TRUE,5613,Potassic fertilizers and materials,4,FALSE,C00,TOTAL CPC,0,0,TOTAL MOT,8,kg,4062,FALSE,-1,N/A,,FALSE,4062,FALSE,,FALSE,19,,19,0,TRUE,FALSE
C,A,19670101,1967,52,1967,300,GRC,Greece,M,Import,0,W00,World,0,W00,World,S1,S1,TRUE,5613,Potassic fertilizers and materials,4,FALSE,C00,TOTAL CPC,0,0,TOTAL MOT,8,kg,17545726,FALSE,-1,N/A,,FALSE,17545726,FALSE,,FALSE,905476,,905476,0,TRUE,FALSE
C,A,19670101,1967,52,1967,312,GLP,Guadeloupe (Overseas France),M,Import,0,W00,World,0,W00,World,S1,S1,TRUE,5613,Potassic fertilizers and materials,4,FALSE,C00,TOTAL CPC,0,0,TOTAL MOT,8,kg,84417,FALSE,-1,N/A,,FALSE,84417,FALSE,,FALSE,6230,,6230,0,TRUE,FALSE
C,A,19670101,1967,52,1967,320,GTM,Guatemala,M,Import,0,W00,World,0,W00,World,S1,S1,TRUE,5613,Potassic fertilizers and materials,4,FALSE,C00,TOTAL CPC,0,0,TOTAL MOT,8,kg,915582,FALSE,-1,N/A,,FALSE,915582,FALSE,,FALSE,92251,,92251,0,TRUE,FALSE
C,A,19670101,1967,52,1967,340,HND,Honduras,M,Import,0,W00,World,0,W00,World,S1,S1,TRUE,5613,Potassic fertilizers and materials,4,FALSE,C00,TOTAL CPC,0,0,TOTAL MOT,8,kg,9865791,FALSE,-1,N/A,,FALSE,9865791,FALSE,,FALSE,703369,,703369,0,TRUE,FALSE
C,A,19670101,1967,52,1967,344,HKG,"China, Hong Kong SAR",M,Import,0,W00,World,0,W00,World,S1,S1,TRUE,5613,Potassic fertilizers and materials,4,FALSE,C00,TOTAL CPC,0,0,TOTAL MOT,8,kg,27179,FALSE,-1,N/A,,FALSE,27179,FALSE,,FALSE,2131,,2131,0,TRUE,FALSE
C,A,19670101,1967,52,1967,344,HKG,"China, Hong Kong SAR",X,Export,0,W00,World,0,W00,World,S1,S1,TRUE,5613,Potassic fertilizers and materials,4,FALSE,C00,TOTAL CPC,0,0,TOTAL MOT,8,kg,1457,FALSE,-1,N/A,,FALSE,1457,FALSE,,FALSE,,686,686,0,TRUE,FALSE
C,A,19670101,1967,52,1967,352,ISL,Iceland,M,Import,0,W00,World,0,W00,World,S1,S1,TRUE,5613,Potassic fertilizers and materials,4,FALSE,C00,TOTAL CPC,0,0,TOTAL MOT,8,kg,7356312,FALSE,-1,N/A,,FALSE,7356312,FALSE,,FALSE,402518,,402518,0,TRUE,FALSE
C,A,19670101,1967,52,1967,356,IND,India (...1974),M,Import,0,W00,World,0,W00,World,S1,S1,TRUE,5613,Potassic fertilizers and materials,4,FALSE,C00,TOTAL CPC,0,0,TOTAL MOT,8,kg,306155008,FALSE,-1,N/A,,FALSE,306155008,FALSE,,FALSE,16306147,,16306147,0,TRUE,FALSE
C,A,19670101,1967,52,1967,360,IDN,Indonesia,M,Import,0,W00,World,0,W00,World,S1,S1,TRUE,5613,Potassic fertilizers and materials,4,FALSE,C00,TOTAL CPC,0,0,TOTAL MOT,8,kg,10471174,FALSE,-1,N/A,,FALSE,10471174,FALSE,,FALSE,475112,,475112,0,TRUE,FALSE
C,A,19670101,1967,52,1967,364,IRN,Iran,M,Import,0,W00,World,0,W00,World,S1,S1,TRUE,5613,Potassic fertilizers and materials,4,FALSE,C00,TOTAL CPC,0,0,TOTAL MOT,8,kg,101300,FALSE,-1,N/A,,FALSE,101300,FALSE,,FALSE,7876,,7876,0,TRUE,FALSE
C,A,19670101,1967,52,1967,372,IRL,Ireland,M,Import,0,W00,World,0,W00,World,S1,S1,TRUE,5613,Potassic fertilizers and materials,4,FALSE,C00,TOTAL CPC,0,0,TOTAL MOT,8,kg,200145024,FALSE,-1,N/A,,FALSE,200145024,FALSE,,FALSE,8996087,,8996087,0,TRUE,FALSE
C,A,19670101,1967,52,1967,376,ISR,Israel,M,Import,0,W00,World,0,W00,World,S1,S1,TRUE,5613,Potassic fertilizers and materials,4,FALSE,C00,TOTAL CPC,0,0,TOTAL MOT,-1,N/A,0,FALSE,-1,N/A,,FALSE,,FALSE,,FALSE,1628,,1628,0,TRUE,FALSE
C,A,19670101,1967,52,1967,376,ISR,Israel,X,Export,0,W00,World,0,W00,World,S1,S1,TRUE,5613,Potassic fertilizers and materials,4,FALSE,C00,TOTAL CPC,0,0,TOTAL MOT,-1,N/A,0,FALSE,-1,N/A,,FALSE,,FALSE,,FALSE,,13558691,13558691,0,TRUE,FALSE
C,A,19670101,1967,52,1967,380,ITA,Italy,M,Import,0,W00,World,0,W00,World,S1,S1,TRUE,5613,Potassic fertilizers and materials,4,FALSE,C00,TOTAL CPC,0,0,TOTAL MOT,8,kg,206016192,FALSE,-1,N/A,,TRUE,206016192,FALSE,-1,TRUE,7115966,,7115966,0,FALSE,FALSE
C,A,19670101,1967,52,1967,380,ITA,Italy,X,Export,0,W00,World,0,W00,World,S1,S1,TRUE,5613,Potassic fertilizers and materials,4,FALSE,C00,TOTAL CPC,0,0,TOTAL MOT,8,kg,127299256,FALSE,-1,N/A,,TRUE,127299256,FALSE,-1,TRUE,,5204726,5204726,0,FALSE,FALSE
C,A,19670101,1967,52,1967,384,CIV,CÙte d'Ivoire,M,Import,0,W00,World,0,W00,World,S1,S1,TRUE,5613,Potassic fertilizers and materials,4,FALSE,C00,TOTAL CPC,0,0,TOTAL MOT,8,kg,1098187,FALSE,-1,N/A,,FALSE,1098187,FALSE,,FALSE,80298,,80298,0,TRUE,FALSE
C,A,19670101,1967,52,1967,384,CIV,CÙte d'Ivoire,X,Export,0,W00,World,0,W00,World,S1,S1,TRUE,5613,Potassic fertilizers and materials,4,FALSE,C00,TOTAL CPC,0,0,TOTAL MOT,8,kg,120440,FALSE,-1,N/A,,FALSE,120440,FALSE,,FALSE,,15771,15771,0,TRUE,FALSE
C,A,19670101,1967,52,1967,392,JPN,Japan,M,Import,0,W00,World,0,W00,World,S1,S1,TRUE,5613,Potassic fertilizers and materials,4,FALSE,C00,TOTAL CPC,0,0,TOTAL MOT,8,kg,1215924000,FALSE,-1,N/A,,FALSE,1215924000,FALSE,,FALSE,43504167,,43504167,0,TRUE,FALSE
C,A,19670101,1967,52,1967,392,JPN,Japan,X,Export,0,W00,World,0,W00,World,S1,S1,TRUE,5613,Potassic fertilizers and materials,4,FALSE,C00,TOTAL CPC,0,0,TOTAL MOT,8,kg,12201000,FALSE,-1,N/A,,FALSE,12201000,FALSE,,FALSE,,598677,598677,0,TRUE,FALSE
C,A,19670101,1967,52,1967,410,KOR,Rep. of Korea,M,Import,0,W00,World,0,W00,World,S1,S1,TRUE,5613,Potassic fertilizers and materials,4,FALSE,C00,TOTAL CPC,0,0,TOTAL MOT,8,kg,28903504,FALSE,-1,N/A,,FALSE,28903504,FALSE,,FALSE,1301311,,1301311,0,TRUE,FALSE
C,A,19670101,1967,52,1967,422,LBN,Lebanon,M,Import,0,W00,World,0,W00,World,S1,S1,TRUE,5613,Potassic fertilizers and materials,4,FALSE,C00,TOTAL CPC,0,0,TOTAL MOT,8,kg,3751375,FALSE,-1,N/A,,FALSE,3751375,FALSE,,FALSE,182735,,182735,0,TRUE,FALSE
C,A,19670101,1967,52,1967,422,LBN,Lebanon,X,Export,0,W00,World,0,W00,World,S1,S1,TRUE,5613,Potassic fertilizers and materials,4,FALSE,C00,TOTAL CPC,0,0,TOTAL MOT,8,kg,10191,FALSE,-1,N/A,,FALSE,10191,FALSE,,FALSE,,1034,1034,0,TRUE,FALSE
C,A,19670101,1967,52,1967,450,MDG,Madagascar,M,Import,0,W00,World,0,W00,World,S1,S1,TRUE,5613,Potassic fertilizers and materials,4,FALSE,C00,TOTAL CPC,0,0,TOTAL MOT,8,kg,4209351,FALSE,-1,N/A,,FALSE,4209351,FALSE,,FALSE,244751,,244751,0,TRUE,FALSE
C,A,19670101,1967,52,1967,450,MDG,Madagascar,X,Export,0,W00,World,0,W00,World,S1,S1,TRUE,5613,Potassic fertilizers and materials,4,FALSE,C00,TOTAL CPC,0,0,TOTAL MOT,8,kg,199,FALSE,-1,N/A,,FALSE,199,FALSE,,FALSE,,37,37,0,TRUE,FALSE
C,A,19670101,1967,52,1967,454,MWI,Malawi,M,Import,0,W00,World,0,W00,World,S1,S1,TRUE,5613,Potassic fertilizers and materials,4,FALSE,C00,TOTAL CPC,0,0,TOTAL MOT,8,kg,97069,FALSE,-1,N/A,,FALSE,97069,FALSE,,FALSE,6010,,6010,0,TRUE,FALSE
C,A,19670101,1967,52,1967,458,MYS,Malaysia,M,Import,0,W00,World,0,W00,World,S1,S1,TRUE,5613,Potassic fertilizers and materials,4,FALSE,C00,TOTAL CPC,0,0,TOTAL MOT,8,kg,58775980,FALSE,-1,N/A,,FALSE,58775980,FALSE,,FALSE,3250182,,3250182,0,TRUE,FALSE
C,A,19670101,1967,52,1967,458,MYS,Malaysia,X,Export,0,W00,World,0,W00,World,S1,S1,TRUE,5613,Potassic fertilizers and materials,4,FALSE,C00,TOTAL CPC,0,0,TOTAL MOT,8,kg,44148,FALSE,-1,N/A,,FALSE,44148,FALSE,,FALSE,,3798,3798,0,TRUE,FALSE
C,A,19670101,1967,52,1967,470,MLT,Malta,M,Import,0,W00,World,0,W00,World,S1,S1,TRUE,5613,Potassic fertilizers and materials,4,FALSE,C00,TOTAL CPC,0,0,TOTAL MOT,8,kg,8316,FALSE,-1,N/A,,FALSE,8316,FALSE,,FALSE,689,,689,0,TRUE,FALSE
C,A,19670101,1967,52,1967,474,MTQ,Martinique (Overseas France),M,Import,0,W00,World,0,W00,World,S1,S1,TRUE,5613,Potassic fertilizers and materials,4,FALSE,C00,TOTAL CPC,0,0,TOTAL MOT,8,kg,3833636,FALSE,-1,N/A,,FALSE,3833636,FALSE,,FALSE,249914,,249914,0,TRUE,FALSE
C,A,19670101,1967,52,1967,474,MTQ,Martinique (Overseas France),X,Export,0,W00,World,0,W00,World,S1,S1,TRUE,5613,Potassic fertilizers and materials,4,FALSE,C00,TOTAL CPC,0,0,TOTAL MOT,8,kg,14937,FALSE,-1,N/A,,FALSE,14937,FALSE,,FALSE,,1449,1449,0,TRUE,FALSE
C,A,19670101,1967,52,1967,484,MEX,Mexico,M,Import,0,W00,World,0,W00,World,S1,S1,TRUE,5613,Potassic fertilizers and materials,4,FALSE,C00,TOTAL CPC,0,0,TOTAL MOT,8,kg,44673872,FALSE,-1,N/A,,FALSE,44673872,FALSE,,FALSE,1413598,,1413598,0,TRUE,FALSE
C,A,19670101,1967,52,1967,484,MEX,Mexico,X,Export,0,W00,World,0,W00,World,S1,S1,TRUE,5613,Potassic fertilizers and materials,4,FALSE,C00,TOTAL CPC,0,0,TOTAL MOT,8,kg,357000,FALSE,-1,N/A,,FALSE,357000,FALSE,,FALSE,,28885,28885,0,TRUE,FALSE
C,A,19670101,1967,52,1967,490,S19,"Other Asia, nes",M,Import,0,W00,World,0,W00,World,S1,S1,TRUE,5613,Potassic fertilizers and materials,4,FALSE,C00,TOTAL CPC,0,0,TOTAL MOT,8,kg,95061904,FALSE,-1,N/A,,FALSE,95061904,FALSE,,FALSE,3411539,,3411539,0,TRUE,FALSE
C,A,19670101,1967,52,1967,504,MAR,Morocco,M,Import,0,W00,World,0,W00,World,S1,S1,TRUE,5613,Potassic fertilizers and materials,4,FALSE,C00,TOTAL CPC,0,0,TOTAL MOT,8,kg,28333048,FALSE,-1,N/A,,FALSE,28333048,FALSE,,FALSE,1498532,,1498532,0,TRUE,FALSE
C,A,19670101,1967,52,1967,528,NLD,Netherlands,M,Import,0,W00,World,0,W00,World,S1,S1,TRUE,5613,Potassic fertilizers and materials,4,FALSE,C00,TOTAL CPC,0,0,TOTAL MOT,8,kg,421313248,FALSE,-1,N/A,,FALSE,421313248,FALSE,,FALSE,13257242,,13257242,0,TRUE,FALSE
C,A,19670101,1967,52,1967,528,NLD,Netherlands,X,Export,0,W00,World,0,W00,World,S1,S1,TRUE,5613,Potassic fertilizers and materials,4,FALSE,C00,TOTAL CPC,0,0,TOTAL MOT,8,kg,1908389,FALSE,-1,N/A,,FALSE,1908389,FALSE,,FALSE,,78222,78222,0,TRUE,FALSE
C,A,19670101,1967,52,1967,554,NZL,New Zealand,M,Import,0,W00,World,0,W00,World,S1,S1,TRUE,5613,Potassic fertilizers and materials,4,FALSE,C00,TOTAL CPC,0,0,TOTAL MOT,8,kg,86675944,FALSE,-1,N/A,,FALSE,86675944,FALSE,,FALSE,3101975,,3101975,0,TRUE,FALSE
C,A,19670101,1967,52,1967,554,NZL,New Zealand,X,Export,0,W00,World,0,W00,World,S1,S1,TRUE,5613,Potassic fertilizers and materials,4,FALSE,C00,TOTAL CPC,0,0,TOTAL MOT,8,kg,26448,FALSE,-1,N/A,,FALSE,26448,FALSE,,FALSE,,1557,1557,0,TRUE,FALSE
C,A,19670101,1967,52,1967,558,NIC,Nicaragua,M,Import,0,W00,World,0,W00,World,S1,S1,TRUE,5613,Potassic fertilizers and materials,4,FALSE,C00,TOTAL CPC,0,0,TOTAL MOT,8,kg,1478350,FALSE,-1,N/A,,FALSE,1478350,FALSE,,FALSE,149898,,149898,0,TRUE,FALSE
C,A,19670101,1967,52,1967,566,NGA,Nigeria,M,Import,0,W00,World,0,W00,World,S1,S1,TRUE,5613,Potassic fertilizers and materials,4,FALSE,C00,TOTAL CPC,0,0,TOTAL MOT,8,kg,2220066,FALSE,-1,N/A,,FALSE,2220066,FALSE,,FALSE,115962,,115962,0,TRUE,FALSE
C,A,19670101,1967,52,1967,579,NOR,Norway,M,Import,0,W00,World,0,W00,World,S1,S1,TRUE,5613,Potassic fertilizers and materials,4,FALSE,C00,TOTAL CPC,0,0,TOTAL MOT,8,kg,177967712,FALSE,-1,N/A,,FALSE,177967712,FALSE,,FALSE,6931438,,6931438,0,TRUE,FALSE
C,A,19670101,1967,52,1967,579,NOR,Norway,X,Export,0,W00,World,0,W00,World,S1,S1,TRUE,5613,Potassic fertilizers and materials,4,FALSE,C00,TOTAL CPC,0,0,TOTAL MOT,8,kg,25812,FALSE,-1,N/A,,FALSE,25812,FALSE,,FALSE,,1262,1262,0,TRUE,FALSE
C,A,19670101,1967,52,1967,588,PAK,East and West Pakistan (...1971),M,Import,0,W00,World,0,W00,World,S1,S1,TRUE,5613,Potassic fertilizers and materials,4,FALSE,C00,TOTAL CPC,0,0,TOTAL MOT,-1,N/A,0,FALSE,-1,N/A,,FALSE,,FALSE,,FALSE,785058,,785058,0,TRUE,FALSE
C,A,19670101,1967,52,1967,590,PAN,"Panama, excl.Canal Zone (...1977)",M,Import,0,W00,World,0,W00,World,S1,S1,TRUE,5613,Potassic fertilizers and materials,4,FALSE,C00,TOTAL CPC,0,0,TOTAL MOT,8,kg,606514,FALSE,-1,N/A,,FALSE,606514,FALSE,,FALSE,45861,,45861,0,TRUE,FALSE
C,A,19670101,1967,52,1967,604,PER,Peru,M,Import,0,W00,World,0,W00,World,S1,S1,TRUE,5613,Potassic fertilizers and materials,4,FALSE,C00,TOTAL CPC,0,0,TOTAL MOT,8,kg,6410999,FALSE,-1,N/A,,FALSE,6410999,FALSE,,FALSE,351349,,351349,0,TRUE,FALSE
C,A,19670101,1967,52,1967,604,PER,Peru,X,Export,0,W00,World,0,W00,World,S1,S1,TRUE,5613,Potassic fertilizers and materials,4,FALSE,C00,TOTAL CPC,0,0,TOTAL MOT,8,kg,500,FALSE,-1,N/A,,FALSE,500,FALSE,,FALSE,,99,99,0,TRUE,FALSE
C,A,19670101,1967,52,1967,608,PHL,Philippines,M,Import,0,W00,World,0,W00,World,S1,S1,TRUE,5613,Potassic fertilizers and materials,4,FALSE,C00,TOTAL CPC,0,0,TOTAL MOT,8,kg,20884996,FALSE,-1,N/A,,FALSE,20884996,FALSE,,FALSE,1092626,,1092626,0,TRUE,FALSE
C,A,19670101,1967,52,1967,620,PRT,Portugal,M,Import,0,W00,World,0,W00,World,S1,S1,TRUE,5613,Potassic fertilizers and materials,4,FALSE,C00,TOTAL CPC,0,0,TOTAL MOT,8,kg,30270640,FALSE,-1,N/A,,FALSE,30270640,FALSE,,FALSE,1270764,,1270764,0,TRUE,FALSE
C,A,19670101,1967,52,1967,620,PRT,Portugal,X,Export,0,W00,World,0,W00,World,S1,S1,TRUE,5613,Potassic fertilizers and materials,4,FALSE,C00,TOTAL CPC,0,0,TOTAL MOT,8,kg,1080036,FALSE,-1,N/A,,FALSE,1080036,FALSE,,FALSE,,72153,72153,0,TRUE,FALSE
C,A,19670101,1967,52,1967,638,REU,RÈunion (Overseas France),M,Import,0,W00,World,0,W00,World,S1,S1,TRUE,5613,Potassic fertilizers and materials,4,FALSE,C00,TOTAL CPC,0,0,TOTAL MOT,8,kg,702312,FALSE,-1,N/A,,TRUE,702312,FALSE,-1,TRUE,44250,,44250,0,FALSE,FALSE
C,A,19670101,1967,52,1967,686,SEN,Senegal,M,Import,0,W00,World,0,W00,World,S1,S1,TRUE,5613,Potassic fertilizers and materials,4,FALSE,C00,TOTAL CPC,0,0,TOTAL MOT,8,kg,8601687,FALSE,-1,N/A,,FALSE,8601687,FALSE,,FALSE,503197,,503197,0,TRUE,FALSE
C,A,19670101,1967,52,1967,702,SGP,Singapore,M,Import,0,W00,World,0,W00,World,S1,S1,TRUE,5613,Potassic fertilizers and materials,4,FALSE,C00,TOTAL CPC,0,0,TOTAL MOT,8,kg,38534624,FALSE,-1,N/A,,FALSE,38534624,FALSE,,FALSE,1815187,,1815187,0,TRUE,FALSE
C,A,19670101,1967,52,1967,702,SGP,Singapore,X,Export,0,W00,World,0,W00,World,S1,S1,TRUE,5613,Potassic fertilizers and materials,4,FALSE,C00,TOTAL CPC,0,0,TOTAL MOT,8,kg,4690562,FALSE,-1,N/A,,FALSE,4690562,FALSE,,FALSE,,1077179,1077179,0,TRUE,FALSE
C,A,19670101,1967,52,1967,724,ESP,Spain,M,Import,0,W00,World,0,W00,World,S1,S1,TRUE,5613,Potassic fertilizers and materials,4,FALSE,C00,TOTAL CPC,0,0,TOTAL MOT,8,kg,1280117,FALSE,-1,N/A,,FALSE,1280117,FALSE,,FALSE,77374,,77374,0,TRUE,FALSE
C,A,19670101,1967,52,1967,724,ESP,Spain,X,Export,0,W00,World,0,W00,World,S1,S1,TRUE,5613,Potassic fertilizers and materials,4,FALSE,C00,TOTAL CPC,0,0,TOTAL MOT,8,kg,526664448,FALSE,-1,N/A,,FALSE,526664448,FALSE,,FALSE,,15922719,15922719,0,TRUE,FALSE
C,A,19670101,1967,52,1967,752,SWE,Sweden,M,Import,0,W00,World,0,W00,World,S1,S1,TRUE,5613,Potassic fertilizers and materials,4,FALSE,C00,TOTAL CPC,0,0,TOTAL MOT,8,kg,215410000,FALSE,-1,N/A,,FALSE,215410000,FALSE,,FALSE,8378059,,8378059,0,TRUE,FALSE
C,A,19670101,1967,52,1967,752,SWE,Sweden,X,Export,0,W00,World,0,W00,World,S1,S1,TRUE,5613,Potassic fertilizers and materials,4,FALSE,C00,TOTAL CPC,0,0,TOTAL MOT,-1,N/A,0,FALSE,-1,N/A,,FALSE,,FALSE,,FALSE,,20,20,0,TRUE,FALSE
C,A,19670101,1967,52,1967,757,CHE,Switzerland,M,Import,0,W00,World,0,W00,World,S1,S1,TRUE,5613,Potassic fertilizers and materials,4,FALSE,C00,TOTAL CPC,0,0,TOTAL MOT,8,kg,15189978,FALSE,-1,N/A,,FALSE,15189978,FALSE,,FALSE,564465,,564465,0,TRUE,FALSE
C,A,19670101,1967,52,1967,757,CHE,Switzerland,X,Export,0,W00,World,0,W00,World,S1,S1,TRUE,5613,Potassic fertilizers and materials,4,FALSE,C00,TOTAL CPC,0,0,TOTAL MOT,8,kg,18728,FALSE,-1,N/A,,FALSE,18728,FALSE,,FALSE,,1228,1228,0,TRUE,FALSE
C,A,19670101,1967,52,1967,764,THA,Thailand,M,Import,0,W00,World,0,W00,World,S1,S1,TRUE,5613,Potassic fertilizers and materials,4,FALSE,C00,TOTAL CPC,0,0,TOTAL MOT,8,kg,3259062,FALSE,-1,N/A,,FALSE,3259062,FALSE,,FALSE,210790,,210790,0,TRUE,FALSE
C,A,19670101,1967,52,1967,768,TGO,Togo,M,Import,0,W00,World,0,W00,World,S1,S1,TRUE,5613,Potassic fertilizers and materials,4,FALSE,C00,TOTAL CPC,0,0,TOTAL MOT,8,kg,9437,FALSE,-1,N/A,,FALSE,9437,FALSE,,FALSE,5771,,5771,0,TRUE,FALSE
C,A,19670101,1967,52,1967,788,TUN,Tunisia,M,Import,0,W00,World,0,W00,World,S1,S1,TRUE,5613,Potassic fertilizers and materials,4,FALSE,C00,TOTAL CPC,0,0,TOTAL MOT,8,kg,3479000,FALSE,-1,N/A,,FALSE,3479000,FALSE,,FALSE,232158,,232158,0,TRUE,FALSE
C,A,19670101,1967,52,1967,792,TUR,TÅEkiye,M,Import,0,W00,World,0,W00,World,S1,S1,TRUE,5613,Potassic fertilizers and materials,4,FALSE,C00,TOTAL CPC,0,0,TOTAL MOT,8,kg,2193426,FALSE,-1,N/A,,FALSE,2193426,FALSE,,FALSE,142901,,142901,0,TRUE,FALSE
C,A,19670101,1967,52,1967,826,GBR,United Kingdom,M,Import,0,W00,World,0,W00,World,S1,S1,TRUE,5613,Potassic fertilizers and materials,4,FALSE,C00,TOTAL CPC,0,0,TOTAL MOT,8,kg,768140672,FALSE,-1,N/A,,FALSE,768140672,FALSE,,FALSE,31291556,,31291556,0,TRUE,FALSE
C,A,19670101,1967,52,1967,826,GBR,United Kingdom,X,Export,0,W00,World,0,W00,World,S1,S1,TRUE,5613,Potassic fertilizers and materials,4,FALSE,C00,TOTAL CPC,0,0,TOTAL MOT,8,kg,834443,FALSE,-1,N/A,,FALSE,834443,FALSE,,FALSE,,145176,145176,0,TRUE,FALSE
C,A,19670101,1967,52,1967,841,USA,USA and Puerto Rico (...1980),M,Import,0,W00,World,0,W00,World,S1,S1,TRUE,5613,Potassic fertilizers and materials,4,FALSE,C00,TOTAL CPC,0,0,TOTAL MOT,8,kg,2546053645,FALSE,-1,N/A,,FALSE,2546053645,FALSE,,FALSE,,65409061,65409061,0,TRUE,FALSE
C,A,19670101,1967,52,1967,841,USA,USA and Puerto Rico (...1980),X,Export,0,W00,World,0,W00,World,S1,S1,TRUE,5613,Potassic fertilizers and materials,4,FALSE,C00,TOTAL CPC,0,0,TOTAL MOT,8,kg,1015277817,FALSE,-1,N/A,,FALSE,1015277817,FALSE,,FALSE,,33843286,33843286,0,TRUE,FALSE
C,A,19670101,1967,52,1967,854,BFA,Burkina Faso,M,Import,0,W00,World,0,W00,World,S1,S1,TRUE,5613,Potassic fertilizers and materials,4,FALSE,C00,TOTAL CPC,0,0,TOTAL MOT,8,kg,121253,FALSE,-1,N/A,,FALSE,121253,FALSE,,FALSE,17126,,17126,0,TRUE,FALSE
C,A,19670101,1967,52,1967,862,VEN,Venezuela,M,Import,0,W00,World,0,W00,World,S1,S1,TRUE,5613,Potassic fertilizers and materials,4,FALSE,C00,TOTAL CPC,0,0,TOTAL MOT,8,kg,25300000,FALSE,-1,N/A,,FALSE,25300000,FALSE,,FALSE,,1000698,1000698,0,TRUE,FALSE
C,A,19670101,1967,52,1967,868,VNM,Rep. of Vietnam (...1974),M,Import,0,W00,World,0,W00,World,S1,S1,TRUE,5613,Potassic fertilizers and materials,4,FALSE,C00,TOTAL CPC,0,0,TOTAL MOT,8,kg,3069,FALSE,-1,N/A,,FALSE,3069,FALSE,,FALSE,14211,,14211,0,TRUE,FALSE
C,A,19670101,1967,52,1967,890,YUG,Yugoslavia (...1991),M,Import,0,W00,World,0,W00,World,S1,S1,TRUE,5613,Potassic fertilizers and materials,4,FALSE,C00,TOTAL CPC,0,0,TOTAL MOT,8,kg,175465872,FALSE,-1,N/A,,FALSE,175465872,FALSE,,FALSE,6174380,,6174380,0,TRUE,FALSE
C,A,19670101,1967,52,1967,894,ZMB,Zambia,M,Import,0,W00,World,0,W00,World,S1,S1,TRUE,5613,Potassic fertilizers and materials,4,FALSE,C00,TOTAL CPC,0,0,TOTAL MOT,8,kg,509220,FALSE,-1,N/A,,FALSE,509220,FALSE,,FALSE,,46319,46319,0,TRUE,FALSE
C,A,19680101,1968,52,1968,12,DZA,Algeria,M,Import,0,W00,World,0,W00,World,S1,S1,TRUE,5613,Potassic fertilizers and materials,4,FALSE,C00,TOTAL CPC,0,0,TOTAL MOT,8,kg,13880718,FALSE,-1,N/A,,FALSE,13880718,FALSE,,FALSE,721909,,721909,0,TRUE,FALSE
C,A,19680101,1968,52,1968,32,ARG,Argentina,M,Import,0,W00,World,0,W00,World,S1,S1,TRUE,5613,Potassic fertilizers and materials,4,FALSE,C00,TOTAL CPC,0,0,TOTAL MOT,8,kg,10909408,FALSE,-1,N/A,,FALSE,10909408,FALSE,,FALSE,520976,,520976,0,TRUE,FALSE
C,A,19680101,1968,52,1968,32,ARG,Argentina,X,Export,0,W00,World,0,W00,World,S1,S1,TRUE,5613,Potassic fertilizers and materials,4,FALSE,C00,TOTAL CPC,0,0,TOTAL MOT,8,kg,20000,FALSE,-1,N/A,,FALSE,20000,FALSE,,FALSE,,2262,2262,0,TRUE,FALSE
C,A,19680101,1968,52,1968,36,AUS,Australia,M,Import,0,W00,World,0,W00,World,S1,S1,TRUE,5613,Potassic fertilizers and materials,4,FALSE,C00,TOTAL CPC,0,0,TOTAL MOT,8,kg,139767935,FALSE,-1,N/A,,FALSE,139767935,FALSE,,FALSE,,4062918,4062918,0,TRUE,FALSE
C,A,19680101,1968,52,1968,52,BRB,Barbados,M,Import,0,W00,World,0,W00,World,S1,S1,TRUE,5613,Potassic fertilizers and materials,4,FALSE,C00,TOTAL CPC,0,0,TOTAL MOT,8,kg,4075312,FALSE,-1,N/A,,FALSE,4075312,FALSE,,FALSE,208330,,208330,0,TRUE,FALSE
C,A,19680101,1968,52,1968,58,BEL,Belgium-Luxembourg (...1998),M,Import,0,W00,World,0,W00,World,S1,S1,TRUE,5613,Potassic fertilizers and materials,4,FALSE,C00,TOTAL CPC,0,0,TOTAL MOT,8,kg,1265650048,FALSE,-1,N/A,,FALSE,1265650048,FALSE,,FALSE,35227536,,35227536,0,TRUE,FALSE
C,A,19680101,1968,52,1968,58,BEL,Belgium-Luxembourg (...1998),X,Export,0,W00,World,0,W00,World,S1,S1,TRUE,5613,Potassic fertilizers and materials,4,FALSE,C00,TOTAL CPC,0,0,TOTAL MOT,8,kg,911262592,FALSE,-1,N/A,,FALSE,911262592,FALSE,,FALSE,,36379604,36379604,0,TRUE,FALSE
C,A,19680101,1968,52,1968,68,BOL,Bolivia (Plurinational State of),M,Import,0,W00,World,0,W00,World,S1,S1,TRUE,5613,Potassic fertilizers and materials,4,FALSE,C00,TOTAL CPC,0,0,TOTAL MOT,8,kg,69901,FALSE,-1,N/A,,FALSE,69901,FALSE,,FALSE,13898,,13898,0,TRUE,FALSE
C,A,19680101,1968,52,1968,76,BRA,Brazil,M,Import,0,W00,World,0,W00,World,S1,S1,TRUE,5613,Potassic fertilizers and materials,4,FALSE,C00,TOTAL CPC,0,0,TOTAL MOT,8,kg,307397248,FALSE,-1,N/A,,FALSE,307397248,FALSE,,FALSE,10507347,,10507347,0,TRUE,FALSE
C,A,19680101,1968,52,1968,76,BRA,Brazil,X,Export,0,W00,World,0,W00,World,S1,S1,TRUE,5613,Potassic fertilizers and materials,4,FALSE,C00,TOTAL CPC,0,0,TOTAL MOT,8,kg,15000,FALSE,-1,N/A,,FALSE,15000,FALSE,,FALSE,,5081,5081,0,TRUE,FALSE
C,A,19680101,1968,52,1968,96,BRN,Brunei Darussalam,M,Import,0,W00,World,0,W00,World,S1,S1,TRUE,5613,Potassic fertilizers and materials,4,FALSE,C00,TOTAL CPC,0,0,TOTAL MOT,-1,N/A,0,FALSE,-1,N/A,,FALSE,,FALSE,,FALSE,96,,96,0,TRUE,FALSE
C,A,19680101,1968,52,1968,104,MMR,Myanmar,M,Import,0,W00,World,0,W00,World,S1,S1,TRUE,5613,Potassic fertilizers and materials,4,FALSE,C00,TOTAL CPC,0,0,TOTAL MOT,8,kg,28389354,FALSE,-1,N/A,,FALSE,28389354,FALSE,,FALSE,1425672,,1425672,0,TRUE,FALSE
C,A,19680101,1968,52,1968,116,KHM,Cambodia,M,Import,0,W00,World,0,W00,World,S1,S1,TRUE,5613,Potassic fertilizers and materials,4,FALSE,C00,TOTAL CPC,0,0,TOTAL MOT,8,kg,578101,FALSE,-1,N/A,,FALSE,578101,FALSE,,FALSE,40512,,40512,0,TRUE,FALSE
C,A,19680101,1968,52,1968,120,CMR,Cameroon,M,Import,0,W00,World,0,W00,World,S1,S1,TRUE,5613,Potassic fertilizers and materials,4,FALSE,C00,TOTAL CPC,0,0,TOTAL MOT,8,kg,6114000,FALSE,-1,N/A,,FALSE,6114000,FALSE,,FALSE,382507,,382507,0,TRUE,FALSE
C,A,19680101,1968,52,1968,120,CMR,Cameroon,X,Export,0,W00,World,0,W00,World,S1,S1,TRUE,5613,Potassic fertilizers and materials,4,FALSE,C00,TOTAL CPC,0,0,TOTAL MOT,8,kg,500,FALSE,-1,N/A,,FALSE,500,FALSE,,FALSE,,45,45,0,TRUE,FALSE
C,A,19680101,1968,52,1968,124,CAN,Canada,M,Import,0,W00,World,0,W00,World,S1,S1,TRUE,5613,Potassic fertilizers and materials,4,FALSE,C00,TOTAL CPC,0,0,TOTAL MOT,8,kg,62619916,FALSE,-1,N/A,,FALSE,62619916,FALSE,,FALSE,,1658335,1658335,0,TRUE,FALSE
C,A,19680101,1968,52,1968,124,CAN,Canada,X,Export,0,W00,World,0,W00,World,S1,S1,TRUE,5613,Potassic fertilizers and materials,4,FALSE,C00,TOTAL CPC,0,0,TOTAL MOT,-1,N/A,0,FALSE,-1,N/A,,FALSE,,FALSE,,FALSE,,88945488,88945488,0,TRUE,FALSE
C,A,19680101,1968,52,1968,140,CAF,Central African Rep.,M,Import,0,W00,World,0,W00,World,S1,S1,TRUE,5613,Potassic fertilizers and materials,4,FALSE,C00,TOTAL CPC,0,0,TOTAL MOT,8,kg,207058,FALSE,-1,N/A,,FALSE,207058,FALSE,,FALSE,14419,,14419,0,TRUE,FALSE
C,A,19680101,1968,52,1968,144,LKA,Sri Lanka,M,Import,0,W00,World,0,W00,World,S1,S1,TRUE,5613,Potassic fertilizers and materials,4,FALSE,C00,TOTAL CPC,0,0,TOTAL MOT,8,kg,56246960,FALSE,-1,N/A,,FALSE,56246960,FALSE,,FALSE,2824419,,2824419,0,TRUE,FALSE
C,A,19680101,1968,52,1968,148,TCD,Chad,M,Import,0,W00,World,0,W00,World,S1,S1,TRUE,5613,Potassic fertilizers and materials,4,FALSE,C00,TOTAL CPC,0,0,TOTAL MOT,8,kg,15000,FALSE,-1,N/A,,FALSE,15000,FALSE,,FALSE,1045,,1045,0,TRUE,FALSE
C,A,19680101,1968,52,1968,152,CHL,Chile,M,Import,0,W00,World,0,W00,World,S1,S1,TRUE,5613,Potassic fertilizers and materials,4,FALSE,C00,TOTAL CPC,0,0,TOTAL MOT,8,kg,28011084,FALSE,-1,N/A,,FALSE,28011084,FALSE,,FALSE,1167898,,1167898,0,TRUE,FALSE
C,A,19680101,1968,52,1968,170,COL,Colombia,M,Import,0,W00,World,0,W00,World,S1,S1,TRUE,5613,Potassic fertilizers and materials,4,FALSE,C00,TOTAL CPC,0,0,TOTAL MOT,8,kg,60960248,FALSE,-1,N/A,,FALSE,60960248,FALSE,,FALSE,2274593,,2274593,0,TRUE,FALSE
C,A,19680101,1968,52,1968,178,COG,Congo,M,Import,0,W00,World,0,W00,World,S1,S1,TRUE,5613,Potassic fertilizers and materials,4,FALSE,C00,TOTAL CPC,0,0,TOTAL MOT,8,kg,2615834,FALSE,-1,N/A,,FALSE,2615834,FALSE,,FALSE,129697,,129697,0,TRUE,FALSE
C,A,19680101,1968,52,1968,188,CRI,Costa Rica,M,Import,0,W00,World,0,W00,World,S1,S1,TRUE,5613,Potassic fertilizers and materials,4,FALSE,C00,TOTAL CPC,0,0,TOTAL MOT,8,kg,22952010,FALSE,-1,N/A,,FALSE,22952010,FALSE,,FALSE,851207,,851207,0,TRUE,FALSE
C,A,19680101,1968,52,1968,204,BEN,Benin,M,Import,0,W00,World,0,W00,World,S1,S1,TRUE,5613,Potassic fertilizers and materials,4,FALSE,C00,TOTAL CPC,0,0,TOTAL MOT,8,kg,2401476,FALSE,-1,N/A,,FALSE,2401476,FALSE,,FALSE,162921,,162921,0,TRUE,FALSE
C,A,19680101,1968,52,1968,208,DNK,Denmark,M,Import,0,W00,World,0,W00,World,S1,S1,TRUE,5613,Potassic fertilizers and materials,4,FALSE,C00,TOTAL CPC,0,0,TOTAL MOT,8,kg,203451744,FALSE,-1,N/A,,FALSE,203451744,FALSE,,FALSE,6558528,,6558528,0,TRUE,FALSE
C,A,19680101,1968,52,1968,208,DNK,Denmark,X,Export,0,W00,World,0,W00,World,S1,S1,TRUE,5613,Potassic fertilizers and materials,4,FALSE,C00,TOTAL CPC,0,0,TOTAL MOT,8,kg,3257,FALSE,-1,N/A,,FALSE,3257,FALSE,,FALSE,,6878,6878,0,TRUE,FALSE
C,A,19680101,1968,52,1968,218,ECU,Ecuador,M,Import,0,W00,World,0,W00,World,S1,S1,TRUE,5613,Potassic fertilizers and materials,4,FALSE,C00,TOTAL CPC,0,0,TOTAL MOT,8,kg,6713898,FALSE,-1,N/A,,FALSE,6713898,FALSE,,FALSE,333198,,333198,0,TRUE,FALSE
C,A,19680101,1968,52,1968,222,SLV,El Salvador,M,Import,0,W00,World,0,W00,World,S1,S1,TRUE,5613,Potassic fertilizers and materials,4,FALSE,C00,TOTAL CPC,0,0,TOTAL MOT,8,kg,1823427,FALSE,-1,N/A,,FALSE,1823427,FALSE,,FALSE,66124,,66124,0,TRUE,FALSE
C,A,19680101,1968,52,1968,242,FJI,Fiji,M,Import,0,W00,World,0,W00,World,S1,S1,TRUE,5613,Potassic fertilizers and materials,4,FALSE,C00,TOTAL CPC,0,0,TOTAL MOT,8,kg,450119,FALSE,-1,N/A,,FALSE,450119,FALSE,,FALSE,33738,,33738,0,TRUE,FALSE
C,A,19680101,1968,52,1968,246,FIN,Finland,M,Import,0,W00,World,0,W00,World,S1,S1,TRUE,5613,Potassic fertilizers and materials,4,FALSE,C00,TOTAL CPC,0,0,TOTAL MOT,8,kg,201917760,FALSE,-1,N/A,,FALSE,201917760,FALSE,,FALSE,7027891,,7027891,0,TRUE,FALSE
C,A,19680101,1968,52,1968,251,FRA,France,M,Import,0,W00,World,0,W00,World,S1,S1,TRUE,5613,Potassic fertilizers and materials,4,FALSE,C00,TOTAL CPC,0,0,TOTAL MOT,8,kg,270970528,FALSE,-1,N/A,,FALSE,270970528,FALSE,,FALSE,9258138,,9258138,0,TRUE,FALSE
C,A,19680101,1968,52,1968,251,FRA,France,X,Export,0,W00,World,0,W00,World,S1,S1,TRUE,5613,Potassic fertilizers and materials,4,FALSE,C00,TOTAL CPC,0,0,TOTAL MOT,8,kg,1145365632,FALSE,-1,N/A,,FALSE,1145365632,FALSE,,FALSE,,33795388,33795388,0,TRUE,FALSE
C,A,19680101,1968,52,1968,254,GUF,French Guiana (Overseas France),M,Import,0,W00,World,0,W00,World,S1,S1,TRUE,5613,Potassic fertilizers and materials,4,FALSE,C00,TOTAL CPC,0,0,TOTAL MOT,8,kg,1000,FALSE,-1,N/A,,FALSE,1000,FALSE,,FALSE,182,,182,0,TRUE,FALSE
C,A,19680101,1968,52,1968,266,GAB,Gabon,M,Import,0,W00,World,0,W00,World,S1,S1,TRUE,5613,Potassic fertilizers and materials,4,FALSE,C00,TOTAL CPC,0,0,TOTAL MOT,8,kg,38421,FALSE,-1,N/A,,FALSE,38421,FALSE,,FALSE,4545,,4545,0,TRUE,FALSE
C,A,19680101,1968,52,1968,280,DEU,Fed. Rep. of Germany (...1990),M,Import,0,W00,World,0,W00,World,S1,S1,TRUE,5613,Potassic fertilizers and materials,4,FALSE,C00,TOTAL CPC,0,0,TOTAL MOT,8,kg,83008936,FALSE,-1,N/A,,TRUE,83008936,FALSE,-1,TRUE,2802000,,2802000,0,FALSE,FALSE
C,A,19680101,1968,52,1968,280,DEU,Fed. Rep. of Germany (...1990),X,Export,0,W00,World,0,W00,World,S1,S1,TRUE,5613,Potassic fertilizers and materials,4,FALSE,C00,TOTAL CPC,0,0,TOTAL MOT,8,kg,1960030976,FALSE,-1,N/A,,TRUE,1960030976,FALSE,-1,TRUE,,56749000,56749000,0,FALSE,FALSE
C,A,19680101,1968,52,1968,288,GHA,Ghana,M,Import,0,W00,World,0,W00,World,S1,S1,TRUE,5613,Potassic fertilizers and materials,4,FALSE,C00,TOTAL CPC,0,0,TOTAL MOT,8,kg,211335,FALSE,-1,N/A,,FALSE,211335,FALSE,,FALSE,15364,,15364,0,TRUE,FALSE
C,A,19680101,1968,52,1968,300,GRC,Greece,M,Import,0,W00,World,0,W00,World,S1,S1,TRUE,5613,Potassic fertilizers and materials,4,FALSE,C00,TOTAL CPC,0,0,TOTAL MOT,8,kg,24571980,FALSE,-1,N/A,,FALSE,24571980,FALSE,,FALSE,1292769,,1292769,0,TRUE,FALSE
C,A,19680101,1968,52,1968,312,GLP,Guadeloupe (Overseas France),M,Import,0,W00,World,0,W00,World,S1,S1,TRUE,5613,Potassic fertilizers and materials,4,FALSE,C00,TOTAL CPC,0,0,TOTAL MOT,8,kg,115186,FALSE,-1,N/A,,FALSE,115186,FALSE,,FALSE,8816,,8816,0,TRUE,FALSE
C,A,19680101,1968,52,1968,320,GTM,Guatemala,M,Import,0,W00,World,0,W00,World,S1,S1,TRUE,5613,Potassic fertilizers and materials,4,FALSE,C00,TOTAL CPC,0,0,TOTAL MOT,8,kg,241517,FALSE,-1,N/A,,FALSE,241517,FALSE,,FALSE,20782,,20782,0,TRUE,FALSE
C,A,19680101,1968,52,1968,340,HND,Honduras,M,Import,0,W00,World,0,W00,World,S1,S1,TRUE,5613,Potassic fertilizers and materials,4,FALSE,C00,TOTAL CPC,0,0,TOTAL MOT,8,kg,6152104,FALSE,-1,N/A,,FALSE,6152104,FALSE,,FALSE,258155,,258155,0,TRUE,FALSE
C,A,19680101,1968,52,1968,344,HKG,"China, Hong Kong SAR",M,Import,0,W00,World,0,W00,World,S1,S1,TRUE,5613,Potassic fertilizers and materials,4,FALSE,C00,TOTAL CPC,0,0,TOTAL MOT,8,kg,13187,FALSE,-1,N/A,,FALSE,13187,FALSE,,FALSE,746,,746,0,TRUE,FALSE
C,A,19680101,1968,52,1968,352,ISL,Iceland,M,Import,0,W00,World,0,W00,World,S1,S1,TRUE,5613,Potassic fertilizers and materials,4,FALSE,C00,TOTAL CPC,0,0,TOTAL MOT,8,kg,7832405,FALSE,-1,N/A,,FALSE,7832405,FALSE,,FALSE,399653,,399653,0,TRUE,FALSE
C,A,19680101,1968,52,1968,356,IND,India (...1974),M,Import,0,W00,World,0,W00,World,S1,S1,TRUE,5613,Potassic fertilizers and materials,4,FALSE,C00,TOTAL CPC,0,0,TOTAL MOT,8,kg,313171008,FALSE,-1,N/A,,FALSE,313171008,FALSE,,FALSE,21153444,,21153444,0,TRUE,FALSE
C,A,19680101,1968,52,1968,360,IDN,Indonesia,M,Import,0,W00,World,0,W00,World,S1,S1,TRUE,5613,Potassic fertilizers and materials,4,FALSE,C00,TOTAL CPC,0,0,TOTAL MOT,8,kg,8425683,FALSE,-1,N/A,,FALSE,8425683,FALSE,,FALSE,503445,,503445,0,TRUE,FALSE
C,A,19680101,1968,52,1968,364,IRN,Iran,M,Import,0,W00,World,0,W00,World,S1,S1,TRUE,5613,Potassic fertilizers and materials,4,FALSE,C00,TOTAL CPC,0,0,TOTAL MOT,8,kg,300016,FALSE,-1,N/A,,FALSE,300016,FALSE,,FALSE,24226,,24226,0,TRUE,FALSE
C,A,19680101,1968,52,1968,372,IRL,Ireland,M,Import,0,W00,World,0,W00,World,S1,S1,TRUE,5613,Potassic fertilizers and materials,4,FALSE,C00,TOTAL CPC,0,0,TOTAL MOT,8,kg,233471344,FALSE,-1,N/A,,FALSE,233471344,FALSE,,FALSE,9618804,,9618804,0,TRUE,FALSE
C,A,19680101,1968,52,1968,376,ISR,Israel,M,Import,0,W00,World,0,W00,World,S1,S1,TRUE,5613,Potassic fertilizers and materials,4,FALSE,C00,TOTAL CPC,0,0,TOTAL MOT,8,kg,148405,FALSE,-1,N/A,,FALSE,148405,FALSE,,FALSE,21806,,21806,0,TRUE,FALSE
C,A,19680101,1968,52,1968,376,ISR,Israel,X,Export,0,W00,World,0,W00,World,S1,S1,TRUE,5613,Potassic fertilizers and materials,4,FALSE,C00,TOTAL CPC,0,0,TOTAL MOT,-1,N/A,0,FALSE,-1,N/A,,FALSE,,FALSE,,FALSE,,13511039,13511039,0,TRUE,FALSE
C,A,19680101,1968,52,1968,380,ITA,Italy,M,Import,0,W00,World,0,W00,World,S1,S1,TRUE,5613,Potassic fertilizers and materials,4,FALSE,C00,TOTAL CPC,0,0,TOTAL MOT,8,kg,206308400,FALSE,-1,N/A,,TRUE,206308400,FALSE,-1,TRUE,6656428,,6656428,0,FALSE,FALSE
C,A,19680101,1968,52,1968,380,ITA,Italy,X,Export,0,W00,World,0,W00,World,S1,S1,TRUE,5613,Potassic fertilizers and materials,4,FALSE,C00,TOTAL CPC,0,0,TOTAL MOT,8,kg,63345324,FALSE,-1,N/A,,TRUE,63345324,FALSE,-1,TRUE,,2539012,2539012,0,FALSE,FALSE
C,A,19680101,1968,52,1968,384,CIV,CÙte d'Ivoire,M,Import,0,W00,World,0,W00,World,S1,S1,TRUE,5613,Potassic fertilizers and materials,4,FALSE,C00,TOTAL CPC,0,0,TOTAL MOT,8,kg,537687,FALSE,-1,N/A,,FALSE,537687,FALSE,,FALSE,35622,,35622,0,TRUE,FALSE
C,A,19680101,1968,52,1968,384,CIV,CÙte d'Ivoire,X,Export,0,W00,World,0,W00,World,S1,S1,TRUE,5613,Potassic fertilizers and materials,4,FALSE,C00,TOTAL CPC,0,0,TOTAL MOT,8,kg,136499,FALSE,-1,N/A,,FALSE,136499,FALSE,,FALSE,,48896,48896,0,TRUE,FALSE
C,A,19680101,1968,52,1968,392,JPN,Japan,M,Import,0,W00,World,0,W00,World,S1,S1,TRUE,5613,Potassic fertilizers and materials,4,FALSE,C00,TOTAL CPC,0,0,TOTAL MOT,8,kg,1317725000,FALSE,-1,N/A,,FALSE,1317725000,FALSE,,FALSE,45432234,,45432234,0,TRUE,FALSE
C,A,19680101,1968,52,1968,392,JPN,Japan,X,Export,0,W00,World,0,W00,World,S1,S1,TRUE,5613,Potassic fertilizers and materials,4,FALSE,C00,TOTAL CPC,0,0,TOTAL MOT,8,kg,14887875,FALSE,-1,N/A,,FALSE,14887875,FALSE,,FALSE,,629319,629319,0,TRUE,FALSE
C,A,19680101,1968,52,1968,400,JOR,Jordan,M,Import,0,W00,World,0,W00,World,S1,S1,TRUE,5613,Potassic fertilizers and materials,4,FALSE,C00,TOTAL CPC,0,0,TOTAL MOT,8,kg,876245,FALSE,-1,N/A,,FALSE,876245,FALSE,,FALSE,64335,,64335,0,TRUE,FALSE
C,A,19680101,1968,52,1968,410,KOR,Rep. of Korea,M,Import,0,W00,World,0,W00,World,S1,S1,TRUE,5613,Potassic fertilizers and materials,4,FALSE,C00,TOTAL CPC,0,0,TOTAL MOT,8,kg,68462256,FALSE,-1,N/A,,FALSE,68462256,FALSE,,FALSE,2215476,,2215476,0,TRUE,FALSE
C,A,19680101,1968,52,1968,418,LAO,Lao People's Dem. Rep.,M,Import,0,W00,World,0,W00,World,S1,S1,TRUE,5613,Potassic fertilizers and materials,4,FALSE,C00,TOTAL CPC,0,0,TOTAL MOT,8,kg,4000,FALSE,-1,N/A,,FALSE,4000,FALSE,,FALSE,1500,,1500,0,TRUE,FALSE
C,A,19680101,1968,52,1968,422,LBN,Lebanon,M,Import,0,W00,World,0,W00,World,S1,S1,TRUE,5613,Potassic fertilizers and materials,4,FALSE,C00,TOTAL CPC,0,0,TOTAL MOT,8,kg,6940542,FALSE,-1,N/A,,FALSE,6940542,FALSE,,FALSE,285976,,285976,0,TRUE,FALSE
C,A,19680101,1968,52,1968,422,LBN,Lebanon,X,Export,0,W00,World,0,W00,World,S1,S1,TRUE,5613,Potassic fertilizers and materials,4,FALSE,C00,TOTAL CPC,0,0,TOTAL MOT,8,kg,10963,FALSE,-1,N/A,,FALSE,10963,FALSE,,FALSE,,757,757,0,TRUE,FALSE
C,A,19680101,1968,52,1968,450,MDG,Madagascar,M,Import,0,W00,World,0,W00,World,S1,S1,TRUE,5613,Potassic fertilizers and materials,4,FALSE,C00,TOTAL CPC,0,0,TOTAL MOT,8,kg,4890492,FALSE,-1,N/A,,FALSE,4890492,FALSE,,FALSE,270795,,270795,0,TRUE,FALSE
C,A,19680101,1968,52,1968,450,MDG,Madagascar,X,Export,0,W00,World,0,W00,World,S1,S1,TRUE,5613,Potassic fertilizers and materials,4,FALSE,C00,TOTAL CPC,0,0,TOTAL MOT,8,kg,13125,FALSE,-1,N/A,,FALSE,13125,FALSE,,FALSE,,2329,2329,0,TRUE,FALSE
C,A,19680101,1968,52,1968,454,MWI,Malawi,M,Import,0,W00,World,0,W00,World,S1,S1,TRUE,5613,Potassic fertilizers and materials,4,FALSE,C00,TOTAL CPC,0,0,TOTAL MOT,8,kg,31750,FALSE,-1,N/A,,FALSE,31750,FALSE,,FALSE,1154,,1154,0,TRUE,FALSE
C,A,19680101,1968,52,1968,458,MYS,Malaysia,M,Import,0,W00,World,0,W00,World,S1,S1,TRUE,5613,Potassic fertilizers and materials,4,FALSE,C00,TOTAL CPC,0,0,TOTAL MOT,8,kg,57162556,FALSE,-1,N/A,,FALSE,57162556,FALSE,,FALSE,2908222,,2908222,0,TRUE,FALSE
C,A,19680101,1968,52,1968,458,MYS,Malaysia,X,Export,0,W00,World,0,W00,World,S1,S1,TRUE,5613,Potassic fertilizers and materials,4,FALSE,C00,TOTAL CPC,0,0,TOTAL MOT,8,kg,73084,FALSE,-1,N/A,,FALSE,73084,FALSE,,FALSE,,5124,5124,0,TRUE,FALSE
C,A,19680101,1968,52,1968,470,MLT,Malta,M,Import,0,W00,World,0,W00,World,S1,S1,TRUE,5613,Potassic fertilizers and materials,4,FALSE,C00,TOTAL CPC,0,0,TOTAL MOT,8,kg,10000,FALSE,-1,N/A,,FALSE,10000,FALSE,,FALSE,796,,796,0,TRUE,FALSE
C,A,19680101,1968,52,1968,474,MTQ,Martinique (Overseas France),M,Import,0,W00,World,0,W00,World,S1,S1,TRUE,5613,Potassic fertilizers and materials,4,FALSE,C00,TOTAL CPC,0,0,TOTAL MOT,8,kg,3160362,FALSE,-1,N/A,,FALSE,3160362,FALSE,,FALSE,211875,,211875,0,TRUE,FALSE
C,A,19680101,1968,52,1968,484,MEX,Mexico,M,Import,0,W00,World,0,W00,World,S1,S1,TRUE,5613,Potassic fertilizers and materials,4,FALSE,C00,TOTAL CPC,0,0,TOTAL MOT,8,kg,61445136,FALSE,-1,N/A,,FALSE,61445136,FALSE,,FALSE,1691217,,1691217,0,TRUE,FALSE
C,A,19680101,1968,52,1968,484,MEX,Mexico,X,Export,0,W00,World,0,W00,World,S1,S1,TRUE,5613,Potassic fertilizers and materials,4,FALSE,C00,TOTAL CPC,0,0,TOTAL MOT,8,kg,2929468,FALSE,-1,N/A,,FALSE,2929468,FALSE,,FALSE,,296910,296910,0,TRUE,FALSE
C,A,19680101,1968,52,1968,490,S19,"Other Asia, nes",M,Import,0,W00,World,0,W00,World,S1,S1,TRUE,5613,Potassic fertilizers and materials,4,FALSE,C00,TOTAL CPC,0,0,TOTAL MOT,8,kg,111169776,FALSE,-1,N/A,,FALSE,111169776,FALSE,,FALSE,3836465,,3836465,0,TRUE,FALSE
C,A,19680101,1968,52,1968,490,S19,"Other Asia, nes",X,Export,0,W00,World,0,W00,World,S1,S1,TRUE,5613,Potassic fertilizers and materials,4,FALSE,C00,TOTAL CPC,0,0,TOTAL MOT,8,kg,6800000,FALSE,-1,N/A,,FALSE,6800000,FALSE,,FALSE,,302600,302600,0,TRUE,FALSE
C,A,19680101,1968,52,1968,504,MAR,Morocco,M,Import,0,W00,World,0,W00,World,S1,S1,TRUE,5613,Potassic fertilizers and materials,4,FALSE,C00,TOTAL CPC,0,0,TOTAL MOT,8,kg,37278048,FALSE,-1,N/A,,FALSE,37278048,FALSE,,FALSE,1791844,,1791844,0,TRUE,FALSE
C,A,19680101,1968,52,1968,504,MAR,Morocco,X,Export,0,W00,World,0,W00,World,S1,S1,TRUE,5613,Potassic fertilizers and materials,4,FALSE,C00,TOTAL CPC,0,0,TOTAL MOT,8,kg,500,FALSE,-1,N/A,,FALSE,500,FALSE,,FALSE,,69,69,0,TRUE,FALSE
C,A,19680101,1968,52,1968,528,NLD,Netherlands,M,Import,0,W00,World,0,W00,World,S1,S1,TRUE,5613,Potassic fertilizers and materials,4,FALSE,C00,TOTAL CPC,0,0,TOTAL MOT,8,kg,430662976,FALSE,-1,N/A,,FALSE,430662976,FALSE,,FALSE,12675299,,12675299,0,TRUE,FALSE
C,A,19680101,1968,52,1968,528,NLD,Netherlands,X,Export,0,W00,World,0,W00,World,S1,S1,TRUE,5613,Potassic fertilizers and materials,4,FALSE,C00,TOTAL CPC,0,0,TOTAL MOT,8,kg,1258894,FALSE,-1,N/A,,FALSE,1258894,FALSE,,FALSE,,75149,75149,0,TRUE,FALSE
C,A,19680101,1968,52,1968,554,NZL,New Zealand,M,Import,0,W00,World,0,W00,World,S1,S1,TRUE,5613,Potassic fertilizers and materials,4,FALSE,C00,TOTAL CPC,0,0,TOTAL MOT,8,kg,142736320,FALSE,-1,N/A,,FALSE,142736320,FALSE,,FALSE,4916209,,4916209,0,TRUE,FALSE
C,A,19680101,1968,52,1968,554,NZL,New Zealand,X,Export,0,W00,World,0,W00,World,S1,S1,TRUE,5613,Potassic fertilizers and materials,4,FALSE,C00,TOTAL CPC,0,0,TOTAL MOT,8,kg,53847,FALSE,-1,N/A,,FALSE,53847,FALSE,,FALSE,,2755,2755,0,TRUE,FALSE
C,A,19680101,1968,52,1968,558,NIC,Nicaragua,M,Import,0,W00,World,0,W00,World,S1,S1,TRUE,5613,Potassic fertilizers and materials,4,FALSE,C00,TOTAL CPC,0,0,TOTAL MOT,8,kg,2418800,FALSE,-1,N/A,,FALSE,2418800,FALSE,,FALSE,189021,,189021,0,TRUE,FALSE
C,A,19680101,1968,52,1968,562,NER,Niger,M,Import,0,W00,World,0,W00,World,S1,S1,TRUE,5613,Potassic fertilizers and materials,4,FALSE,C00,TOTAL CPC,0,0,TOTAL MOT,8,kg,24778,FALSE,-1,N/A,,FALSE,24778,FALSE,,FALSE,6162,,6162,0,TRUE,FALSE
C,A,19680101,1968,52,1968,566,NGA,Nigeria,M,Import,0,W00,World,0,W00,World,S1,S1,TRUE,5613,Potassic fertilizers and materials,4,FALSE,C00,TOTAL CPC,0,0,TOTAL MOT,8,kg,198127,FALSE,-1,N/A,,FALSE,198127,FALSE,,FALSE,16059,,16059,0,TRUE,FALSE
C,A,19680101,1968,52,1968,579,NOR,Norway,M,Import,0,W00,World,0,W00,World,S1,S1,TRUE,5613,Potassic fertilizers and materials,4,FALSE,C00,TOTAL CPC,0,0,TOTAL MOT,8,kg,193808208,FALSE,-1,N/A,,FALSE,193808208,FALSE,,FALSE,7039735,,7039735,0,TRUE,FALSE
C,A,19680101,1968,52,1968,579,NOR,Norway,X,Export,0,W00,World,0,W00,World,S1,S1,TRUE,5613,Potassic fertilizers and materials,4,FALSE,C00,TOTAL CPC,0,0,TOTAL MOT,8,kg,5750,FALSE,-1,N/A,,FALSE,5750,FALSE,,FALSE,,257,257,0,TRUE,FALSE
C,A,19680101,1968,52,1968,588,PAK,East and West Pakistan (...1971),M,Import,0,W00,World,0,W00,World,S1,S1,TRUE,5613,Potassic fertilizers and materials,4,FALSE,C00,TOTAL CPC,0,0,TOTAL MOT,-1,N/A,0,FALSE,-1,N/A,,FALSE,,FALSE,,FALSE,947865,,947865,0,TRUE,FALSE
C,A,19680101,1968,52,1968,590,PAN,"Panama, excl.Canal Zone (...1977)",M,Import,0,W00,World,0,W00,World,S1,S1,TRUE,5613,Potassic fertilizers and materials,4,FALSE,C00,TOTAL CPC,0,0,TOTAL MOT,8,kg,377250,FALSE,-1,N/A,,FALSE,377250,FALSE,,FALSE,28415,,28415,0,TRUE,FALSE
C,A,19680101,1968,52,1968,604,PER,Peru,M,Import,0,W00,World,0,W00,World,S1,S1,TRUE,5613,Potassic fertilizers and materials,4,FALSE,C00,TOTAL CPC,0,0,TOTAL MOT,8,kg,6670937,FALSE,-1,N/A,,FALSE,6670937,FALSE,,FALSE,402459,,402459,0,TRUE,FALSE
C,A,19680101,1968,52,1968,608,PHL,Philippines,M,Import,0,W00,World,0,W00,World,S1,S1,TRUE,5613,Potassic fertilizers and materials,4,FALSE,C00,TOTAL CPC,0,0,TOTAL MOT,8,kg,37947940,FALSE,-1,N/A,,FALSE,37947940,FALSE,,FALSE,1655515,,1655515,0,TRUE,FALSE
C,A,19680101,1968,52,1968,620,PRT,Portugal,M,Import,0,W00,World,0,W00,World,S1,S1,TRUE,5613,Potassic fertilizers and materials,4,FALSE,C00,TOTAL CPC,0,0,TOTAL MOT,8,kg,28226106,FALSE,-1,N/A,,FALSE,28226106,FALSE,,FALSE,1181128,,1181128,0,TRUE,FALSE
C,A,19680101,1968,52,1968,620,PRT,Portugal,X,Export,0,W00,World,0,W00,World,S1,S1,TRUE,5613,Potassic fertilizers and materials,4,FALSE,C00,TOTAL CPC,0,0,TOTAL MOT,8,kg,327245,FALSE,-1,N/A,,FALSE,327245,FALSE,,FALSE,,20116,20116,0,TRUE,FALSE
C,A,19680101,1968,52,1968,638,REU,RÈunion (Overseas France),M,Import,0,W00,World,0,W00,World,S1,S1,TRUE,5613,Potassic fertilizers and materials,4,FALSE,C00,TOTAL CPC,0,0,TOTAL MOT,8,kg,528808,FALSE,-1,N/A,,TRUE,528808,FALSE,-1,TRUE,35474,,35474,0,FALSE,FALSE
C,A,19680101,1968,52,1968,686,SEN,Senegal,M,Import,0,W00,World,0,W00,World,S1,S1,TRUE,5613,Potassic fertilizers and materials,4,FALSE,C00,TOTAL CPC,0,0,TOTAL MOT,8,kg,7275949,FALSE,-1,N/A,,FALSE,7275949,FALSE,,FALSE,376568,,376568,0,TRUE,FALSE
C,A,19680101,1968,52,1968,686,SEN,Senegal,X,Export,0,W00,World,0,W00,World,S1,S1,TRUE,5613,Potassic fertilizers and materials,4,FALSE,C00,TOTAL CPC,0,0,TOTAL MOT,8,kg,3687,FALSE,-1,N/A,,FALSE,3687,FALSE,,FALSE,,389,389,0,TRUE,FALSE
C,A,19680101,1968,52,1968,702,SGP,Singapore,M,Import,0,W00,World,0,W00,World,S1,S1,TRUE,5613,Potassic fertilizers and materials,4,FALSE,C00,TOTAL CPC,0,0,TOTAL MOT,8,kg,17203426,FALSE,-1,N/A,,FALSE,17203426,FALSE,,FALSE,799405,,799405,0,TRUE,FALSE
C,A,19680101,1968,52,1968,702,SGP,Singapore,X,Export,0,W00,World,0,W00,World,S1,S1,TRUE,5613,Potassic fertilizers and materials,4,FALSE,C00,TOTAL CPC,0,0,TOTAL MOT,8,kg,32646116,FALSE,-1,N/A,,FALSE,32646116,FALSE,,FALSE,,1739373,1739373,0,TRUE,FALSE
C,A,19680101,1968,52,1968,724,ESP,Spain,M,Import,0,W00,World,0,W00,World,S1,S1,TRUE,5613,Potassic fertilizers and materials,4,FALSE,C00,TOTAL CPC,0,0,TOTAL MOT,8,kg,1135477,FALSE,-1,N/A,,FALSE,1135477,FALSE,,FALSE,65983,,65983,0,TRUE,FALSE
C,A,19680101,1968,52,1968,724,ESP,Spain,X,Export,0,W00,World,0,W00,World,S1,S1,TRUE,5613,Potassic fertilizers and materials,4,FALSE,C00,TOTAL CPC,0,0,TOTAL MOT,8,kg,668651520,FALSE,-1,N/A,,FALSE,668651520,FALSE,,FALSE,,17986300,17986300,0,TRUE,FALSE
C,A,19680101,1968,52,1968,752,SWE,Sweden,M,Import,0,W00,World,0,W00,World,S1,S1,TRUE,5613,Potassic fertilizers and materials,4,FALSE,C00,TOTAL CPC,0,0,TOTAL MOT,8,kg,221391008,FALSE,-1,N/A,,FALSE,221391008,FALSE,,FALSE,7921792,,7921792,0,TRUE,FALSE
C,A,19680101,1968,52,1968,752,SWE,Sweden,X,Export,0,W00,World,0,W00,World,S1,S1,TRUE,5613,Potassic fertilizers and materials,4,FALSE,C00,TOTAL CPC,0,0,TOTAL MOT,-1,N/A,0,FALSE,-1,N/A,,FALSE,,FALSE,,FALSE,,778,778,0,TRUE,FALSE
C,A,19680101,1968,52,1968,757,CHE,Switzerland,M,Import,0,W00,World,0,W00,World,S1,S1,TRUE,5613,Potassic fertilizers and materials,4,FALSE,C00,TOTAL CPC,0,0,TOTAL MOT,8,kg,18169448,FALSE,-1,N/A,,FALSE,18169448,FALSE,,FALSE,666274,,666274,0,TRUE,FALSE
C,A,19680101,1968,52,1968,757,CHE,Switzerland,X,Export,0,W00,World,0,W00,World,S1,S1,TRUE,5613,Potassic fertilizers and materials,4,FALSE,C00,TOTAL CPC,0,0,TOTAL MOT,8,kg,1277,FALSE,-1,N/A,,FALSE,1277,FALSE,,FALSE,,349,349,0,TRUE,FALSE
C,A,19680101,1968,52,1968,764,THA,Thailand,M,Import,0,W00,World,0,W00,World,S1,S1,TRUE,5613,Potassic fertilizers and materials,4,FALSE,C00,TOTAL CPC,0,0,TOTAL MOT,8,kg,3857628,FALSE,-1,N/A,,FALSE,3857628,FALSE,,FALSE,223959,,223959,0,TRUE,FALSE
C,A,19680101,1968,52,1968,768,TGO,Togo,M,Import,0,W00,World,0,W00,World,S1,S1,TRUE,5613,Potassic fertilizers and materials,4,FALSE,C00,TOTAL CPC,0,0,TOTAL MOT,8,kg,215995,FALSE,-1,N/A,,FALSE,215995,FALSE,,FALSE,14648,,14648,0,TRUE,FALSE
C,A,19680101,1968,52,1968,780,TTO,Trinidad and Tobago,M,Import,0,W00,World,0,W00,World,S1,S1,TRUE,5613,Potassic fertilizers and materials,4,FALSE,C00,TOTAL CPC,0,0,TOTAL MOT,8,kg,2741310,FALSE,-1,N/A,,FALSE,2741310,FALSE,,FALSE,133632,,133632,0,TRUE,FALSE
C,A,19680101,1968,52,1968,780,TTO,Trinidad and Tobago,X,Export,0,W00,World,0,W00,World,S1,S1,TRUE,5613,Potassic fertilizers and materials,4,FALSE,C00,TOTAL CPC,0,0,TOTAL MOT,8,kg,23367,FALSE,-1,N/A,,FALSE,23367,FALSE,,FALSE,,1404,1404,0,TRUE,FALSE
C,A,19680101,1968,52,1968,788,TUN,Tunisia,M,Import,0,W00,World,0,W00,World,S1,S1,TRUE,5613,Potassic fertilizers and materials,4,FALSE,C00,TOTAL CPC,0,0,TOTAL MOT,8,kg,3361113,FALSE,-1,N/A,,FALSE,3361113,FALSE,,FALSE,211612,,211612,0,TRUE,FALSE
C,A,19680101,1968,52,1968,792,TUR,TÅEkiye,M,Import,0,W00,World,0,W00,World,S1,S1,TRUE,5613,Potassic fertilizers and materials,4,FALSE,C00,TOTAL CPC,0,0,TOTAL MOT,8,kg,548991,FALSE,-1,N/A,,FALSE,548991,FALSE,,FALSE,36897,,36897,0,TRUE,FALSE
C,A,19680101,1968,52,1968,826,GBR,United Kingdom,M,Import,0,W00,World,0,W00,World,S1,S1,TRUE,5613,Potassic fertilizers and materials,4,FALSE,C00,TOTAL CPC,0,0,TOTAL MOT,8,kg,809706112,FALSE,-1,N/A,,FALSE,809706112,FALSE,,FALSE,30325740,,30325740,0,TRUE,FALSE
C,A,19680101,1968,52,1968,826,GBR,United Kingdom,X,Export,0,W00,World,0,W00,World,S1,S1,TRUE,5613,Potassic fertilizers and materials,4,FALSE,C00,TOTAL CPC,0,0,TOTAL MOT,8,kg,548760,FALSE,-1,N/A,,FALSE,548760,FALSE,,FALSE,,137430,137430,0,TRUE,FALSE
C,A,19680101,1968,52,1968,841,USA,USA and Puerto Rico (...1980),M,Import,0,W00,World,0,W00,World,S1,S1,TRUE,5613,Potassic fertilizers and materials,4,FALSE,C00,TOTAL CPC,0,0,TOTAL MOT,8,kg,3266045568,FALSE,-1,N/A,,FALSE,3266045568,FALSE,,FALSE,,70245442,70245442,0,TRUE,FALSE
C,A,19680101,1968,52,1968,841,USA,USA and Puerto Rico (...1980),X,Export,0,W00,World,0,W00,World,S1,S1,TRUE,5613,Potassic fertilizers and materials,4,FALSE,C00,TOTAL CPC,0,0,TOTAL MOT,8,kg,1187141366,FALSE,-1,N/A,,FALSE,1187141366,FALSE,,FALSE,,38465454,38465454,0,TRUE,FALSE
C,A,19680101,1968,52,1968,854,BFA,Burkina Faso,M,Import,0,W00,World,0,W00,World,S1,S1,TRUE,5613,Potassic fertilizers and materials,4,FALSE,C00,TOTAL CPC,0,0,TOTAL MOT,8,kg,94448,FALSE,-1,N/A,,FALSE,94448,FALSE,,FALSE,10573,,10573,0,TRUE,FALSE
C,A,19680101,1968,52,1968,862,VEN,Venezuela,M,Import,0,W00,World,0,W00,World,S1,S1,TRUE,5613,Potassic fertilizers and materials,4,FALSE,C00,TOTAL CPC,0,0,TOTAL MOT,8,kg,24076200,FALSE,-1,N/A,,FALSE,24076200,FALSE,,FALSE,,812173,812173,0,TRUE,FALSE
C,A,19680101,1968,52,1968,868,VNM,Rep. of Vietnam (...1974),M,Import,0,W00,World,0,W00,World,S1,S1,TRUE,5613,Potassic fertilizers and materials,4,FALSE,C00,TOTAL CPC,0,0,TOTAL MOT,8,kg,2300148,FALSE,-1,N/A,,FALSE,2300148,FALSE,,FALSE,194269,,194269,0,TRUE,FALSE
C,A,19680101,1968,52,1968,890,YUG,Yugoslavia (...1991),M,Import,0,W00,World,0,W00,World,S1,S1,TRUE,5613,Potassic fertilizers and materials,4,FALSE,C00,TOTAL CPC,0,0,TOTAL MOT,8,kg,191267504,FALSE,-1,N/A,,FALSE,191267504,FALSE,,FALSE,6311132,,6311132,0,TRUE,FALSE
C,A,19690101,1969,52,1969,12,DZA,Algeria,M,Import,0,W00,World,0,W00,World,S1,S1,TRUE,5613,Potassic fertilizers and materials,4,FALSE,C00,TOTAL CPC,0,0,TOTAL MOT,8,kg,21350020,FALSE,-1,N/A,,FALSE,21350020,FALSE,,FALSE,1114389,,1114389,0,TRUE,FALSE
C,A,19690101,1969,52,1969,24,AGO,Angola,M,Import,0,W00,World,0,W00,World,S1,S1,TRUE,5613,Potassic fertilizers and materials,4,FALSE,C00,TOTAL CPC,0,0,TOTAL MOT,8,kg,2979459,FALSE,-1,N/A,,FALSE,2979459,FALSE,,FALSE,221107,,221107,0,TRUE,FALSE
C,A,19690101,1969,52,1969,32,ARG,Argentina,M,Import,0,W00,World,0,W00,World,S1,S1,TRUE,5613,Potassic fertilizers and materials,4,FALSE,C00,TOTAL CPC,0,0,TOTAL MOT,8,kg,8541038,FALSE,-1,N/A,,FALSE,8541038,FALSE,,FALSE,458798,,458798,0,TRUE,FALSE
C,A,19690101,1969,52,1969,36,AUS,Australia,M,Import,0,W00,World,0,W00,World,S1,S1,TRUE,5613,Potassic fertilizers and materials,4,FALSE,C00,TOTAL CPC,0,0,TOTAL MOT,8,kg,130576384,FALSE,-1,N/A,,FALSE,130576384,FALSE,,FALSE,,3678257,3678257,0,TRUE,FALSE
C,A,19690101,1969,52,1969,52,BRB,Barbados,M,Import,0,W00,World,0,W00,World,S1,S1,TRUE,5613,Potassic fertilizers and materials,4,FALSE,C00,TOTAL CPC,0,0,TOTAL MOT,8,kg,3058249,FALSE,-1,N/A,,FALSE,3058249,FALSE,,FALSE,163017,,163017,0,TRUE,FALSE
C,A,19690101,1969,52,1969,58,BEL,Belgium-Luxembourg (...1998),M,Import,0,W00,World,0,W00,World,S1,S1,TRUE,5613,Potassic fertilizers and materials,4,FALSE,C00,TOTAL CPC,0,0,TOTAL MOT,8,kg,1098000384,FALSE,-1,N/A,,FALSE,1098000384,FALSE,,FALSE,28912316,,28912316,0,TRUE,FALSE
C,A,19690101,1969,52,1969,58,BEL,Belgium-Luxembourg (...1998),X,Export,0,W00,World,0,W00,World,S1,S1,TRUE,5613,Potassic fertilizers and materials,4,FALSE,C00,TOTAL CPC,0,0,TOTAL MOT,8,kg,643859776,FALSE,-1,N/A,,FALSE,643859776,FALSE,,FALSE,,28147746,28147746,0,TRUE,FALSE
C,A,19690101,1969,52,1969,68,BOL,Bolivia (Plurinational State of),M,Import,0,W00,World,0,W00,World,S1,S1,TRUE,5613,Potassic fertilizers and materials,4,FALSE,C00,TOTAL CPC,0,0,TOTAL MOT,8,kg,21983,FALSE,-1,N/A,,FALSE,21983,FALSE,,FALSE,10398,,10398,0,TRUE,FALSE
C,A,19690101,1969,52,1969,76,BRA,Brazil,M,Import,0,W00,World,0,W00,World,S1,S1,TRUE,5613,Potassic fertilizers and materials,4,FALSE,C00,TOTAL CPC,0,0,TOTAL MOT,8,kg,332889978,FALSE,-1,N/A,,FALSE,332889978,FALSE,,FALSE,11222060,,11222060,0,TRUE,FALSE
C,A,19690101,1969,52,1969,76,BRA,Brazil,X,Export,0,W00,World,0,W00,World,S1,S1,TRUE,5613,Potassic fertilizers and materials,4,FALSE,C00,TOTAL CPC,0,0,TOTAL MOT,8,kg,400000,FALSE,-1,N/A,,FALSE,400000,FALSE,,FALSE,,30884,30884,0,TRUE,FALSE
C,A,19690101,1969,52,1969,96,BRN,Brunei Darussalam,M,Import,0,W00,World,0,W00,World,S1,S1,TRUE,5613,Potassic fertilizers and materials,4,FALSE,C00,TOTAL CPC,0,0,TOTAL MOT,8,kg,12121,FALSE,-1,N/A,,FALSE,12121,FALSE,,FALSE,1207,,1207,0,TRUE,FALSE
C,A,19690101,1969,52,1969,116,KHM,Cambodia,M,Import,0,W00,World,0,W00,World,S1,S1,TRUE,5613,Potassic fertilizers and materials,4,FALSE,C00,TOTAL CPC,0,0,TOTAL MOT,8,kg,1017004,FALSE,-1,N/A,,FALSE,1017004,FALSE,,FALSE,69859,,69859,0,TRUE,FALSE
C,A,19690101,1969,52,1969,120,CMR,Cameroon,M,Import,0,W00,World,0,W00,World,S1,S1,TRUE,5613,Potassic fertilizers and materials,4,FALSE,C00,TOTAL CPC,0,0,TOTAL MOT,8,kg,4251312,FALSE,-1,N/A,,FALSE,4251312,FALSE,,FALSE,270637,,270637,0,TRUE,FALSE
C,A,19690101,1969,52,1969,120,CMR,Cameroon,X,Export,0,W00,World,0,W00,World,S1,S1,TRUE,5613,Potassic fertilizers and materials,4,FALSE,C00,TOTAL CPC,0,0,TOTAL MOT,8,kg,50097,FALSE,-1,N/A,,FALSE,50097,FALSE,,FALSE,,3699,3699,0,TRUE,FALSE
C,A,19690101,1969,52,1969,124,CAN,Canada,M,Import,0,W00,World,0,W00,World,S1,S1,TRUE,5613,Potassic fertilizers and materials,4,FALSE,C00,TOTAL CPC,0,0,TOTAL MOT,8,kg,66253368,FALSE,-1,N/A,,FALSE,66253368,FALSE,,FALSE,,2026833,2026833,0,TRUE,FALSE
C,A,19690101,1969,52,1969,124,CAN,Canada,X,Export,0,W00,World,0,W00,World,S1,S1,TRUE,5613,Potassic fertilizers and materials,4,FALSE,C00,TOTAL CPC,0,0,TOTAL MOT,-1,N/A,0,FALSE,-1,N/A,,FALSE,,FALSE,,FALSE,,83782872,83782872,0,TRUE,FALSE
C,A,19690101,1969,52,1969,140,CAF,Central African Rep.,M,Import,0,W00,World,0,W00,World,S1,S1,TRUE,5613,Potassic fertilizers and materials,4,FALSE,C00,TOTAL CPC,0,0,TOTAL MOT,8,kg,563878,FALSE,-1,N/A,,FALSE,563878,FALSE,,FALSE,140849,,140849,0,TRUE,FALSE
C,A,19690101,1969,52,1969,140,CAF,Central African Rep.,X,Export,0,W00,World,0,W00,World,S1,S1,TRUE,5613,Potassic fertilizers and materials,4,FALSE,C00,TOTAL CPC,0,0,TOTAL MOT,8,kg,28000,FALSE,-1,N/A,,FALSE,28000,FALSE,,FALSE,,5063,5063,0,TRUE,FALSE
C,A,19690101,1969,52,1969,144,LKA,Sri Lanka,M,Import,0,W00,World,0,W00,World,S1,S1,TRUE,5613,Potassic fertilizers and materials,4,FALSE,C00,TOTAL CPC,0,0,TOTAL MOT,8,kg,45964568,FALSE,-1,N/A,,FALSE,45964568,FALSE,,FALSE,2410670,,2410670,0,TRUE,FALSE
C,A,19690101,1969,52,1969,148,TCD,Chad,M,Import,0,W00,World,0,W00,World,S1,S1,TRUE,5613,Potassic fertilizers and materials,4,FALSE,C00,TOTAL CPC,0,0,TOTAL MOT,8,kg,449241,FALSE,-1,N/A,,FALSE,449241,FALSE,,FALSE,39490,,39490,0,TRUE,FALSE
C,A,19690101,1969,52,1969,152,CHL,Chile,M,Import,0,W00,World,0,W00,World,S1,S1,TRUE,5613,Potassic fertilizers and materials,4,FALSE,C00,TOTAL CPC,0,0,TOTAL MOT,8,kg,48138836,FALSE,-1,N/A,,FALSE,48138836,FALSE,,FALSE,2061498,,2061498,0,TRUE,FALSE
C,A,19690101,1969,52,1969,170,COL,Colombia,M,Import,0,W00,World,0,W00,World,S1,S1,TRUE,5613,Potassic fertilizers and materials,4,FALSE,C00,TOTAL CPC,0,0,TOTAL MOT,8,kg,66677648,FALSE,-1,N/A,,FALSE,66677648,FALSE,,FALSE,2401555,,2401555,0,TRUE,FALSE
C,A,19690101,1969,52,1969,188,CRI,Costa Rica,M,Import,0,W00,World,0,W00,World,S1,S1,TRUE,5613,Potassic fertilizers and materials,4,FALSE,C00,TOTAL CPC,0,0,TOTAL MOT,8,kg,25134490,FALSE,-1,N/A,,FALSE,25134490,FALSE,,FALSE,972763,,972763,0,TRUE,FALSE
C,A,19690101,1969,52,1969,204,BEN,Benin,M,Import,0,W00,World,0,W00,World,S1,S1,TRUE,5613,Potassic fertilizers and materials,4,FALSE,C00,TOTAL CPC,0,0,TOTAL MOT,8,kg,2349937,FALSE,-1,N/A,,FALSE,2349937,FALSE,,FALSE,155294,,155294,0,TRUE,FALSE
C,A,19690101,1969,52,1969,208,DNK,Denmark,M,Import,0,W00,World,0,W00,World,S1,S1,TRUE,5613,Potassic fertilizers and materials,4,FALSE,C00,TOTAL CPC,0,0,TOTAL MOT,8,kg,233760672,FALSE,-1,N/A,,FALSE,233760672,FALSE,,FALSE,8164916,,8164916,0,TRUE,FALSE
C,A,19690101,1969,52,1969,208,DNK,Denmark,X,Export,0,W00,World,0,W00,World,S1,S1,TRUE,5613,Potassic fertilizers and materials,4,FALSE,C00,TOTAL CPC,0,0,TOTAL MOT,8,kg,845,FALSE,-1,N/A,,FALSE,845,FALSE,,FALSE,,132,132,0,TRUE,FALSE
C,A,19690101,1969,52,1969,218,ECU,Ecuador,M,Import,0,W00,World,0,W00,World,S1,S1,TRUE,5613,Potassic fertilizers and materials,4,FALSE,C00,TOTAL CPC,0,0,TOTAL MOT,8,kg,7903812,FALSE,-1,N/A,,FALSE,7903812,FALSE,,FALSE,368899,,368899,0,TRUE,FALSE
C,A,19690101,1969,52,1969,222,SLV,El Salvador,M,Import,0,W00,World,0,W00,World,S1,S1,TRUE,5613,Potassic fertilizers and materials,4,FALSE,C00,TOTAL CPC,0,0,TOTAL MOT,8,kg,3293338,FALSE,-1,N/A,,FALSE,3293338,FALSE,,FALSE,127978,,127978,0,TRUE,FALSE
C,A,19690101,1969,52,1969,222,SLV,El Salvador,X,Export,0,W00,World,0,W00,World,S1,S1,TRUE,5613,Potassic fertilizers and materials,4,FALSE,C00,TOTAL CPC,0,0,TOTAL MOT,8,kg,10437,FALSE,-1,N/A,,FALSE,10437,FALSE,,FALSE,,883,883,0,TRUE,FALSE
C,A,19690101,1969,52,1969,242,FJI,Fiji,M,Import,0,W00,World,0,W00,World,S1,S1,TRUE,5613,Potassic fertilizers and materials,4,FALSE,C00,TOTAL CPC,0,0,TOTAL MOT,8,kg,323080,FALSE,-1,N/A,,FALSE,323080,FALSE,,FALSE,24386,,24386,0,TRUE,FALSE
C,A,19690101,1969,52,1969,246,FIN,Finland,M,Import,0,W00,World,0,W00,World,S1,S1,TRUE,5613,Potassic fertilizers and materials,4,FALSE,C00,TOTAL CPC,0,0,TOTAL MOT,8,kg,182312320,FALSE,-1,N/A,,FALSE,182312320,FALSE,,FALSE,5631975,,5631975,0,TRUE,FALSE
C,A,19690101,1969,52,1969,251,FRA,France,M,Import,0,W00,World,0,W00,World,S1,S1,TRUE,5613,Potassic fertilizers and materials,4,FALSE,C00,TOTAL CPC,0,0,TOTAL MOT,8,kg,197767328,FALSE,-1,N/A,,FALSE,197767328,FALSE,,FALSE,6917855,,6917855,0,TRUE,FALSE
C,A,19690101,1969,52,1969,251,FRA,France,X,Export,0,W00,World,0,W00,World,S1,S1,TRUE,5613,Potassic fertilizers and materials,4,FALSE,C00,TOTAL CPC,0,0,TOTAL MOT,8,kg,1026395456,FALSE,-1,N/A,,FALSE,1026395456,FALSE,,FALSE,,28215704,28215704,0,TRUE,FALSE
C,A,19690101,1969,52,1969,254,GUF,French Guiana (Overseas France),M,Import,0,W00,World,0,W00,World,S1,S1,TRUE,5613,Potassic fertilizers and materials,4,FALSE,C00,TOTAL CPC,0,0,TOTAL MOT,8,kg,23046,FALSE,-1,N/A,,FALSE,23046,FALSE,,FALSE,1867,,1867,0,TRUE,FALSE
C,A,19690101,1969,52,1969,266,GAB,Gabon,M,Import,0,W00,World,0,W00,World,S1,S1,TRUE,5613,Potassic fertilizers and materials,4,FALSE,C00,TOTAL CPC,0,0,TOTAL MOT,8,kg,61167,FALSE,-1,N/A,,FALSE,61167,FALSE,,FALSE,6367,,6367,0,TRUE,FALSE
C,A,19690101,1969,52,1969,280,DEU,Fed. Rep. of Germany (...1990),M,Import,0,W00,World,0,W00,World,S1,S1,TRUE,5613,Potassic fertilizers and materials,4,FALSE,C00,TOTAL CPC,0,0,TOTAL MOT,8,kg,88460696,FALSE,-1,N/A,,TRUE,88460696,FALSE,-1,TRUE,2814000,,2814000,0,FALSE,FALSE
C,A,19690101,1969,52,1969,280,DEU,Fed. Rep. of Germany (...1990),X,Export,0,W00,World,0,W00,World,S1,S1,TRUE,5613,Potassic fertilizers and materials,4,FALSE,C00,TOTAL CPC,0,0,TOTAL MOT,8,kg,1781535616,FALSE,-1,N/A,,TRUE,1781535616,FALSE,-1,TRUE,,51973000,51973000,0,FALSE,FALSE
C,A,19690101,1969,52,1969,288,GHA,Ghana,M,Import,0,W00,World,0,W00,World,S1,S1,TRUE,5613,Potassic fertilizers and materials,4,FALSE,C00,TOTAL CPC,0,0,TOTAL MOT,8,kg,228609,FALSE,-1,N/A,,FALSE,228609,FALSE,,FALSE,13048,,13048,0,TRUE,FALSE
C,A,19690101,1969,52,1969,300,GRC,Greece,M,Import,0,W00,World,0,W00,World,S1,S1,TRUE,5613,Potassic fertilizers and materials,4,FALSE,C00,TOTAL CPC,0,0,TOTAL MOT,8,kg,32845912,FALSE,-1,N/A,,FALSE,32845912,FALSE,,FALSE,1728183,,1728183,0,TRUE,FALSE
C,A,19690101,1969,52,1969,312,GLP,Guadeloupe (Overseas France),M,Import,0,W00,World,0,W00,World,S1,S1,TRUE,5613,Potassic fertilizers and materials,4,FALSE,C00,TOTAL CPC,0,0,TOTAL MOT,8,kg,147613,FALSE,-1,N/A,,FALSE,147613,FALSE,,FALSE,10127,,10127,0,TRUE,FALSE
C,A,19690101,1969,52,1969,320,GTM,Guatemala,M,Import,0,W00,World,0,W00,World,S1,S1,TRUE,5613,Potassic fertilizers and materials,4,FALSE,C00,TOTAL CPC,0,0,TOTAL MOT,8,kg,103132,FALSE,-1,N/A,,FALSE,103132,FALSE,,FALSE,7958,,7958,0,TRUE,FALSE
C,A,19690101,1969,52,1969,320,GTM,Guatemala,X,Export,0,W00,World,0,W00,World,S1,S1,TRUE,5613,Potassic fertilizers and materials,4,FALSE,C00,TOTAL CPC,0,0,TOTAL MOT,8,kg,917,FALSE,-1,N/A,,FALSE,917,FALSE,,FALSE,,45,45,0,TRUE,FALSE
C,A,19690101,1969,52,1969,340,HND,Honduras,M,Import,0,W00,World,0,W00,World,S1,S1,TRUE,5613,Potassic fertilizers and materials,4,FALSE,C00,TOTAL CPC,0,0,TOTAL MOT,8,kg,4901230,FALSE,-1,N/A,,FALSE,4901230,FALSE,,FALSE,347303,,347303,0,TRUE,FALSE
C,A,19690101,1969,52,1969,344,HKG,"China, Hong Kong SAR",M,Import,0,W00,World,0,W00,World,S1,S1,TRUE,5613,Potassic fertilizers and materials,4,FALSE,C00,TOTAL CPC,0,0,TOTAL MOT,8,kg,34972,FALSE,-1,N/A,,FALSE,34972,FALSE,,FALSE,2870,,2870,0,TRUE,FALSE
C,A,19690101,1969,52,1969,352,ISL,Iceland,M,Import,0,W00,World,0,W00,World,S1,S1,TRUE,5613,Potassic fertilizers and materials,4,FALSE,C00,TOTAL CPC,0,0,TOTAL MOT,8,kg,5679748,FALSE,-1,N/A,,FALSE,5679748,FALSE,,FALSE,290794,,290794,0,TRUE,FALSE
C,A,19690101,1969,52,1969,356,IND,India (...1974),M,Import,0,W00,World,0,W00,World,S1,S1,TRUE,5613,Potassic fertilizers and materials,4,FALSE,C00,TOTAL CPC,0,0,TOTAL MOT,8,kg,166536992,FALSE,-1,N/A,,FALSE,166536992,FALSE,,FALSE,8505376,,8505376,0,TRUE,FALSE
C,A,19690101,1969,52,1969,360,IDN,Indonesia,M,Import,0,W00,World,0,W00,World,S1,S1,TRUE,5613,Potassic fertilizers and materials,4,FALSE,C00,TOTAL CPC,0,0,TOTAL MOT,8,kg,16832676,FALSE,-1,N/A,,FALSE,16832676,FALSE,,FALSE,979623,,979623,0,TRUE,FALSE
C,A,19690101,1969,52,1969,364,IRN,Iran,M,Import,0,W00,World,0,W00,World,S1,S1,TRUE,5613,Potassic fertilizers and materials,4,FALSE,C00,TOTAL CPC,0,0,TOTAL MOT,8,kg,3000000,FALSE,-1,N/A,,FALSE,3000000,FALSE,,FALSE,226911,,226911,0,TRUE,FALSE
C,A,19690101,1969,52,1969,372,IRL,Ireland,M,Import,0,W00,World,0,W00,World,S1,S1,TRUE,5613,Potassic fertilizers and materials,4,FALSE,C00,TOTAL CPC,0,0,TOTAL MOT,8,kg,192953440,FALSE,-1,N/A,,FALSE,192953440,FALSE,,FALSE,7398919,,7398919,0,TRUE,FALSE
C,A,19690101,1969,52,1969,376,ISR,Israel,M,Import,0,W00,World,0,W00,World,S1,S1,TRUE,5613,Potassic fertilizers and materials,4,FALSE,C00,TOTAL CPC,0,0,TOTAL MOT,8,kg,1904,FALSE,-1,N/A,,FALSE,1904,FALSE,,FALSE,1904,,1904,0,TRUE,FALSE
C,A,19690101,1969,52,1969,376,ISR,Israel,X,Export,0,W00,World,0,W00,World,S1,S1,TRUE,5613,Potassic fertilizers and materials,4,FALSE,C00,TOTAL CPC,0,0,TOTAL MOT,-1,N/A,0,FALSE,-1,N/A,,FALSE,,FALSE,,FALSE,,62634,62634,0,TRUE,FALSE
C,A,19690101,1969,52,1969,380,ITA,Italy,M,Import,0,W00,World,0,W00,World,S1,S1,TRUE,5613,Potassic fertilizers and materials,4,FALSE,C00,TOTAL CPC,0,0,TOTAL MOT,8,kg,184752480,FALSE,-1,N/A,,TRUE,184752480,FALSE,-1,TRUE,5681452,,5681452,0,FALSE,FALSE
C,A,19690101,1969,52,1969,380,ITA,Italy,X,Export,0,W00,World,0,W00,World,S1,S1,TRUE,5613,Potassic fertilizers and materials,4,FALSE,C00,TOTAL CPC,0,0,TOTAL MOT,8,kg,127325968,FALSE,-1,N/A,,TRUE,127325968,FALSE,-1,TRUE,,4773938,4773938,0,FALSE,FALSE
C,A,19690101,1969,52,1969,384,CIV,CÙte d'Ivoire,M,Import,0,W00,World,0,W00,World,S1,S1,TRUE,5613,Potassic fertilizers and materials,4,FALSE,C00,TOTAL CPC,0,0,TOTAL MOT,8,kg,12276545,FALSE,-1,N/A,,FALSE,12276545,FALSE,,FALSE,608291,,608291,0,TRUE,FALSE
C,A,19690101,1969,52,1969,384,CIV,CÙte d'Ivoire,X,Export,0,W00,World,0,W00,World,S1,S1,TRUE,5613,Potassic fertilizers and materials,4,FALSE,C00,TOTAL CPC,0,0,TOTAL MOT,8,kg,199671,FALSE,-1,N/A,,FALSE,199671,FALSE,,FALSE,,19353,19353,0,TRUE,FALSE
C,A,19690101,1969,52,1969,392,JPN,Japan,M,Import,0,W00,World,0,W00,World,S1,S1,TRUE,5613,Potassic fertilizers and materials,4,FALSE,C00,TOTAL CPC,0,0,TOTAL MOT,8,kg,1361198976,FALSE,-1,N/A,,FALSE,1361198976,FALSE,,FALSE,46579300,,46579300,0,TRUE,FALSE
C,A,19690101,1969,52,1969,392,JPN,Japan,X,Export,0,W00,World,0,W00,World,S1,S1,TRUE,5613,Potassic fertilizers and materials,4,FALSE,C00,TOTAL CPC,0,0,TOTAL MOT,8,kg,12091437,FALSE,-1,N/A,,FALSE,12091437,FALSE,,FALSE,,544624,544624,0,TRUE,FALSE
C,A,19690101,1969,52,1969,400,JOR,Jordan,M,Import,0,W00,World,0,W00,World,S1,S1,TRUE,5613,Potassic fertilizers and materials,4,FALSE,C00,TOTAL CPC,0,0,TOTAL MOT,8,kg,857968,FALSE,-1,N/A,,FALSE,857968,FALSE,,FALSE,53786,,53786,0,TRUE,FALSE
C,A,19690101,1969,52,1969,410,KOR,Rep. of Korea,M,Import,0,W00,World,0,W00,World,S1,S1,TRUE,5613,Potassic fertilizers and materials,4,FALSE,C00,TOTAL CPC,0,0,TOTAL MOT,8,kg,223908704,FALSE,-1,N/A,,FALSE,223908704,FALSE,,FALSE,6895396,,6895396,0,TRUE,FALSE
C,A,19690101,1969,52,1969,418,LAO,Lao People's Dem. Rep.,M,Import,0,W00,World,0,W00,World,S1,S1,TRUE,5613,Potassic fertilizers and materials,4,FALSE,C00,TOTAL CPC,0,0,TOTAL MOT,8,kg,3000,FALSE,-1,N/A,,FALSE,3000,FALSE,,FALSE,,282,282,0,TRUE,FALSE
C,A,19690101,1969,52,1969,422,LBN,Lebanon,M,Import,0,W00,World,0,W00,World,S1,S1,TRUE,5613,Potassic fertilizers and materials,4,FALSE,C00,TOTAL CPC,0,0,TOTAL MOT,8,kg,3752550,FALSE,-1,N/A,,FALSE,3752550,FALSE,,FALSE,142035,,142035,0,TRUE,FALSE
C,A,19690101,1969,52,1969,422,LBN,Lebanon,X,Export,0,W00,World,0,W00,World,S1,S1,TRUE,5613,Potassic fertilizers and materials,4,FALSE,C00,TOTAL CPC,0,0,TOTAL MOT,8,kg,1375,FALSE,-1,N/A,,FALSE,1375,FALSE,,FALSE,,1980,1980,0,TRUE,FALSE
C,A,19690101,1969,52,1969,450,MDG,Madagascar,M,Import,0,W00,World,0,W00,World,S1,S1,TRUE,5613,Potassic fertilizers and materials,4,FALSE,C00,TOTAL CPC,0,0,TOTAL MOT,8,kg,5190960,FALSE,-1,N/A,,FALSE,5190960,FALSE,,FALSE,268742,,268742,0,TRUE,FALSE
C,A,19690101,1969,52,1969,450,MDG,Madagascar,X,Export,0,W00,World,0,W00,World,S1,S1,TRUE,5613,Potassic fertilizers and materials,4,FALSE,C00,TOTAL CPC,0,0,TOTAL MOT,8,kg,2562,FALSE,-1,N/A,,FALSE,2562,FALSE,,FALSE,,774,774,0,TRUE,FALSE
C,A,19690101,1969,52,1969,454,MWI,Malawi,M,Import,0,W00,World,0,W00,World,S1,S1,TRUE,5613,Potassic fertilizers and materials,4,FALSE,C00,TOTAL CPC,0,0,TOTAL MOT,8,kg,100698,FALSE,-1,N/A,,FALSE,100698,FALSE,,FALSE,2614,,2614,0,TRUE,FALSE
C,A,19690101,1969,52,1969,458,MYS,Malaysia,M,Import,0,W00,World,0,W00,World,S1,S1,TRUE,5613,Potassic fertilizers and materials,4,FALSE,C00,TOTAL CPC,0,0,TOTAL MOT,8,kg,77289840,FALSE,-1,N/A,,FALSE,77289840,FALSE,,FALSE,3479870,,3479870,0,TRUE,FALSE
C,A,19690101,1969,52,1969,458,MYS,Malaysia,X,Export,0,W00,World,0,W00,World,S1,S1,TRUE,5613,Potassic fertilizers and materials,4,FALSE,C00,TOTAL CPC,0,0,TOTAL MOT,8,kg,82050,FALSE,-1,N/A,,FALSE,82050,FALSE,,FALSE,,8721,8721,0,TRUE,FALSE
C,A,19690101,1969,52,1969,466,MLI,Mali,M,Import,0,W00,World,0,W00,World,S1,S1,TRUE,5613,Potassic fertilizers and materials,4,FALSE,C00,TOTAL CPC,0,0,TOTAL MOT,8,kg,488,FALSE,-1,N/A,,FALSE,488,FALSE,,FALSE,41,,41,0,TRUE,FALSE
C,A,19690101,1969,52,1969,470,MLT,Malta,M,Import,0,W00,World,0,W00,World,S1,S1,TRUE,5613,Potassic fertilizers and materials,4,FALSE,C00,TOTAL CPC,0,0,TOTAL MOT,8,kg,15000,FALSE,-1,N/A,,FALSE,15000,FALSE,,FALSE,1002,,1002,0,TRUE,FALSE
C,A,19690101,1969,52,1969,474,MTQ,Martinique (Overseas France),M,Import,0,W00,World,0,W00,World,S1,S1,TRUE,5613,Potassic fertilizers and materials,4,FALSE,C00,TOTAL CPC,0,0,TOTAL MOT,8,kg,1793437,FALSE,-1,N/A,,FALSE,1793437,FALSE,,FALSE,113197,,113197,0,TRUE,FALSE
C,A,19690101,1969,52,1969,484,MEX,Mexico,M,Import,0,W00,World,0,W00,World,S1,S1,TRUE,5613,Potassic fertilizers and materials,4,FALSE,C00,TOTAL CPC,0,0,TOTAL MOT,8,kg,68138984,FALSE,-1,N/A,,FALSE,68138984,FALSE,,FALSE,2137639,,2137639,0,TRUE,FALSE
C,A,19690101,1969,52,1969,484,MEX,Mexico,X,Export,0,W00,World,0,W00,World,S1,S1,TRUE,5613,Potassic fertilizers and materials,4,FALSE,C00,TOTAL CPC,0,0,TOTAL MOT,8,kg,2827375,FALSE,-1,N/A,,FALSE,2827375,FALSE,,FALSE,,186475,186475,0,TRUE,FALSE
C,A,19690101,1969,52,1969,490,S19,"Other Asia, nes",M,Import,0,W00,World,0,W00,World,S1,S1,TRUE,5613,Potassic fertilizers and materials,4,FALSE,C00,TOTAL CPC,0,0,TOTAL MOT,8,kg,134665920,FALSE,-1,N/A,,FALSE,134665920,FALSE,,FALSE,4713844,,4713844,0,TRUE,FALSE
C,A,19690101,1969,52,1969,490,S19,"Other Asia, nes",X,Export,0,W00,World,0,W00,World,S1,S1,TRUE,5613,Potassic fertilizers and materials,4,FALSE,C00,TOTAL CPC,0,0,TOTAL MOT,8,kg,1995812,FALSE,-1,N/A,,FALSE,1995812,FALSE,,FALSE,,88813,88813,0,TRUE,FALSE
C,A,19690101,1969,52,1969,528,NLD,Netherlands,M,Import,0,W00,World,0,W00,World,S1,S1,TRUE,5613,Potassic fertilizers and materials,4,FALSE,C00,TOTAL CPC,0,0,TOTAL MOT,8,kg,424464768,FALSE,-1,N/A,,FALSE,424464768,FALSE,,FALSE,12331637,,12331637,0,TRUE,FALSE
C,A,19690101,1969,52,1969,528,NLD,Netherlands,X,Export,0,W00,World,0,W00,World,S1,S1,TRUE,5613,Potassic fertilizers and materials,4,FALSE,C00,TOTAL CPC,0,0,TOTAL MOT,8,kg,1693654,FALSE,-1,N/A,,FALSE,1693654,FALSE,,FALSE,,74856,74856,0,TRUE,FALSE
C,A,19690101,1969,52,1969,554,NZL,New Zealand,M,Import,0,W00,World,0,W00,World,S1,S1,TRUE,5613,Potassic fertilizers and materials,4,FALSE,C00,TOTAL CPC,0,0,TOTAL MOT,8,kg,144980736,FALSE,-1,N/A,,FALSE,144980736,FALSE,,FALSE,4573443,,4573443,0,TRUE,FALSE
C,A,19690101,1969,52,1969,554,NZL,New Zealand,X,Export,0,W00,World,0,W00,World,S1,S1,TRUE,5613,Potassic fertilizers and materials,4,FALSE,C00,TOTAL CPC,0,0,TOTAL MOT,8,kg,26374,FALSE,-1,N/A,,FALSE,26374,FALSE,,FALSE,,1216,1216,0,TRUE,FALSE
C,A,19690101,1969,52,1969,558,NIC,Nicaragua,M,Import,0,W00,World,0,W00,World,S1,S1,TRUE,5613,Potassic fertilizers and materials,4,FALSE,C00,TOTAL CPC,0,0,TOTAL MOT,8,kg,16892526,FALSE,-1,N/A,,FALSE,16892526,FALSE,,FALSE,1131715,,1131715,0,TRUE,FALSE
C,A,19690101,1969,52,1969,562,NER,Niger,M,Import,0,W00,World,0,W00,World,S1,S1,TRUE,5613,Potassic fertilizers and materials,4,FALSE,C00,TOTAL CPC,0,0,TOTAL MOT,8,kg,125269,FALSE,-1,N/A,,FALSE,125269,FALSE,,FALSE,19870,,19870,0,TRUE,FALSE
C,A,19690101,1969,52,1969,566,NGA,Nigeria,M,Import,0,W00,World,0,W00,World,S1,S1,TRUE,5613,Potassic fertilizers and materials,4,FALSE,C00,TOTAL CPC,0,0,TOTAL MOT,8,kg,464323,FALSE,-1,N/A,,FALSE,464323,FALSE,,FALSE,25453,,25453,0,TRUE,FALSE
C,A,19690101,1969,52,1969,579,NOR,Norway,M,Import,0,W00,World,0,W00,World,S1,S1,TRUE,5613,Potassic fertilizers and materials,4,FALSE,C00,TOTAL CPC,0,0,TOTAL MOT,8,kg,202554768,FALSE,-1,N/A,,FALSE,202554768,FALSE,,FALSE,7037961,,7037961,0,TRUE,FALSE
C,A,19690101,1969,52,1969,579,NOR,Norway,X,Export,0,W00,World,0,W00,World,S1,S1,TRUE,5613,Potassic fertilizers and materials,4,FALSE,C00,TOTAL CPC,0,0,TOTAL MOT,8,kg,25640,FALSE,-1,N/A,,FALSE,25640,FALSE,,FALSE,,6201,6201,0,TRUE,FALSE
C,A,19690101,1969,52,1969,588,PAK,East and West Pakistan (...1971),M,Import,0,W00,World,0,W00,World,S1,S1,TRUE,5613,Potassic fertilizers and materials,4,FALSE,C00,TOTAL CPC,0,0,TOTAL MOT,-1,N/A,0,FALSE,-1,N/A,,FALSE,,FALSE,,FALSE,1704,,1704,0,TRUE,FALSE
C,A,19690101,1969,52,1969,590,PAN,"Panama, excl.Canal Zone (...1977)",M,Import,0,W00,World,0,W00,World,S1,S1,TRUE,5613,Potassic fertilizers and materials,4,FALSE,C00,TOTAL CPC,0,0,TOTAL MOT,8,kg,815878,FALSE,-1,N/A,,FALSE,815878,FALSE,,FALSE,58784,,58784,0,TRUE,FALSE
C,A,19690101,1969,52,1969,604,PER,Peru,M,Import,0,W00,World,0,W00,World,S1,S1,TRUE,5613,Potassic fertilizers and materials,4,FALSE,C00,TOTAL CPC,0,0,TOTAL MOT,8,kg,8128101,FALSE,-1,N/A,,FALSE,8128101,FALSE,,FALSE,417874,,417874,0,TRUE,FALSE
C,A,19690101,1969,52,1969,608,PHL,Philippines,M,Import,0,W00,World,0,W00,World,S1,S1,TRUE,5613,Potassic fertilizers and materials,4,FALSE,C00,TOTAL CPC,0,0,TOTAL MOT,8,kg,57903332,FALSE,-1,N/A,,FALSE,57903332,FALSE,,FALSE,2010892,,2010892,0,TRUE,FALSE
C,A,19690101,1969,52,1969,620,PRT,Portugal,M,Import,0,W00,World,0,W00,World,S1,S1,TRUE,5613,Potassic fertilizers and materials,4,FALSE,C00,TOTAL CPC,0,0,TOTAL MOT,8,kg,32625036,FALSE,-1,N/A,,FALSE,32625036,FALSE,,FALSE,1285905,,1285905,0,TRUE,FALSE
C,A,19690101,1969,52,1969,620,PRT,Portugal,X,Export,0,W00,World,0,W00,World,S1,S1,TRUE,5613,Potassic fertilizers and materials,4,FALSE,C00,TOTAL CPC,0,0,TOTAL MOT,8,kg,927999,FALSE,-1,N/A,,FALSE,927999,FALSE,,FALSE,,52673,52673,0,TRUE,FALSE
C,A,19690101,1969,52,1969,638,REU,RÈunion (Overseas France),M,Import,0,W00,World,0,W00,World,S1,S1,TRUE,5613,Potassic fertilizers and materials,4,FALSE,C00,TOTAL CPC,0,0,TOTAL MOT,8,kg,177898,FALSE,-1,N/A,,TRUE,177898,FALSE,-1,TRUE,11045,,11045,0,FALSE,FALSE
C,A,19690101,1969,52,1969,686,SEN,Senegal,M,Import,0,W00,World,0,W00,World,S1,S1,TRUE,5613,Potassic fertilizers and materials,4,FALSE,C00,TOTAL CPC,0,0,TOTAL MOT,8,kg,1515952,FALSE,-1,N/A,,FALSE,1515952,FALSE,,FALSE,56537,,56537,0,TRUE,FALSE
C,A,19690101,1969,52,1969,686,SEN,Senegal,X,Export,0,W00,World,0,W00,World,S1,S1,TRUE,5613,Potassic fertilizers and materials,4,FALSE,C00,TOTAL CPC,0,0,TOTAL MOT,8,kg,4679,FALSE,-1,N/A,,FALSE,4679,FALSE,,FALSE,,476,476,0,TRUE,FALSE
C,A,19690101,1969,52,1969,702,SGP,Singapore,M,Import,0,W00,World,0,W00,World,S1,S1,TRUE,5613,Potassic fertilizers and materials,4,FALSE,C00,TOTAL CPC,0,0,TOTAL MOT,8,kg,57298626,FALSE,-1,N/A,,FALSE,57298626,FALSE,,FALSE,2237398,,2237398,0,TRUE,FALSE
C,A,19690101,1969,52,1969,702,SGP,Singapore,X,Export,0,W00,World,0,W00,World,S1,S1,TRUE,5613,Potassic fertilizers and materials,4,FALSE,C00,TOTAL CPC,0,0,TOTAL MOT,8,kg,4396765,FALSE,-1,N/A,,FALSE,4396765,FALSE,,FALSE,,2197853,2197853,0,TRUE,FALSE
C,A,19690101,1969,52,1969,724,ESP,Spain,M,Import,0,W00,World,0,W00,World,S1,S1,TRUE,5613,Potassic fertilizers and materials,4,FALSE,C00,TOTAL CPC,0,0,TOTAL MOT,8,kg,496562,FALSE,-1,N/A,,FALSE,496562,FALSE,,FALSE,27330,,27330,0,TRUE,FALSE
C,A,19690101,1969,52,1969,724,ESP,Spain,X,Export,0,W00,World,0,W00,World,S1,S1,TRUE,5613,Potassic fertilizers and materials,4,FALSE,C00,TOTAL CPC,0,0,TOTAL MOT,8,kg,535916000,FALSE,-1,N/A,,FALSE,535916000,FALSE,,FALSE,,13799406,13799406,0,TRUE,FALSE
C,A,19690101,1969,52,1969,736,SDN,Sudan (...2011),M,Import,0,W00,World,0,W00,World,S1,S1,TRUE,5613,Potassic fertilizers and materials,4,FALSE,C00,TOTAL CPC,0,0,TOTAL MOT,8,kg,0,FALSE,-1,N/A,,FALSE,,FALSE,,FALSE,175,,175,0,TRUE,FALSE
C,A,19690101,1969,52,1969,752,SWE,Sweden,M,Import,0,W00,World,0,W00,World,S1,S1,TRUE,5613,Potassic fertilizers and materials,4,FALSE,C00,TOTAL CPC,0,0,TOTAL MOT,8,kg,238830656,FALSE,-1,N/A,,FALSE,238830656,FALSE,,FALSE,7914807,,7914807,0,TRUE,FALSE
C,A,19690101,1969,52,1969,752,SWE,Sweden,X,Export,0,W00,World,0,W00,World,S1,S1,TRUE,5613,Potassic fertilizers and materials,4,FALSE,C00,TOTAL CPC,0,0,TOTAL MOT,8,kg,32398,FALSE,-1,N/A,,FALSE,32398,FALSE,,FALSE,,2359,2359,0,TRUE,FALSE
C,A,19690101,1969,52,1969,757,CHE,Switzerland,M,Import,0,W00,World,0,W00,World,S1,S1,TRUE,5613,Potassic fertilizers and materials,4,FALSE,C00,TOTAL CPC,0,0,TOTAL MOT,8,kg,22176456,FALSE,-1,N/A,,FALSE,22176456,FALSE,,FALSE,827094,,827094,0,TRUE,FALSE
C,A,19690101,1969,52,1969,757,CHE,Switzerland,X,Export,0,W00,World,0,W00,World,S1,S1,TRUE,5613,Potassic fertilizers and materials,4,FALSE,C00,TOTAL CPC,0,0,TOTAL MOT,8,kg,1295,FALSE,-1,N/A,,FALSE,1295,FALSE,,FALSE,,792,792,0,TRUE,FALSE
C,A,19690101,1969,52,1969,764,THA,Thailand,M,Import,0,W00,World,0,W00,World,S1,S1,TRUE,5613,Potassic fertilizers and materials,4,FALSE,C00,TOTAL CPC,0,0,TOTAL MOT,8,kg,2750000,FALSE,-1,N/A,,FALSE,2750000,FALSE,,FALSE,188367,,188367,0,TRUE,FALSE
C,A,19690101,1969,52,1969,768,TGO,Togo,M,Import,0,W00,World,0,W00,World,S1,S1,TRUE,5613,Potassic fertilizers and materials,4,FALSE,C00,TOTAL CPC,0,0,TOTAL MOT,8,kg,17750,FALSE,-1,N/A,,FALSE,17750,FALSE,,FALSE,1297,,1297,0,TRUE,FALSE
C,A,19690101,1969,52,1969,780,TTO,Trinidad and Tobago,M,Import,0,W00,World,0,W00,World,S1,S1,TRUE,5613,Potassic fertilizers and materials,4,FALSE,C00,TOTAL CPC,0,0,TOTAL MOT,8,kg,4279572,FALSE,-1,N/A,,FALSE,4279572,FALSE,,FALSE,177585,,177585,0,TRUE,FALSE
C,A,19690101,1969,52,1969,788,TUN,Tunisia,M,Import,0,W00,World,0,W00,World,S1,S1,TRUE,5613,Potassic fertilizers and materials,4,FALSE,C00,TOTAL CPC,0,0,TOTAL MOT,8,kg,6836187,FALSE,-1,N/A,,FALSE,6836187,FALSE,,FALSE,366719,,366719,0,TRUE,FALSE
C,A,19690101,1969,52,1969,792,TUR,TÅEkiye,M,Import,0,W00,World,0,W00,World,S1,S1,TRUE,5613,Potassic fertilizers and materials,4,FALSE,C00,TOTAL CPC,0,0,TOTAL MOT,8,kg,3774312,FALSE,-1,N/A,,FALSE,3774312,FALSE,,FALSE,219955,,219955,0,TRUE,FALSE
C,A,19690101,1969,52,1969,826,GBR,United Kingdom,M,Import,0,W00,World,0,W00,World,S1,S1,TRUE,5613,Potassic fertilizers and materials,4,FALSE,C00,TOTAL CPC,0,0,TOTAL MOT,8,kg,748059584,FALSE,-1,N/A,,FALSE,748059584,FALSE,,FALSE,26293368,,26293368,0,TRUE,FALSE
C,A,19690101,1969,52,1969,826,GBR,United Kingdom,X,Export,0,W00,World,0,W00,World,S1,S1,TRUE,5613,Potassic fertilizers and materials,4,FALSE,C00,TOTAL CPC,0,0,TOTAL MOT,8,kg,391220,FALSE,-1,N/A,,FALSE,391220,FALSE,,FALSE,,119830,119830,0,TRUE,FALSE
C,A,19690101,1969,52,1969,841,USA,USA and Puerto Rico (...1980),M,Import,0,W00,World,0,W00,World,S1,S1,TRUE,5613,Potassic fertilizers and materials,4,FALSE,C00,TOTAL CPC,0,0,TOTAL MOT,8,kg,3553780736,FALSE,-1,N/A,,FALSE,3553780736,FALSE,,FALSE,,60044056,60044056,0,TRUE,FALSE
C,A,19690101,1969,52,1969,841,USA,USA and Puerto Rico (...1980),X,Export,0,W00,World,0,W00,World,S1,S1,TRUE,5613,Potassic fertilizers and materials,4,FALSE,C00,TOTAL CPC,0,0,TOTAL MOT,8,kg,1126565888,FALSE,-1,N/A,,FALSE,1126565888,FALSE,,FALSE,,33312428,33312428,0,TRUE,FALSE
C,A,19690101,1969,52,1969,854,BFA,Burkina Faso,M,Import,0,W00,World,0,W00,World,S1,S1,TRUE,5613,Potassic fertilizers and materials,4,FALSE,C00,TOTAL CPC,0,0,TOTAL MOT,8,kg,57886,FALSE,-1,N/A,,FALSE,57886,FALSE,,FALSE,7893,,7893,0,TRUE,FALSE
C,A,19690101,1969,52,1969,854,BFA,Burkina Faso,X,Export,0,W00,World,0,W00,World,S1,S1,TRUE,5613,Potassic fertilizers and materials,4,FALSE,C00,TOTAL CPC,0,0,TOTAL MOT,8,kg,3000,FALSE,-1,N/A,,FALSE,3000,FALSE,,FALSE,,435,435,0,TRUE,FALSE
C,A,19690101,1969,52,1969,862,VEN,Venezuela,M,Import,0,W00,World,0,W00,World,S1,S1,TRUE,5613,Potassic fertilizers and materials,4,FALSE,C00,TOTAL CPC,0,0,TOTAL MOT,8,kg,19240398,FALSE,-1,N/A,,FALSE,19240398,FALSE,,FALSE,,670173,670173,0,TRUE,FALSE
C,A,19690101,1969,52,1969,868,VNM,Rep. of Vietnam (...1974),M,Import,0,W00,World,0,W00,World,S1,S1,TRUE,5613,Potassic fertilizers and materials,4,FALSE,C00,TOTAL CPC,0,0,TOTAL MOT,8,kg,4300582,FALSE,-1,N/A,,FALSE,4300582,FALSE,,FALSE,407877,,407877,0,TRUE,FALSE
C,A,19690101,1969,52,1969,890,YUG,Yugoslavia (...1991),M,Import,0,W00,World,0,W00,World,S1,S1,TRUE,5613,Potassic fertilizers and materials,4,FALSE,C00,TOTAL CPC,0,0,TOTAL MOT,8,kg,201860704,FALSE,-1,N/A,,FALSE,201860704,FALSE,,FALSE,6440653,,6440653,0,TRUE,FALSE
C,A,19690101,1969,52,1969,890,YUG,Yugoslavia (...1991),X,Export,0,W00,World,0,W00,World,S1,S1,TRUE,5613,Potassic fertilizers and materials,4,FALSE,C00,TOTAL CPC,0,0,TOTAL MOT,8,kg,3000,FALSE,-1,N/A,,FALSE,3000,FALSE,,FALSE,,319,319,0,TRUE,FALSE
C,A,19700101,1970,52,1970,12,DZA,Algeria,M,Import,0,W00,World,0,W00,World,S1,S1,TRUE,5613,Potassic fertilizers and materials,4,FALSE,C00,TOTAL CPC,0,0,TOTAL MOT,8,kg,29816218,FALSE,-1,N/A,,FALSE,29816218,FALSE,,FALSE,1518050,,1518050,0,TRUE,FALSE
C,A,19700101,1970,52,1970,24,AGO,Angola,M,Import,0,W00,World,0,W00,World,S1,S1,TRUE,5613,Potassic fertilizers and materials,4,FALSE,C00,TOTAL CPC,0,0,TOTAL MOT,8,kg,2991334,FALSE,-1,N/A,,FALSE,2991334,FALSE,,FALSE,226149,,226149,0,TRUE,FALSE
C,A,19700101,1970,52,1970,32,ARG,Argentina,M,Import,0,W00,World,0,W00,World,S1,S1,TRUE,5613,Potassic fertilizers and materials,4,FALSE,C00,TOTAL CPC,0,0,TOTAL MOT,8,kg,14922101,FALSE,-1,N/A,,FALSE,14922101,FALSE,,FALSE,853797,,853797,0,TRUE,FALSE
C,A,19700101,1970,52,1970,32,ARG,Argentina,X,Export,0,W00,World,0,W00,World,S1,S1,TRUE,5613,Potassic fertilizers and materials,4,FALSE,C00,TOTAL CPC,0,0,TOTAL MOT,8,kg,20000,FALSE,-1,N/A,,FALSE,20000,FALSE,,FALSE,,1899,1899,0,TRUE,FALSE
C,A,19700101,1970,52,1970,36,AUS,Australia,M,Import,0,W00,World,0,W00,World,S1,S1,TRUE,5613,Potassic fertilizers and materials,4,FALSE,C00,TOTAL CPC,0,0,TOTAL MOT,8,kg,141849901,FALSE,-1,N/A,,FALSE,141849901,FALSE,,FALSE,,4412616,4412616,0,TRUE,FALSE
C,A,19700101,1970,52,1970,36,AUS,Australia,X,Export,0,W00,World,0,W00,World,S1,S1,TRUE,5613,Potassic fertilizers and materials,4,FALSE,C00,TOTAL CPC,0,0,TOTAL MOT,8,kg,7071,FALSE,-1,N/A,,FALSE,7071,FALSE,,FALSE,,862,862,0,TRUE,FALSE
C,A,19700101,1970,52,1970,52,BRB,Barbados,M,Import,0,W00,World,0,W00,World,S1,S1,TRUE,5613,Potassic fertilizers and materials,4,FALSE,C00,TOTAL CPC,0,0,TOTAL MOT,8,kg,811791,FALSE,-1,N/A,,FALSE,811791,FALSE,,FALSE,42347,,42347,0,TRUE,FALSE
C,A,19700101,1970,52,1970,58,BEL,Belgium-Luxembourg (...1998),M,Import,0,W00,World,0,W00,World,S1,S1,TRUE,5613,Potassic fertilizers and materials,4,FALSE,C00,TOTAL CPC,0,0,TOTAL MOT,8,kg,1178306304,FALSE,-1,N/A,,FALSE,1178306304,FALSE,,FALSE,31273834,,31273834,0,TRUE,FALSE
C,A,19700101,1970,52,1970,58,BEL,Belgium-Luxembourg (...1998),X,Export,0,W00,World,0,W00,World,S1,S1,TRUE,5613,Potassic fertilizers and materials,4,FALSE,C00,TOTAL CPC,0,0,TOTAL MOT,8,kg,668465024,FALSE,-1,N/A,,FALSE,668465024,FALSE,,FALSE,,28703548,28703548,0,TRUE,FALSE
C,A,19700101,1970,52,1970,68,BOL,Bolivia (Plurinational State of),M,Import,0,W00,World,0,W00,World,S1,S1,TRUE,5613,Potassic fertilizers and materials,4,FALSE,C00,TOTAL CPC,0,0,TOTAL MOT,8,kg,20897,FALSE,-1,N/A,,FALSE,20897,FALSE,,FALSE,3503,,3503,0,TRUE,FALSE
C,A,19700101,1970,52,1970,76,BRA,Brazil,M,Import,0,W00,World,0,W00,World,S1,S1,TRUE,5613,Potassic fertilizers and materials,4,FALSE,C00,TOTAL CPC,0,0,TOTAL MOT,8,kg,511235136,FALSE,-1,N/A,,FALSE,511235136,FALSE,,FALSE,18694528,,18694528,0,TRUE,FALSE
C,A,19700101,1970,52,1970,96,BRN,Brunei Darussalam,M,Import,0,W00,World,0,W00,World,S1,S1,TRUE,5613,Potassic fertilizers and materials,4,FALSE,C00,TOTAL CPC,0,0,TOTAL MOT,8,kg,4062,FALSE,-1,N/A,,FALSE,4062,FALSE,,FALSE,369,,369,0,TRUE,FALSE
C,A,19700101,1970,52,1970,104,MMR,Myanmar,M,Import,0,W00,World,0,W00,World,S1,S1,TRUE,5613,Potassic fertilizers and materials,4,FALSE,C00,TOTAL CPC,0,0,TOTAL MOT,8,kg,20320,FALSE,-1,N/A,,FALSE,20320,FALSE,,FALSE,2389,,2389,0,TRUE,FALSE
C,A,19700101,1970,52,1970,116,KHM,Cambodia,M,Import,0,W00,World,0,W00,World,S1,S1,TRUE,5613,Potassic fertilizers and materials,4,FALSE,C00,TOTAL CPC,0,0,TOTAL MOT,8,kg,251000,FALSE,-1,N/A,,FALSE,251000,FALSE,,FALSE,18354,,18354,0,TRUE,FALSE
C,A,19700101,1970,52,1970,120,CMR,Cameroon,M,Import,0,W00,World,0,W00,World,S1,S1,TRUE,5613,Potassic fertilizers and materials,4,FALSE,C00,TOTAL CPC,0,0,TOTAL MOT,8,kg,3442187,FALSE,-1,N/A,,FALSE,3442187,FALSE,,FALSE,212373,,212373,0,TRUE,FALSE
C,A,19700101,1970,52,1970,120,CMR,Cameroon,X,Export,0,W00,World,0,W00,World,S1,S1,TRUE,5613,Potassic fertilizers and materials,4,FALSE,C00,TOTAL CPC,0,0,TOTAL MOT,8,kg,6824,FALSE,-1,N/A,,FALSE,6824,FALSE,,FALSE,,612,612,0,TRUE,FALSE
C,A,19700101,1970,52,1970,124,CAN,Canada,M,Import,0,W00,World,0,W00,World,S1,S1,TRUE,5613,Potassic fertilizers and materials,4,FALSE,C00,TOTAL CPC,0,0,TOTAL MOT,8,kg,64476568,FALSE,-1,N/A,,FALSE,64476568,FALSE,,FALSE,,2143568,2143568,0,TRUE,FALSE
C,A,19700101,1970,52,1970,124,CAN,Canada,X,Export,0,W00,World,0,W00,World,S1,S1,TRUE,5613,Potassic fertilizers and materials,4,FALSE,C00,TOTAL CPC,0,0,TOTAL MOT,8,kg,4965815296,FALSE,-1,N/A,,FALSE,4965815296,FALSE,,FALSE,,116247376,116247376,0,TRUE,FALSE
C,A,19700101,1970,52,1970,140,CAF,Central African Rep.,M,Import,0,W00,World,0,W00,World,S1,S1,TRUE,5613,Potassic fertilizers and materials,4,FALSE,C00,TOTAL CPC,0,0,TOTAL MOT,8,kg,1342213,FALSE,-1,N/A,,FALSE,1342213,FALSE,,FALSE,91532,,91532,0,TRUE,FALSE
C,A,19700101,1970,52,1970,140,CAF,Central African Rep.,X,Export,0,W00,World,0,W00,World,S1,S1,TRUE,5613,Potassic fertilizers and materials,4,FALSE,C00,TOTAL CPC,0,0,TOTAL MOT,8,kg,500,FALSE,-1,N/A,,FALSE,500,FALSE,,FALSE,,50,50,0,TRUE,FALSE
C,A,19700101,1970,52,1970,144,LKA,Sri Lanka,M,Import,0,W00,World,0,W00,World,S1,S1,TRUE,5613,Potassic fertilizers and materials,4,FALSE,C00,TOTAL CPC,0,0,TOTAL MOT,8,kg,75523319,FALSE,-1,N/A,,FALSE,75523319,FALSE,,FALSE,2901030,,2901030,0,TRUE,FALSE
C,A,19700101,1970,52,1970,148,TCD,Chad,M,Import,0,W00,World,0,W00,World,S1,S1,TRUE,5613,Potassic fertilizers and materials,4,FALSE,C00,TOTAL CPC,0,0,TOTAL MOT,8,kg,875312,FALSE,-1,N/A,,FALSE,875312,FALSE,,FALSE,159243,,159243,0,TRUE,FALSE
C,A,19700101,1970,52,1970,152,CHL,Chile,M,Import,0,W00,World,0,W00,World,S1,S1,TRUE,5613,Potassic fertilizers and materials,4,FALSE,C00,TOTAL CPC,0,0,TOTAL MOT,8,kg,47644432,FALSE,-1,N/A,,FALSE,47644432,FALSE,,FALSE,2563355,,2563355,0,TRUE,FALSE
C,A,19700101,1970,52,1970,170,COL,Colombia,M,Import,0,W00,World,0,W00,World,S1,S1,TRUE,5613,Potassic fertilizers and materials,4,FALSE,C00,TOTAL CPC,0,0,TOTAL MOT,8,kg,61834824,FALSE,-1,N/A,,FALSE,61834824,FALSE,,FALSE,3057826,,3057826,0,TRUE,FALSE
C,A,19700101,1970,52,1970,178,COG,Congo,M,Import,0,W00,World,0,W00,World,S1,S1,TRUE,5613,Potassic fertilizers and materials,4,FALSE,C00,TOTAL CPC,0,0,TOTAL MOT,8,kg,1235331,FALSE,-1,N/A,,FALSE,1235331,FALSE,,FALSE,138463,,138463,0,TRUE,FALSE
C,A,19700101,1970,52,1970,178,COG,Congo,X,Export,0,W00,World,0,W00,World,S1,S1,TRUE,5613,Potassic fertilizers and materials,4,FALSE,C00,TOTAL CPC,0,0,TOTAL MOT,8,kg,137534400,FALSE,-1,N/A,,FALSE,137534400,FALSE,,FALSE,,2754056,2754056,0,TRUE,FALSE
C,A,19700101,1970,52,1970,180,COD,Dem. Rep. of the Congo,M,Import,0,W00,World,0,W00,World,S1,S1,TRUE,5613,Potassic fertilizers and materials,4,FALSE,C00,TOTAL CPC,0,0,TOTAL MOT,8,kg,956140,FALSE,-1,N/A,,FALSE,956140,FALSE,,FALSE,93844,,93844,0,TRUE,FALSE
C,A,19700101,1970,52,1970,188,CRI,Costa Rica,M,Import,0,W00,World,0,W00,World,S1,S1,TRUE,5613,Potassic fertilizers and materials,4,FALSE,C00,TOTAL CPC,0,0,TOTAL MOT,8,kg,21400994,FALSE,-1,N/A,,FALSE,21400994,FALSE,,FALSE,985680,,985680,0,TRUE,FALSE
C,A,19700101,1970,52,1970,196,CYP,Cyprus,M,Import,0,W00,World,0,W00,World,S1,S1,TRUE,5613,Potassic fertilizers and materials,4,FALSE,C00,TOTAL CPC,0,0,TOTAL MOT,8,kg,853312,FALSE,-1,N/A,,FALSE,853312,FALSE,,FALSE,54282,,54282,0,TRUE,FALSE
C,A,19700101,1970,52,1970,204,BEN,Benin,M,Import,0,W00,World,0,W00,World,S1,S1,TRUE,5613,Potassic fertilizers and materials,4,FALSE,C00,TOTAL CPC,0,0,TOTAL MOT,8,kg,2567800,FALSE,-1,N/A,,FALSE,2567800,FALSE,,FALSE,161909,,161909,0,TRUE,FALSE
C,A,19700101,1970,52,1970,208,DNK,Denmark,M,Import,0,W00,World,0,W00,World,S1,S1,TRUE,5613,Potassic fertilizers and materials,4,FALSE,C00,TOTAL CPC,0,0,TOTAL MOT,8,kg,229005712,FALSE,-1,N/A,,FALSE,229005712,FALSE,,FALSE,8029741,,8029741,0,TRUE,FALSE
C,A,19700101,1970,52,1970,208,DNK,Denmark,X,Export,0,W00,World,0,W00,World,S1,S1,TRUE,5613,Potassic fertilizers and materials,4,FALSE,C00,TOTAL CPC,0,0,TOTAL MOT,8,kg,4869,FALSE,-1,N/A,,FALSE,4869,FALSE,,FALSE,,1009,1009,0,TRUE,FALSE
C,A,19700101,1970,52,1970,222,SLV,El Salvador,M,Import,0,W00,World,0,W00,World,S1,S1,TRUE,5613,Potassic fertilizers and materials,4,FALSE,C00,TOTAL CPC,0,0,TOTAL MOT,8,kg,3564000,FALSE,-1,N/A,,FALSE,3564000,FALSE,,FALSE,129542,,129542,0,TRUE,FALSE
C,A,19700101,1970,52,1970,230,ETH,Ethiopia (...1992),M,Import,0,W00,World,0,W00,World,S1,S1,TRUE,5613,Potassic fertilizers and materials,4,FALSE,C00,TOTAL CPC,0,0,TOTAL MOT,8,kg,49000,FALSE,-1,N/A,,FALSE,49000,FALSE,,FALSE,4067,,4067,0,TRUE,FALSE
C,A,19700101,1970,52,1970,242,FJI,Fiji,M,Import,0,W00,World,0,W00,World,S1,S1,TRUE,5613,Potassic fertilizers and materials,4,FALSE,C00,TOTAL CPC,0,0,TOTAL MOT,8,kg,372890,FALSE,-1,N/A,,FALSE,372890,FALSE,,FALSE,23945,,23945,0,TRUE,FALSE
C,A,19700101,1970,52,1970,246,FIN,Finland,M,Import,0,W00,World,0,W00,World,S1,S1,TRUE,5613,Potassic fertilizers and materials,4,FALSE,C00,TOTAL CPC,0,0,TOTAL MOT,8,kg,219443952,FALSE,-1,N/A,,FALSE,219443952,FALSE,,FALSE,6624866,,6624866,0,TRUE,FALSE
C,A,19700101,1970,52,1970,251,FRA,France,M,Import,0,W00,World,0,W00,World,S1,S1,TRUE,5613,Potassic fertilizers and materials,4,FALSE,C00,TOTAL CPC,0,0,TOTAL MOT,8,kg,201570704,FALSE,-1,N/A,,FALSE,201570704,FALSE,,FALSE,8177235,,8177235,0,TRUE,FALSE
C,A,19700101,1970,52,1970,251,FRA,France,X,Export,0,W00,World,0,W00,World,S1,S1,TRUE,5613,Potassic fertilizers and materials,4,FALSE,C00,TOTAL CPC,0,0,TOTAL MOT,8,kg,850306112,FALSE,-1,N/A,,FALSE,850306112,FALSE,,FALSE,,26635140,26635140,0,TRUE,FALSE
C,A,19700101,1970,52,1970,266,GAB,Gabon,M,Import,0,W00,World,0,W00,World,S1,S1,TRUE,5613,Potassic fertilizers and materials,4,FALSE,C00,TOTAL CPC,0,0,TOTAL MOT,8,kg,103296,FALSE,-1,N/A,,FALSE,103296,FALSE,,FALSE,6098,,6098,0,TRUE,FALSE
C,A,19700101,1970,52,1970,280,DEU,Fed. Rep. of Germany (...1990),M,Import,0,W00,World,0,W00,World,S1,S1,TRUE,5613,Potassic fertilizers and materials,4,FALSE,C00,TOTAL CPC,0,0,TOTAL MOT,8,kg,22527800,FALSE,-1,N/A,,TRUE,22527800,FALSE,-1,TRUE,777000,,777000,0,FALSE,FALSE
C,A,19700101,1970,52,1970,280,DEU,Fed. Rep. of Germany (...1990),X,Export,0,W00,World,0,W00,World,S1,S1,TRUE,5613,Potassic fertilizers and materials,4,FALSE,C00,TOTAL CPC,0,0,TOTAL MOT,8,kg,1783289344,FALSE,-1,N/A,,TRUE,1783289344,FALSE,-1,TRUE,,55500008,55500008,0,FALSE,FALSE
C,A,19700101,1970,52,1970,288,GHA,Ghana,M,Import,0,W00,World,0,W00,World,S1,S1,TRUE,5613,Potassic fertilizers and materials,4,FALSE,C00,TOTAL CPC,0,0,TOTAL MOT,8,kg,342405,FALSE,-1,N/A,,FALSE,342405,FALSE,,FALSE,15785,,15785,0,TRUE,FALSE
C,A,19700101,1970,52,1970,300,GRC,Greece,M,Import,0,W00,World,0,W00,World,S1,S1,TRUE,5613,Potassic fertilizers and materials,4,FALSE,C00,TOTAL CPC,0,0,TOTAL MOT,8,kg,22899900,FALSE,-1,N/A,,FALSE,22899900,FALSE,,FALSE,1204770,,1204770,0,TRUE,FALSE
C,A,19700101,1970,52,1970,312,GLP,Guadeloupe (Overseas France),M,Import,0,W00,World,0,W00,World,S1,S1,TRUE,5613,Potassic fertilizers and materials,4,FALSE,C00,TOTAL CPC,0,0,TOTAL MOT,8,kg,29699,FALSE,-1,N/A,,FALSE,29699,FALSE,,FALSE,2083,,2083,0,TRUE,FALSE
C,A,19700101,1970,52,1970,320,GTM,Guatemala,M,Import,0,W00,World,0,W00,World,S1,S1,TRUE,5613,Potassic fertilizers and materials,4,FALSE,C00,TOTAL CPC,0,0,TOTAL MOT,8,kg,205296,FALSE,-1,N/A,,FALSE,205296,FALSE,,FALSE,19144,,19144,0,TRUE,FALSE
C,A,19700101,1970,52,1970,320,GTM,Guatemala,X,Export,0,W00,World,0,W00,World,S1,S1,TRUE,5613,Potassic fertilizers and materials,4,FALSE,C00,TOTAL CPC,0,0,TOTAL MOT,8,kg,1375,FALSE,-1,N/A,,FALSE,1375,FALSE,,FALSE,,516,516,0,TRUE,FALSE
C,A,19700101,1970,52,1970,328,GUY,Guyana,M,Import,0,W00,World,0,W00,World,S1,S1,TRUE,5613,Potassic fertilizers and materials,4,FALSE,C00,TOTAL CPC,0,0,TOTAL MOT,8,kg,2559374,FALSE,-1,N/A,,FALSE,2559374,FALSE,,FALSE,131119,,131119,0,TRUE,FALSE
C,A,19700101,1970,52,1970,340,HND,Honduras,M,Import,0,W00,World,0,W00,World,S1,S1,TRUE,5613,Potassic fertilizers and materials,4,FALSE,C00,TOTAL CPC,0,0,TOTAL MOT,8,kg,5915752,FALSE,-1,N/A,,FALSE,5915752,FALSE,,FALSE,486663,,486663,0,TRUE,FALSE
C,A,19700101,1970,52,1970,344,HKG,"China, Hong Kong SAR",M,Import,0,W00,World,0,W00,World,S1,S1,TRUE,5613,Potassic fertilizers and materials,4,FALSE,C00,TOTAL CPC,0,0,TOTAL MOT,8,kg,9062,FALSE,-1,N/A,,FALSE,9062,FALSE,,FALSE,1520,,1520,0,TRUE,FALSE
C,A,19700101,1970,52,1970,344,HKG,"China, Hong Kong SAR",X,Export,0,W00,World,0,W00,World,S1,S1,TRUE,5613,Potassic fertilizers and materials,4,FALSE,C00,TOTAL CPC,0,0,TOTAL MOT,8,kg,558,FALSE,-1,N/A,,FALSE,558,FALSE,,FALSE,,208,208,0,TRUE,FALSE
C,A,19700101,1970,52,1970,352,ISL,Iceland,M,Import,0,W00,World,0,W00,World,S1,S1,TRUE,5613,Potassic fertilizers and materials,4,FALSE,C00,TOTAL CPC,0,0,TOTAL MOT,8,kg,5354823,FALSE,-1,N/A,,FALSE,5354823,FALSE,,FALSE,264166,,264166,0,TRUE,FALSE
C,A,19700101,1970,52,1970,356,IND,India (...1974),M,Import,0,W00,World,0,W00,World,S1,S1,TRUE,5613,Potassic fertilizers and materials,4,FALSE,C00,TOTAL CPC,0,0,TOTAL MOT,8,kg,132743000,FALSE,-1,N/A,,FALSE,132743000,FALSE,,FALSE,6659535,,6659535,0,TRUE,FALSE
C,A,19700101,1970,52,1970,360,IDN,Indonesia,M,Import,0,W00,World,0,W00,World,S1,S1,TRUE,5613,Potassic fertilizers and materials,4,FALSE,C00,TOTAL CPC,0,0,TOTAL MOT,8,kg,14375776,FALSE,-1,N/A,,FALSE,14375776,FALSE,,FALSE,838827,,838827,0,TRUE,FALSE
C,A,19700101,1970,52,1970,372,IRL,Ireland,M,Import,0,W00,World,0,W00,World,S1,S1,TRUE,5613,Potassic fertilizers and materials,4,FALSE,C00,TOTAL CPC,0,0,TOTAL MOT,8,kg,253258880,FALSE,-1,N/A,,FALSE,253258880,FALSE,,FALSE,10209984,,10209984,0,TRUE,FALSE
C,A,19700101,1970,52,1970,376,ISR,Israel,M,Import,0,W00,World,0,W00,World,S1,S1,TRUE,5613,Potassic fertilizers and materials,4,FALSE,C00,TOTAL CPC,0,0,TOTAL MOT,8,kg,2257,FALSE,-1,N/A,,FALSE,2257,FALSE,,FALSE,2998,,2998,0,TRUE,FALSE
C,A,19700101,1970,52,1970,376,ISR,Israel,X,Export,0,W00,World,0,W00,World,S1,S1,TRUE,5613,Potassic fertilizers and materials,4,FALSE,C00,TOTAL CPC,0,0,TOTAL MOT,-1,N/A,0,FALSE,-1,N/A,,FALSE,,FALSE,,FALSE,,196533,196533,0,TRUE,FALSE
C,A,19700101,1970,52,1970,380,ITA,Italy,M,Import,0,W00,World,0,W00,World,S1,S1,TRUE,5613,Potassic fertilizers and materials,4,FALSE,C00,TOTAL CPC,0,0,TOTAL MOT,8,kg,279703008,FALSE,-1,N/A,,TRUE,279703008,FALSE,-1,TRUE,8149880,,8149880,0,FALSE,FALSE
C,A,19700101,1970,52,1970,380,ITA,Italy,X,Export,0,W00,World,0,W00,World,S1,S1,TRUE,5613,Potassic fertilizers and materials,4,FALSE,C00,TOTAL CPC,0,0,TOTAL MOT,8,kg,45921784,FALSE,-1,N/A,,TRUE,45921784,FALSE,-1,TRUE,,1932992,1932992,0,FALSE,FALSE
C,A,19700101,1970,52,1970,384,CIV,CÙte d'Ivoire,M,Import,0,W00,World,0,W00,World,S1,S1,TRUE,5613,Potassic fertilizers and materials,4,FALSE,C00,TOTAL CPC,0,0,TOTAL MOT,8,kg,2655812,FALSE,-1,N/A,,FALSE,2655812,FALSE,,FALSE,237192,,237192,0,TRUE,FALSE
C,A,19700101,1970,52,1970,384,CIV,CÙte d'Ivoire,X,Export,0,W00,World,0,W00,World,S1,S1,TRUE,5613,Potassic fertilizers and materials,4,FALSE,C00,TOTAL CPC,0,0,TOTAL MOT,8,kg,38375,FALSE,-1,N/A,,FALSE,38375,FALSE,,FALSE,,2654,2654,0,TRUE,FALSE
C,A,19700101,1970,52,1970,392,JPN,Japan,M,Import,0,W00,World,0,W00,World,S1,S1,TRUE,5613,Potassic fertilizers and materials,4,FALSE,C00,TOTAL CPC,0,0,TOTAL MOT,8,kg,1332848000,FALSE,-1,N/A,,FALSE,1332848000,FALSE,,FALSE,49012388,,49012388,0,TRUE,FALSE
C,A,19700101,1970,52,1970,392,JPN,Japan,X,Export,0,W00,World,0,W00,World,S1,S1,TRUE,5613,Potassic fertilizers and materials,4,FALSE,C00,TOTAL CPC,0,0,TOTAL MOT,8,kg,25544000,FALSE,-1,N/A,,FALSE,25544000,FALSE,,FALSE,,1402969,1402969,0,TRUE,FALSE
C,A,19700101,1970,52,1970,400,JOR,Jordan,M,Import,0,W00,World,0,W00,World,S1,S1,TRUE,5613,Potassic fertilizers and materials,4,FALSE,C00,TOTAL CPC,0,0,TOTAL MOT,8,kg,4357375,FALSE,-1,N/A,,FALSE,4357375,FALSE,,FALSE,257705,,257705,0,TRUE,FALSE
C,A,19700101,1970,52,1970,410,KOR,Rep. of Korea,M,Import,0,W00,World,0,W00,World,S1,S1,TRUE,5613,Potassic fertilizers and materials,4,FALSE,C00,TOTAL CPC,0,0,TOTAL MOT,8,kg,83470192,FALSE,-1,N/A,,FALSE,83470192,FALSE,,FALSE,2584199,,2584199,0,TRUE,FALSE
C,A,19700101,1970,52,1970,410,KOR,Rep. of Korea,X,Export,0,W00,World,0,W00,World,S1,S1,TRUE,5613,Potassic fertilizers and materials,4,FALSE,C00,TOTAL CPC,0,0,TOTAL MOT,8,kg,17,FALSE,-1,N/A,,FALSE,17,FALSE,,FALSE,,76,76,0,TRUE,FALSE
C,A,19700101,1970,52,1970,422,LBN,Lebanon,M,Import,0,W00,World,0,W00,World,S1,S1,TRUE,5613,Potassic fertilizers and materials,4,FALSE,C00,TOTAL CPC,0,0,TOTAL MOT,8,kg,4848335,FALSE,-1,N/A,,FALSE,4848335,FALSE,,FALSE,199379,,199379,0,TRUE,FALSE
C,A,19700101,1970,52,1970,422,LBN,Lebanon,X,Export,0,W00,World,0,W00,World,S1,S1,TRUE,5613,Potassic fertilizers and materials,4,FALSE,C00,TOTAL CPC,0,0,TOTAL MOT,8,kg,21,FALSE,-1,N/A,,FALSE,21,FALSE,,FALSE,,48,48,0,TRUE,FALSE
C,A,19700101,1970,52,1970,434,LBY,Libya,M,Import,0,W00,World,0,W00,World,S1,S1,TRUE,5613,Potassic fertilizers and materials,4,FALSE,C00,TOTAL CPC,0,0,TOTAL MOT,8,kg,471808,FALSE,-1,N/A,,FALSE,471808,FALSE,,FALSE,48246,,48246,0,TRUE,FALSE
C,A,19700101,1970,52,1970,450,MDG,Madagascar,M,Import,0,W00,World,0,W00,World,S1,S1,TRUE,5613,Potassic fertilizers and materials,4,FALSE,C00,TOTAL CPC,0,0,TOTAL MOT,8,kg,4343186,FALSE,-1,N/A,,FALSE,4343186,FALSE,,FALSE,220213,,220213,0,TRUE,FALSE
C,A,19700101,1970,52,1970,454,MWI,Malawi,M,Import,0,W00,World,0,W00,World,S1,S1,TRUE,5613,Potassic fertilizers and materials,4,FALSE,C00,TOTAL CPC,0,0,TOTAL MOT,8,kg,58968,FALSE,-1,N/A,,FALSE,58968,FALSE,,FALSE,4471,,4471,0,TRUE,FALSE
C,A,19700101,1970,52,1970,458,MYS,Malaysia,M,Import,0,W00,World,0,W00,World,S1,S1,TRUE,5613,Potassic fertilizers and materials,4,FALSE,C00,TOTAL CPC,0,0,TOTAL MOT,8,kg,105261672,FALSE,-1,N/A,,FALSE,105261672,FALSE,,FALSE,4724934,,4724934,0,TRUE,FALSE
C,A,19700101,1970,52,1970,458,MYS,Malaysia,X,Export,0,W00,World,0,W00,World,S1,S1,TRUE,5613,Potassic fertilizers and materials,4,FALSE,C00,TOTAL CPC,0,0,TOTAL MOT,8,kg,15562,FALSE,-1,N/A,,FALSE,15562,FALSE,,FALSE,,566,566,0,TRUE,FALSE
C,A,19700101,1970,52,1970,466,MLI,Mali,M,Import,0,W00,World,0,W00,World,S1,S1,TRUE,5613,Potassic fertilizers and materials,4,FALSE,C00,TOTAL CPC,0,0,TOTAL MOT,8,kg,15437,FALSE,-1,N/A,,FALSE,15437,FALSE,,FALSE,1137,,1137,0,TRUE,FALSE
C,A,19700101,1970,52,1970,470,MLT,Malta,M,Import,0,W00,World,0,W00,World,S1,S1,TRUE,5613,Potassic fertilizers and materials,4,FALSE,C00,TOTAL CPC,0,0,TOTAL MOT,8,kg,7000,FALSE,-1,N/A,,FALSE,7000,FALSE,,FALSE,907,,907,0,TRUE,FALSE
C,A,19700101,1970,52,1970,474,MTQ,Martinique (Overseas France),M,Import,0,W00,World,0,W00,World,S1,S1,TRUE,5613,Potassic fertilizers and materials,4,FALSE,C00,TOTAL CPC,0,0,TOTAL MOT,8,kg,2782187,FALSE,-1,N/A,,FALSE,2782187,FALSE,,FALSE,209105,,209105,0,TRUE,FALSE
C,A,19700101,1970,52,1970,478,MRT,Mauritania,M,Import,0,W00,World,0,W00,World,S1,S1,TRUE,5613,Potassic fertilizers and materials,4,FALSE,C00,TOTAL CPC,0,0,TOTAL MOT,8,kg,1625,FALSE,-1,N/A,,FALSE,1625,FALSE,,FALSE,145,,145,0,TRUE,FALSE
C,A,19700101,1970,52,1970,480,MUS,Mauritius,M,Import,0,W00,World,0,W00,World,S1,S1,TRUE,5613,Potassic fertilizers and materials,4,FALSE,C00,TOTAL CPC,0,0,TOTAL MOT,8,kg,5360062,FALSE,-1,N/A,,FALSE,5360062,FALSE,,FALSE,267473,,267473,0,TRUE,FALSE
C,A,19700101,1970,52,1970,484,MEX,Mexico,M,Import,0,W00,World,0,W00,World,S1,S1,TRUE,5613,Potassic fertilizers and materials,4,FALSE,C00,TOTAL CPC,0,0,TOTAL MOT,8,kg,71711784,FALSE,-1,N/A,,FALSE,71711784,FALSE,,FALSE,2593533,,2593533,0,TRUE,FALSE
C,A,19700101,1970,52,1970,484,MEX,Mexico,X,Export,0,W00,World,0,W00,World,S1,S1,TRUE,5613,Potassic fertilizers and materials,4,FALSE,C00,TOTAL CPC,0,0,TOTAL MOT,8,kg,199656,FALSE,-1,N/A,,FALSE,199656,FALSE,,FALSE,,13906,13906,0,TRUE,FALSE
C,A,19700101,1970,52,1970,490,S19,"Other Asia, nes",M,Import,0,W00,World,0,W00,World,S1,S1,TRUE,5613,Potassic fertilizers and materials,4,FALSE,C00,TOTAL CPC,0,0,TOTAL MOT,8,kg,117989008,FALSE,-1,N/A,,FALSE,117989008,FALSE,,FALSE,4797405,,4797405,0,TRUE,FALSE
C,A,19700101,1970,52,1970,504,MAR,Morocco,M,Import,0,W00,World,0,W00,World,S1,S1,TRUE,5613,Potassic fertilizers and materials,4,FALSE,C00,TOTAL CPC,0,0,TOTAL MOT,8,kg,31561776,FALSE,-1,N/A,,FALSE,31561776,FALSE,,FALSE,1513710,,1513710,0,TRUE,FALSE
C,A,19700101,1970,52,1970,504,MAR,Morocco,X,Export,0,W00,World,0,W00,World,S1,S1,TRUE,5613,Potassic fertilizers and materials,4,FALSE,C00,TOTAL CPC,0,0,TOTAL MOT,8,kg,476,FALSE,-1,N/A,,FALSE,476,FALSE,,FALSE,,3851,3851,0,TRUE,FALSE
C,A,19700101,1970,52,1970,528,NLD,Netherlands,M,Import,0,W00,World,0,W00,World,S1,S1,TRUE,5613,Potassic fertilizers and materials,4,FALSE,C00,TOTAL CPC,0,0,TOTAL MOT,8,kg,414790016,FALSE,-1,N/A,,FALSE,414790016,FALSE,,FALSE,12334716,,12334716,0,TRUE,FALSE
C,A,19700101,1970,52,1970,528,NLD,Netherlands,X,Export,0,W00,World,0,W00,World,S1,S1,TRUE,5613,Potassic fertilizers and materials,4,FALSE,C00,TOTAL CPC,0,0,TOTAL MOT,8,kg,620012,FALSE,-1,N/A,,FALSE,620012,FALSE,,FALSE,,37334,37334,0,TRUE,FALSE
C,A,19700101,1970,52,1970,554,NZL,New Zealand,M,Import,0,W00,World,0,W00,World,S1,S1,TRUE,5613,Potassic fertilizers and materials,4,FALSE,C00,TOTAL CPC,0,0,TOTAL MOT,8,kg,210583840,FALSE,-1,N/A,,FALSE,210583840,FALSE,,FALSE,6986006,,6986006,0,TRUE,FALSE
C,A,19700101,1970,52,1970,554,NZL,New Zealand,X,Export,0,W00,World,0,W00,World,S1,S1,TRUE,5613,Potassic fertilizers and materials,4,FALSE,C00,TOTAL CPC,0,0,TOTAL MOT,8,kg,6062,FALSE,-1,N/A,,FALSE,6062,FALSE,,FALSE,,322,322,0,TRUE,FALSE
C,A,19700101,1970,52,1970,558,NIC,Nicaragua,M,Import,0,W00,World,0,W00,World,S1,S1,TRUE,5613,Potassic fertilizers and materials,4,FALSE,C00,TOTAL CPC,0,0,TOTAL MOT,8,kg,877589,FALSE,-1,N/A,,FALSE,877589,FALSE,,FALSE,76982,,76982,0,TRUE,FALSE
C,A,19700101,1970,52,1970,558,NIC,Nicaragua,X,Export,0,W00,World,0,W00,World,S1,S1,TRUE,5613,Potassic fertilizers and materials,4,FALSE,C00,TOTAL CPC,0,0,TOTAL MOT,8,kg,46000,FALSE,-1,N/A,,FALSE,46000,FALSE,,FALSE,,3451,3451,0,TRUE,FALSE
C,A,19700101,1970,52,1970,562,NER,Niger,M,Import,0,W00,World,0,W00,World,S1,S1,TRUE,5613,Potassic fertilizers and materials,4,FALSE,C00,TOTAL CPC,0,0,TOTAL MOT,8,kg,19500,FALSE,-1,N/A,,FALSE,19500,FALSE,,FALSE,2835,,2835,0,TRUE,FALSE
C,A,19700101,1970,52,1970,566,NGA,Nigeria,M,Import,0,W00,World,0,W00,World,S1,S1,TRUE,5613,Potassic fertilizers and materials,4,FALSE,C00,TOTAL CPC,0,0,TOTAL MOT,8,kg,1356473,FALSE,-1,N/A,,FALSE,1356473,FALSE,,FALSE,81248,,81248,0,TRUE,FALSE
C,A,19700101,1970,52,1970,579,NOR,Norway,M,Import,0,W00,World,0,W00,World,S1,S1,TRUE,5613,Potassic fertilizers and materials,4,FALSE,C00,TOTAL CPC,0,0,TOTAL MOT,8,kg,223626000,FALSE,-1,N/A,,FALSE,223626000,FALSE,,FALSE,7896716,,7896716,0,TRUE,FALSE
C,A,19700101,1970,52,1970,579,NOR,Norway,X,Export,0,W00,World,0,W00,World,S1,S1,TRUE,5613,Potassic fertilizers and materials,4,FALSE,C00,TOTAL CPC,0,0,TOTAL MOT,8,kg,22398,FALSE,-1,N/A,,FALSE,22398,FALSE,,FALSE,,844,844,0,TRUE,FALSE
C,A,19700101,1970,52,1970,588,PAK,East and West Pakistan (...1971),M,Import,0,W00,World,0,W00,World,S1,S1,TRUE,5613,Potassic fertilizers and materials,4,FALSE,C00,TOTAL CPC,0,0,TOTAL MOT,-1,N/A,0,FALSE,-1,N/A,,FALSE,,FALSE,,FALSE,560,,560,0,TRUE,FALSE
C,A,19700101,1970,52,1970,590,PAN,"Panama, excl.Canal Zone (...1977)",M,Import,0,W00,World,0,W00,World,S1,S1,TRUE,5613,Potassic fertilizers and materials,4,FALSE,C00,TOTAL CPC,0,0,TOTAL MOT,8,kg,131218,FALSE,-1,N/A,,FALSE,131218,FALSE,,FALSE,13060,,13060,0,TRUE,FALSE
C,A,19700101,1970,52,1970,604,PER,Peru,M,Import,0,W00,World,0,W00,World,S1,S1,TRUE,5613,Potassic fertilizers and materials,4,FALSE,C00,TOTAL CPC,0,0,TOTAL MOT,8,kg,7268322,FALSE,-1,N/A,,FALSE,7268322,FALSE,,FALSE,399895,,399895,0,TRUE,FALSE
C,A,19700101,1970,52,1970,608,PHL,Philippines,M,Import,0,W00,World,0,W00,World,S1,S1,TRUE,5613,Potassic fertilizers and materials,4,FALSE,C00,TOTAL CPC,0,0,TOTAL MOT,8,kg,31097064,FALSE,-1,N/A,,FALSE,31097064,FALSE,,FALSE,1263946,,1263946,0,TRUE,FALSE
C,A,19700101,1970,52,1970,620,PRT,Portugal,M,Import,0,W00,World,0,W00,World,S1,S1,TRUE,5613,Potassic fertilizers and materials,4,FALSE,C00,TOTAL CPC,0,0,TOTAL MOT,8,kg,35128980,FALSE,-1,N/A,,FALSE,35128980,FALSE,,FALSE,1535977,,1535977,0,TRUE,FALSE
C,A,19700101,1970,52,1970,620,PRT,Portugal,X,Export,0,W00,World,0,W00,World,S1,S1,TRUE,5613,Potassic fertilizers and materials,4,FALSE,C00,TOTAL CPC,0,0,TOTAL MOT,8,kg,1814412,FALSE,-1,N/A,,FALSE,1814412,FALSE,,FALSE,,103979,103979,0,TRUE,FALSE
C,A,19700101,1970,52,1970,638,REU,RÈunion (Overseas France),M,Import,0,W00,World,0,W00,World,S1,S1,TRUE,5613,Potassic fertilizers and materials,4,FALSE,C00,TOTAL CPC,0,0,TOTAL MOT,8,kg,787058,FALSE,-1,N/A,,TRUE,787058,FALSE,-1,TRUE,64969,,64969,0,FALSE,FALSE
C,A,19700101,1970,52,1970,686,SEN,Senegal,M,Import,0,W00,World,0,W00,World,S1,S1,TRUE,5613,Potassic fertilizers and materials,4,FALSE,C00,TOTAL CPC,0,0,TOTAL MOT,8,kg,8027448,FALSE,-1,N/A,,FALSE,8027448,FALSE,,FALSE,313188,,313188,0,TRUE,FALSE
C,A,19700101,1970,52,1970,686,SEN,Senegal,X,Export,0,W00,World,0,W00,World,S1,S1,TRUE,5613,Potassic fertilizers and materials,4,FALSE,C00,TOTAL CPC,0,0,TOTAL MOT,8,kg,3000,FALSE,-1,N/A,,FALSE,3000,FALSE,,FALSE,,153,153,0,TRUE,FALSE
C,A,19700101,1970,52,1970,702,SGP,Singapore,M,Import,0,W00,World,0,W00,World,S1,S1,TRUE,5613,Potassic fertilizers and materials,4,FALSE,C00,TOTAL CPC,0,0,TOTAL MOT,8,kg,79843184,FALSE,-1,N/A,,FALSE,79843184,FALSE,,FALSE,3026566,,3026566,0,TRUE,FALSE
C,A,19700101,1970,52,1970,702,SGP,Singapore,X,Export,0,W00,World,0,W00,World,S1,S1,TRUE,5613,Potassic fertilizers and materials,4,FALSE,C00,TOTAL CPC,0,0,TOTAL MOT,8,kg,2509963,FALSE,-1,N/A,,FALSE,2509963,FALSE,,FALSE,,2852255,2852255,0,TRUE,FALSE
C,A,19700101,1970,52,1970,724,ESP,Spain,M,Import,0,W00,World,0,W00,World,S1,S1,TRUE,5613,Potassic fertilizers and materials,4,FALSE,C00,TOTAL CPC,0,0,TOTAL MOT,8,kg,1566124,FALSE,-1,N/A,,FALSE,1566124,FALSE,,FALSE,102594,,102594,0,TRUE,FALSE
C,A,19700101,1970,52,1970,724,ESP,Spain,X,Export,0,W00,World,0,W00,World,S1,S1,TRUE,5613,Potassic fertilizers and materials,4,FALSE,C00,TOTAL CPC,0,0,TOTAL MOT,8,kg,472956416,FALSE,-1,N/A,,FALSE,472956416,FALSE,,FALSE,,12638515,12638515,0,TRUE,FALSE
C,A,19700101,1970,52,1970,736,SDN,Sudan (...2011),M,Import,0,W00,World,0,W00,World,S1,S1,TRUE,5613,Potassic fertilizers and materials,4,FALSE,C00,TOTAL CPC,0,0,TOTAL MOT,8,kg,2000,FALSE,-1,N/A,,FALSE,2000,FALSE,,FALSE,1058,,1058,0,TRUE,FALSE
C,A,19700101,1970,52,1970,752,SWE,Sweden,M,Import,0,W00,World,0,W00,World,S1,S1,TRUE,5613,Potassic fertilizers and materials,4,FALSE,C00,TOTAL CPC,0,0,TOTAL MOT,8,kg,238766240,FALSE,-1,N/A,,FALSE,238766240,FALSE,,FALSE,8073163,,8073163,0,TRUE,FALSE
C,A,19700101,1970,52,1970,757,CHE,Switzerland,M,Import,0,W00,World,0,W00,World,S1,S1,TRUE,5613,Potassic fertilizers and materials,4,FALSE,C00,TOTAL CPC,0,0,TOTAL MOT,8,kg,23038484,FALSE,-1,N/A,,FALSE,23038484,FALSE,,FALSE,867380,,867380,0,TRUE,FALSE
C,A,19700101,1970,52,1970,757,CHE,Switzerland,X,Export,0,W00,World,0,W00,World,S1,S1,TRUE,5613,Potassic fertilizers and materials,4,FALSE,C00,TOTAL CPC,0,0,TOTAL MOT,8,kg,11035,FALSE,-1,N/A,,FALSE,11035,FALSE,,FALSE,,1042,1042,0,TRUE,FALSE
C,A,19700101,1970,52,1970,764,THA,Thailand,M,Import,0,W00,World,0,W00,World,S1,S1,TRUE,5613,Potassic fertilizers and materials,4,FALSE,C00,TOTAL CPC,0,0,TOTAL MOT,8,kg,3760000,FALSE,-1,N/A,,FALSE,3760000,FALSE,,FALSE,257281,,257281,0,TRUE,FALSE
C,A,19700101,1970,52,1970,768,TGO,Togo,M,Import,0,W00,World,0,W00,World,S1,S1,TRUE,5613,Potassic fertilizers and materials,4,FALSE,C00,TOTAL CPC,0,0,TOTAL MOT,8,kg,614026,FALSE,-1,N/A,,FALSE,614026,FALSE,,FALSE,45109,,45109,0,TRUE,FALSE
C,A,19700101,1970,52,1970,780,TTO,Trinidad and Tobago,M,Import,0,W00,World,0,W00,World,S1,S1,TRUE,5613,Potassic fertilizers and materials,4,FALSE,C00,TOTAL CPC,0,0,TOTAL MOT,8,kg,4328370,FALSE,-1,N/A,,FALSE,4328370,FALSE,,FALSE,214769,,214769,0,TRUE,FALSE
C,A,19700101,1970,52,1970,780,TTO,Trinidad and Tobago,X,Export,0,W00,World,0,W00,World,S1,S1,TRUE,5613,Potassic fertilizers and materials,4,FALSE,C00,TOTAL CPC,0,0,TOTAL MOT,-1,N/A,0,FALSE,-1,N/A,,FALSE,,FALSE,,FALSE,,144,144,0,TRUE,FALSE
C,A,19700101,1970,52,1970,788,TUN,Tunisia,M,Import,0,W00,World,0,W00,World,S1,S1,TRUE,5613,Potassic fertilizers and materials,4,FALSE,C00,TOTAL CPC,0,0,TOTAL MOT,8,kg,4419022,FALSE,-1,N/A,,FALSE,4419022,FALSE,,FALSE,294620,,294620,0,TRUE,FALSE
C,A,19700101,1970,52,1970,826,GBR,United Kingdom,M,Import,0,W00,World,0,W00,World,S1,S1,TRUE,5613,Potassic fertilizers and materials,4,FALSE,C00,TOTAL CPC,0,0,TOTAL MOT,8,kg,815057664,FALSE,-1,N/A,,FALSE,815057664,FALSE,,FALSE,29133320,,29133320,0,TRUE,FALSE
C,A,19700101,1970,52,1970,826,GBR,United Kingdom,X,Export,0,W00,World,0,W00,World,S1,S1,TRUE,5613,Potassic fertilizers and materials,4,FALSE,C00,TOTAL CPC,0,0,TOTAL MOT,8,kg,11030498,FALSE,-1,N/A,,FALSE,11030498,FALSE,,FALSE,,409243,409243,0,TRUE,FALSE
C,A,19700101,1970,52,1970,841,USA,USA and Puerto Rico (...1980),M,Import,0,W00,World,0,W00,World,S1,S1,TRUE,5613,Potassic fertilizers and materials,4,FALSE,C00,TOTAL CPC,0,0,TOTAL MOT,8,kg,3930404602,FALSE,-1,N/A,,FALSE,3930404602,FALSE,,FALSE,,91691321,91691321,0,TRUE,FALSE
C,A,19700101,1970,52,1970,841,USA,USA and Puerto Rico (...1980),X,Export,0,W00,World,0,W00,World,S1,S1,TRUE,5613,Potassic fertilizers and materials,4,FALSE,C00,TOTAL CPC,0,0,TOTAL MOT,8,kg,883167236,FALSE,-1,N/A,,FALSE,883167236,FALSE,,FALSE,,28720788,28720788,0,TRUE,FALSE
C,A,19700101,1970,52,1970,854,BFA,Burkina Faso,M,Import,0,W00,World,0,W00,World,S1,S1,TRUE,5613,Potassic fertilizers and materials,4,FALSE,C00,TOTAL CPC,0,0,TOTAL MOT,8,kg,2275676,FALSE,-1,N/A,,FALSE,2275676,FALSE,,FALSE,297500,,297500,0,TRUE,FALSE
C,A,19700101,1970,52,1970,862,VEN,Venezuela,M,Import,0,W00,World,0,W00,World,S1,S1,TRUE,5613,Potassic fertilizers and materials,4,FALSE,C00,TOTAL CPC,0,0,TOTAL MOT,8,kg,26917686,FALSE,-1,N/A,,FALSE,26917686,FALSE,,FALSE,,803824,803824,0,TRUE,FALSE
C,A,19700101,1970,52,1970,868,VNM,Rep. of Vietnam (...1974),M,Import,0,W00,World,0,W00,World,S1,S1,TRUE,5613,Potassic fertilizers and materials,4,FALSE,C00,TOTAL CPC,0,0,TOTAL MOT,8,kg,5500636,FALSE,-1,N/A,,FALSE,5500636,FALSE,,FALSE,362446,,362446,0,TRUE,FALSE
C,A,19700101,1970,52,1970,890,YUG,Yugoslavia (...1991),M,Import,0,W00,World,0,W00,World,S1,S1,TRUE,5613,Potassic fertilizers and materials,4,FALSE,C00,TOTAL CPC,0,0,TOTAL MOT,8,kg,304196512,FALSE,-1,N/A,,FALSE,304196512,FALSE,,FALSE,9829348,,9829348,0,TRUE,FALSE
C,A,19700101,1970,52,1970,894,ZMB,Zambia,M,Import,0,W00,World,0,W00,World,S1,S1,TRUE,5613,Potassic fertilizers and materials,4,FALSE,C00,TOTAL CPC,0,0,TOTAL MOT,8,kg,2831,FALSE,-1,N/A,,FALSE,2831,FALSE,,FALSE,,566,566,0,TRUE,FALSE
C,A,19710101,1971,52,1971,12,DZA,Algeria,M,Import,0,W00,World,0,W00,World,S1,S1,TRUE,5613,Potassic fertilizers and materials,4,FALSE,C00,TOTAL CPC,0,0,TOTAL MOT,8,kg,56978256,FALSE,-1,N/A,,FALSE,56978256,FALSE,,FALSE,3114523,,3114523,0,TRUE,FALSE
C,A,19710101,1971,52,1971,24,AGO,Angola,M,Import,0,W00,World,0,W00,World,S1,S1,TRUE,5613,Potassic fertilizers and materials,4,FALSE,C00,TOTAL CPC,0,0,TOTAL MOT,8,kg,9426960,FALSE,-1,N/A,,FALSE,9426960,FALSE,,FALSE,714922,,714922,0,TRUE,FALSE
C,A,19710101,1971,52,1971,32,ARG,Argentina,M,Import,0,W00,World,0,W00,World,S1,S1,TRUE,5613,Potassic fertilizers and materials,4,FALSE,C00,TOTAL CPC,0,0,TOTAL MOT,8,kg,18107612,FALSE,-1,N/A,,FALSE,18107612,FALSE,,FALSE,985505,,985505,0,TRUE,FALSE
C,A,19710101,1971,52,1971,32,ARG,Argentina,X,Export,0,W00,World,0,W00,World,S1,S1,TRUE,5613,Potassic fertilizers and materials,4,FALSE,C00,TOTAL CPC,0,0,TOTAL MOT,8,kg,205000,FALSE,-1,N/A,,FALSE,205000,FALSE,,FALSE,,18018,18018,0,TRUE,FALSE
C,A,19710101,1971,52,1971,36,AUS,Australia,M,Import,0,W00,World,0,W00,World,S1,S1,TRUE,5613,Potassic fertilizers and materials,4,FALSE,C00,TOTAL CPC,0,0,TOTAL MOT,8,kg,147303567,FALSE,-1,N/A,,FALSE,147303567,FALSE,,FALSE,,5212136,5212136,0,TRUE,FALSE
C,A,19710101,1971,52,1971,36,AUS,Australia,X,Export,0,W00,World,0,W00,World,S1,S1,TRUE,5613,Potassic fertilizers and materials,4,FALSE,C00,TOTAL CPC,0,0,TOTAL MOT,8,kg,182729,FALSE,-1,N/A,,FALSE,182729,FALSE,,FALSE,,12120,12120,0,TRUE,FALSE
C,A,19710101,1971,52,1971,52,BRB,Barbados,M,Import,0,W00,World,0,W00,World,S1,S1,TRUE,5613,Potassic fertilizers and materials,4,FALSE,C00,TOTAL CPC,0,0,TOTAL MOT,8,kg,1000,FALSE,-1,N/A,,FALSE,1000,FALSE,,FALSE,533,,533,0,TRUE,FALSE
C,A,19710101,1971,52,1971,58,BEL,Belgium-Luxembourg (...1998),M,Import,0,W00,World,0,W00,World,S1,S1,TRUE,5613,Potassic fertilizers and materials,4,FALSE,C00,TOTAL CPC,0,0,TOTAL MOT,8,kg,837098496,FALSE,-1,N/A,,FALSE,837098496,FALSE,,FALSE,27708248,,27708248,0,TRUE,FALSE
C,A,19710101,1971,52,1971,58,BEL,Belgium-Luxembourg (...1998),X,Export,0,W00,World,0,W00,World,S1,S1,TRUE,5613,Potassic fertilizers and materials,4,FALSE,C00,TOTAL CPC,0,0,TOTAL MOT,8,kg,354028768,FALSE,-1,N/A,,FALSE,354028768,FALSE,,FALSE,,13013978,13013978,0,TRUE,FALSE
C,A,19710101,1971,52,1971,68,BOL,Bolivia (Plurinational State of),M,Import,0,W00,World,0,W00,World,S1,S1,TRUE,5613,Potassic fertilizers and materials,4,FALSE,C00,TOTAL CPC,0,0,TOTAL MOT,8,kg,25207,FALSE,-1,N/A,,FALSE,25207,FALSE,,FALSE,2328,,2328,0,TRUE,FALSE
C,A,19710101,1971,52,1971,76,BRA,Brazil,M,Import,0,W00,World,0,W00,World,S1,S1,TRUE,5613,Potassic fertilizers and materials,4,FALSE,C00,TOTAL CPC,0,0,TOTAL MOT,8,kg,584307456,FALSE,-1,N/A,,FALSE,584307456,FALSE,,FALSE,25203570,,25203570,0,TRUE,FALSE
C,A,19710101,1971,52,1971,104,MMR,Myanmar,M,Import,0,W00,World,0,W00,World,S1,S1,TRUE,5613,Potassic fertilizers and materials,4,FALSE,C00,TOTAL CPC,0,0,TOTAL MOT,8,kg,1000,FALSE,-1,N/A,,FALSE,1000,FALSE,,FALSE,90,,90,0,TRUE,FALSE
C,A,19710101,1971,52,1971,116,KHM,Cambodia,M,Import,0,W00,World,0,W00,World,S1,S1,TRUE,5613,Potassic fertilizers and materials,4,FALSE,C00,TOTAL CPC,0,0,TOTAL MOT,8,kg,2037,FALSE,-1,N/A,,FALSE,2037,FALSE,,FALSE,5682,,5682,0,TRUE,FALSE
C,A,19710101,1971,52,1971,120,CMR,Cameroon,M,Import,0,W00,World,0,W00,World,S1,S1,TRUE,5613,Potassic fertilizers and materials,4,FALSE,C00,TOTAL CPC,0,0,TOTAL MOT,8,kg,4361522,FALSE,-1,N/A,,FALSE,4361522,FALSE,,FALSE,263920,,263920,0,TRUE,FALSE
C,A,19710101,1971,52,1971,120,CMR,Cameroon,X,Export,0,W00,World,0,W00,World,S1,S1,TRUE,5613,Potassic fertilizers and materials,4,FALSE,C00,TOTAL CPC,0,0,TOTAL MOT,8,kg,8284,FALSE,-1,N/A,,FALSE,8284,FALSE,,FALSE,,1081,1081,0,TRUE,FALSE
C,A,19710101,1971,52,1971,124,CAN,Canada,M,Import,0,W00,World,0,W00,World,S1,S1,TRUE,5613,Potassic fertilizers and materials,4,FALSE,C00,TOTAL CPC,0,0,TOTAL MOT,8,kg,84091376,FALSE,-1,N/A,,FALSE,84091376,FALSE,,FALSE,,2772593,2772593,0,TRUE,FALSE
C,A,19710101,1971,52,1971,124,CAN,Canada,X,Export,0,W00,World,0,W00,World,S1,S1,TRUE,5613,Potassic fertilizers and materials,4,FALSE,C00,TOTAL CPC,0,0,TOTAL MOT,8,kg,5451085312,FALSE,-1,N/A,,FALSE,5451085312,FALSE,,FALSE,,141092752,141092752,0,TRUE,FALSE
C,A,19710101,1971,52,1971,140,CAF,Central African Rep.,M,Import,0,W00,World,0,W00,World,S1,S1,TRUE,5613,Potassic fertilizers and materials,4,FALSE,C00,TOTAL CPC,0,0,TOTAL MOT,8,kg,1896515,FALSE,-1,N/A,,FALSE,1896515,FALSE,,FALSE,130844,,130844,0,TRUE,FALSE
C,A,19710101,1971,52,1971,140,CAF,Central African Rep.,X,Export,0,W00,World,0,W00,World,S1,S1,TRUE,5613,Potassic fertilizers and materials,4,FALSE,C00,TOTAL CPC,0,0,TOTAL MOT,8,kg,97,FALSE,-1,N/A,,FALSE,97,FALSE,,FALSE,,13,13,0,TRUE,FALSE
C,A,19710101,1971,52,1971,144,LKA,Sri Lanka,M,Import,0,W00,World,0,W00,World,S1,S1,TRUE,5613,Potassic fertilizers and materials,4,FALSE,C00,TOTAL CPC,0,0,TOTAL MOT,8,kg,33319436,FALSE,-1,N/A,,FALSE,33319436,FALSE,,FALSE,2196701,,2196701,0,TRUE,FALSE
C,A,19710101,1971,52,1971,148,TCD,Chad,M,Import,0,W00,World,0,W00,World,S1,S1,TRUE,5613,Potassic fertilizers and materials,4,FALSE,C00,TOTAL CPC,0,0,TOTAL MOT,8,kg,140273,FALSE,-1,N/A,,FALSE,140273,FALSE,,FALSE,24866,,24866,0,TRUE,FALSE
C,A,19710101,1971,52,1971,152,CHL,Chile,M,Import,0,W00,World,0,W00,World,S1,S1,TRUE,5613,Potassic fertilizers and materials,4,FALSE,C00,TOTAL CPC,0,0,TOTAL MOT,8,kg,41944092,FALSE,-1,N/A,,FALSE,41944092,FALSE,,FALSE,2521445,,2521445,0,TRUE,FALSE
C,A,19710101,1971,52,1971,170,COL,Colombia,M,Import,0,W00,World,0,W00,World,S1,S1,TRUE,5613,Potassic fertilizers and materials,4,FALSE,C00,TOTAL CPC,0,0,TOTAL MOT,8,kg,58960496,FALSE,-1,N/A,,FALSE,58960496,FALSE,,FALSE,3128888,,3128888,0,TRUE,FALSE
C,A,19710101,1971,52,1971,170,COL,Colombia,X,Export,0,W00,World,0,W00,World,S1,S1,TRUE,5613,Potassic fertilizers and materials,4,FALSE,C00,TOTAL CPC,0,0,TOTAL MOT,8,kg,359,FALSE,-1,N/A,,FALSE,359,FALSE,,FALSE,,472,472,0,TRUE,FALSE
C,A,19710101,1971,52,1971,178,COG,Congo,M,Import,0,W00,World,0,W00,World,S1,S1,TRUE,5613,Potassic fertilizers and materials,4,FALSE,C00,TOTAL CPC,0,0,TOTAL MOT,8,kg,39089,FALSE,-1,N/A,,FALSE,39089,FALSE,,FALSE,3544,,3544,0,TRUE,FALSE
C,A,19710101,1971,52,1971,178,COG,Congo,X,Export,0,W00,World,0,W00,World,S1,S1,TRUE,5613,Potassic fertilizers and materials,4,FALSE,C00,TOTAL CPC,0,0,TOTAL MOT,8,kg,289434624,FALSE,-1,N/A,,FALSE,289434624,FALSE,,FALSE,,5356496,5356496,0,TRUE,FALSE
C,A,19710101,1971,52,1971,188,CRI,Costa Rica,M,Import,0,W00,World,0,W00,World,S1,S1,TRUE,5613,Potassic fertilizers and materials,4,FALSE,C00,TOTAL CPC,0,0,TOTAL MOT,8,kg,37127504,FALSE,-1,N/A,,FALSE,37127504,FALSE,,FALSE,1694738,,1694738,0,TRUE,FALSE
C,A,19710101,1971,52,1971,196,CYP,Cyprus,M,Import,0,W00,World,0,W00,World,S1,S1,TRUE,5613,Potassic fertilizers and materials,4,FALSE,C00,TOTAL CPC,0,0,TOTAL MOT,8,kg,1597749,FALSE,-1,N/A,,FALSE,1597749,FALSE,,FALSE,108112,,108112,0,TRUE,FALSE
C,A,19710101,1971,52,1971,204,BEN,Benin,M,Import,0,W00,World,0,W00,World,S1,S1,TRUE,5613,Potassic fertilizers and materials,4,FALSE,C00,TOTAL CPC,0,0,TOTAL MOT,8,kg,268698,FALSE,-1,N/A,,FALSE,268698,FALSE,,FALSE,20170,,20170,0,TRUE,FALSE
C,A,19710101,1971,52,1971,208,DNK,Denmark,M,Import,0,W00,World,0,W00,World,S1,S1,TRUE,5613,Potassic fertilizers and materials,4,FALSE,C00,TOTAL CPC,0,0,TOTAL MOT,8,kg,256112640,FALSE,-1,N/A,,FALSE,256112640,FALSE,,FALSE,9423990,,9423990,0,TRUE,FALSE
C,A,19710101,1971,52,1971,208,DNK,Denmark,X,Export,0,W00,World,0,W00,World,S1,S1,TRUE,5613,Potassic fertilizers and materials,4,FALSE,C00,TOTAL CPC,0,0,TOTAL MOT,8,kg,8757,FALSE,-1,N/A,,FALSE,8757,FALSE,,FALSE,,1995,1995,0,TRUE,FALSE
C,A,19710101,1971,52,1971,218,ECU,Ecuador,M,Import,0,W00,World,0,W00,World,S1,S1,TRUE,5613,Potassic fertilizers and materials,4,FALSE,C00,TOTAL CPC,0,0,TOTAL MOT,8,kg,6315944,FALSE,-1,N/A,,FALSE,6315944,FALSE,,FALSE,329087,,329087,0,TRUE,FALSE
C,A,19710101,1971,52,1971,222,SLV,El Salvador,M,Import,0,W00,World,0,W00,World,S1,S1,TRUE,5613,Potassic fertilizers and materials,4,FALSE,C00,TOTAL CPC,0,0,TOTAL MOT,8,kg,8821546,FALSE,-1,N/A,,FALSE,8821546,FALSE,,FALSE,424234,,424234,0,TRUE,FALSE
C,A,19710101,1971,52,1971,242,FJI,Fiji,M,Import,0,W00,World,0,W00,World,S1,S1,TRUE,5613,Potassic fertilizers and materials,4,FALSE,C00,TOTAL CPC,0,0,TOTAL MOT,8,kg,255078,FALSE,-1,N/A,,FALSE,255078,FALSE,,FALSE,17388,,17388,0,TRUE,FALSE
C,A,19710101,1971,52,1971,246,FIN,Finland,M,Import,0,W00,World,0,W00,World,S1,S1,TRUE,5613,Potassic fertilizers and materials,4,FALSE,C00,TOTAL CPC,0,0,TOTAL MOT,8,kg,247308160,FALSE,-1,N/A,,FALSE,247308160,FALSE,,FALSE,8045696,,8045696,0,TRUE,FALSE
C,A,19710101,1971,52,1971,251,FRA,France,M,Import,0,W00,World,0,W00,World,S1,S1,TRUE,5613,Potassic fertilizers and materials,4,FALSE,C00,TOTAL CPC,0,0,TOTAL MOT,8,kg,220269120,FALSE,-1,N/A,,FALSE,220269120,FALSE,,FALSE,8940248,,8940248,0,TRUE,FALSE
C,A,19710101,1971,52,1971,251,FRA,France,X,Export,0,W00,World,0,W00,World,S1,S1,TRUE,5613,Potassic fertilizers and materials,4,FALSE,C00,TOTAL CPC,0,0,TOTAL MOT,8,kg,1227796736,FALSE,-1,N/A,,FALSE,1227796736,FALSE,,FALSE,,34516356,34516356,0,TRUE,FALSE
C,A,19710101,1971,52,1971,266,GAB,Gabon,M,Import,0,W00,World,0,W00,World,S1,S1,TRUE,5613,Potassic fertilizers and materials,4,FALSE,C00,TOTAL CPC,0,0,TOTAL MOT,8,kg,18816,FALSE,-1,N/A,,FALSE,18816,FALSE,,FALSE,1625,,1625,0,TRUE,FALSE
C,A,19710101,1971,52,1971,280,DEU,Fed. Rep. of Germany (...1990),M,Import,0,W00,World,0,W00,World,S1,S1,TRUE,5613,Potassic fertilizers and materials,4,FALSE,C00,TOTAL CPC,0,0,TOTAL MOT,8,kg,34148700,FALSE,-1,N/A,,TRUE,34148700,FALSE,-1,TRUE,1262000,,1262000,0,FALSE,FALSE
C,A,19710101,1971,52,1971,280,DEU,Fed. Rep. of Germany (...1990),X,Export,0,W00,World,0,W00,World,S1,S1,TRUE,5613,Potassic fertilizers and materials,4,FALSE,C00,TOTAL CPC,0,0,TOTAL MOT,8,kg,1854595840,FALSE,-1,N/A,,TRUE,1854595840,FALSE,-1,TRUE,,65389008,65389008,0,FALSE,FALSE
C,A,19710101,1971,52,1971,288,GHA,Ghana,M,Import,0,W00,World,0,W00,World,S1,S1,TRUE,5613,Potassic fertilizers and materials,4,FALSE,C00,TOTAL CPC,0,0,TOTAL MOT,8,kg,412206,FALSE,-1,N/A,,FALSE,412206,FALSE,,FALSE,27584,,27584,0,TRUE,FALSE
C,A,19710101,1971,52,1971,300,GRC,Greece,M,Import,0,W00,World,0,W00,World,S1,S1,TRUE,5613,Potassic fertilizers and materials,4,FALSE,C00,TOTAL CPC,0,0,TOTAL MOT,8,kg,22327908,FALSE,-1,N/A,,FALSE,22327908,FALSE,,FALSE,1271284,,1271284,0,TRUE,FALSE
C,A,19710101,1971,52,1971,312,GLP,Guadeloupe (Overseas France),M,Import,0,W00,World,0,W00,World,S1,S1,TRUE,5613,Potassic fertilizers and materials,4,FALSE,C00,TOTAL CPC,0,0,TOTAL MOT,8,kg,44863,FALSE,-1,N/A,,FALSE,44863,FALSE,,FALSE,3163,,3163,0,TRUE,FALSE
C,A,19710101,1971,52,1971,320,GTM,Guatemala,M,Import,0,W00,World,0,W00,World,S1,S1,TRUE,5613,Potassic fertilizers and materials,4,FALSE,C00,TOTAL CPC,0,0,TOTAL MOT,8,kg,385366,FALSE,-1,N/A,,FALSE,385366,FALSE,,FALSE,22138,,22138,0,TRUE,FALSE
C,A,19710101,1971,52,1971,320,GTM,Guatemala,X,Export,0,W00,World,0,W00,World,S1,S1,TRUE,5613,Potassic fertilizers and materials,4,FALSE,C00,TOTAL CPC,0,0,TOTAL MOT,8,kg,39929,FALSE,-1,N/A,,FALSE,39929,FALSE,,FALSE,,3195,3195,0,TRUE,FALSE
C,A,19710101,1971,52,1971,328,GUY,Guyana,M,Import,0,W00,World,0,W00,World,S1,S1,TRUE,5613,Potassic fertilizers and materials,4,FALSE,C00,TOTAL CPC,0,0,TOTAL MOT,8,kg,3265548,FALSE,-1,N/A,,FALSE,3265548,FALSE,,FALSE,201107,,201107,0,TRUE,FALSE
C,A,19710101,1971,52,1971,340,HND,Honduras,M,Import,0,W00,World,0,W00,World,S1,S1,TRUE,5613,Potassic fertilizers and materials,4,FALSE,C00,TOTAL CPC,0,0,TOTAL MOT,8,kg,5189113,FALSE,-1,N/A,,FALSE,5189113,FALSE,,FALSE,456669,,456669,0,TRUE,FALSE
C,A,19710101,1971,52,1971,344,HKG,"China, Hong Kong SAR",M,Import,0,W00,World,0,W00,World,S1,S1,TRUE,5613,Potassic fertilizers and materials,4,FALSE,C00,TOTAL CPC,0,0,TOTAL MOT,8,kg,14000,FALSE,-1,N/A,,FALSE,14000,FALSE,,FALSE,1419,,1419,0,TRUE,FALSE
C,A,19710101,1971,52,1971,352,ISL,Iceland,M,Import,0,W00,World,0,W00,World,S1,S1,TRUE,5613,Potassic fertilizers and materials,4,FALSE,C00,TOTAL CPC,0,0,TOTAL MOT,8,kg,4805539,FALSE,-1,N/A,,FALSE,4805539,FALSE,,FALSE,278805,,278805,0,TRUE,FALSE
C,A,19710101,1971,52,1971,356,IND,India (...1974),M,Import,0,W00,World,0,W00,World,S1,S1,TRUE,5613,Potassic fertilizers and materials,4,FALSE,C00,TOTAL CPC,0,0,TOTAL MOT,8,kg,275798016,FALSE,-1,N/A,,FALSE,275798016,FALSE,,FALSE,13282755,,13282755,0,TRUE,FALSE
C,A,19710101,1971,52,1971,360,IDN,Indonesia,M,Import,0,W00,World,0,W00,World,S1,S1,TRUE,5613,Potassic fertilizers and materials,4,FALSE,C00,TOTAL CPC,0,0,TOTAL MOT,8,kg,27783530,FALSE,-1,N/A,,FALSE,27783530,FALSE,,FALSE,1765016,,1765016,0,TRUE,FALSE
C,A,19710101,1971,52,1971,364,IRN,Iran,X,Export,0,W00,World,0,W00,World,S1,S1,TRUE,5613,Potassic fertilizers and materials,4,FALSE,C00,TOTAL CPC,0,0,TOTAL MOT,8,kg,500000,FALSE,-1,N/A,,FALSE,500000,FALSE,,FALSE,,50429,50429,0,TRUE,FALSE
C,A,19710101,1971,52,1971,372,IRL,Ireland,M,Import,0,W00,World,0,W00,World,S1,S1,TRUE,5613,Potassic fertilizers and materials,4,FALSE,C00,TOTAL CPC,0,0,TOTAL MOT,8,kg,252739632,FALSE,-1,N/A,,FALSE,252739632,FALSE,,FALSE,10847755,,10847755,0,TRUE,FALSE
C,A,19710101,1971,52,1971,376,ISR,Israel,M,Import,0,W00,World,0,W00,World,S1,S1,TRUE,5613,Potassic fertilizers and materials,4,FALSE,C00,TOTAL CPC,0,0,TOTAL MOT,8,kg,18947,FALSE,-1,N/A,,FALSE,18947,FALSE,,FALSE,31607,,31607,0,TRUE,FALSE
C,A,19710101,1971,52,1971,376,ISR,Israel,X,Export,0,W00,World,0,W00,World,S1,S1,TRUE,5613,Potassic fertilizers and materials,4,FALSE,C00,TOTAL CPC,0,0,TOTAL MOT,-1,N/A,0,FALSE,-1,N/A,,FALSE,,FALSE,,FALSE,,84387,84387,0,TRUE,FALSE
C,A,19710101,1971,52,1971,380,ITA,Italy,M,Import,0,W00,World,0,W00,World,S1,S1,TRUE,5613,Potassic fertilizers and materials,4,FALSE,C00,TOTAL CPC,0,0,TOTAL MOT,8,kg,292491904,FALSE,-1,N/A,,TRUE,292491904,FALSE,-1,TRUE,11416491,,11416491,0,FALSE,FALSE
C,A,19710101,1971,52,1971,380,ITA,Italy,X,Export,0,W00,World,0,W00,World,S1,S1,TRUE,5613,Potassic fertilizers and materials,4,FALSE,C00,TOTAL CPC,0,0,TOTAL MOT,8,kg,6162603,FALSE,-1,N/A,,TRUE,6162603,FALSE,-1,TRUE,,348467,348467,0,FALSE,FALSE
C,A,19710101,1971,52,1971,384,CIV,CÙte d'Ivoire,M,Import,0,W00,World,0,W00,World,S1,S1,TRUE,5613,Potassic fertilizers and materials,4,FALSE,C00,TOTAL CPC,0,0,TOTAL MOT,8,kg,28547932,FALSE,-1,N/A,,FALSE,28547932,FALSE,,FALSE,1593733,,1593733,0,TRUE,FALSE
C,A,19710101,1971,52,1971,384,CIV,CÙte d'Ivoire,X,Export,0,W00,World,0,W00,World,S1,S1,TRUE,5613,Potassic fertilizers and materials,4,FALSE,C00,TOTAL CPC,0,0,TOTAL MOT,8,kg,1175875,FALSE,-1,N/A,,FALSE,1175875,FALSE,,FALSE,,152789,152789,0,TRUE,FALSE
C,A,19710101,1971,52,1971,392,JPN,Japan,M,Import,0,W00,World,0,W00,World,S1,S1,TRUE,5613,Potassic fertilizers and materials,4,FALSE,C00,TOTAL CPC,0,0,TOTAL MOT,8,kg,1271358976,FALSE,-1,N/A,,FALSE,1271358976,FALSE,,FALSE,56039388,,56039388,0,TRUE,FALSE
C,A,19710101,1971,52,1971,392,JPN,Japan,X,Export,0,W00,World,0,W00,World,S1,S1,TRUE,5613,Potassic fertilizers and materials,4,FALSE,C00,TOTAL CPC,0,0,TOTAL MOT,8,kg,8514000,FALSE,-1,N/A,,FALSE,8514000,FALSE,,FALSE,,410048,410048,0,TRUE,FALSE
C,A,19710101,1971,52,1971,400,JOR,Jordan,M,Import,0,W00,World,0,W00,World,S1,S1,TRUE,5613,Potassic fertilizers and materials,4,FALSE,C00,TOTAL CPC,0,0,TOTAL MOT,8,kg,5011312,FALSE,-1,N/A,,FALSE,5011312,FALSE,,FALSE,280313,,280313,0,TRUE,FALSE
C,A,19710101,1971,52,1971,410,KOR,Rep. of Korea,M,Import,0,W00,World,0,W00,World,S1,S1,TRUE,5613,Potassic fertilizers and materials,4,FALSE,C00,TOTAL CPC,0,0,TOTAL MOT,8,kg,95146752,FALSE,-1,N/A,,FALSE,95146752,FALSE,,FALSE,3845869,,3845869,0,TRUE,FALSE
C,A,19710101,1971,52,1971,418,LAO,Lao People's Dem. Rep.,M,Import,0,W00,World,0,W00,World,S1,S1,TRUE,5613,Potassic fertilizers and materials,4,FALSE,C00,TOTAL CPC,0,0,TOTAL MOT,8,kg,23,FALSE,-1,N/A,,FALSE,23,FALSE,,FALSE,,50,50,0,TRUE,FALSE
C,A,19710101,1971,52,1971,422,LBN,Lebanon,M,Import,0,W00,World,0,W00,World,S1,S1,TRUE,5613,Potassic fertilizers and materials,4,FALSE,C00,TOTAL CPC,0,0,TOTAL MOT,8,kg,5535753,FALSE,-1,N/A,,FALSE,5535753,FALSE,,FALSE,292503,,292503,0,TRUE,FALSE
C,A,19710101,1971,52,1971,422,LBN,Lebanon,X,Export,0,W00,World,0,W00,World,S1,S1,TRUE,5613,Potassic fertilizers and materials,4,FALSE,C00,TOTAL CPC,0,0,TOTAL MOT,8,kg,78,FALSE,-1,N/A,,FALSE,78,FALSE,,FALSE,,48,48,0,TRUE,FALSE
C,A,19710101,1971,52,1971,430,LBR,Liberia,M,Import,0,W00,World,0,W00,World,S1,S1,TRUE,5613,Potassic fertilizers and materials,4,FALSE,C00,TOTAL CPC,0,0,TOTAL MOT,8,kg,710668,FALSE,-1,N/A,,FALSE,710668,FALSE,,FALSE,48788,,48788,0,TRUE,FALSE
C,A,19710101,1971,52,1971,434,LBY,Libya,M,Import,0,W00,World,0,W00,World,S1,S1,TRUE,5613,Potassic fertilizers and materials,4,FALSE,C00,TOTAL CPC,0,0,TOTAL MOT,8,kg,200000,FALSE,-1,N/A,,FALSE,200000,FALSE,,FALSE,22999,,22999,0,TRUE,FALSE
C,A,19710101,1971,52,1971,450,MDG,Madagascar,M,Import,0,W00,World,0,W00,World,S1,S1,TRUE,5613,Potassic fertilizers and materials,4,FALSE,C00,TOTAL CPC,0,0,TOTAL MOT,8,kg,3787524,FALSE,-1,N/A,,FALSE,3787524,FALSE,,FALSE,226516,,226516,0,TRUE,FALSE
C,A,19710101,1971,52,1971,454,MWI,Malawi,M,Import,0,W00,World,0,W00,World,S1,S1,TRUE,5613,Potassic fertilizers and materials,4,FALSE,C00,TOTAL CPC,0,0,TOTAL MOT,8,kg,276691,FALSE,-1,N/A,,FALSE,276691,FALSE,,FALSE,17698,,17698,0,TRUE,FALSE
C,A,19710101,1971,52,1971,458,MYS,Malaysia,M,Import,0,W00,World,0,W00,World,S1,S1,TRUE,5613,Potassic fertilizers and materials,4,FALSE,C00,TOTAL CPC,0,0,TOTAL MOT,8,kg,103893160,FALSE,-1,N/A,,FALSE,103893160,FALSE,,FALSE,5568806,,5568806,0,TRUE,FALSE
C,A,19710101,1971,52,1971,458,MYS,Malaysia,X,Export,0,W00,World,0,W00,World,S1,S1,TRUE,5613,Potassic fertilizers and materials,4,FALSE,C00,TOTAL CPC,0,0,TOTAL MOT,8,kg,31542,FALSE,-1,N/A,,FALSE,31542,FALSE,,FALSE,,888,888,0,TRUE,FALSE
C,A,19710101,1971,52,1971,466,MLI,Mali,M,Import,0,W00,World,0,W00,World,S1,S1,TRUE,5613,Potassic fertilizers and materials,4,FALSE,C00,TOTAL CPC,0,0,TOTAL MOT,8,kg,90000,FALSE,-1,N/A,,FALSE,90000,FALSE,,FALSE,9485,,9485,0,TRUE,FALSE
C,A,19710101,1971,52,1971,470,MLT,Malta,M,Import,0,W00,World,0,W00,World,S1,S1,TRUE,5613,Potassic fertilizers and materials,4,FALSE,C00,TOTAL CPC,0,0,TOTAL MOT,8,kg,5000,FALSE,-1,N/A,,FALSE,5000,FALSE,,FALSE,393,,393,0,TRUE,FALSE
C,A,19710101,1971,52,1971,474,MTQ,Martinique (Overseas France),M,Import,0,W00,World,0,W00,World,S1,S1,TRUE,5613,Potassic fertilizers and materials,4,FALSE,C00,TOTAL CPC,0,0,TOTAL MOT,8,kg,6222749,FALSE,-1,N/A,,FALSE,6222749,FALSE,,FALSE,448276,,448276,0,TRUE,FALSE
C,A,19710101,1971,52,1971,478,MRT,Mauritania,M,Import,0,W00,World,0,W00,World,S1,S1,TRUE,5613,Potassic fertilizers and materials,4,FALSE,C00,TOTAL CPC,0,0,TOTAL MOT,8,kg,2796,FALSE,-1,N/A,,FALSE,2796,FALSE,,FALSE,303,,303,0,TRUE,FALSE
C,A,19710101,1971,52,1971,480,MUS,Mauritius,M,Import,0,W00,World,0,W00,World,S1,S1,TRUE,5613,Potassic fertilizers and materials,4,FALSE,C00,TOTAL CPC,0,0,TOTAL MOT,8,kg,10579647,FALSE,-1,N/A,,FALSE,10579647,FALSE,,FALSE,549717,,549717,0,TRUE,FALSE
C,A,19710101,1971,52,1971,484,MEX,Mexico,M,Import,0,W00,World,0,W00,World,S1,S1,TRUE,5613,Potassic fertilizers and materials,4,FALSE,C00,TOTAL CPC,0,0,TOTAL MOT,8,kg,72835456,FALSE,-1,N/A,,FALSE,72835456,FALSE,,FALSE,2792750,,2792750,0,TRUE,FALSE
C,A,19710101,1971,52,1971,484,MEX,Mexico,X,Export,0,W00,World,0,W00,World,S1,S1,TRUE,5613,Potassic fertilizers and materials,4,FALSE,C00,TOTAL CPC,0,0,TOTAL MOT,8,kg,254519,FALSE,-1,N/A,,FALSE,254519,FALSE,,FALSE,,10356,10356,0,TRUE,FALSE
C,A,19710101,1971,52,1971,490,S19,"Other Asia, nes",M,Import,0,W00,World,0,W00,World,S1,S1,TRUE,5613,Potassic fertilizers and materials,4,FALSE,C00,TOTAL CPC,0,0,TOTAL MOT,8,kg,99132496,FALSE,-1,N/A,,FALSE,99132496,FALSE,,FALSE,4078422,,4078422,0,TRUE,FALSE
C,A,19710101,1971,52,1971,504,MAR,Morocco,M,Import,0,W00,World,0,W00,World,S1,S1,TRUE,5613,Potassic fertilizers and materials,4,FALSE,C00,TOTAL CPC,0,0,TOTAL MOT,8,kg,37891720,FALSE,-1,N/A,,FALSE,37891720,FALSE,,FALSE,1901520,,1901520,0,TRUE,FALSE
C,A,19710101,1971,52,1971,528,NLD,Netherlands,M,Import,0,W00,World,0,W00,World,S1,S1,TRUE,5613,Potassic fertilizers and materials,4,FALSE,C00,TOTAL CPC,0,0,TOTAL MOT,8,kg,440380320,FALSE,-1,N/A,,FALSE,440380320,FALSE,,FALSE,14645241,,14645241,0,TRUE,FALSE
C,A,19710101,1971,52,1971,528,NLD,Netherlands,X,Export,0,W00,World,0,W00,World,S1,S1,TRUE,5613,Potassic fertilizers and materials,4,FALSE,C00,TOTAL CPC,0,0,TOTAL MOT,8,kg,281719,FALSE,-1,N/A,,FALSE,281719,FALSE,,FALSE,,26533,26533,0,TRUE,FALSE
C,A,19710101,1971,52,1971,554,NZL,New Zealand,M,Import,0,W00,World,0,W00,World,S1,S1,TRUE,5613,Potassic fertilizers and materials,4,FALSE,C00,TOTAL CPC,0,0,TOTAL MOT,8,kg,177451600,FALSE,-1,N/A,,FALSE,177451600,FALSE,,FALSE,7250861,,7250861,0,TRUE,FALSE
C,A,19710101,1971,52,1971,558,NIC,Nicaragua,M,Import,0,W00,World,0,W00,World,S1,S1,TRUE,5613,Potassic fertilizers and materials,4,FALSE,C00,TOTAL CPC,0,0,TOTAL MOT,8,kg,3584323,FALSE,-1,N/A,,FALSE,3584323,FALSE,,FALSE,214922,,214922,0,TRUE,FALSE
C,A,19710101,1971,52,1971,558,NIC,Nicaragua,X,Export,0,W00,World,0,W00,World,S1,S1,TRUE,5613,Potassic fertilizers and materials,4,FALSE,C00,TOTAL CPC,0,0,TOTAL MOT,8,kg,4375,FALSE,-1,N/A,,FALSE,4375,FALSE,,FALSE,,1712,1712,0,TRUE,FALSE
C,A,19710101,1971,52,1971,562,NER,Niger,M,Import,0,W00,World,0,W00,World,S1,S1,TRUE,5613,Potassic fertilizers and materials,4,FALSE,C00,TOTAL CPC,0,0,TOTAL MOT,8,kg,988,FALSE,-1,N/A,,FALSE,988,FALSE,,FALSE,157,,157,0,TRUE,FALSE
C,A,19710101,1971,52,1971,566,NGA,Nigeria,M,Import,0,W00,World,0,W00,World,S1,S1,TRUE,5613,Potassic fertilizers and materials,4,FALSE,C00,TOTAL CPC,0,0,TOTAL MOT,8,kg,482612,FALSE,-1,N/A,,FALSE,482612,FALSE,,FALSE,38963,,38963,0,TRUE,FALSE
C,A,19710101,1971,52,1971,566,NGA,Nigeria,X,Export,0,W00,World,0,W00,World,S1,S1,TRUE,5613,Potassic fertilizers and materials,4,FALSE,C00,TOTAL CPC,0,0,TOTAL MOT,8,kg,2062,FALSE,-1,N/A,,FALSE,2062,FALSE,,FALSE,,209,209,0,TRUE,FALSE
C,A,19710101,1971,52,1971,579,NOR,Norway,M,Import,0,W00,World,0,W00,World,S1,S1,TRUE,5613,Potassic fertilizers and materials,4,FALSE,C00,TOTAL CPC,0,0,TOTAL MOT,8,kg,237224848,FALSE,-1,N/A,,FALSE,237224848,FALSE,,FALSE,9097102,,9097102,0,TRUE,FALSE
C,A,19710101,1971,52,1971,579,NOR,Norway,X,Export,0,W00,World,0,W00,World,S1,S1,TRUE,5613,Potassic fertilizers and materials,4,FALSE,C00,TOTAL CPC,0,0,TOTAL MOT,8,kg,13187,FALSE,-1,N/A,,FALSE,13187,FALSE,,FALSE,,657,657,0,TRUE,FALSE
C,A,19710101,1971,52,1971,588,PAK,East and West Pakistan (...1971),M,Import,0,W00,World,0,W00,World,S1,S1,TRUE,5613,Potassic fertilizers and materials,4,FALSE,C00,TOTAL CPC,0,0,TOTAL MOT,-1,N/A,0,FALSE,-1,N/A,,FALSE,,FALSE,,FALSE,169425,,169425,0,TRUE,FALSE
C,A,19710101,1971,52,1971,590,PAN,"Panama, excl.Canal Zone (...1977)",M,Import,0,W00,World,0,W00,World,S1,S1,TRUE,5613,Potassic fertilizers and materials,4,FALSE,C00,TOTAL CPC,0,0,TOTAL MOT,8,kg,360222,FALSE,-1,N/A,,FALSE,360222,FALSE,,FALSE,22068,,22068,0,TRUE,FALSE
C,A,19710101,1971,52,1971,598,PNG,Papua New Guinea,M,Import,0,W00,World,0,W00,World,S1,S1,TRUE,5613,Potassic fertilizers and materials,4,FALSE,C00,TOTAL CPC,0,0,TOTAL MOT,8,kg,2877104,FALSE,-1,N/A,,FALSE,2877104,FALSE,,FALSE,123012,,123012,0,TRUE,FALSE
C,A,19710101,1971,52,1971,604,PER,Peru,M,Import,0,W00,World,0,W00,World,S1,S1,TRUE,5613,Potassic fertilizers and materials,4,FALSE,C00,TOTAL CPC,0,0,TOTAL MOT,8,kg,9432717,FALSE,-1,N/A,,FALSE,9432717,FALSE,,FALSE,551314,,551314,0,TRUE,FALSE
C,A,19710101,1971,52,1971,608,PHL,Philippines,M,Import,0,W00,World,0,W00,World,S1,S1,TRUE,5613,Potassic fertilizers and materials,4,FALSE,C00,TOTAL CPC,0,0,TOTAL MOT,8,kg,56865092,FALSE,-1,N/A,,FALSE,56865092,FALSE,,FALSE,2663009,,2663009,0,TRUE,FALSE
C,A,19710101,1971,52,1971,620,PRT,Portugal,M,Import,0,W00,World,0,W00,World,S1,S1,TRUE,5613,Potassic fertilizers and materials,4,FALSE,C00,TOTAL CPC,0,0,TOTAL MOT,8,kg,39587560,FALSE,-1,N/A,,FALSE,39587560,FALSE,,FALSE,1659616,,1659616,0,TRUE,FALSE
C,A,19710101,1971,52,1971,620,PRT,Portugal,X,Export,0,W00,World,0,W00,World,S1,S1,TRUE,5613,Potassic fertilizers and materials,4,FALSE,C00,TOTAL CPC,0,0,TOTAL MOT,8,kg,1853284,FALSE,-1,N/A,,FALSE,1853284,FALSE,,FALSE,,101003,101003,0,TRUE,FALSE
C,A,19710101,1971,52,1971,638,REU,RÈunion (Overseas France),M,Import,0,W00,World,0,W00,World,S1,S1,TRUE,5613,Potassic fertilizers and materials,4,FALSE,C00,TOTAL CPC,0,0,TOTAL MOT,8,kg,78101,FALSE,-1,N/A,,TRUE,78101,FALSE,-1,TRUE,5335,,5335,0,FALSE,FALSE
C,A,19710101,1971,52,1971,686,SEN,Senegal,M,Import,0,W00,World,0,W00,World,S1,S1,TRUE,5613,Potassic fertilizers and materials,4,FALSE,C00,TOTAL CPC,0,0,TOTAL MOT,8,kg,4440108,FALSE,-1,N/A,,FALSE,4440108,FALSE,,FALSE,181022,,181022,0,TRUE,FALSE
C,A,19710101,1971,52,1971,690,SYC,Seychelles,M,Import,0,W00,World,0,W00,World,S1,S1,TRUE,5613,Potassic fertilizers and materials,4,FALSE,C00,TOTAL CPC,0,0,TOTAL MOT,-1,N/A,0,FALSE,-1,N/A,,FALSE,,FALSE,,FALSE,63,,63,0,TRUE,FALSE
C,A,19710101,1971,52,1971,702,SGP,Singapore,M,Import,0,W00,World,0,W00,World,S1,S1,TRUE,5613,Potassic fertilizers and materials,4,FALSE,C00,TOTAL CPC,0,0,TOTAL MOT,8,kg,117765184,FALSE,-1,N/A,,FALSE,117765184,FALSE,,FALSE,5510722,,5510722,0,TRUE,FALSE
C,A,19710101,1971,52,1971,702,SGP,Singapore,X,Export,0,W00,World,0,W00,World,S1,S1,TRUE,5613,Potassic fertilizers and materials,4,FALSE,C00,TOTAL CPC,0,0,TOTAL MOT,8,kg,95362456,FALSE,-1,N/A,,FALSE,95362456,FALSE,,FALSE,,5078974,5078974,0,TRUE,FALSE
C,A,19710101,1971,52,1971,724,ESP,Spain,M,Import,0,W00,World,0,W00,World,S1,S1,TRUE,5613,Potassic fertilizers and materials,4,FALSE,C00,TOTAL CPC,0,0,TOTAL MOT,8,kg,669942,FALSE,-1,N/A,,FALSE,669942,FALSE,,FALSE,43699,,43699,0,TRUE,FALSE
C,A,19710101,1971,52,1971,724,ESP,Spain,X,Export,0,W00,World,0,W00,World,S1,S1,TRUE,5613,Potassic fertilizers and materials,4,FALSE,C00,TOTAL CPC,0,0,TOTAL MOT,8,kg,469751424,FALSE,-1,N/A,,FALSE,469751424,FALSE,,FALSE,,15021865,15021865,0,TRUE,FALSE
C,A,19710101,1971,52,1971,736,SDN,Sudan (...2011),M,Import,0,W00,World,0,W00,World,S1,S1,TRUE,5613,Potassic fertilizers and materials,4,FALSE,C00,TOTAL CPC,0,0,TOTAL MOT,8,kg,3000,FALSE,-1,N/A,,FALSE,3000,FALSE,,FALSE,183,,183,0,TRUE,FALSE
C,A,19710101,1971,52,1971,752,SWE,Sweden,M,Import,0,W00,World,0,W00,World,S1,S1,TRUE,5613,Potassic fertilizers and materials,4,FALSE,C00,TOTAL CPC,0,0,TOTAL MOT,8,kg,207990768,FALSE,-1,N/A,,FALSE,207990768,FALSE,,FALSE,7696155,,7696155,0,TRUE,FALSE
C,A,19710101,1971,52,1971,752,SWE,Sweden,X,Export,0,W00,World,0,W00,World,S1,S1,TRUE,5613,Potassic fertilizers and materials,4,FALSE,C00,TOTAL CPC,0,0,TOTAL MOT,8,kg,694,FALSE,-1,N/A,,FALSE,694,FALSE,,FALSE,,260,260,0,TRUE,FALSE
C,A,19710101,1971,52,1971,757,CHE,Switzerland,M,Import,0,W00,World,0,W00,World,S1,S1,TRUE,5613,Potassic fertilizers and materials,4,FALSE,C00,TOTAL CPC,0,0,TOTAL MOT,8,kg,20999540,FALSE,-1,N/A,,FALSE,20999540,FALSE,,FALSE,848312,,848312,0,TRUE,FALSE
C,A,19710101,1971,52,1971,757,CHE,Switzerland,X,Export,0,W00,World,0,W00,World,S1,S1,TRUE,5613,Potassic fertilizers and materials,4,FALSE,C00,TOTAL CPC,0,0,TOTAL MOT,8,kg,12305,FALSE,-1,N/A,,FALSE,12305,FALSE,,FALSE,,2231,2231,0,TRUE,FALSE
C,A,19710101,1971,52,1971,764,THA,Thailand,M,Import,0,W00,World,0,W00,World,S1,S1,TRUE,5613,Potassic fertilizers and materials,4,FALSE,C00,TOTAL CPC,0,0,TOTAL MOT,8,kg,3906214,FALSE,-1,N/A,,FALSE,3906214,FALSE,,FALSE,278609,,278609,0,TRUE,FALSE
C,A,19710101,1971,52,1971,768,TGO,Togo,M,Import,0,W00,World,0,W00,World,S1,S1,TRUE,5613,Potassic fertilizers and materials,4,FALSE,C00,TOTAL CPC,0,0,TOTAL MOT,8,kg,14424,FALSE,-1,N/A,,FALSE,14424,FALSE,,FALSE,1360,,1360,0,TRUE,FALSE
C,A,19710101,1971,52,1971,768,TGO,Togo,X,Export,0,W00,World,0,W00,World,S1,S1,TRUE,5613,Potassic fertilizers and materials,4,FALSE,C00,TOTAL CPC,0,0,TOTAL MOT,8,kg,50,FALSE,-1,N/A,,FALSE,50,FALSE,,FALSE,,3,3,0,TRUE,FALSE
C,A,19710101,1971,52,1971,780,TTO,Trinidad and Tobago,M,Import,0,W00,World,0,W00,World,S1,S1,TRUE,5613,Potassic fertilizers and materials,4,FALSE,C00,TOTAL CPC,0,0,TOTAL MOT,8,kg,3692276,FALSE,-1,N/A,,FALSE,3692276,FALSE,,FALSE,236599,,236599,0,TRUE,FALSE
C,A,19710101,1971,52,1971,788,TUN,Tunisia,M,Import,0,W00,World,0,W00,World,S1,S1,TRUE,5613,Potassic fertilizers and materials,4,FALSE,C00,TOTAL CPC,0,0,TOTAL MOT,8,kg,6385842,FALSE,-1,N/A,,FALSE,6385842,FALSE,,FALSE,409455,,409455,0,TRUE,FALSE
C,A,19710101,1971,52,1971,792,TUR,TÅEkiye,M,Import,0,W00,World,0,W00,World,S1,S1,TRUE,5613,Potassic fertilizers and materials,4,FALSE,C00,TOTAL CPC,0,0,TOTAL MOT,8,kg,203217,FALSE,-1,N/A,,FALSE,203217,FALSE,,FALSE,14562,,14562,0,TRUE,FALSE
C,A,19710101,1971,52,1971,826,GBR,United Kingdom,M,Import,0,W00,World,0,W00,World,S1,S1,TRUE,5613,Potassic fertilizers and materials,4,FALSE,C00,TOTAL CPC,0,0,TOTAL MOT,8,kg,873507776,FALSE,-1,N/A,,FALSE,873507776,FALSE,,FALSE,34855044,,34855044,0,TRUE,FALSE
C,A,19710101,1971,52,1971,826,GBR,United Kingdom,X,Export,0,W00,World,0,W00,World,S1,S1,TRUE,5613,Potassic fertilizers and materials,4,FALSE,C00,TOTAL CPC,0,0,TOTAL MOT,8,kg,1487406,FALSE,-1,N/A,,FALSE,1487406,FALSE,,FALSE,,124862,124862,0,TRUE,FALSE
C,A,19710101,1971,52,1971,841,USA,USA and Puerto Rico (...1980),M,Import,0,W00,World,0,W00,World,S1,S1,TRUE,5613,Potassic fertilizers and materials,4,FALSE,C00,TOTAL CPC,0,0,TOTAL MOT,8,kg,4163215204,FALSE,-1,N/A,,FALSE,4163215204,FALSE,,FALSE,,107774427,107774427,0,TRUE,FALSE
C,A,19710101,1971,52,1971,841,USA,USA and Puerto Rico (...1980),X,Export,0,W00,World,0,W00,World,S1,S1,TRUE,5613,Potassic fertilizers and materials,4,FALSE,C00,TOTAL CPC,0,0,TOTAL MOT,8,kg,934986490,FALSE,-1,N/A,,FALSE,934986490,FALSE,,FALSE,,35230237,35230237,0,TRUE,FALSE
C,A,19710101,1971,52,1971,854,BFA,Burkina Faso,M,Import,0,W00,World,0,W00,World,S1,S1,TRUE,5613,Potassic fertilizers and materials,4,FALSE,C00,TOTAL CPC,0,0,TOTAL MOT,8,kg,1173729,FALSE,-1,N/A,,FALSE,1173729,FALSE,,FALSE,143966,,143966,0,TRUE,FALSE
C,A,19710101,1971,52,1971,862,VEN,Venezuela,M,Import,0,W00,World,0,W00,World,S1,S1,TRUE,5613,Potassic fertilizers and materials,4,FALSE,C00,TOTAL CPC,0,0,TOTAL MOT,8,kg,32396172,FALSE,-1,N/A,,FALSE,32396172,FALSE,,FALSE,,1202687,1202687,0,TRUE,FALSE
C,A,19710101,1971,52,1971,868,VNM,Rep. of Vietnam (...1974),M,Import,0,W00,World,0,W00,World,S1,S1,TRUE,5613,Potassic fertilizers and materials,4,FALSE,C00,TOTAL CPC,0,0,TOTAL MOT,8,kg,4603273,FALSE,-1,N/A,,FALSE,4603273,FALSE,,FALSE,361284,,361284,0,TRUE,FALSE
C,A,19710101,1971,52,1971,890,YUG,Yugoslavia (...1991),M,Import,0,W00,World,0,W00,World,S1,S1,TRUE,5613,Potassic fertilizers and materials,4,FALSE,C00,TOTAL CPC,0,0,TOTAL MOT,8,kg,343710880,FALSE,-1,N/A,,FALSE,343710880,FALSE,,FALSE,12537974,,12537974,0,TRUE,FALSE
C,A,19710101,1971,52,1971,894,ZMB,Zambia,M,Import,0,W00,World,0,W00,World,S1,S1,TRUE,5613,Potassic fertilizers and materials,4,FALSE,C00,TOTAL CPC,0,0,TOTAL MOT,8,kg,816824,FALSE,-1,N/A,,FALSE,816824,FALSE,,FALSE,,72949,72949,0,TRUE,FALSE
C,A,19720101,1972,52,1972,24,AGO,Angola,M,Import,0,W00,World,0,W00,World,S1,S1,TRUE,5613,Potassic fertilizers and materials,4,FALSE,C00,TOTAL CPC,0,0,TOTAL MOT,8,kg,5664374,FALSE,-1,N/A,,FALSE,5664374,FALSE,,FALSE,501138,,501138,0,TRUE,FALSE
C,A,19720101,1972,52,1972,32,ARG,Argentina,M,Import,0,W00,World,0,W00,World,S1,S1,TRUE,5613,Potassic fertilizers and materials,4,FALSE,C00,TOTAL CPC,0,0,TOTAL MOT,8,kg,16324286,FALSE,-1,N/A,,FALSE,16324286,FALSE,,FALSE,856186,,856186,0,TRUE,FALSE
C,A,19720101,1972,52,1972,32,ARG,Argentina,X,Export,0,W00,World,0,W00,World,S1,S1,TRUE,5613,Potassic fertilizers and materials,4,FALSE,C00,TOTAL CPC,0,0,TOTAL MOT,8,kg,17500,FALSE,-1,N/A,,FALSE,17500,FALSE,,FALSE,,1935,1935,0,TRUE,FALSE
C,A,19720101,1972,52,1972,36,AUS,Australia,M,Import,0,W00,World,0,W00,World,S1,S1,TRUE,5613,Potassic fertilizers and materials,4,FALSE,C00,TOTAL CPC,0,0,TOTAL MOT,8,kg,168071769,FALSE,-1,N/A,,FALSE,168071769,FALSE,,FALSE,,5865797,5865797,0,TRUE,FALSE
C,A,19720101,1972,52,1972,36,AUS,Australia,X,Export,0,W00,World,0,W00,World,S1,S1,TRUE,5613,Potassic fertilizers and materials,4,FALSE,C00,TOTAL CPC,0,0,TOTAL MOT,8,kg,8987,FALSE,-1,N/A,,FALSE,8987,FALSE,,FALSE,,2160,2160,0,TRUE,FALSE
C,A,19720101,1972,52,1972,52,BRB,Barbados,M,Import,0,W00,World,0,W00,World,S1,S1,TRUE,5613,Potassic fertilizers and materials,4,FALSE,C00,TOTAL CPC,0,0,TOTAL MOT,8,kg,3062,FALSE,-1,N/A,,FALSE,3062,FALSE,,FALSE,533,,533,0,TRUE,FALSE
C,A,19720101,1972,52,1972,58,BEL,Belgium-Luxembourg (...1998),M,Import,0,W00,World,0,W00,World,S1,S1,TRUE,5613,Potassic fertilizers and materials,4,FALSE,C00,TOTAL CPC,0,0,TOTAL MOT,8,kg,905407680,FALSE,-1,N/A,,FALSE,905407680,FALSE,,FALSE,35510536,,35510536,0,TRUE,FALSE
C,A,19720101,1972,52,1972,58,BEL,Belgium-Luxembourg (...1998),X,Export,0,W00,World,0,W00,World,S1,S1,TRUE,5613,Potassic fertilizers and materials,4,FALSE,C00,TOTAL CPC,0,0,TOTAL MOT,8,kg,396694336,FALSE,-1,N/A,,FALSE,396694336,FALSE,,FALSE,,16218693,16218693,0,TRUE,FALSE
C,A,19720101,1972,52,1972,76,BRA,Brazil,M,Import,0,W00,World,0,W00,World,S1,S1,TRUE,5613,Potassic fertilizers and materials,4,FALSE,C00,TOTAL CPC,0,0,TOTAL MOT,8,kg,765228032,FALSE,-1,N/A,,FALSE,765228032,FALSE,,FALSE,31847116,,31847116,0,TRUE,FALSE
C,A,19720101,1972,52,1972,76,BRA,Brazil,X,Export,0,W00,World,0,W00,World,S1,S1,TRUE,5613,Potassic fertilizers and materials,4,FALSE,C00,TOTAL CPC,0,0,TOTAL MOT,8,kg,300000,FALSE,-1,N/A,,FALSE,300000,FALSE,,FALSE,,17498,17498,0,TRUE,FALSE
C,A,19720101,1972,52,1972,116,KHM,Cambodia,M,Import,0,W00,World,0,W00,World,S1,S1,TRUE,5613,Potassic fertilizers and materials,4,FALSE,C00,TOTAL CPC,0,0,TOTAL MOT,8,kg,213,FALSE,-1,N/A,,FALSE,213,FALSE,,FALSE,191,,191,0,TRUE,FALSE
C,A,19720101,1972,52,1972,120,CMR,Cameroon,M,Import,0,W00,World,0,W00,World,S1,S1,TRUE,5613,Potassic fertilizers and materials,4,FALSE,C00,TOTAL CPC,0,0,TOTAL MOT,8,kg,4446125,FALSE,-1,N/A,,FALSE,4446125,FALSE,,FALSE,350555,,350555,0,TRUE,FALSE
C,A,19720101,1972,52,1972,120,CMR,Cameroon,X,Export,0,W00,World,0,W00,World,S1,S1,TRUE,5613,Potassic fertilizers and materials,4,FALSE,C00,TOTAL CPC,0,0,TOTAL MOT,8,kg,1187,FALSE,-1,N/A,,FALSE,1187,FALSE,,FALSE,,101,101,0,TRUE,FALSE
C,A,19720101,1972,52,1972,124,CAN,Canada,M,Import,0,W00,World,0,W00,World,S1,S1,TRUE,5613,Potassic fertilizers and materials,4,FALSE,C00,TOTAL CPC,0,0,TOTAL MOT,8,kg,107487000,FALSE,-1,N/A,,FALSE,107487000,FALSE,,FALSE,,3225545,3225545,0,TRUE,FALSE
C,A,19720101,1972,52,1972,124,CAN,Canada,X,Export,0,W00,World,0,W00,World,S1,S1,TRUE,5613,Potassic fertilizers and materials,4,FALSE,C00,TOTAL CPC,0,0,TOTAL MOT,8,kg,5749665280,FALSE,-1,N/A,,FALSE,5749665280,FALSE,,FALSE,,148963872,148963872,0,TRUE,FALSE
C,A,19720101,1972,52,1972,144,LKA,Sri Lanka,M,Import,0,W00,World,0,W00,World,S1,S1,TRUE,5613,Potassic fertilizers and materials,4,FALSE,C00,TOTAL CPC,0,0,TOTAL MOT,8,kg,54698968,FALSE,-1,N/A,,FALSE,54698968,FALSE,,FALSE,3471685,,3471685,0,TRUE,FALSE
C,A,19720101,1972,52,1972,148,TCD,Chad,M,Import,0,W00,World,0,W00,World,S1,S1,TRUE,5613,Potassic fertilizers and materials,4,FALSE,C00,TOTAL CPC,0,0,TOTAL MOT,8,kg,2081800,FALSE,-1,N/A,,FALSE,2081800,FALSE,,FALSE,369310,,369310,0,TRUE,FALSE
C,A,19720101,1972,52,1972,152,CHL,Chile,M,Import,0,W00,World,0,W00,World,S1,S1,TRUE,5613,Potassic fertilizers and materials,4,FALSE,C00,TOTAL CPC,0,0,TOTAL MOT,8,kg,31652816,FALSE,-1,N/A,,FALSE,31652816,FALSE,,FALSE,2058765,,2058765,0,TRUE,FALSE
C,A,19720101,1972,52,1972,152,CHL,Chile,X,Export,0,W00,World,0,W00,World,S1,S1,TRUE,5613,Potassic fertilizers and materials,4,FALSE,C00,TOTAL CPC,0,0,TOTAL MOT,8,kg,199,FALSE,-1,N/A,,FALSE,199,FALSE,,FALSE,,8,8,0,TRUE,FALSE
C,A,19720101,1972,52,1972,170,COL,Colombia,M,Import,0,W00,World,0,W00,World,S1,S1,TRUE,5613,Potassic fertilizers and materials,4,FALSE,C00,TOTAL CPC,0,0,TOTAL MOT,8,kg,77728784,FALSE,-1,N/A,,FALSE,77728784,FALSE,,FALSE,3846891,,3846891,0,TRUE,FALSE
C,A,19720101,1972,52,1972,178,COG,Congo,M,Import,0,W00,World,0,W00,World,S1,S1,TRUE,5613,Potassic fertilizers and materials,4,FALSE,C00,TOTAL CPC,0,0,TOTAL MOT,8,kg,214,FALSE,-1,N/A,,FALSE,214,FALSE,,FALSE,88,,88,0,TRUE,FALSE
C,A,19720101,1972,52,1972,178,COG,Congo,X,Export,0,W00,World,0,W00,World,S1,S1,TRUE,5613,Potassic fertilizers and materials,4,FALSE,C00,TOTAL CPC,0,0,TOTAL MOT,8,kg,353976000,FALSE,-1,N/A,,FALSE,353976000,FALSE,,FALSE,,8268818,8268818,0,TRUE,FALSE
C,A,19720101,1972,52,1972,180,COD,Dem. Rep. of the Congo,M,Import,0,W00,World,0,W00,World,S1,S1,TRUE,5613,Potassic fertilizers and materials,4,FALSE,C00,TOTAL CPC,0,0,TOTAL MOT,8,kg,2578383,FALSE,-1,N/A,,FALSE,2578383,FALSE,,FALSE,271761,,271761,0,TRUE,FALSE
C,A,19720101,1972,52,1972,188,CRI,Costa Rica,M,Import,0,W00,World,0,W00,World,S1,S1,TRUE,5613,Potassic fertilizers and materials,4,FALSE,C00,TOTAL CPC,0,0,TOTAL MOT,8,kg,43337412,FALSE,-1,N/A,,FALSE,43337412,FALSE,,FALSE,1929667,,1929667,0,TRUE,FALSE
C,A,19720101,1972,52,1972,196,CYP,Cyprus,M,Import,0,W00,World,0,W00,World,S1,S1,TRUE,5613,Potassic fertilizers and materials,4,FALSE,C00,TOTAL CPC,0,0,TOTAL MOT,8,kg,1838960,FALSE,-1,N/A,,FALSE,1838960,FALSE,,FALSE,126878,,126878,0,TRUE,FALSE
C,A,19720101,1972,52,1972,204,BEN,Benin,M,Import,0,W00,World,0,W00,World,S1,S1,TRUE,5613,Potassic fertilizers and materials,4,FALSE,C00,TOTAL CPC,0,0,TOTAL MOT,8,kg,3439898,FALSE,-1,N/A,,FALSE,3439898,FALSE,,FALSE,339656,,339656,0,TRUE,FALSE
C,A,19720101,1972,52,1972,208,DNK,Denmark,M,Import,0,W00,World,0,W00,World,S1,S1,TRUE,5613,Potassic fertilizers and materials,4,FALSE,C00,TOTAL CPC,0,0,TOTAL MOT,8,kg,225929344,FALSE,-1,N/A,,FALSE,225929344,FALSE,,FALSE,9082636,,9082636,0,TRUE,FALSE
C,A,19720101,1972,52,1972,208,DNK,Denmark,X,Export,0,W00,World,0,W00,World,S1,S1,TRUE,5613,Potassic fertilizers and materials,4,FALSE,C00,TOTAL CPC,0,0,TOTAL MOT,8,kg,21885,FALSE,-1,N/A,,FALSE,21885,FALSE,,FALSE,,1653,1653,0,TRUE,FALSE
C,A,19720101,1972,52,1972,214,DOM,Dominican Rep.,M,Import,0,W00,World,0,W00,World,S1,S1,TRUE,5613,Potassic fertilizers and materials,4,FALSE,C00,TOTAL CPC,0,0,TOTAL MOT,8,kg,171631,FALSE,-1,N/A,,FALSE,171631,FALSE,,FALSE,,799552,799552,0,TRUE,FALSE
C,A,19720101,1972,52,1972,218,ECU,Ecuador,M,Import,0,W00,World,0,W00,World,S1,S1,TRUE,5613,Potassic fertilizers and materials,4,FALSE,C00,TOTAL CPC,0,0,TOTAL MOT,8,kg,3395499,FALSE,-1,N/A,,FALSE,3395499,FALSE,,FALSE,191025,,191025,0,TRUE,FALSE
C,A,19720101,1972,52,1972,222,SLV,El Salvador,M,Import,0,W00,World,0,W00,World,S1,S1,TRUE,5613,Potassic fertilizers and materials,4,FALSE,C00,TOTAL CPC,0,0,TOTAL MOT,8,kg,8022453,FALSE,-1,N/A,,FALSE,8022453,FALSE,,FALSE,415153,,415153,0,TRUE,FALSE
C,A,19720101,1972,52,1972,230,ETH,Ethiopia (...1992),M,Import,0,W00,World,0,W00,World,S1,S1,TRUE,5613,Potassic fertilizers and materials,4,FALSE,C00,TOTAL CPC,0,0,TOTAL MOT,8,kg,100269,FALSE,-1,N/A,,FALSE,100269,FALSE,,FALSE,18160,,18160,0,TRUE,FALSE
C,A,19720101,1972,52,1972,242,FJI,Fiji,M,Import,0,W00,World,0,W00,World,S1,S1,TRUE,5613,Potassic fertilizers and materials,4,FALSE,C00,TOTAL CPC,0,0,TOTAL MOT,8,kg,486687,FALSE,-1,N/A,,FALSE,486687,FALSE,,FALSE,43805,,43805,0,TRUE,FALSE
C,A,19720101,1972,52,1972,242,FJI,Fiji,X,Export,0,W00,World,0,W00,World,S1,S1,TRUE,5613,Potassic fertilizers and materials,4,FALSE,C00,TOTAL CPC,0,0,TOTAL MOT,8,kg,31496,FALSE,-1,N/A,,FALSE,31496,FALSE,,FALSE,,1137,1137,0,TRUE,FALSE
C,A,19720101,1972,52,1972,246,FIN,Finland,M,Import,0,W00,World,0,W00,World,S1,S1,TRUE,5613,Potassic fertilizers and materials,4,FALSE,C00,TOTAL CPC,0,0,TOTAL MOT,8,kg,234105200,FALSE,-1,N/A,,FALSE,234105200,FALSE,,FALSE,9013876,,9013876,0,TRUE,FALSE
C,A,19720101,1972,52,1972,246,FIN,Finland,X,Export,0,W00,World,0,W00,World,S1,S1,TRUE,5613,Potassic fertilizers and materials,4,FALSE,C00,TOTAL CPC,0,0,TOTAL MOT,8,kg,2062,FALSE,-1,N/A,,FALSE,2062,FALSE,,FALSE,,386,386,0,TRUE,FALSE
C,A,19720101,1972,52,1972,251,FRA,France,M,Import,0,W00,World,0,W00,World,S1,S1,TRUE,5613,Potassic fertilizers and materials,4,FALSE,C00,TOTAL CPC,0,0,TOTAL MOT,8,kg,323805600,FALSE,-1,N/A,,FALSE,323805600,FALSE,,FALSE,14079870,,14079870,0,TRUE,FALSE
C,A,19720101,1972,52,1972,251,FRA,France,X,Export,0,W00,World,0,W00,World,S1,S1,TRUE,5613,Potassic fertilizers and materials,4,FALSE,C00,TOTAL CPC,0,0,TOTAL MOT,8,kg,677865088,FALSE,-1,N/A,,FALSE,677865088,FALSE,,FALSE,,26723320,26723320,0,TRUE,FALSE
C,A,19720101,1972,52,1972,280,DEU,Fed. Rep. of Germany (...1990),M,Import,0,W00,World,0,W00,World,S1,S1,TRUE,5613,Potassic fertilizers and materials,4,FALSE,C00,TOTAL CPC,0,0,TOTAL MOT,8,kg,63512896,FALSE,-1,N/A,,TRUE,63512896,FALSE,-1,TRUE,2517000,,2517000,0,FALSE,FALSE
C,A,19720101,1972,52,1972,280,DEU,Fed. Rep. of Germany (...1990),X,Export,0,W00,World,0,W00,World,S1,S1,TRUE,5613,Potassic fertilizers and materials,4,FALSE,C00,TOTAL CPC,0,0,TOTAL MOT,8,kg,1887107840,FALSE,-1,N/A,,TRUE,1887107840,FALSE,-1,TRUE,,73182016,73182016,0,FALSE,FALSE
C,A,19720101,1972,52,1972,300,GRC,Greece,M,Import,0,W00,World,0,W00,World,S1,S1,TRUE,5613,Potassic fertilizers and materials,4,FALSE,C00,TOTAL CPC,0,0,TOTAL MOT,8,kg,24017108,FALSE,-1,N/A,,FALSE,24017108,FALSE,,FALSE,1618541,,1618541,0,TRUE,FALSE
C,A,19720101,1972,52,1972,312,GLP,Guadeloupe (Overseas France),M,Import,0,W00,World,0,W00,World,S1,S1,TRUE,5613,Potassic fertilizers and materials,4,FALSE,C00,TOTAL CPC,0,0,TOTAL MOT,8,kg,29937,FALSE,-1,N/A,,FALSE,29937,FALSE,,FALSE,2639,,2639,0,TRUE,FALSE
C,A,19720101,1972,52,1972,320,GTM,Guatemala,M,Import,0,W00,World,0,W00,World,S1,S1,TRUE,5613,Potassic fertilizers and materials,4,FALSE,C00,TOTAL CPC,0,0,TOTAL MOT,8,kg,2165339,FALSE,-1,N/A,,FALSE,2165339,FALSE,,FALSE,114170,,114170,0,TRUE,FALSE
C,A,19720101,1972,52,1972,320,GTM,Guatemala,X,Export,0,W00,World,0,W00,World,S1,S1,TRUE,5613,Potassic fertilizers and materials,4,FALSE,C00,TOTAL CPC,0,0,TOTAL MOT,8,kg,24,FALSE,-1,N/A,,FALSE,24,FALSE,,FALSE,,10,10,0,TRUE,FALSE
C,A,19720101,1972,52,1972,328,GUY,Guyana,M,Import,0,W00,World,0,W00,World,S1,S1,TRUE,5613,Potassic fertilizers and materials,4,FALSE,C00,TOTAL CPC,0,0,TOTAL MOT,8,kg,2120492,FALSE,-1,N/A,,FALSE,2120492,FALSE,,FALSE,154335,,154335,0,TRUE,FALSE
C,A,19720101,1972,52,1972,340,HND,Honduras,M,Import,0,W00,World,0,W00,World,S1,S1,TRUE,5613,Potassic fertilizers and materials,4,FALSE,C00,TOTAL CPC,0,0,TOTAL MOT,8,kg,435058,FALSE,-1,N/A,,FALSE,435058,FALSE,,FALSE,38290,,38290,0,TRUE,FALSE
C,A,19720101,1972,52,1972,344,HKG,"China, Hong Kong SAR",M,Import,0,W00,World,0,W00,World,S1,S1,TRUE,5613,Potassic fertilizers and materials,4,FALSE,C00,TOTAL CPC,0,0,TOTAL MOT,8,kg,12886,FALSE,-1,N/A,,FALSE,12886,FALSE,,FALSE,1481,,1481,0,TRUE,FALSE
C,A,19720101,1972,52,1972,344,HKG,"China, Hong Kong SAR",X,Export,0,W00,World,0,W00,World,S1,S1,TRUE,5613,Potassic fertilizers and materials,4,FALSE,C00,TOTAL CPC,0,0,TOTAL MOT,8,kg,710,FALSE,-1,N/A,,FALSE,710,FALSE,,FALSE,,261,261,0,TRUE,FALSE
C,A,19720101,1972,52,1972,352,ISL,Iceland,M,Import,0,W00,World,0,W00,World,S1,S1,TRUE,5613,Potassic fertilizers and materials,4,FALSE,C00,TOTAL CPC,0,0,TOTAL MOT,8,kg,8677812,FALSE,-1,N/A,,FALSE,8677812,FALSE,,FALSE,500122,,500122,0,TRUE,FALSE
C,A,19720101,1972,52,1972,356,IND,India (...1974),M,Import,0,W00,World,0,W00,World,S1,S1,TRUE,5613,Potassic fertilizers and materials,4,FALSE,C00,TOTAL CPC,0,0,TOTAL MOT,8,kg,297604000,FALSE,-1,N/A,,FALSE,297604000,FALSE,,FALSE,14336169,,14336169,0,TRUE,FALSE
C,A,19720101,1972,52,1972,360,IDN,Indonesia,M,Import,0,W00,World,0,W00,World,S1,S1,TRUE,5613,Potassic fertilizers and materials,4,FALSE,C00,TOTAL CPC,0,0,TOTAL MOT,8,kg,29748420,FALSE,-1,N/A,,FALSE,29748420,FALSE,,FALSE,1863824,,1863824,0,TRUE,FALSE
C,A,19720101,1972,52,1972,364,IRN,Iran,M,Import,0,W00,World,0,W00,World,S1,S1,TRUE,5613,Potassic fertilizers and materials,4,FALSE,C00,TOTAL CPC,0,0,TOTAL MOT,8,kg,1000000,FALSE,-1,N/A,,FALSE,1000000,FALSE,,FALSE,81011,,81011,0,TRUE,FALSE
C,A,19720101,1972,52,1972,368,IRQ,Iraq,M,Import,0,W00,World,0,W00,World,S1,S1,TRUE,5613,Potassic fertilizers and materials,4,FALSE,C00,TOTAL CPC,0,0,TOTAL MOT,8,kg,1700000,FALSE,-1,N/A,,FALSE,1700000,FALSE,,FALSE,150589,,150589,0,TRUE,FALSE
C,A,19720101,1972,52,1972,372,IRL,Ireland,M,Import,0,W00,World,0,W00,World,S1,S1,TRUE,5613,Potassic fertilizers and materials,4,FALSE,C00,TOTAL CPC,0,0,TOTAL MOT,8,kg,237350576,FALSE,-1,N/A,,FALSE,237350576,FALSE,,FALSE,11533374,,11533374,0,TRUE,FALSE
C,A,19720101,1972,52,1972,376,ISR,Israel,M,Import,0,W00,World,0,W00,World,S1,S1,TRUE,5613,Potassic fertilizers and materials,4,FALSE,C00,TOTAL CPC,0,0,TOTAL MOT,8,kg,1004324,FALSE,-1,N/A,,FALSE,1004324,FALSE,,FALSE,6840,,6840,0,TRUE,FALSE
C,A,19720101,1972,52,1972,376,ISR,Israel,X,Export,0,W00,World,0,W00,World,S1,S1,TRUE,5613,Potassic fertilizers and materials,4,FALSE,C00,TOTAL CPC,0,0,TOTAL MOT,-1,N/A,0,FALSE,-1,N/A,,FALSE,,FALSE,,FALSE,,164448,164448,0,TRUE,FALSE
C,A,19720101,1972,52,1972,380,ITA,Italy,M,Import,0,W00,World,0,W00,World,S1,S1,TRUE,5613,Potassic fertilizers and materials,4,FALSE,C00,TOTAL CPC,0,0,TOTAL MOT,8,kg,210089552,FALSE,-1,N/A,,TRUE,210089552,FALSE,-1,TRUE,9373091,,9373091,0,FALSE,FALSE
C,A,19720101,1972,52,1972,380,ITA,Italy,X,Export,0,W00,World,0,W00,World,S1,S1,TRUE,5613,Potassic fertilizers and materials,4,FALSE,C00,TOTAL CPC,0,0,TOTAL MOT,8,kg,12769099,FALSE,-1,N/A,,TRUE,12769099,FALSE,-1,TRUE,,546229,546229,0,FALSE,FALSE
C,A,19720101,1972,52,1972,388,JAM,Jamaica,M,Import,0,W00,World,0,W00,World,S1,S1,TRUE,5613,Potassic fertilizers and materials,4,FALSE,C00,TOTAL CPC,0,0,TOTAL MOT,8,kg,12525827,FALSE,-1,N/A,,FALSE,12525827,FALSE,,FALSE,488792,,488792,0,TRUE,FALSE
C,A,19720101,1972,52,1972,388,JAM,Jamaica,X,Export,0,W00,World,0,W00,World,S1,S1,TRUE,5613,Potassic fertilizers and materials,4,FALSE,C00,TOTAL CPC,0,0,TOTAL MOT,8,kg,19304,FALSE,-1,N/A,,FALSE,19304,FALSE,,FALSE,,3228,3228,0,TRUE,FALSE
C,A,19720101,1972,52,1972,392,JPN,Japan,M,Import,0,W00,World,0,W00,World,S1,S1,TRUE,5613,Potassic fertilizers and materials,4,FALSE,C00,TOTAL CPC,0,0,TOTAL MOT,8,kg,1176425984,FALSE,-1,N/A,,FALSE,1176425984,FALSE,,FALSE,52581648,,52581648,0,TRUE,FALSE
C,A,19720101,1972,52,1972,392,JPN,Japan,X,Export,0,W00,World,0,W00,World,S1,S1,TRUE,5613,Potassic fertilizers and materials,4,FALSE,C00,TOTAL CPC,0,0,TOTAL MOT,8,kg,5863000,FALSE,-1,N/A,,FALSE,5863000,FALSE,,FALSE,,323841,323841,0,TRUE,FALSE
C,A,19720101,1972,52,1972,400,JOR,Jordan,M,Import,0,W00,World,0,W00,World,S1,S1,TRUE,5613,Potassic fertilizers and materials,4,FALSE,C00,TOTAL CPC,0,0,TOTAL MOT,8,kg,447988,FALSE,-1,N/A,,FALSE,447988,FALSE,,FALSE,42027,,42027,0,TRUE,FALSE
C,A,19720101,1972,52,1972,410,KOR,Rep. of Korea,M,Import,0,W00,World,0,W00,World,S1,S1,TRUE,5613,Potassic fertilizers and materials,4,FALSE,C00,TOTAL CPC,0,0,TOTAL MOT,8,kg,163941808,FALSE,-1,N/A,,FALSE,163941808,FALSE,,FALSE,6784751,,6784751,0,TRUE,FALSE
C,A,19720101,1972,52,1972,418,LAO,Lao People's Dem. Rep.,M,Import,0,W00,World,0,W00,World,S1,S1,TRUE,5613,Potassic fertilizers and materials,4,FALSE,C00,TOTAL CPC,0,0,TOTAL MOT,8,kg,1125,FALSE,-1,N/A,,FALSE,1125,FALSE,,FALSE,,159,159,0,TRUE,FALSE
C,A,19720101,1972,52,1972,422,LBN,Lebanon,M,Import,0,W00,World,0,W00,World,S1,S1,TRUE,5613,Potassic fertilizers and materials,4,FALSE,C00,TOTAL CPC,0,0,TOTAL MOT,8,kg,2278030,FALSE,-1,N/A,,FALSE,2278030,FALSE,,FALSE,126049,,126049,0,TRUE,FALSE
C,A,19720101,1972,52,1972,430,LBR,Liberia,M,Import,0,W00,World,0,W00,World,S1,S1,TRUE,5613,Potassic fertilizers and materials,4,FALSE,C00,TOTAL CPC,0,0,TOTAL MOT,8,kg,541109,FALSE,-1,N/A,,FALSE,541109,FALSE,,FALSE,45874,,45874,0,TRUE,FALSE
C,A,19720101,1972,52,1972,434,LBY,Libya,M,Import,0,W00,World,0,W00,World,S1,S1,TRUE,5613,Potassic fertilizers and materials,4,FALSE,C00,TOTAL CPC,0,0,TOTAL MOT,8,kg,200000,FALSE,-1,N/A,,FALSE,200000,FALSE,,FALSE,18528,,18528,0,TRUE,FALSE
C,A,19720101,1972,52,1972,450,MDG,Madagascar,M,Import,0,W00,World,0,W00,World,S1,S1,TRUE,5613,Potassic fertilizers and materials,4,FALSE,C00,TOTAL CPC,0,0,TOTAL MOT,8,kg,3931423,FALSE,-1,N/A,,FALSE,3931423,FALSE,,FALSE,202646,,202646,0,TRUE,FALSE
C,A,19720101,1972,52,1972,458,MYS,Malaysia,M,Import,0,W00,World,0,W00,World,S1,S1,TRUE,5613,Potassic fertilizers and materials,4,FALSE,C00,TOTAL CPC,0,0,TOTAL MOT,8,kg,145305968,FALSE,-1,N/A,,FALSE,145305968,FALSE,,FALSE,7805241,,7805241,0,TRUE,FALSE
C,A,19720101,1972,52,1972,458,MYS,Malaysia,X,Export,0,W00,World,0,W00,World,S1,S1,TRUE,5613,Potassic fertilizers and materials,4,FALSE,C00,TOTAL CPC,0,0,TOTAL MOT,8,kg,78233,FALSE,-1,N/A,,FALSE,78233,FALSE,,FALSE,,4828,4828,0,TRUE,FALSE
C,A,19720101,1972,52,1972,466,MLI,Mali,M,Import,0,W00,World,0,W00,World,S1,S1,TRUE,5613,Potassic fertilizers and materials,4,FALSE,C00,TOTAL CPC,0,0,TOTAL MOT,8,kg,968398,FALSE,-1,N/A,,FALSE,968398,FALSE,,FALSE,117564,,117564,0,TRUE,FALSE
C,A,19720101,1972,52,1972,474,MTQ,Martinique (Overseas France),M,Import,0,W00,World,0,W00,World,S1,S1,TRUE,5613,Potassic fertilizers and materials,4,FALSE,C00,TOTAL CPC,0,0,TOTAL MOT,8,kg,3113115,FALSE,-1,N/A,,FALSE,3113115,FALSE,,FALSE,271594,,271594,0,TRUE,FALSE
C,A,19720101,1972,52,1972,480,MUS,Mauritius,M,Import,0,W00,World,0,W00,World,S1,S1,TRUE,5613,Potassic fertilizers and materials,4,FALSE,C00,TOTAL CPC,0,0,TOTAL MOT,8,kg,9365468,FALSE,-1,N/A,,FALSE,9365468,FALSE,,FALSE,574040,,574040,0,TRUE,FALSE
C,A,19720101,1972,52,1972,484,MEX,Mexico,M,Import,0,W00,World,0,W00,World,S1,S1,TRUE,5613,Potassic fertilizers and materials,4,FALSE,C00,TOTAL CPC,0,0,TOTAL MOT,8,kg,82746792,FALSE,-1,N/A,,FALSE,82746792,FALSE,,FALSE,3040680,,3040680,0,TRUE,FALSE
C,A,19720101,1972,52,1972,484,MEX,Mexico,X,Export,0,W00,World,0,W00,World,S1,S1,TRUE,5613,Potassic fertilizers and materials,4,FALSE,C00,TOTAL CPC,0,0,TOTAL MOT,8,kg,525085,FALSE,-1,N/A,,FALSE,525085,FALSE,,FALSE,,24205,24205,0,TRUE,FALSE
C,A,19720101,1972,52,1972,504,MAR,Morocco,M,Import,0,W00,World,0,W00,World,S1,S1,TRUE,5613,Potassic fertilizers and materials,4,FALSE,C00,TOTAL CPC,0,0,TOTAL MOT,8,kg,43680416,FALSE,-1,N/A,,FALSE,43680416,FALSE,,FALSE,2472831,,2472831,0,TRUE,FALSE
C,A,19720101,1972,52,1972,528,NLD,Netherlands,M,Import,0,W00,World,0,W00,World,S1,S1,TRUE,5613,Potassic fertilizers and materials,4,FALSE,C00,TOTAL CPC,0,0,TOTAL MOT,8,kg,450838208,FALSE,-1,N/A,,FALSE,450838208,FALSE,,FALSE,17541328,,17541328,0,TRUE,FALSE
C,A,19720101,1972,52,1972,528,NLD,Netherlands,X,Export,0,W00,World,0,W00,World,S1,S1,TRUE,5613,Potassic fertilizers and materials,4,FALSE,C00,TOTAL CPC,0,0,TOTAL MOT,8,kg,257819,FALSE,-1,N/A,,FALSE,257819,FALSE,,FALSE,,33007,33007,0,TRUE,FALSE
C,A,19720101,1972,52,1972,554,NZL,New Zealand,M,Import,0,W00,World,0,W00,World,S1,S1,TRUE,5613,Potassic fertilizers and materials,4,FALSE,C00,TOTAL CPC,0,0,TOTAL MOT,8,kg,218449104,FALSE,-1,N/A,,FALSE,218449104,FALSE,,FALSE,9226000,,9226000,0,TRUE,FALSE
C,A,19720101,1972,52,1972,558,NIC,Nicaragua,M,Import,0,W00,World,0,W00,World,S1,S1,TRUE,5613,Potassic fertilizers and materials,4,FALSE,C00,TOTAL CPC,0,0,TOTAL MOT,8,kg,7553627,FALSE,-1,N/A,,FALSE,7553627,FALSE,,FALSE,394132,,394132,0,TRUE,FALSE
C,A,19720101,1972,52,1972,562,NER,Niger,M,Import,0,W00,World,0,W00,World,S1,S1,TRUE,5613,Potassic fertilizers and materials,4,FALSE,C00,TOTAL CPC,0,0,TOTAL MOT,8,kg,20000,FALSE,-1,N/A,,FALSE,20000,FALSE,,FALSE,2619,,2619,0,TRUE,FALSE
C,A,19720101,1972,52,1972,566,NGA,Nigeria,M,Import,0,W00,World,0,W00,World,S1,S1,TRUE,5613,Potassic fertilizers and materials,4,FALSE,C00,TOTAL CPC,0,0,TOTAL MOT,8,kg,3967667,FALSE,-1,N/A,,FALSE,3967667,FALSE,,FALSE,355936,,355936,0,TRUE,FALSE
C,A,19720101,1972,52,1972,579,NOR,Norway,M,Import,0,W00,World,0,W00,World,S1,S1,TRUE,5613,Potassic fertilizers and materials,4,FALSE,C00,TOTAL CPC,0,0,TOTAL MOT,8,kg,235223184,FALSE,-1,N/A,,FALSE,235223184,FALSE,,FALSE,10291374,,10291374,0,TRUE,FALSE
C,A,19720101,1972,52,1972,579,NOR,Norway,X,Export,0,W00,World,0,W00,World,S1,S1,TRUE,5613,Potassic fertilizers and materials,4,FALSE,C00,TOTAL CPC,0,0,TOTAL MOT,8,kg,4375,FALSE,-1,N/A,,FALSE,4375,FALSE,,FALSE,,243,243,0,TRUE,FALSE
C,A,19720101,1972,52,1972,590,PAN,"Panama, excl.Canal Zone (...1977)",M,Import,0,W00,World,0,W00,World,S1,S1,TRUE,5613,Potassic fertilizers and materials,4,FALSE,C00,TOTAL CPC,0,0,TOTAL MOT,8,kg,7250,FALSE,-1,N/A,,FALSE,7250,FALSE,,FALSE,1256,,1256,0,TRUE,FALSE
C,A,19720101,1972,52,1972,598,PNG,Papua New Guinea,M,Import,0,W00,World,0,W00,World,S1,S1,TRUE,5613,Potassic fertilizers and materials,4,FALSE,C00,TOTAL CPC,0,0,TOTAL MOT,8,kg,2770854,FALSE,-1,N/A,,FALSE,2770854,FALSE,,FALSE,118452,,118452,0,TRUE,FALSE
C,A,19720101,1972,52,1972,604,PER,Peru,M,Import,0,W00,World,0,W00,World,S1,S1,TRUE,5613,Potassic fertilizers and materials,4,FALSE,C00,TOTAL CPC,0,0,TOTAL MOT,8,kg,8263214,FALSE,-1,N/A,,FALSE,8263214,FALSE,,FALSE,514339,,514339,0,TRUE,FALSE
C,A,19720101,1972,52,1972,608,PHL,Philippines,M,Import,0,W00,World,0,W00,World,S1,S1,TRUE,5613,Potassic fertilizers and materials,4,FALSE,C00,TOTAL CPC,0,0,TOTAL MOT,8,kg,88327160,FALSE,-1,N/A,,FALSE,88327160,FALSE,,FALSE,4192540,,4192540,0,TRUE,FALSE
C,A,19720101,1972,52,1972,620,PRT,Portugal,M,Import,0,W00,World,0,W00,World,S1,S1,TRUE,5613,Potassic fertilizers and materials,4,FALSE,C00,TOTAL CPC,0,0,TOTAL MOT,8,kg,47211692,FALSE,-1,N/A,,FALSE,47211692,FALSE,,FALSE,2100465,,2100465,0,TRUE,FALSE
C,A,19720101,1972,52,1972,620,PRT,Portugal,X,Export,0,W00,World,0,W00,World,S1,S1,TRUE,5613,Potassic fertilizers and materials,4,FALSE,C00,TOTAL CPC,0,0,TOTAL MOT,8,kg,2025561,FALSE,-1,N/A,,FALSE,2025561,FALSE,,FALSE,,144551,144551,0,TRUE,FALSE
C,A,19720101,1972,52,1972,638,REU,RÈunion (Overseas France),M,Import,0,W00,World,0,W00,World,S1,S1,TRUE,5613,Potassic fertilizers and materials,4,FALSE,C00,TOTAL CPC,0,0,TOTAL MOT,8,kg,182398,FALSE,-1,N/A,,TRUE,182398,FALSE,-1,TRUE,13451,,13451,0,FALSE,FALSE
C,A,19720101,1972,52,1972,686,SEN,Senegal,M,Import,0,W00,World,0,W00,World,S1,S1,TRUE,5613,Potassic fertilizers and materials,4,FALSE,C00,TOTAL CPC,0,0,TOTAL MOT,8,kg,10667056,FALSE,-1,N/A,,FALSE,10667056,FALSE,,FALSE,484087,,484087,0,TRUE,FALSE
C,A,19720101,1972,52,1972,686,SEN,Senegal,X,Export,0,W00,World,0,W00,World,S1,S1,TRUE,5613,Potassic fertilizers and materials,4,FALSE,C00,TOTAL CPC,0,0,TOTAL MOT,8,kg,6796,FALSE,-1,N/A,,FALSE,6796,FALSE,,FALSE,,866,866,0,TRUE,FALSE
C,A,19720101,1972,52,1972,694,SLE,Sierra Leone,M,Import,0,W00,World,0,W00,World,S1,S1,TRUE,5613,Potassic fertilizers and materials,4,FALSE,C00,TOTAL CPC,0,0,TOTAL MOT,8,kg,113792,FALSE,-1,N/A,,FALSE,113792,FALSE,,FALSE,4034,,4034,0,TRUE,FALSE
C,A,19720101,1972,52,1972,702,SGP,Singapore,M,Import,0,W00,World,0,W00,World,S1,S1,TRUE,5613,Potassic fertilizers and materials,4,FALSE,C00,TOTAL CPC,0,0,TOTAL MOT,8,kg,129529664,FALSE,-1,N/A,,FALSE,129529664,FALSE,,FALSE,5778808,,5778808,0,TRUE,FALSE
C,A,19720101,1972,52,1972,702,SGP,Singapore,X,Export,0,W00,World,0,W00,World,S1,S1,TRUE,5613,Potassic fertilizers and materials,4,FALSE,C00,TOTAL CPC,0,0,TOTAL MOT,8,kg,121063600,FALSE,-1,N/A,,FALSE,121063600,FALSE,,FALSE,,6475733,6475733,0,TRUE,FALSE
C,A,19720101,1972,52,1972,724,ESP,Spain,M,Import,0,W00,World,0,W00,World,S1,S1,TRUE,5613,Potassic fertilizers and materials,4,FALSE,C00,TOTAL CPC,0,0,TOTAL MOT,8,kg,1524625,FALSE,-1,N/A,,FALSE,1524625,FALSE,,FALSE,116619,,116619,0,TRUE,FALSE
C,A,19720101,1972,52,1972,724,ESP,Spain,X,Export,0,W00,World,0,W00,World,S1,S1,TRUE,5613,Potassic fertilizers and materials,4,FALSE,C00,TOTAL CPC,0,0,TOTAL MOT,8,kg,387554432,FALSE,-1,N/A,,FALSE,387554432,FALSE,,FALSE,,15444258,15444258,0,TRUE,FALSE
C,A,19720101,1972,52,1972,736,SDN,Sudan (...2011),M,Import,0,W00,World,0,W00,World,S1,S1,TRUE,5613,Potassic fertilizers and materials,4,FALSE,C00,TOTAL CPC,0,0,TOTAL MOT,8,kg,8000,FALSE,-1,N/A,,FALSE,8000,FALSE,,FALSE,8,,8,0,TRUE,FALSE
C,A,19720101,1972,52,1972,752,SWE,Sweden,M,Import,0,W00,World,0,W00,World,S1,S1,TRUE,5613,Potassic fertilizers and materials,4,FALSE,C00,TOTAL CPC,0,0,TOTAL MOT,-1,N/A,0,FALSE,-1,N/A,,FALSE,,FALSE,,FALSE,10433240,,10433240,0,TRUE,FALSE
C,A,19720101,1972,52,1972,757,CHE,Switzerland,M,Import,0,W00,World,0,W00,World,S1,S1,TRUE,5613,Potassic fertilizers and materials,4,FALSE,C00,TOTAL CPC,0,0,TOTAL MOT,8,kg,19468728,FALSE,-1,N/A,,FALSE,19468728,FALSE,,FALSE,877860,,877860,0,TRUE,FALSE
C,A,19720101,1972,52,1972,757,CHE,Switzerland,X,Export,0,W00,World,0,W00,World,S1,S1,TRUE,5613,Potassic fertilizers and materials,4,FALSE,C00,TOTAL CPC,0,0,TOTAL MOT,8,kg,675,FALSE,-1,N/A,,FALSE,675,FALSE,,FALSE,,1303,1303,0,TRUE,FALSE
C,A,19720101,1972,52,1972,764,THA,Thailand,M,Import,0,W00,World,0,W00,World,S1,S1,TRUE,5613,Potassic fertilizers and materials,4,FALSE,C00,TOTAL CPC,0,0,TOTAL MOT,8,kg,4860398,FALSE,-1,N/A,,FALSE,4860398,FALSE,,FALSE,388765,,388765,0,TRUE,FALSE
C,A,19720101,1972,52,1972,768,TGO,Togo,M,Import,0,W00,World,0,W00,World,S1,S1,TRUE,5613,Potassic fertilizers and materials,4,FALSE,C00,TOTAL CPC,0,0,TOTAL MOT,8,kg,398909,FALSE,-1,N/A,,FALSE,398909,FALSE,,FALSE,35184,,35184,0,TRUE,FALSE
C,A,19720101,1972,52,1972,768,TGO,Togo,X,Export,0,W00,World,0,W00,World,S1,S1,TRUE,5613,Potassic fertilizers and materials,4,FALSE,C00,TOTAL CPC,0,0,TOTAL MOT,8,kg,10937,FALSE,-1,N/A,,FALSE,10937,FALSE,,FALSE,,628,628,0,TRUE,FALSE
C,A,19720101,1972,52,1972,780,TTO,Trinidad and Tobago,M,Import,0,W00,World,0,W00,World,S1,S1,TRUE,5613,Potassic fertilizers and materials,4,FALSE,C00,TOTAL CPC,0,0,TOTAL MOT,8,kg,3759399,FALSE,-1,N/A,,FALSE,3759399,FALSE,,FALSE,270852,,270852,0,TRUE,FALSE
C,A,19720101,1972,52,1972,780,TTO,Trinidad and Tobago,X,Export,0,W00,World,0,W00,World,S1,S1,TRUE,5613,Potassic fertilizers and materials,4,FALSE,C00,TOTAL CPC,0,0,TOTAL MOT,8,kg,2062,FALSE,-1,N/A,,FALSE,2062,FALSE,,FALSE,,185,185,0,TRUE,FALSE
C,A,19720101,1972,52,1972,788,TUN,Tunisia,M,Import,0,W00,World,0,W00,World,S1,S1,TRUE,5613,Potassic fertilizers and materials,4,FALSE,C00,TOTAL CPC,0,0,TOTAL MOT,8,kg,545706,FALSE,-1,N/A,,FALSE,545706,FALSE,,FALSE,77528,,77528,0,TRUE,FALSE
C,A,19720101,1972,52,1972,792,TUR,TÅEkiye,M,Import,0,W00,World,0,W00,World,S1,S1,TRUE,5613,Potassic fertilizers and materials,4,FALSE,C00,TOTAL CPC,0,0,TOTAL MOT,8,kg,16275645,FALSE,-1,N/A,,FALSE,16275645,FALSE,,FALSE,1262566,,1262566,0,TRUE,FALSE
C,A,19720101,1972,52,1972,826,GBR,United Kingdom,M,Import,0,W00,World,0,W00,World,S1,S1,TRUE,5613,Potassic fertilizers and materials,4,FALSE,C00,TOTAL CPC,0,0,TOTAL MOT,8,kg,724275008,FALSE,-1,N/A,,FALSE,724275008,FALSE,,FALSE,32052820,,32052820,0,TRUE,FALSE
C,A,19720101,1972,52,1972,826,GBR,United Kingdom,X,Export,0,W00,World,0,W00,World,S1,S1,TRUE,5613,Potassic fertilizers and materials,4,FALSE,C00,TOTAL CPC,0,0,TOTAL MOT,8,kg,2822000,FALSE,-1,N/A,,FALSE,2822000,FALSE,,FALSE,,194686,194686,0,TRUE,FALSE
C,A,19720101,1972,52,1972,841,USA,USA and Puerto Rico (...1980),M,Import,0,W00,World,0,W00,World,S1,S1,TRUE,5613,Potassic fertilizers and materials,4,FALSE,C00,TOTAL CPC,0,0,TOTAL MOT,8,kg,4444200954,FALSE,-1,N/A,,FALSE,4444200954,FALSE,,FALSE,,116318004,116318004,0,TRUE,FALSE
C,A,19720101,1972,52,1972,841,USA,USA and Puerto Rico (...1980),X,Export,0,W00,World,0,W00,World,S1,S1,TRUE,5613,Potassic fertilizers and materials,4,FALSE,C00,TOTAL CPC,0,0,TOTAL MOT,8,kg,1220349856,FALSE,-1,N/A,,FALSE,1220349856,FALSE,,FALSE,,45713397,45713397,0,TRUE,FALSE
C,A,19720101,1972,52,1972,854,BFA,Burkina Faso,M,Import,0,W00,World,0,W00,World,S1,S1,TRUE,5613,Potassic fertilizers and materials,4,FALSE,C00,TOTAL CPC,0,0,TOTAL MOT,8,kg,1595514,FALSE,-1,N/A,,FALSE,1595514,FALSE,,FALSE,222021,,222021,0,TRUE,FALSE
C,A,19720101,1972,52,1972,862,VEN,Venezuela,M,Import,0,W00,World,0,W00,World,S1,S1,TRUE,5613,Potassic fertilizers and materials,4,FALSE,C00,TOTAL CPC,0,0,TOTAL MOT,8,kg,8799242,FALSE,-1,N/A,,FALSE,8799242,FALSE,,FALSE,,340864,340864,0,TRUE,FALSE
C,A,19720101,1972,52,1972,868,VNM,Rep. of Vietnam (...1974),M,Import,0,W00,World,0,W00,World,S1,S1,TRUE,5613,Potassic fertilizers and materials,4,FALSE,C00,TOTAL CPC,0,0,TOTAL MOT,8,kg,7672941,FALSE,-1,N/A,,FALSE,7672941,FALSE,,FALSE,702031,,702031,0,TRUE,FALSE
C,A,19720101,1972,52,1972,890,YUG,Yugoslavia (...1991),M,Import,0,W00,World,0,W00,World,S1,S1,TRUE,5613,Potassic fertilizers and materials,4,FALSE,C00,TOTAL CPC,0,0,TOTAL MOT,8,kg,375270464,FALSE,-1,N/A,,FALSE,375270464,FALSE,,FALSE,14686488,,14686488,0,TRUE,FALSE
C,A,19720101,1972,52,1972,894,ZMB,Zambia,M,Import,0,W00,World,0,W00,World,S1,S1,TRUE,5613,Potassic fertilizers and materials,4,FALSE,C00,TOTAL CPC,0,0,TOTAL MOT,8,kg,325905,FALSE,-1,N/A,,FALSE,325905,FALSE,,FALSE,,26215,26215,0,TRUE,FALSE
C,A,19730101,1973,52,1973,12,DZA,Algeria,M,Import,0,W00,World,0,W00,World,S1,S1,TRUE,5613,Potassic fertilizers and materials,4,FALSE,C00,TOTAL CPC,0,0,TOTAL MOT,8,kg,47684000,FALSE,-1,N/A,,FALSE,47684000,FALSE,,FALSE,3367231,,3367231,0,TRUE,FALSE
C,A,19730101,1973,52,1973,24,AGO,Angola,M,Import,0,W00,World,0,W00,World,S1,S1,TRUE,5613,Potassic fertilizers and materials,4,FALSE,C00,TOTAL CPC,0,0,TOTAL MOT,8,kg,5742123,FALSE,-1,N/A,,FALSE,5742123,FALSE,,FALSE,668483,,668483,0,TRUE,FALSE
C,A,19730101,1973,52,1973,32,ARG,Argentina,M,Import,0,W00,World,0,W00,World,S1,S1,TRUE,5613,Potassic fertilizers and materials,4,FALSE,C00,TOTAL CPC,0,0,TOTAL MOT,8,kg,20466008,FALSE,-1,N/A,,FALSE,20466008,FALSE,,FALSE,1324597,,1324597,0,TRUE,FALSE
C,A,19730101,1973,52,1973,36,AUS,Australia,M,Import,0,W00,World,0,W00,World,S1,S1,TRUE,5613,Potassic fertilizers and materials,4,FALSE,C00,TOTAL CPC,0,0,TOTAL MOT,8,kg,171335585,FALSE,-1,N/A,,FALSE,171335585,FALSE,,FALSE,,6626777,6626777,0,TRUE,FALSE
C,A,19730101,1973,52,1973,36,AUS,Australia,X,Export,0,W00,World,0,W00,World,S1,S1,TRUE,5613,Potassic fertilizers and materials,4,FALSE,C00,TOTAL CPC,0,0,TOTAL MOT,8,kg,606,FALSE,-1,N/A,,FALSE,606,FALSE,,FALSE,,2041,2041,0,TRUE,FALSE
C,A,19730101,1973,52,1973,52,BRB,Barbados,M,Import,0,W00,World,0,W00,World,S1,S1,TRUE,5613,Potassic fertilizers and materials,4,FALSE,C00,TOTAL CPC,0,0,TOTAL MOT,8,kg,81285,FALSE,-1,N/A,,FALSE,81285,FALSE,,FALSE,9866,,9866,0,TRUE,FALSE
C,A,19730101,1973,52,1973,58,BEL,Belgium-Luxembourg (...1998),M,Import,0,W00,World,0,W00,World,S1,S1,TRUE,5613,Potassic fertilizers and materials,4,FALSE,C00,TOTAL CPC,0,0,TOTAL MOT,8,kg,1014148992,FALSE,-1,N/A,,FALSE,1014148992,FALSE,,FALSE,47811656,,47811656,0,TRUE,FALSE
C,A,19730101,1973,52,1973,58,BEL,Belgium-Luxembourg (...1998),X,Export,0,W00,World,0,W00,World,S1,S1,TRUE,5613,Potassic fertilizers and materials,4,FALSE,C00,TOTAL CPC,0,0,TOTAL MOT,8,kg,528555968,FALSE,-1,N/A,,FALSE,528555968,FALSE,,FALSE,,27002976,27002976,0,TRUE,FALSE
C,A,19730101,1973,52,1973,76,BRA,Brazil,M,Import,0,W00,World,0,W00,World,S1,S1,TRUE,5613,Potassic fertilizers and materials,4,FALSE,C00,TOTAL CPC,0,0,TOTAL MOT,8,kg,878721344,FALSE,-1,N/A,,FALSE,878721344,FALSE,,FALSE,40867596,,40867596,0,TRUE,FALSE
C,A,19730101,1973,52,1973,76,BRA,Brazil,X,Export,0,W00,World,0,W00,World,S1,S1,TRUE,5613,Potassic fertilizers and materials,4,FALSE,C00,TOTAL CPC,0,0,TOTAL MOT,8,kg,239500,FALSE,-1,N/A,,FALSE,239500,FALSE,,FALSE,,17156,17156,0,TRUE,FALSE
C,A,19730101,1973,52,1973,96,BRN,Brunei Darussalam,M,Import,0,W00,World,0,W00,World,S1,S1,TRUE,5613,Potassic fertilizers and materials,4,FALSE,C00,TOTAL CPC,0,0,TOTAL MOT,8,kg,2548248,FALSE,-1,N/A,,FALSE,2548248,FALSE,,FALSE,320045,,320045,0,TRUE,FALSE
C,A,19730101,1973,52,1973,96,BRN,Brunei Darussalam,X,Export,0,W00,World,0,W00,World,S1,S1,TRUE,5613,Potassic fertilizers and materials,4,FALSE,C00,TOTAL CPC,0,0,TOTAL MOT,8,kg,0,FALSE,-1,N/A,,FALSE,,FALSE,,FALSE,,2,2,0,TRUE,FALSE
C,A,19730101,1973,52,1973,120,CMR,Cameroon,M,Import,0,W00,World,0,W00,World,S1,S1,TRUE,5613,Potassic fertilizers and materials,4,FALSE,C00,TOTAL CPC,0,0,TOTAL MOT,8,kg,6534385,FALSE,-1,N/A,,FALSE,6534385,FALSE,,FALSE,729734,,729734,0,TRUE,FALSE
C,A,19730101,1973,52,1973,120,CMR,Cameroon,X,Export,0,W00,World,0,W00,World,S1,S1,TRUE,5613,Potassic fertilizers and materials,4,FALSE,C00,TOTAL CPC,0,0,TOTAL MOT,8,kg,150500,FALSE,-1,N/A,,FALSE,150500,FALSE,,FALSE,,11112,11112,0,TRUE,FALSE
C,A,19730101,1973,52,1973,124,CAN,Canada,M,Import,0,W00,World,0,W00,World,S1,S1,TRUE,5613,Potassic fertilizers and materials,4,FALSE,C00,TOTAL CPC,0,0,TOTAL MOT,8,kg,67780000,FALSE,-1,N/A,,FALSE,67780000,FALSE,,FALSE,,2278541,2278541,0,TRUE,FALSE
C,A,19730101,1973,52,1973,124,CAN,Canada,X,Export,0,W00,World,0,W00,World,S1,S1,TRUE,5613,Potassic fertilizers and materials,4,FALSE,C00,TOTAL CPC,0,0,TOTAL MOT,8,kg,7129397248,FALSE,-1,N/A,,FALSE,7129397248,FALSE,,FALSE,,183906640,183906640,0,TRUE,FALSE
C,A,19730101,1973,52,1973,140,CAF,Central African Rep.,M,Import,0,W00,World,0,W00,World,S1,S1,TRUE,5613,Potassic fertilizers and materials,4,FALSE,C00,TOTAL CPC,0,0,TOTAL MOT,8,kg,492,FALSE,-1,N/A,,FALSE,492,FALSE,,FALSE,79,,79,0,TRUE,FALSE
C,A,19730101,1973,52,1973,148,TCD,Chad,M,Import,0,W00,World,0,W00,World,S1,S1,TRUE,5613,Potassic fertilizers and materials,4,FALSE,C00,TOTAL CPC,0,0,TOTAL MOT,8,kg,617961,FALSE,-1,N/A,,FALSE,617961,FALSE,,FALSE,153455,,153455,0,TRUE,FALSE
C,A,19730101,1973,52,1973,152,CHL,Chile,M,Import,0,W00,World,0,W00,World,S1,S1,TRUE,5613,Potassic fertilizers and materials,4,FALSE,C00,TOTAL CPC,0,0,TOTAL MOT,8,kg,39009012,FALSE,-1,N/A,,FALSE,39009012,FALSE,,FALSE,3235151,,3235151,0,TRUE,FALSE
C,A,19730101,1973,52,1973,170,COL,Colombia,M,Import,0,W00,World,0,W00,World,S1,S1,TRUE,5613,Potassic fertilizers and materials,4,FALSE,C00,TOTAL CPC,0,0,TOTAL MOT,8,kg,100682936,FALSE,-1,N/A,,FALSE,100682936,FALSE,,FALSE,5408158,,5408158,0,TRUE,FALSE
C,A,19730101,1973,52,1973,178,COG,Congo,M,Import,0,W00,World,0,W00,World,S1,S1,TRUE,5613,Potassic fertilizers and materials,4,FALSE,C00,TOTAL CPC,0,0,TOTAL MOT,8,kg,57875,FALSE,-1,N/A,,FALSE,57875,FALSE,,FALSE,5292,,5292,0,TRUE,FALSE
C,A,19730101,1973,52,1973,178,COG,Congo,X,Export,0,W00,World,0,W00,World,S1,S1,TRUE,5613,Potassic fertilizers and materials,4,FALSE,C00,TOTAL CPC,0,0,TOTAL MOT,8,kg,457462016,FALSE,-1,N/A,,FALSE,457462016,FALSE,,FALSE,,11522285,11522285,0,TRUE,FALSE
C,A,19730101,1973,52,1973,180,COD,Dem. Rep. of the Congo,M,Import,0,W00,World,0,W00,World,S1,S1,TRUE,5613,Potassic fertilizers and materials,4,FALSE,C00,TOTAL CPC,0,0,TOTAL MOT,8,kg,3214436,FALSE,-1,N/A,,FALSE,3214436,FALSE,,FALSE,425780,,425780,0,TRUE,FALSE
C,A,19730101,1973,52,1973,188,CRI,Costa Rica,M,Import,0,W00,World,0,W00,World,S1,S1,TRUE,5613,Potassic fertilizers and materials,4,FALSE,C00,TOTAL CPC,0,0,TOTAL MOT,8,kg,40768124,FALSE,-1,N/A,,FALSE,40768124,FALSE,,FALSE,2383252,,2383252,0,TRUE,FALSE
C,A,19730101,1973,52,1973,196,CYP,Cyprus,M,Import,0,W00,World,0,W00,World,S1,S1,TRUE,5613,Potassic fertilizers and materials,4,FALSE,C00,TOTAL CPC,0,0,TOTAL MOT,8,kg,624687,FALSE,-1,N/A,,FALSE,624687,FALSE,,FALSE,57427,,57427,0,TRUE,FALSE
C,A,19730101,1973,52,1973,204,BEN,Benin,M,Import,0,W00,World,0,W00,World,S1,S1,TRUE,5613,Potassic fertilizers and materials,4,FALSE,C00,TOTAL CPC,0,0,TOTAL MOT,8,kg,4940460,FALSE,-1,N/A,,FALSE,4940460,FALSE,,FALSE,679099,,679099,0,TRUE,FALSE
C,A,19730101,1973,52,1973,208,DNK,Denmark,M,Import,0,W00,World,0,W00,World,S1,S1,TRUE,5613,Potassic fertilizers and materials,4,FALSE,C00,TOTAL CPC,0,0,TOTAL MOT,8,kg,247702688,FALSE,-1,N/A,,FALSE,247702688,FALSE,,FALSE,12059588,,12059588,0,TRUE,FALSE
C,A,19730101,1973,52,1973,208,DNK,Denmark,X,Export,0,W00,World,0,W00,World,S1,S1,TRUE,5613,Potassic fertilizers and materials,4,FALSE,C00,TOTAL CPC,0,0,TOTAL MOT,8,kg,14257,FALSE,-1,N/A,,FALSE,14257,FALSE,,FALSE,,1672,1672,0,TRUE,FALSE
C,A,19730101,1973,52,1973,214,DOM,Dominican Rep.,M,Import,0,W00,World,0,W00,World,S1,S1,TRUE,5613,Potassic fertilizers and materials,4,FALSE,C00,TOTAL CPC,0,0,TOTAL MOT,8,kg,5789042,FALSE,-1,N/A,,FALSE,5789042,FALSE,,FALSE,,511675,511675,0,TRUE,FALSE
C,A,19730101,1973,52,1973,218,ECU,Ecuador,M,Import,0,W00,World,0,W00,World,S1,S1,TRUE,5613,Potassic fertilizers and materials,4,FALSE,C00,TOTAL CPC,0,0,TOTAL MOT,8,kg,1358171,FALSE,-1,N/A,,FALSE,1358171,FALSE,,FALSE,157088,,157088,0,TRUE,FALSE
C,A,19730101,1973,52,1973,222,SLV,El Salvador,M,Import,0,W00,World,0,W00,World,S1,S1,TRUE,5613,Potassic fertilizers and materials,4,FALSE,C00,TOTAL CPC,0,0,TOTAL MOT,8,kg,9928812,FALSE,-1,N/A,,FALSE,9928812,FALSE,,FALSE,506352,,506352,0,TRUE,FALSE
C,A,19730101,1973,52,1973,222,SLV,El Salvador,X,Export,0,W00,World,0,W00,World,S1,S1,TRUE,5613,Potassic fertilizers and materials,4,FALSE,C00,TOTAL CPC,0,0,TOTAL MOT,8,kg,47628,FALSE,-1,N/A,,FALSE,47628,FALSE,,FALSE,,4719,4719,0,TRUE,FALSE
C,A,19730101,1973,52,1973,242,FJI,Fiji,M,Import,0,W00,World,0,W00,World,S1,S1,TRUE,5613,Potassic fertilizers and materials,4,FALSE,C00,TOTAL CPC,0,0,TOTAL MOT,8,kg,614651,FALSE,-1,N/A,,FALSE,614651,FALSE,,FALSE,62900,,62900,0,TRUE,FALSE
C,A,19730101,1973,52,1973,242,FJI,Fiji,X,Export,0,W00,World,0,W00,World,S1,S1,TRUE,5613,Potassic fertilizers and materials,4,FALSE,C00,TOTAL CPC,0,0,TOTAL MOT,8,kg,9741859,FALSE,-1,N/A,,FALSE,9741859,FALSE,,FALSE,,2032,2032,0,TRUE,FALSE
C,A,19730101,1973,52,1973,246,FIN,Finland,M,Import,0,W00,World,0,W00,World,S1,S1,TRUE,5613,Potassic fertilizers and materials,4,FALSE,C00,TOTAL CPC,0,0,TOTAL MOT,8,kg,283471232,FALSE,-1,N/A,,FALSE,283471232,FALSE,,FALSE,13233973,,13233973,0,TRUE,FALSE
C,A,19730101,1973,52,1973,246,FIN,Finland,X,Export,0,W00,World,0,W00,World,S1,S1,TRUE,5613,Potassic fertilizers and materials,4,FALSE,C00,TOTAL CPC,0,0,TOTAL MOT,8,kg,199,FALSE,-1,N/A,,FALSE,199,FALSE,,FALSE,,141,141,0,TRUE,FALSE
C,A,19730101,1973,52,1973,251,FRA,France,M,Import,0,W00,World,0,W00,World,S1,S1,TRUE,5613,Potassic fertilizers and materials,4,FALSE,C00,TOTAL CPC,0,0,TOTAL MOT,8,kg,431836544,FALSE,-1,N/A,,FALSE,431836544,FALSE,,FALSE,21086592,,21086592,0,TRUE,FALSE
C,A,19730101,1973,52,1973,251,FRA,France,X,Export,0,W00,World,0,W00,World,S1,S1,TRUE,5613,Potassic fertilizers and materials,4,FALSE,C00,TOTAL CPC,0,0,TOTAL MOT,8,kg,699800064,FALSE,-1,N/A,,FALSE,699800064,FALSE,,FALSE,,31669252,31669252,0,TRUE,FALSE
C,A,19730101,1973,52,1973,258,PYF,French Polynesia,M,Import,0,W00,World,0,W00,World,S1,S1,TRUE,5613,Potassic fertilizers and materials,4,FALSE,C00,TOTAL CPC,0,0,TOTAL MOT,8,kg,394136,FALSE,-1,N/A,,FALSE,394136,FALSE,,FALSE,54125,,54125,0,TRUE,FALSE
C,A,19730101,1973,52,1973,280,DEU,Fed. Rep. of Germany (...1990),M,Import,0,W00,World,0,W00,World,S1,S1,TRUE,5613,Potassic fertilizers and materials,4,FALSE,C00,TOTAL CPC,0,0,TOTAL MOT,8,kg,82676472,FALSE,-1,N/A,,TRUE,82676472,FALSE,-1,TRUE,4201000,,4201000,0,FALSE,FALSE
C,A,19730101,1973,52,1973,280,DEU,Fed. Rep. of Germany (...1990),X,Export,0,W00,World,0,W00,World,S1,S1,TRUE,5613,Potassic fertilizers and materials,4,FALSE,C00,TOTAL CPC,0,0,TOTAL MOT,8,kg,2108093184,FALSE,-1,N/A,,TRUE,2108093184,FALSE,-1,TRUE,,96627000,96627000,0,FALSE,FALSE
C,A,19730101,1973,52,1973,288,GHA,Ghana,M,Import,0,W00,World,0,W00,World,S1,S1,TRUE,5613,Potassic fertilizers and materials,4,FALSE,C00,TOTAL CPC,0,0,TOTAL MOT,8,kg,1141937,FALSE,-1,N/A,,FALSE,1141937,FALSE,,FALSE,142872,,142872,0,TRUE,FALSE
C,A,19730101,1973,52,1973,300,GRC,Greece,M,Import,0,W00,World,0,W00,World,S1,S1,TRUE,5613,Potassic fertilizers and materials,4,FALSE,C00,TOTAL CPC,0,0,TOTAL MOT,8,kg,27048534,FALSE,-1,N/A,,FALSE,27048534,FALSE,,FALSE,1928508,,1928508,0,TRUE,FALSE
C,A,19730101,1973,52,1973,312,GLP,Guadeloupe (Overseas France),M,Import,0,W00,World,0,W00,World,S1,S1,TRUE,5613,Potassic fertilizers and materials,4,FALSE,C00,TOTAL CPC,0,0,TOTAL MOT,8,kg,19921,FALSE,-1,N/A,,FALSE,19921,FALSE,,FALSE,2205,,2205,0,TRUE,FALSE
C,A,19730101,1973,52,1973,320,GTM,Guatemala,M,Import,0,W00,World,0,W00,World,S1,S1,TRUE,5613,Potassic fertilizers and materials,4,FALSE,C00,TOTAL CPC,0,0,TOTAL MOT,8,kg,3983045,FALSE,-1,N/A,,FALSE,3983045,FALSE,,FALSE,193064,,193064,0,TRUE,FALSE
C,A,19730101,1973,52,1973,328,GUY,Guyana,M,Import,0,W00,World,0,W00,World,S1,S1,TRUE,5613,Potassic fertilizers and materials,4,FALSE,C00,TOTAL CPC,0,0,TOTAL MOT,8,kg,2676318,FALSE,-1,N/A,,FALSE,2676318,FALSE,,FALSE,264676,,264676,0,TRUE,FALSE
C,A,19730101,1973,52,1973,340,HND,Honduras,M,Import,0,W00,World,0,W00,World,S1,S1,TRUE,5613,Potassic fertilizers and materials,4,FALSE,C00,TOTAL CPC,0,0,TOTAL MOT,8,kg,619351,FALSE,-1,N/A,,FALSE,619351,FALSE,,FALSE,78190,,78190,0,TRUE,FALSE
C,A,19730101,1973,52,1973,344,HKG,"China, Hong Kong SAR",M,Import,0,W00,World,0,W00,World,S1,S1,TRUE,5613,Potassic fertilizers and materials,4,FALSE,C00,TOTAL CPC,0,0,TOTAL MOT,8,kg,15937,FALSE,-1,N/A,,FALSE,15937,FALSE,,FALSE,1931,,1931,0,TRUE,FALSE
C,A,19730101,1973,52,1973,344,HKG,"China, Hong Kong SAR",X,Export,0,W00,World,0,W00,World,S1,S1,TRUE,5613,Potassic fertilizers and materials,4,FALSE,C00,TOTAL CPC,0,0,TOTAL MOT,8,kg,710,FALSE,-1,N/A,,FALSE,710,FALSE,,FALSE,,307,307,0,TRUE,FALSE
C,A,19730101,1973,52,1973,352,ISL,Iceland,M,Import,0,W00,World,0,W00,World,S1,S1,TRUE,5613,Potassic fertilizers and materials,4,FALSE,C00,TOTAL CPC,0,0,TOTAL MOT,8,kg,7602816,FALSE,-1,N/A,,FALSE,7602816,FALSE,,FALSE,426773,,426773,0,TRUE,FALSE
C,A,19730101,1973,52,1973,356,IND,India (...1974),M,Import,0,W00,World,0,W00,World,S1,S1,TRUE,5613,Potassic fertilizers and materials,4,FALSE,C00,TOTAL CPC,0,0,TOTAL MOT,8,kg,462753984,FALSE,-1,N/A,,FALSE,462753984,FALSE,,FALSE,34576692,,34576692,0,TRUE,FALSE
C,A,19730101,1973,52,1973,356,IND,India (...1974),X,Export,0,W00,World,0,W00,World,S1,S1,TRUE,5613,Potassic fertilizers and materials,4,FALSE,C00,TOTAL CPC,0,0,TOTAL MOT,8,kg,110000,FALSE,-1,N/A,,FALSE,110000,FALSE,,FALSE,,15223,15223,0,TRUE,FALSE
C,A,19730101,1973,52,1973,360,IDN,Indonesia,M,Import,0,W00,World,0,W00,World,S1,S1,TRUE,5613,Potassic fertilizers and materials,4,FALSE,C00,TOTAL CPC,0,0,TOTAL MOT,8,kg,70827164,FALSE,-1,N/A,,FALSE,70827164,FALSE,,FALSE,5138476,,5138476,0,TRUE,FALSE
C,A,19730101,1973,52,1973,364,IRN,Iran,M,Import,0,W00,World,0,W00,World,S1,S1,TRUE,5613,Potassic fertilizers and materials,4,FALSE,C00,TOTAL CPC,0,0,TOTAL MOT,8,kg,48350,FALSE,-1,N/A,,FALSE,48350,FALSE,,FALSE,21824,,21824,0,TRUE,FALSE
C,A,19730101,1973,52,1973,364,IRN,Iran,X,Export,0,W00,World,0,W00,World,S1,S1,TRUE,5613,Potassic fertilizers and materials,4,FALSE,C00,TOTAL CPC,0,0,TOTAL MOT,8,kg,17500,FALSE,-1,N/A,,FALSE,17500,FALSE,,FALSE,,2041,2041,0,TRUE,FALSE
C,A,19730101,1973,52,1973,368,IRQ,Iraq,M,Import,0,W00,World,0,W00,World,S1,S1,TRUE,5613,Potassic fertilizers and materials,4,FALSE,C00,TOTAL CPC,0,0,TOTAL MOT,8,kg,3687,FALSE,-1,N/A,,FALSE,3687,FALSE,,FALSE,2266,,2266,0,TRUE,FALSE
C,A,19730101,1973,52,1973,372,IRL,Ireland,M,Import,0,W00,World,0,W00,World,S1,S1,TRUE,5613,Potassic fertilizers and materials,4,FALSE,C00,TOTAL CPC,0,0,TOTAL MOT,8,kg,426953984,FALSE,-1,N/A,,FALSE,426953984,FALSE,,FALSE,19196506,,19196506,0,TRUE,FALSE
C,A,19730101,1973,52,1973,372,IRL,Ireland,X,Export,0,W00,World,0,W00,World,S1,S1,TRUE,5613,Potassic fertilizers and materials,4,FALSE,C00,TOTAL CPC,0,0,TOTAL MOT,8,kg,19000,FALSE,-1,N/A,,FALSE,19000,FALSE,,FALSE,,1944,1944,0,TRUE,FALSE
C,A,19730101,1973,52,1973,376,ISR,Israel,M,Import,0,W00,World,0,W00,World,S1,S1,TRUE,5613,Potassic fertilizers and materials,4,FALSE,C00,TOTAL CPC,0,0,TOTAL MOT,-1,N/A,0,FALSE,-1,N/A,,FALSE,,FALSE,,FALSE,3611,,3611,0,TRUE,FALSE
C,A,19730101,1973,52,1973,376,ISR,Israel,X,Export,0,W00,World,0,W00,World,S1,S1,TRUE,5613,Potassic fertilizers and materials,4,FALSE,C00,TOTAL CPC,0,0,TOTAL MOT,-1,N/A,0,FALSE,-1,N/A,,FALSE,,FALSE,,FALSE,,135372,135372,0,TRUE,FALSE
C,A,19730101,1973,52,1973,380,ITA,Italy,M,Import,0,W00,World,0,W00,World,S1,S1,TRUE,5613,Potassic fertilizers and materials,4,FALSE,C00,TOTAL CPC,0,0,TOTAL MOT,8,kg,315173888,FALSE,-1,N/A,,TRUE,315173888,FALSE,-1,TRUE,16010182,,16010182,0,FALSE,FALSE
C,A,19730101,1973,52,1973,380,ITA,Italy,X,Export,0,W00,World,0,W00,World,S1,S1,TRUE,5613,Potassic fertilizers and materials,4,FALSE,C00,TOTAL CPC,0,0,TOTAL MOT,8,kg,26036568,FALSE,-1,N/A,,TRUE,26036568,FALSE,-1,TRUE,,1572553,1572553,0,FALSE,FALSE
C,A,19730101,1973,52,1973,384,CIV,CÙte d'Ivoire,M,Import,0,W00,World,0,W00,World,S1,S1,TRUE,5613,Potassic fertilizers and materials,4,FALSE,C00,TOTAL CPC,0,0,TOTAL MOT,8,kg,12299200,FALSE,-1,N/A,,FALSE,12299200,FALSE,,FALSE,860804,,860804,0,TRUE,FALSE
C,A,19730101,1973,52,1973,384,CIV,CÙte d'Ivoire,X,Export,0,W00,World,0,W00,World,S1,S1,TRUE,5613,Potassic fertilizers and materials,4,FALSE,C00,TOTAL CPC,0,0,TOTAL MOT,8,kg,302562,FALSE,-1,N/A,,FALSE,302562,FALSE,,FALSE,,40265,40265,0,TRUE,FALSE
C,A,19730101,1973,52,1973,388,JAM,Jamaica,M,Import,0,W00,World,0,W00,World,S1,S1,TRUE,5613,Potassic fertilizers and materials,4,FALSE,C00,TOTAL CPC,0,0,TOTAL MOT,8,kg,9461447,FALSE,-1,N/A,,FALSE,9461447,FALSE,,FALSE,604275,,604275,0,TRUE,FALSE
C,A,19730101,1973,52,1973,392,JPN,Japan,M,Import,0,W00,World,0,W00,World,S1,S1,TRUE,5613,Potassic fertilizers and materials,4,FALSE,C00,TOTAL CPC,0,0,TOTAL MOT,8,kg,1321756000,FALSE,-1,N/A,,FALSE,1321756000,FALSE,,FALSE,63609841,,63609841,0,TRUE,FALSE
C,A,19730101,1973,52,1973,392,JPN,Japan,X,Export,0,W00,World,0,W00,World,S1,S1,TRUE,5613,Potassic fertilizers and materials,4,FALSE,C00,TOTAL CPC,0,0,TOTAL MOT,8,kg,2371000,FALSE,-1,N/A,,FALSE,2371000,FALSE,,FALSE,,210670,210670,0,TRUE,FALSE
C,A,19730101,1973,52,1973,400,JOR,Jordan,M,Import,0,W00,World,0,W00,World,S1,S1,TRUE,5613,Potassic fertilizers and materials,4,FALSE,C00,TOTAL CPC,0,0,TOTAL MOT,8,kg,741562,FALSE,-1,N/A,,FALSE,741562,FALSE,,FALSE,104202,,104202,0,TRUE,FALSE
C,A,19730101,1973,52,1973,410,KOR,Rep. of Korea,M,Import,0,W00,World,0,W00,World,S1,S1,TRUE,5613,Potassic fertilizers and materials,4,FALSE,C00,TOTAL CPC,0,0,TOTAL MOT,8,kg,179983424,FALSE,-1,N/A,,FALSE,179983424,FALSE,,FALSE,9299136,,9299136,0,TRUE,FALSE
C,A,19730101,1973,52,1973,410,KOR,Rep. of Korea,X,Export,0,W00,World,0,W00,World,S1,S1,TRUE,5613,Potassic fertilizers and materials,4,FALSE,C00,TOTAL CPC,0,0,TOTAL MOT,8,kg,9,FALSE,-1,N/A,,FALSE,9,FALSE,,FALSE,,30,30,0,TRUE,FALSE
C,A,19730101,1973,52,1973,422,LBN,Lebanon,M,Import,0,W00,World,0,W00,World,S1,S1,TRUE,5613,Potassic fertilizers and materials,4,FALSE,C00,TOTAL CPC,0,0,TOTAL MOT,8,kg,1706062,FALSE,-1,N/A,,FALSE,1706062,FALSE,,FALSE,104203,,104203,0,TRUE,FALSE
C,A,19730101,1973,52,1973,422,LBN,Lebanon,X,Export,0,W00,World,0,W00,World,S1,S1,TRUE,5613,Potassic fertilizers and materials,4,FALSE,C00,TOTAL CPC,0,0,TOTAL MOT,8,kg,2000,FALSE,-1,N/A,,FALSE,2000,FALSE,,FALSE,,193,193,0,TRUE,FALSE
C,A,19730101,1973,52,1973,430,LBR,Liberia,M,Import,0,W00,World,0,W00,World,S1,S1,TRUE,5613,Potassic fertilizers and materials,4,FALSE,C00,TOTAL CPC,0,0,TOTAL MOT,8,kg,713022,FALSE,-1,N/A,,FALSE,713022,FALSE,,FALSE,60290,,60290,0,TRUE,FALSE
C,A,19730101,1973,52,1973,450,MDG,Madagascar,M,Import,0,W00,World,0,W00,World,S1,S1,TRUE,5613,Potassic fertilizers and materials,4,FALSE,C00,TOTAL CPC,0,0,TOTAL MOT,8,kg,3176687,FALSE,-1,N/A,,FALSE,3176687,FALSE,,FALSE,268315,,268315,0,TRUE,FALSE
C,A,19730101,1973,52,1973,450,MDG,Madagascar,X,Export,0,W00,World,0,W00,World,S1,S1,TRUE,5613,Potassic fertilizers and materials,4,FALSE,C00,TOTAL CPC,0,0,TOTAL MOT,8,kg,546,FALSE,-1,N/A,,FALSE,546,FALSE,,FALSE,,101,101,0,TRUE,FALSE
C,A,19730101,1973,52,1973,454,MWI,Malawi,M,Import,0,W00,World,0,W00,World,S1,S1,TRUE,5613,Potassic fertilizers and materials,4,FALSE,C00,TOTAL CPC,0,0,TOTAL MOT,8,kg,27214,FALSE,-1,N/A,,FALSE,27214,FALSE,,FALSE,1747,,1747,0,TRUE,FALSE
C,A,19730101,1973,52,1973,458,MYS,Malaysia,M,Import,0,W00,World,0,W00,World,S1,S1,TRUE,5613,Potassic fertilizers and materials,4,FALSE,C00,TOTAL CPC,0,0,TOTAL MOT,8,kg,150784112,FALSE,-1,N/A,,FALSE,150784112,FALSE,,FALSE,9525038,,9525038,0,TRUE,FALSE
C,A,19730101,1973,52,1973,458,MYS,Malaysia,X,Export,0,W00,World,0,W00,World,S1,S1,TRUE,5613,Potassic fertilizers and materials,4,FALSE,C00,TOTAL CPC,0,0,TOTAL MOT,8,kg,17812,FALSE,-1,N/A,,FALSE,17812,FALSE,,FALSE,,1332,1332,0,TRUE,FALSE
C,A,19730101,1973,52,1973,474,MTQ,Martinique (Overseas France),M,Import,0,W00,World,0,W00,World,S1,S1,TRUE,5613,Potassic fertilizers and materials,4,FALSE,C00,TOTAL CPC,0,0,TOTAL MOT,8,kg,1205745,FALSE,-1,N/A,,FALSE,1205745,FALSE,,FALSE,120479,,120479,0,TRUE,FALSE
C,A,19730101,1973,52,1973,480,MUS,Mauritius,M,Import,0,W00,World,0,W00,World,S1,S1,TRUE,5613,Potassic fertilizers and materials,4,FALSE,C00,TOTAL CPC,0,0,TOTAL MOT,8,kg,7888210,FALSE,-1,N/A,,FALSE,7888210,FALSE,,FALSE,588414,,588414,0,TRUE,FALSE
C,A,19730101,1973,52,1973,484,MEX,Mexico,M,Import,0,W00,World,0,W00,World,S1,S1,TRUE,5613,Potassic fertilizers and materials,4,FALSE,C00,TOTAL CPC,0,0,TOTAL MOT,8,kg,98235288,FALSE,-1,N/A,,FALSE,98235288,FALSE,,FALSE,3115114,,3115114,0,TRUE,FALSE
C,A,19730101,1973,52,1973,484,MEX,Mexico,X,Export,0,W00,World,0,W00,World,S1,S1,TRUE,5613,Potassic fertilizers and materials,4,FALSE,C00,TOTAL CPC,0,0,TOTAL MOT,8,kg,288782,FALSE,-1,N/A,,FALSE,288782,FALSE,,FALSE,,18885,18885,0,TRUE,FALSE
C,A,19730101,1973,52,1973,504,MAR,Morocco,M,Import,0,W00,World,0,W00,World,S1,S1,TRUE,5613,Potassic fertilizers and materials,4,FALSE,C00,TOTAL CPC,0,0,TOTAL MOT,8,kg,39361080,FALSE,-1,N/A,,FALSE,39361080,FALSE,,FALSE,2349772,,2349772,0,TRUE,FALSE
C,A,19730101,1973,52,1973,528,NLD,Netherlands,M,Import,0,W00,World,0,W00,World,S1,S1,TRUE,5613,Potassic fertilizers and materials,4,FALSE,C00,TOTAL CPC,0,0,TOTAL MOT,8,kg,403159072,FALSE,-1,N/A,,FALSE,403159072,FALSE,,FALSE,19295752,,19295752,0,TRUE,FALSE
C,A,19730101,1973,52,1973,528,NLD,Netherlands,X,Export,0,W00,World,0,W00,World,S1,S1,TRUE,5613,Potassic fertilizers and materials,4,FALSE,C00,TOTAL CPC,0,0,TOTAL MOT,8,kg,586092,FALSE,-1,N/A,,FALSE,586092,FALSE,,FALSE,,69828,69828,0,TRUE,FALSE
C,A,19730101,1973,52,1973,554,NZL,New Zealand,M,Import,0,W00,World,0,W00,World,S1,S1,TRUE,5613,Potassic fertilizers and materials,4,FALSE,C00,TOTAL CPC,0,0,TOTAL MOT,8,kg,312576704,FALSE,-1,N/A,,FALSE,312576704,FALSE,,FALSE,14572541,,14572541,0,TRUE,FALSE
C,A,19730101,1973,52,1973,554,NZL,New Zealand,X,Export,0,W00,World,0,W00,World,S1,S1,TRUE,5613,Potassic fertilizers and materials,4,FALSE,C00,TOTAL CPC,0,0,TOTAL MOT,8,kg,62987,FALSE,-1,N/A,,FALSE,62987,FALSE,,FALSE,,5743,5743,0,TRUE,FALSE
C,A,19730101,1973,52,1973,558,NIC,Nicaragua,M,Import,0,W00,World,0,W00,World,S1,S1,TRUE,5613,Potassic fertilizers and materials,4,FALSE,C00,TOTAL CPC,0,0,TOTAL MOT,8,kg,9472131,FALSE,-1,N/A,,FALSE,9472131,FALSE,,FALSE,613305,,613305,0,TRUE,FALSE
C,A,19730101,1973,52,1973,562,NER,Niger,M,Import,0,W00,World,0,W00,World,S1,S1,TRUE,5613,Potassic fertilizers and materials,4,FALSE,C00,TOTAL CPC,0,0,TOTAL MOT,8,kg,19601,FALSE,-1,N/A,,FALSE,19601,FALSE,,FALSE,3389,,3389,0,TRUE,FALSE
C,A,19730101,1973,52,1973,562,NER,Niger,X,Export,0,W00,World,0,W00,World,S1,S1,TRUE,5613,Potassic fertilizers and materials,4,FALSE,C00,TOTAL CPC,0,0,TOTAL MOT,8,kg,40,FALSE,-1,N/A,,FALSE,40,FALSE,,FALSE,,799,799,0,TRUE,FALSE
C,A,19730101,1973,52,1973,566,NGA,Nigeria,M,Import,0,W00,World,0,W00,World,S1,S1,TRUE,5613,Potassic fertilizers and materials,4,FALSE,C00,TOTAL CPC,0,0,TOTAL MOT,8,kg,10767000,FALSE,-1,N/A,,FALSE,10767000,FALSE,,FALSE,182859,,182859,0,TRUE,FALSE
C,A,19730101,1973,52,1973,579,NOR,Norway,M,Import,0,W00,World,0,W00,World,S1,S1,TRUE,5613,Potassic fertilizers and materials,4,FALSE,C00,TOTAL CPC,0,0,TOTAL MOT,8,kg,247936864,FALSE,-1,N/A,,FALSE,247936864,FALSE,,FALSE,13153346,,13153346,0,TRUE,FALSE
C,A,19730101,1973,52,1973,579,NOR,Norway,X,Export,0,W00,World,0,W00,World,S1,S1,TRUE,5613,Potassic fertilizers and materials,4,FALSE,C00,TOTAL CPC,0,0,TOTAL MOT,8,kg,11312,FALSE,-1,N/A,,FALSE,11312,FALSE,,FALSE,,726,726,0,TRUE,FALSE
C,A,19730101,1973,52,1973,586,PAK,Pakistan,M,Import,0,W00,World,0,W00,World,S1,S1,TRUE,5613,Potassic fertilizers and materials,4,FALSE,C00,TOTAL CPC,0,0,TOTAL MOT,-1,N/A,0,FALSE,-1,N/A,,FALSE,,FALSE,,FALSE,1326173,,1326173,0,TRUE,FALSE
C,A,19730101,1973,52,1973,590,PAN,"Panama, excl.Canal Zone (...1977)",M,Import,0,W00,World,0,W00,World,S1,S1,TRUE,5613,Potassic fertilizers and materials,4,FALSE,C00,TOTAL CPC,0,0,TOTAL MOT,8,kg,2569937,FALSE,-1,N/A,,FALSE,2569937,FALSE,,FALSE,369312,,369312,0,TRUE,FALSE
C,A,19730101,1973,52,1973,598,PNG,Papua New Guinea,M,Import,0,W00,World,0,W00,World,S1,S1,TRUE,5613,Potassic fertilizers and materials,4,FALSE,C00,TOTAL CPC,0,0,TOTAL MOT,8,kg,3470173,FALSE,-1,N/A,,FALSE,3470173,FALSE,,FALSE,173887,,173887,0,TRUE,FALSE
C,A,19730101,1973,52,1973,600,PRY,Paraguay,M,Import,0,W00,World,0,W00,World,S1,S1,TRUE,5613,Potassic fertilizers and materials,4,FALSE,C00,TOTAL CPC,0,0,TOTAL MOT,8,kg,1517375,FALSE,-1,N/A,,FALSE,1517375,FALSE,,FALSE,140227,,140227,0,TRUE,FALSE
C,A,19730101,1973,52,1973,604,PER,Peru,M,Import,0,W00,World,0,W00,World,S1,S1,TRUE,5613,Potassic fertilizers and materials,4,FALSE,C00,TOTAL CPC,0,0,TOTAL MOT,8,kg,9107468,FALSE,-1,N/A,,FALSE,9107468,FALSE,,FALSE,507145,,507145,0,TRUE,FALSE
C,A,19730101,1973,52,1973,608,PHL,Philippines,M,Import,0,W00,World,0,W00,World,S1,S1,TRUE,5613,Potassic fertilizers and materials,4,FALSE,C00,TOTAL CPC,0,0,TOTAL MOT,8,kg,84543424,FALSE,-1,N/A,,FALSE,84543424,FALSE,,FALSE,4470907,,4470907,0,TRUE,FALSE
C,A,19730101,1973,52,1973,620,PRT,Portugal,M,Import,0,W00,World,0,W00,World,S1,S1,TRUE,5613,Potassic fertilizers and materials,4,FALSE,C00,TOTAL CPC,0,0,TOTAL MOT,8,kg,41916080,FALSE,-1,N/A,,FALSE,41916080,FALSE,,FALSE,2130250,,2130250,0,TRUE,FALSE
C,A,19730101,1973,52,1973,620,PRT,Portugal,X,Export,0,W00,World,0,W00,World,S1,S1,TRUE,5613,Potassic fertilizers and materials,4,FALSE,C00,TOTAL CPC,0,0,TOTAL MOT,8,kg,1705592,FALSE,-1,N/A,,FALSE,1705592,FALSE,,FALSE,,169123,169123,0,TRUE,FALSE
C,A,19730101,1973,52,1973,638,REU,RÈunion (Overseas France),M,Import,0,W00,World,0,W00,World,S1,S1,TRUE,5613,Potassic fertilizers and materials,4,FALSE,C00,TOTAL CPC,0,0,TOTAL MOT,8,kg,104698,FALSE,-1,N/A,,TRUE,104698,FALSE,-1,TRUE,10470,,10470,0,FALSE,FALSE
C,A,19730101,1973,52,1973,662,LCA,Saint Lucia,M,Import,0,W00,World,0,W00,World,S1,S1,TRUE,5613,Potassic fertilizers and materials,4,FALSE,C00,TOTAL CPC,0,0,TOTAL MOT,8,kg,325226,FALSE,-1,N/A,,FALSE,325226,FALSE,,FALSE,30412,,30412,0,TRUE,FALSE
C,A,19730101,1973,52,1973,686,SEN,Senegal,M,Import,0,W00,World,0,W00,World,S1,S1,TRUE,5613,Potassic fertilizers and materials,4,FALSE,C00,TOTAL CPC,0,0,TOTAL MOT,8,kg,10492011,FALSE,-1,N/A,,FALSE,10492011,FALSE,,FALSE,635663,,635663,0,TRUE,FALSE
C,A,19730101,1973,52,1973,686,SEN,Senegal,X,Export,0,W00,World,0,W00,World,S1,S1,TRUE,5613,Potassic fertilizers and materials,4,FALSE,C00,TOTAL CPC,0,0,TOTAL MOT,8,kg,331000,FALSE,-1,N/A,,FALSE,331000,FALSE,,FALSE,,29378,29378,0,TRUE,FALSE
C,A,19730101,1973,52,1973,694,SLE,Sierra Leone,M,Import,0,W00,World,0,W00,World,S1,S1,TRUE,5613,Potassic fertilizers and materials,4,FALSE,C00,TOTAL CPC,0,0,TOTAL MOT,8,kg,439948,FALSE,-1,N/A,,FALSE,439948,FALSE,,FALSE,40352,,40352,0,TRUE,FALSE
C,A,19730101,1973,52,1973,702,SGP,Singapore,M,Import,0,W00,World,0,W00,World,S1,S1,TRUE,5613,Potassic fertilizers and materials,4,FALSE,C00,TOTAL CPC,0,0,TOTAL MOT,8,kg,145387040,FALSE,-1,N/A,,FALSE,145387040,FALSE,,FALSE,7634027,,7634027,0,TRUE,FALSE
C,A,19730101,1973,52,1973,702,SGP,Singapore,X,Export,0,W00,World,0,W00,World,S1,S1,TRUE,5613,Potassic fertilizers and materials,4,FALSE,C00,TOTAL CPC,0,0,TOTAL MOT,8,kg,125565504,FALSE,-1,N/A,,FALSE,125565504,FALSE,,FALSE,,8002381,8002381,0,TRUE,FALSE
C,A,19730101,1973,52,1973,724,ESP,Spain,M,Import,0,W00,World,0,W00,World,S1,S1,TRUE,5613,Potassic fertilizers and materials,4,FALSE,C00,TOTAL CPC,0,0,TOTAL MOT,8,kg,15842855,FALSE,-1,N/A,,FALSE,15842855,FALSE,,FALSE,1228745,,1228745,0,TRUE,FALSE
C,A,19730101,1973,52,1973,724,ESP,Spain,X,Export,0,W00,World,0,W00,World,S1,S1,TRUE,5613,Potassic fertilizers and materials,4,FALSE,C00,TOTAL CPC,0,0,TOTAL MOT,8,kg,310383648,FALSE,-1,N/A,,FALSE,310383648,FALSE,,FALSE,,12540323,12540323,0,TRUE,FALSE
C,A,19730101,1973,52,1973,740,SUR,Suriname,M,Import,0,W00,World,0,W00,World,S1,S1,TRUE,5613,Potassic fertilizers and materials,4,FALSE,C00,TOTAL CPC,0,0,TOTAL MOT,8,kg,620187,FALSE,-1,N/A,,FALSE,620187,FALSE,,FALSE,61284,,61284,0,TRUE,FALSE
C,A,19730101,1973,52,1973,752,SWE,Sweden,M,Import,0,W00,World,0,W00,World,S1,S1,TRUE,5613,Potassic fertilizers and materials,4,FALSE,C00,TOTAL CPC,0,0,TOTAL MOT,-1,N/A,0,FALSE,-1,N/A,,FALSE,,FALSE,,FALSE,10297355,,10297355,0,TRUE,FALSE
C,A,19730101,1973,52,1973,757,CHE,Switzerland,M,Import,0,W00,World,0,W00,World,S1,S1,TRUE,5613,Potassic fertilizers and materials,4,FALSE,C00,TOTAL CPC,0,0,TOTAL MOT,8,kg,15819201,FALSE,-1,N/A,,FALSE,15819201,FALSE,,FALSE,928933,,928933,0,TRUE,FALSE
C,A,19730101,1973,52,1973,757,CHE,Switzerland,X,Export,0,W00,World,0,W00,World,S1,S1,TRUE,5613,Potassic fertilizers and materials,4,FALSE,C00,TOTAL CPC,0,0,TOTAL MOT,8,kg,245,FALSE,-1,N/A,,FALSE,245,FALSE,,FALSE,,227,227,0,TRUE,FALSE
C,A,19730101,1973,52,1973,764,THA,Thailand,M,Import,0,W00,World,0,W00,World,S1,S1,TRUE,5613,Potassic fertilizers and materials,4,FALSE,C00,TOTAL CPC,0,0,TOTAL MOT,8,kg,5709437,FALSE,-1,N/A,,FALSE,5709437,FALSE,,FALSE,571698,,571698,0,TRUE,FALSE
C,A,19730101,1973,52,1973,768,TGO,Togo,M,Import,0,W00,World,0,W00,World,S1,S1,TRUE,5613,Potassic fertilizers and materials,4,FALSE,C00,TOTAL CPC,0,0,TOTAL MOT,8,kg,162190,FALSE,-1,N/A,,FALSE,162190,FALSE,,FALSE,16640,,16640,0,TRUE,FALSE
C,A,19730101,1973,52,1973,780,TTO,Trinidad and Tobago,M,Import,0,W00,World,0,W00,World,S1,S1,TRUE,5613,Potassic fertilizers and materials,4,FALSE,C00,TOTAL CPC,0,0,TOTAL MOT,8,kg,4812975,FALSE,-1,N/A,,FALSE,4812975,FALSE,,FALSE,449031,,449031,0,TRUE,FALSE
C,A,19730101,1973,52,1973,780,TTO,Trinidad and Tobago,X,Export,0,W00,World,0,W00,World,S1,S1,TRUE,5613,Potassic fertilizers and materials,4,FALSE,C00,TOTAL CPC,0,0,TOTAL MOT,-1,N/A,0,FALSE,-1,N/A,,FALSE,,FALSE,,FALSE,,50,50,0,TRUE,FALSE
C,A,19730101,1973,52,1973,788,TUN,Tunisia,M,Import,0,W00,World,0,W00,World,S1,S1,TRUE,5613,Potassic fertilizers and materials,4,FALSE,C00,TOTAL CPC,0,0,TOTAL MOT,8,kg,7298533,FALSE,-1,N/A,,FALSE,7298533,FALSE,,FALSE,663547,,663547,0,TRUE,FALSE
C,A,19730101,1973,52,1973,792,TUR,TÅEkiye,M,Import,0,W00,World,0,W00,World,S1,S1,TRUE,5613,Potassic fertilizers and materials,4,FALSE,C00,TOTAL CPC,0,0,TOTAL MOT,8,kg,77696,FALSE,-1,N/A,,FALSE,77696,FALSE,,FALSE,7219,,7219,0,TRUE,FALSE
C,A,19730101,1973,52,1973,826,GBR,United Kingdom,M,Import,0,W00,World,0,W00,World,S1,S1,TRUE,5613,Potassic fertilizers and materials,4,FALSE,C00,TOTAL CPC,0,0,TOTAL MOT,8,kg,801961984,FALSE,-1,N/A,,FALSE,801961984,FALSE,,FALSE,43712764,,43712764,0,TRUE,FALSE
C,A,19730101,1973,52,1973,826,GBR,United Kingdom,X,Export,0,W00,World,0,W00,World,S1,S1,TRUE,5613,Potassic fertilizers and materials,4,FALSE,C00,TOTAL CPC,0,0,TOTAL MOT,8,kg,1832000,FALSE,-1,N/A,,FALSE,1832000,FALSE,,FALSE,,252391,252391,0,TRUE,FALSE
C,A,19730101,1973,52,1973,841,USA,USA and Puerto Rico (...1980),M,Import,0,W00,World,0,W00,World,S1,S1,TRUE,5613,Potassic fertilizers and materials,4,FALSE,C00,TOTAL CPC,0,0,TOTAL MOT,8,kg,5409453821,FALSE,-1,N/A,,FALSE,5409453821,FALSE,,FALSE,,140632986,140632986,0,TRUE,FALSE
C,A,19730101,1973,52,1973,841,USA,USA and Puerto Rico (...1980),X,Export,0,W00,World,0,W00,World,S1,S1,TRUE,5613,Potassic fertilizers and materials,4,FALSE,C00,TOTAL CPC,0,0,TOTAL MOT,8,kg,1434633200,FALSE,-1,N/A,,FALSE,1434633200,FALSE,,FALSE,,58148302,58148302,0,TRUE,FALSE
C,A,19730101,1973,52,1973,854,BFA,Burkina Faso,M,Import,0,W00,World,0,W00,World,S1,S1,TRUE,5613,Potassic fertilizers and materials,4,FALSE,C00,TOTAL CPC,0,0,TOTAL MOT,8,kg,399744,FALSE,-1,N/A,,FALSE,399744,FALSE,,FALSE,54271,,54271,0,TRUE,FALSE
C,A,19730101,1973,52,1973,862,VEN,Venezuela,M,Import,0,W00,World,0,W00,World,S1,S1,TRUE,5613,Potassic fertilizers and materials,4,FALSE,C00,TOTAL CPC,0,0,TOTAL MOT,8,kg,62,FALSE,-1,N/A,,FALSE,62,FALSE,,FALSE,,89,89,0,TRUE,FALSE
C,A,19730101,1973,52,1973,868,VNM,Rep. of Vietnam (...1974),M,Import,0,W00,World,0,W00,World,S1,S1,TRUE,5613,Potassic fertilizers and materials,4,FALSE,C00,TOTAL CPC,0,0,TOTAL MOT,8,kg,9223179,FALSE,-1,N/A,,FALSE,9223179,FALSE,,FALSE,700824,,700824,0,TRUE,FALSE
C,A,19730101,1973,52,1973,890,YUG,Yugoslavia (...1991),M,Import,0,W00,World,0,W00,World,S1,S1,TRUE,5613,Potassic fertilizers and materials,4,FALSE,C00,TOTAL CPC,0,0,TOTAL MOT,8,kg,331222176,FALSE,-1,N/A,,FALSE,331222176,FALSE,,FALSE,14624375,,14624375,0,TRUE,FALSE
C,A,19730101,1973,52,1973,894,ZMB,Zambia,M,Import,0,W00,World,0,W00,World,S1,S1,TRUE,5613,Potassic fertilizers and materials,4,FALSE,C00,TOTAL CPC,0,0,TOTAL MOT,8,kg,979014,FALSE,-1,N/A,,FALSE,979014,FALSE,,FALSE,,140871,140871,0,TRUE,FALSE
C,A,19740101,1974,52,1974,12,DZA,Algeria,M,Import,0,W00,World,0,W00,World,S1,S1,TRUE,5613,Potassic fertilizers and materials,4,FALSE,C00,TOTAL CPC,0,0,TOTAL MOT,8,kg,70783000,FALSE,-1,N/A,,FALSE,70783000,FALSE,,FALSE,5602295,,5602295,0,TRUE,FALSE
C,A,19740101,1974,52,1974,24,AGO,Angola,M,Import,0,W00,World,0,W00,World,S1,S1,TRUE,5613,Potassic fertilizers and materials,4,FALSE,C00,TOTAL CPC,0,0,TOTAL MOT,8,kg,4323799,FALSE,-1,N/A,,FALSE,4323799,FALSE,,FALSE,631381,,631381,0,TRUE,FALSE
C,A,19740101,1974,52,1974,32,ARG,Argentina,M,Import,0,W00,World,0,W00,World,S1,S1,TRUE,5613,Potassic fertilizers and materials,4,FALSE,C00,TOTAL CPC,0,0,TOTAL MOT,8,kg,15746800,FALSE,-1,N/A,,FALSE,15746800,FALSE,,FALSE,1906511,,1906511,0,TRUE,FALSE
C,A,19740101,1974,52,1974,36,AUS,Australia,M,Import,0,W00,World,0,W00,World,S1,S1,TRUE,5613,Potassic fertilizers and materials,4,FALSE,C00,TOTAL CPC,0,0,TOTAL MOT,8,kg,186603041,FALSE,-1,N/A,,FALSE,186603041,FALSE,,FALSE,,9178075,9178075,0,TRUE,FALSE
C,A,19740101,1974,52,1974,36,AUS,Australia,X,Export,0,W00,World,0,W00,World,S1,S1,TRUE,5613,Potassic fertilizers and materials,4,FALSE,C00,TOTAL CPC,0,0,TOTAL MOT,8,kg,75562,FALSE,-1,N/A,,FALSE,75562,FALSE,,FALSE,,12713,12713,0,TRUE,FALSE
C,A,19740101,1974,52,1974,52,BRB,Barbados,M,Import,0,W00,World,0,W00,World,S1,S1,TRUE,5613,Potassic fertilizers and materials,4,FALSE,C00,TOTAL CPC,0,0,TOTAL MOT,8,kg,711229,FALSE,-1,N/A,,FALSE,711229,FALSE,,FALSE,110527,,110527,0,TRUE,FALSE
C,A,19740101,1974,52,1974,58,BEL,Belgium-Luxembourg (...1998),M,Import,0,W00,World,0,W00,World,S1,S1,TRUE,5613,Potassic fertilizers and materials,4,FALSE,C00,TOTAL CPC,0,0,TOTAL MOT,8,kg,1101245312,FALSE,-1,N/A,,FALSE,1101245312,FALSE,,FALSE,63408008,,63408008,0,TRUE,FALSE
C,A,19740101,1974,52,1974,58,BEL,Belgium-Luxembourg (...1998),X,Export,0,W00,World,0,W00,World,S1,S1,TRUE,5613,Potassic fertilizers and materials,4,FALSE,C00,TOTAL CPC,0,0,TOTAL MOT,8,kg,581022656,FALSE,-1,N/A,,FALSE,581022656,FALSE,,FALSE,,37927104,37927104,0,TRUE,FALSE
C,A,19740101,1974,52,1974,60,BMU,Bermuda,M,Import,0,W00,World,0,W00,World,S1,S1,TRUE,5613,Potassic fertilizers and materials,4,FALSE,C00,TOTAL CPC,0,0,TOTAL MOT,8,kg,816,FALSE,-1,N/A,,FALSE,816,FALSE,,FALSE,2575,,2575,0,TRUE,FALSE
C,A,19740101,1974,52,1974,68,BOL,Bolivia (Plurinational State of),M,Import,0,W00,World,0,W00,World,S1,S1,TRUE,5613,Potassic fertilizers and materials,4,FALSE,C00,TOTAL CPC,0,0,TOTAL MOT,8,kg,53987,FALSE,-1,N/A,,FALSE,53987,FALSE,,FALSE,14916,,14916,0,TRUE,FALSE
C,A,19740101,1974,52,1974,76,BRA,Brazil,M,Import,0,W00,World,0,W00,World,S1,S1,TRUE,5613,Potassic fertilizers and materials,4,FALSE,C00,TOTAL CPC,0,0,TOTAL MOT,8,kg,1031440768,FALSE,-1,N/A,,FALSE,1031440768,FALSE,,FALSE,71657128,,71657128,0,TRUE,FALSE
C,A,19740101,1974,52,1974,96,BRN,Brunei Darussalam,M,Import,0,W00,World,0,W00,World,S1,S1,TRUE,5613,Potassic fertilizers and materials,4,FALSE,C00,TOTAL CPC,0,0,TOTAL MOT,8,kg,3403749,FALSE,-1,N/A,,FALSE,3403749,FALSE,,FALSE,658121,,658121,0,TRUE,FALSE
C,A,19740101,1974,52,1974,120,CMR,Cameroon,M,Import,0,W00,World,0,W00,World,S1,S1,TRUE,5613,Potassic fertilizers and materials,4,FALSE,C00,TOTAL CPC,0,0,TOTAL MOT,8,kg,9175783,FALSE,-1,N/A,,FALSE,9175783,FALSE,,FALSE,1516922,,1516922,0,TRUE,FALSE
C,A,19740101,1974,52,1974,120,CMR,Cameroon,X,Export,0,W00,World,0,W00,World,S1,S1,TRUE,5613,Potassic fertilizers and materials,4,FALSE,C00,TOTAL CPC,0,0,TOTAL MOT,8,kg,10937,FALSE,-1,N/A,,FALSE,10937,FALSE,,FALSE,,2298,2298,0,TRUE,FALSE
C,A,19740101,1974,52,1974,124,CAN,Canada,M,Import,0,W00,World,0,W00,World,S1,S1,TRUE,5613,Potassic fertilizers and materials,4,FALSE,C00,TOTAL CPC,0,0,TOTAL MOT,8,kg,74081000,FALSE,-1,N/A,,FALSE,74081000,FALSE,,FALSE,,3189913,3189913,0,TRUE,FALSE
C,A,19740101,1974,52,1974,124,CAN,Canada,X,Export,0,W00,World,0,W00,World,S1,S1,TRUE,5613,Potassic fertilizers and materials,4,FALSE,C00,TOTAL CPC,0,0,TOTAL MOT,8,kg,9044149248,FALSE,-1,N/A,,FALSE,9044149248,FALSE,,FALSE,,281964448,281964448,0,TRUE,FALSE
C,A,19740101,1974,52,1974,140,CAF,Central African Rep.,M,Import,0,W00,World,0,W00,World,S1,S1,TRUE,5613,Potassic fertilizers and materials,4,FALSE,C00,TOTAL CPC,0,0,TOTAL MOT,8,kg,3473250,FALSE,-1,N/A,,FALSE,3473250,FALSE,,FALSE,725779,,725779,0,TRUE,FALSE
C,A,19740101,1974,52,1974,144,LKA,Sri Lanka,M,Import,0,W00,World,0,W00,World,S1,S1,TRUE,5613,Potassic fertilizers and materials,4,FALSE,C00,TOTAL CPC,0,0,TOTAL MOT,-1,N/A,0,FALSE,-1,N/A,,FALSE,,FALSE,,FALSE,3474180,,3474180,0,TRUE,FALSE
C,A,19740101,1974,52,1974,144,LKA,Sri Lanka,X,Export,0,W00,World,0,W00,World,S1,S1,TRUE,5613,Potassic fertilizers and materials,4,FALSE,C00,TOTAL CPC,0,0,TOTAL MOT,8,kg,1125,FALSE,-1,N/A,,FALSE,1125,FALSE,,FALSE,,136,136,0,TRUE,FALSE
C,A,19740101,1974,52,1974,148,TCD,Chad,M,Import,0,W00,World,0,W00,World,S1,S1,TRUE,5613,Potassic fertilizers and materials,4,FALSE,C00,TOTAL CPC,0,0,TOTAL MOT,8,kg,5272507,FALSE,-1,N/A,,FALSE,5272507,FALSE,,FALSE,1455551,,1455551,0,TRUE,FALSE
C,A,19740101,1974,52,1974,152,CHL,Chile,M,Import,0,W00,World,0,W00,World,S1,S1,TRUE,5613,Potassic fertilizers and materials,4,FALSE,C00,TOTAL CPC,0,0,TOTAL MOT,8,kg,73490064,FALSE,-1,N/A,,FALSE,73490064,FALSE,,FALSE,9339436,,9339436,0,TRUE,FALSE
C,A,19740101,1974,52,1974,170,COL,Colombia,M,Import,0,W00,World,0,W00,World,S1,S1,TRUE,5613,Potassic fertilizers and materials,4,FALSE,C00,TOTAL CPC,0,0,TOTAL MOT,8,kg,83979456,FALSE,-1,N/A,,FALSE,83979456,FALSE,,FALSE,7301624,,7301624,0,TRUE,FALSE
C,A,19740101,1974,52,1974,178,COG,Congo,X,Export,0,W00,World,0,W00,World,S1,S1,TRUE,5613,Potassic fertilizers and materials,4,FALSE,C00,TOTAL CPC,0,0,TOTAL MOT,8,kg,405729984,FALSE,-1,N/A,,FALSE,405729984,FALSE,,FALSE,,9309684,9309684,0,TRUE,FALSE
C,A,19740101,1974,52,1974,180,COD,Dem. Rep. of the Congo,M,Import,0,W00,World,0,W00,World,S1,S1,TRUE,5613,Potassic fertilizers and materials,4,FALSE,C00,TOTAL CPC,0,0,TOTAL MOT,8,kg,2261630,FALSE,-1,N/A,,FALSE,2261630,FALSE,,FALSE,261857,,261857,0,TRUE,FALSE
C,A,19740101,1974,52,1974,188,CRI,Costa Rica,M,Import,0,W00,World,0,W00,World,S1,S1,TRUE,5613,Potassic fertilizers and materials,4,FALSE,C00,TOTAL CPC,0,0,TOTAL MOT,8,kg,45751900,FALSE,-1,N/A,,FALSE,45751900,FALSE,,FALSE,4888850,,4888850,0,TRUE,FALSE
C,A,19740101,1974,52,1974,196,CYP,Cyprus,M,Import,0,W00,World,0,W00,World,S1,S1,TRUE,5613,Potassic fertilizers and materials,4,FALSE,C00,TOTAL CPC,0,0,TOTAL MOT,8,kg,1199187,FALSE,-1,N/A,,FALSE,1199187,FALSE,,FALSE,187514,,187514,0,TRUE,FALSE
C,A,19740101,1974,52,1974,204,BEN,Benin,M,Import,0,W00,World,0,W00,World,S1,S1,TRUE,5613,Potassic fertilizers and materials,4,FALSE,C00,TOTAL CPC,0,0,TOTAL MOT,8,kg,2069085,FALSE,-1,N/A,,FALSE,2069085,FALSE,,FALSE,508797,,508797,0,TRUE,FALSE
C,A,19740101,1974,52,1974,204,BEN,Benin,X,Export,0,W00,World,0,W00,World,S1,S1,TRUE,5613,Potassic fertilizers and materials,4,FALSE,C00,TOTAL CPC,0,0,TOTAL MOT,8,kg,1000,FALSE,-1,N/A,,FALSE,1000,FALSE,,FALSE,,187,187,0,TRUE,FALSE
C,A,19740101,1974,52,1974,208,DNK,Denmark,M,Import,0,W00,World,0,W00,World,S1,S1,TRUE,5613,Potassic fertilizers and materials,4,FALSE,C00,TOTAL CPC,0,0,TOTAL MOT,8,kg,247285696,FALSE,-1,N/A,,FALSE,247285696,FALSE,,FALSE,12998732,,12998732,0,TRUE,FALSE
C,A,19740101,1974,52,1974,208,DNK,Denmark,X,Export,0,W00,World,0,W00,World,S1,S1,TRUE,5613,Potassic fertilizers and materials,4,FALSE,C00,TOTAL CPC,0,0,TOTAL MOT,8,kg,100437,FALSE,-1,N/A,,FALSE,100437,FALSE,,FALSE,,8774,8774,0,TRUE,FALSE
C,A,19740101,1974,52,1974,214,DOM,Dominican Rep.,M,Import,0,W00,World,0,W00,World,S1,S1,TRUE,5613,Potassic fertilizers and materials,4,FALSE,C00,TOTAL CPC,0,0,TOTAL MOT,8,kg,32199556,FALSE,-1,N/A,,FALSE,32199556,FALSE,,FALSE,,4079145,4079145,0,TRUE,FALSE
C,A,19740101,1974,52,1974,218,ECU,Ecuador,M,Import,0,W00,World,0,W00,World,S1,S1,TRUE,5613,Potassic fertilizers and materials,4,FALSE,C00,TOTAL CPC,0,0,TOTAL MOT,8,kg,4360920,FALSE,-1,N/A,,FALSE,4360920,FALSE,,FALSE,485292,,485292,0,TRUE,FALSE
C,A,19740101,1974,52,1974,222,SLV,El Salvador,M,Import,0,W00,World,0,W00,World,S1,S1,TRUE,5613,Potassic fertilizers and materials,4,FALSE,C00,TOTAL CPC,0,0,TOTAL MOT,8,kg,11740869,FALSE,-1,N/A,,FALSE,11740869,FALSE,,FALSE,990063,,990063,0,TRUE,FALSE
C,A,19740101,1974,52,1974,222,SLV,El Salvador,X,Export,0,W00,World,0,W00,World,S1,S1,TRUE,5613,Potassic fertilizers and materials,4,FALSE,C00,TOTAL CPC,0,0,TOTAL MOT,8,kg,11437,FALSE,-1,N/A,,FALSE,11437,FALSE,,FALSE,,2161,2161,0,TRUE,FALSE
C,A,19740101,1974,52,1974,230,ETH,Ethiopia (...1992),M,Import,0,W00,World,0,W00,World,S1,S1,TRUE,5613,Potassic fertilizers and materials,4,FALSE,C00,TOTAL CPC,0,0,TOTAL MOT,8,kg,8,FALSE,-1,N/A,,FALSE,8,FALSE,,FALSE,19,,19,0,TRUE,FALSE
C,A,19740101,1974,52,1974,242,FJI,Fiji,M,Import,0,W00,World,0,W00,World,S1,S1,TRUE,5613,Potassic fertilizers and materials,4,FALSE,C00,TOTAL CPC,0,0,TOTAL MOT,8,kg,4216846,FALSE,-1,N/A,,FALSE,4216846,FALSE,,FALSE,720383,,720383,0,TRUE,FALSE
C,A,19740101,1974,52,1974,242,FJI,Fiji,X,Export,0,W00,World,0,W00,World,S1,S1,TRUE,5613,Potassic fertilizers and materials,4,FALSE,C00,TOTAL CPC,0,0,TOTAL MOT,8,kg,22351,FALSE,-1,N/A,,FALSE,22351,FALSE,,FALSE,,4394,4394,0,TRUE,FALSE
C,A,19740101,1974,52,1974,246,FIN,Finland,M,Import,0,W00,World,0,W00,World,S1,S1,TRUE,5613,Potassic fertilizers and materials,4,FALSE,C00,TOTAL CPC,0,0,TOTAL MOT,8,kg,286396000,FALSE,-1,N/A,,FALSE,286396000,FALSE,,FALSE,17722656,,17722656,0,TRUE,FALSE
C,A,19740101,1974,52,1974,246,FIN,Finland,X,Export,0,W00,World,0,W00,World,S1,S1,TRUE,5613,Potassic fertilizers and materials,4,FALSE,C00,TOTAL CPC,0,0,TOTAL MOT,8,kg,14232375,FALSE,-1,N/A,,FALSE,14232375,FALSE,,FALSE,,1289890,1289890,0,TRUE,FALSE
C,A,19740101,1974,52,1974,251,FRA,France,M,Import,0,W00,World,0,W00,World,S1,S1,TRUE,5613,Potassic fertilizers and materials,4,FALSE,C00,TOTAL CPC,0,0,TOTAL MOT,8,kg,377685696,FALSE,-1,N/A,,FALSE,377685696,FALSE,,FALSE,23920862,,23920862,0,TRUE,FALSE
C,A,19740101,1974,52,1974,251,FRA,France,X,Export,0,W00,World,0,W00,World,S1,S1,TRUE,5613,Potassic fertilizers and materials,4,FALSE,C00,TOTAL CPC,0,0,TOTAL MOT,8,kg,788769728,FALSE,-1,N/A,,FALSE,788769728,FALSE,,FALSE,,44858456,44858456,0,TRUE,FALSE
C,A,19740101,1974,52,1974,258,PYF,French Polynesia,M,Import,0,W00,World,0,W00,World,S1,S1,TRUE,5613,Potassic fertilizers and materials,4,FALSE,C00,TOTAL CPC,0,0,TOTAL MOT,8,kg,517710,FALSE,-1,N/A,,FALSE,517710,FALSE,,FALSE,91707,,91707,0,TRUE,FALSE
C,A,19740101,1974,52,1974,258,PYF,French Polynesia,X,Export,0,W00,World,0,W00,World,S1,S1,TRUE,5613,Potassic fertilizers and materials,4,FALSE,C00,TOTAL CPC,0,0,TOTAL MOT,8,kg,500,FALSE,-1,N/A,,FALSE,500,FALSE,,FALSE,,172,172,0,TRUE,FALSE
C,A,19740101,1974,52,1974,280,DEU,Fed. Rep. of Germany (...1990),M,Import,0,W00,World,0,W00,World,S1,S1,TRUE,5613,Potassic fertilizers and materials,4,FALSE,C00,TOTAL CPC,0,0,TOTAL MOT,8,kg,84281224,FALSE,-1,N/A,,TRUE,84281224,FALSE,-1,TRUE,4799000,,4799000,0,FALSE,FALSE
C,A,19740101,1974,52,1974,280,DEU,Fed. Rep. of Germany (...1990),X,Export,0,W00,World,0,W00,World,S1,S1,TRUE,5613,Potassic fertilizers and materials,4,FALSE,C00,TOTAL CPC,0,0,TOTAL MOT,8,kg,2228314112,FALSE,-1,N/A,,TRUE,2228314112,FALSE,-1,TRUE,,126494000,126494000,0,FALSE,FALSE
C,A,19740101,1974,52,1974,288,GHA,Ghana,M,Import,0,W00,World,0,W00,World,S1,S1,TRUE,5613,Potassic fertilizers and materials,4,FALSE,C00,TOTAL CPC,0,0,TOTAL MOT,8,kg,2709500,FALSE,-1,N/A,,FALSE,2709500,FALSE,,FALSE,128970,,128970,0,TRUE,FALSE
C,A,19740101,1974,52,1974,300,GRC,Greece,M,Import,0,W00,World,0,W00,World,S1,S1,TRUE,5613,Potassic fertilizers and materials,4,FALSE,C00,TOTAL CPC,0,0,TOTAL MOT,8,kg,11069679,FALSE,-1,N/A,,FALSE,11069679,FALSE,,FALSE,1101216,,1101216,0,TRUE,FALSE
C,A,19740101,1974,52,1974,312,GLP,Guadeloupe (Overseas France),M,Import,0,W00,World,0,W00,World,S1,S1,TRUE,5613,Potassic fertilizers and materials,4,FALSE,C00,TOTAL CPC,0,0,TOTAL MOT,8,kg,29878,FALSE,-1,N/A,,FALSE,29878,FALSE,,FALSE,5338,,5338,0,TRUE,FALSE
C,A,19740101,1974,52,1974,320,GTM,Guatemala,M,Import,0,W00,World,0,W00,World,S1,S1,TRUE,5613,Potassic fertilizers and materials,4,FALSE,C00,TOTAL CPC,0,0,TOTAL MOT,8,kg,3094463,FALSE,-1,N/A,,FALSE,3094463,FALSE,,FALSE,289382,,289382,0,TRUE,FALSE
C,A,19740101,1974,52,1974,320,GTM,Guatemala,X,Export,0,W00,World,0,W00,World,S1,S1,TRUE,5613,Potassic fertilizers and materials,4,FALSE,C00,TOTAL CPC,0,0,TOTAL MOT,8,kg,7812,FALSE,-1,N/A,,FALSE,7812,FALSE,,FALSE,,1406,1406,0,TRUE,FALSE
C,A,19740101,1974,52,1974,328,GUY,Guyana,M,Import,0,W00,World,0,W00,World,S1,S1,TRUE,5613,Potassic fertilizers and materials,4,FALSE,C00,TOTAL CPC,0,0,TOTAL MOT,8,kg,5220478,FALSE,-1,N/A,,FALSE,5220478,FALSE,,FALSE,621850,,621850,0,TRUE,FALSE
C,A,19740101,1974,52,1974,340,HND,Honduras,M,Import,0,W00,World,0,W00,World,S1,S1,TRUE,5613,Potassic fertilizers and materials,4,FALSE,C00,TOTAL CPC,0,0,TOTAL MOT,8,kg,3746125,FALSE,-1,N/A,,FALSE,3746125,FALSE,,FALSE,468078,,468078,0,TRUE,FALSE
C,A,19740101,1974,52,1974,340,HND,Honduras,X,Export,0,W00,World,0,W00,World,S1,S1,TRUE,5613,Potassic fertilizers and materials,4,FALSE,C00,TOTAL CPC,0,0,TOTAL MOT,8,kg,43800,FALSE,-1,N/A,,FALSE,43800,FALSE,,FALSE,,12300,12300,0,TRUE,FALSE
C,A,19740101,1974,52,1974,344,HKG,"China, Hong Kong SAR",M,Import,0,W00,World,0,W00,World,S1,S1,TRUE,5613,Potassic fertilizers and materials,4,FALSE,C00,TOTAL CPC,0,0,TOTAL MOT,8,kg,10000,FALSE,-1,N/A,,FALSE,10000,FALSE,,FALSE,980,,980,0,TRUE,FALSE
C,A,19740101,1974,52,1974,344,HKG,"China, Hong Kong SAR",X,Export,0,W00,World,0,W00,World,S1,S1,TRUE,5613,Potassic fertilizers and materials,4,FALSE,C00,TOTAL CPC,0,0,TOTAL MOT,8,kg,1507,FALSE,-1,N/A,,FALSE,1507,FALSE,,FALSE,,392,392,0,TRUE,FALSE
C,A,19740101,1974,52,1974,352,ISL,Iceland,M,Import,0,W00,World,0,W00,World,S1,S1,TRUE,5613,Potassic fertilizers and materials,4,FALSE,C00,TOTAL CPC,0,0,TOTAL MOT,8,kg,7394700,FALSE,-1,N/A,,FALSE,7394700,FALSE,,FALSE,594871,,594871,0,TRUE,FALSE
C,A,19740101,1974,52,1974,356,IND,India (...1974),M,Import,0,W00,World,0,W00,World,S1,S1,TRUE,5613,Potassic fertilizers and materials,4,FALSE,C00,TOTAL CPC,0,0,TOTAL MOT,8,kg,571208000,FALSE,-1,N/A,,FALSE,571208000,FALSE,,FALSE,50591008,,50591008,0,TRUE,FALSE
C,A,19740101,1974,52,1974,360,IDN,Indonesia,M,Import,0,W00,World,0,W00,World,S1,S1,TRUE,5613,Potassic fertilizers and materials,4,FALSE,C00,TOTAL CPC,0,0,TOTAL MOT,8,kg,72109656,FALSE,-1,N/A,,FALSE,72109656,FALSE,,FALSE,8088037,,8088037,0,TRUE,FALSE
C,A,19740101,1974,52,1974,364,IRN,Iran,M,Import,0,W00,World,0,W00,World,S1,S1,TRUE,5613,Potassic fertilizers and materials,4,FALSE,C00,TOTAL CPC,0,0,TOTAL MOT,8,kg,7925487,FALSE,-1,N/A,,FALSE,7925487,FALSE,,FALSE,2664936,,2664936,0,TRUE,FALSE
C,A,19740101,1974,52,1974,364,IRN,Iran,X,Export,0,W00,World,0,W00,World,S1,S1,TRUE,5613,Potassic fertilizers and materials,4,FALSE,C00,TOTAL CPC,0,0,TOTAL MOT,8,kg,34500,FALSE,-1,N/A,,FALSE,34500,FALSE,,FALSE,,6448,6448,0,TRUE,FALSE
C,A,19740101,1974,52,1974,372,IRL,Ireland,M,Import,0,W00,World,0,W00,World,S1,S1,TRUE,5613,Potassic fertilizers and materials,4,FALSE,C00,TOTAL CPC,0,0,TOTAL MOT,8,kg,268727008,FALSE,-1,N/A,,FALSE,268727008,FALSE,,FALSE,20194672,,20194672,0,TRUE,FALSE
C,A,19740101,1974,52,1974,372,IRL,Ireland,X,Export,0,W00,World,0,W00,World,S1,S1,TRUE,5613,Potassic fertilizers and materials,4,FALSE,C00,TOTAL CPC,0,0,TOTAL MOT,8,kg,1007000,FALSE,-1,N/A,,FALSE,1007000,FALSE,,FALSE,,71432,71432,0,TRUE,FALSE
C,A,19740101,1974,52,1974,376,ISR,Israel,M,Import,0,W00,World,0,W00,World,S1,S1,TRUE,5613,Potassic fertilizers and materials,4,FALSE,C00,TOTAL CPC,0,0,TOTAL MOT,8,kg,199,FALSE,-1,N/A,,FALSE,199,FALSE,,FALSE,11433,,11433,0,TRUE,FALSE
C,A,19740101,1974,52,1974,376,ISR,Israel,X,Export,0,W00,World,0,W00,World,S1,S1,TRUE,5613,Potassic fertilizers and materials,4,FALSE,C00,TOTAL CPC,0,0,TOTAL MOT,-1,N/A,0,FALSE,-1,N/A,,FALSE,,FALSE,,FALSE,,498917,498917,0,TRUE,FALSE
C,A,19740101,1974,52,1974,380,ITA,Italy,M,Import,0,W00,World,0,W00,World,S1,S1,TRUE,5613,Potassic fertilizers and materials,4,FALSE,C00,TOTAL CPC,0,0,TOTAL MOT,8,kg,363788288,FALSE,-1,N/A,,TRUE,363788288,FALSE,-1,TRUE,24942968,,24942968,0,FALSE,FALSE
C,A,19740101,1974,52,1974,380,ITA,Italy,X,Export,0,W00,World,0,W00,World,S1,S1,TRUE,5613,Potassic fertilizers and materials,4,FALSE,C00,TOTAL CPC,0,0,TOTAL MOT,8,kg,29120000,FALSE,-1,N/A,,TRUE,29120000,FALSE,-1,TRUE,,2293972,2293972,0,FALSE,FALSE
C,A,19740101,1974,52,1974,384,CIV,CÙte d'Ivoire,M,Import,0,W00,World,0,W00,World,S1,S1,TRUE,5613,Potassic fertilizers and materials,4,FALSE,C00,TOTAL CPC,0,0,TOTAL MOT,8,kg,35871544,FALSE,-1,N/A,,FALSE,35871544,FALSE,,FALSE,3281082,,3281082,0,TRUE,FALSE
C,A,19740101,1974,52,1974,384,CIV,CÙte d'Ivoire,X,Export,0,W00,World,0,W00,World,S1,S1,TRUE,5613,Potassic fertilizers and materials,4,FALSE,C00,TOTAL CPC,0,0,TOTAL MOT,8,kg,815334,FALSE,-1,N/A,,FALSE,815334,FALSE,,FALSE,,106326,106326,0,TRUE,FALSE
C,A,19740101,1974,52,1974,388,JAM,Jamaica,M,Import,0,W00,World,0,W00,World,S1,S1,TRUE,5613,Potassic fertilizers and materials,4,FALSE,C00,TOTAL CPC,0,0,TOTAL MOT,-1,N/A,0,FALSE,-1,N/A,,FALSE,,FALSE,,FALSE,1963192,,1963192,0,TRUE,FALSE
C,A,19740101,1974,52,1974,388,JAM,Jamaica,X,Export,0,W00,World,0,W00,World,S1,S1,TRUE,5613,Potassic fertilizers and materials,4,FALSE,C00,TOTAL CPC,0,0,TOTAL MOT,8,kg,20320,FALSE,-1,N/A,,FALSE,20320,FALSE,,FALSE,,219,219,0,TRUE,FALSE
C,A,19740101,1974,52,1974,392,JPN,Japan,M,Import,0,W00,World,0,W00,World,S1,S1,TRUE,5613,Potassic fertilizers and materials,4,FALSE,C00,TOTAL CPC,0,0,TOTAL MOT,8,kg,1520382000,FALSE,-1,N/A,,FALSE,1520382000,FALSE,,FALSE,106607903,,106607903,0,TRUE,FALSE
C,A,19740101,1974,52,1974,392,JPN,Japan,X,Export,0,W00,World,0,W00,World,S1,S1,TRUE,5613,Potassic fertilizers and materials,4,FALSE,C00,TOTAL CPC,0,0,TOTAL MOT,8,kg,180000,FALSE,-1,N/A,,FALSE,180000,FALSE,,FALSE,,23833,23833,0,TRUE,FALSE
C,A,19740101,1974,52,1974,400,JOR,Jordan,M,Import,0,W00,World,0,W00,World,S1,S1,TRUE,5613,Potassic fertilizers and materials,4,FALSE,C00,TOTAL CPC,0,0,TOTAL MOT,8,kg,309901,FALSE,-1,N/A,,FALSE,309901,FALSE,,FALSE,72207,,72207,0,TRUE,FALSE
C,A,19740101,1974,52,1974,410,KOR,Rep. of Korea,M,Import,0,W00,World,0,W00,World,S1,S1,TRUE,5613,Potassic fertilizers and materials,4,FALSE,C00,TOTAL CPC,0,0,TOTAL MOT,8,kg,206191232,FALSE,-1,N/A,,FALSE,206191232,FALSE,,FALSE,13907506,,13907506,0,TRUE,FALSE
C,A,19740101,1974,52,1974,418,LAO,Lao People's Dem. Rep.,M,Import,0,W00,World,0,W00,World,S1,S1,TRUE,5613,Potassic fertilizers and materials,4,FALSE,C00,TOTAL CPC,0,0,TOTAL MOT,8,kg,8374,FALSE,-1,N/A,,FALSE,8374,FALSE,,FALSE,,1439,1439,0,TRUE,FALSE
C,A,19740101,1974,52,1974,430,LBR,Liberia,M,Import,0,W00,World,0,W00,World,S1,S1,TRUE,5613,Potassic fertilizers and materials,4,FALSE,C00,TOTAL CPC,0,0,TOTAL MOT,8,kg,2901190,FALSE,-1,N/A,,FALSE,2901190,FALSE,,FALSE,213000,,213000,0,TRUE,FALSE
C,A,19740101,1974,52,1974,450,MDG,Madagascar,M,Import,0,W00,World,0,W00,World,S1,S1,TRUE,5613,Potassic fertilizers and materials,4,FALSE,C00,TOTAL CPC,0,0,TOTAL MOT,8,kg,4462499,FALSE,-1,N/A,,FALSE,4462499,FALSE,,FALSE,474378,,474378,0,TRUE,FALSE
C,A,19740101,1974,52,1974,458,MYS,Malaysia,M,Import,0,W00,World,0,W00,World,S1,S1,TRUE,5613,Potassic fertilizers and materials,4,FALSE,C00,TOTAL CPC,0,0,TOTAL MOT,8,kg,175993424,FALSE,-1,N/A,,FALSE,175993424,FALSE,,FALSE,18848128,,18848128,0,TRUE,FALSE
C,A,19740101,1974,52,1974,458,MYS,Malaysia,X,Export,0,W00,World,0,W00,World,S1,S1,TRUE,5613,Potassic fertilizers and materials,4,FALSE,C00,TOTAL CPC,0,0,TOTAL MOT,8,kg,13608,FALSE,-1,N/A,,FALSE,13608,FALSE,,FALSE,,2007,2007,0,TRUE,FALSE
C,A,19740101,1974,52,1974,466,MLI,Mali,M,Import,0,W00,World,0,W00,World,S1,S1,TRUE,5613,Potassic fertilizers and materials,4,FALSE,C00,TOTAL CPC,0,0,TOTAL MOT,8,kg,2199772,FALSE,-1,N/A,,FALSE,2199772,FALSE,,FALSE,340892,,340892,0,TRUE,FALSE
C,A,19740101,1974,52,1974,470,MLT,Malta,M,Import,0,W00,World,0,W00,World,S1,S1,TRUE,5613,Potassic fertilizers and materials,4,FALSE,C00,TOTAL CPC,0,0,TOTAL MOT,-1,N/A,0,FALSE,-1,N/A,,FALSE,,FALSE,,FALSE,2037,,2037,0,TRUE,FALSE
C,A,19740101,1974,52,1974,474,MTQ,Martinique (Overseas France),M,Import,0,W00,World,0,W00,World,S1,S1,TRUE,5613,Potassic fertilizers and materials,4,FALSE,C00,TOTAL CPC,0,0,TOTAL MOT,8,kg,2589237,FALSE,-1,N/A,,FALSE,2589237,FALSE,,FALSE,368081,,368081,0,TRUE,FALSE
C,A,19740101,1974,52,1974,480,MUS,Mauritius,M,Import,0,W00,World,0,W00,World,S1,S1,TRUE,5613,Potassic fertilizers and materials,4,FALSE,C00,TOTAL CPC,0,0,TOTAL MOT,8,kg,21086000,FALSE,-1,N/A,,FALSE,21086000,FALSE,,FALSE,2178231,,2178231,0,TRUE,FALSE
C,A,19740101,1974,52,1974,484,MEX,Mexico,M,Import,0,W00,World,0,W00,World,S1,S1,TRUE,5613,Potassic fertilizers and materials,4,FALSE,C00,TOTAL CPC,0,0,TOTAL MOT,8,kg,90973024,FALSE,-1,N/A,,FALSE,90973024,FALSE,,FALSE,3311584,,3311584,0,TRUE,FALSE
C,A,19740101,1974,52,1974,484,MEX,Mexico,X,Export,0,W00,World,0,W00,World,S1,S1,TRUE,5613,Potassic fertilizers and materials,4,FALSE,C00,TOTAL CPC,0,0,TOTAL MOT,8,kg,896829,FALSE,-1,N/A,,FALSE,896829,FALSE,,FALSE,,119793,119793,0,TRUE,FALSE
C,A,19740101,1974,52,1974,504,MAR,Morocco,M,Import,0,W00,World,0,W00,World,S1,S1,TRUE,5613,Potassic fertilizers and materials,4,FALSE,C00,TOTAL CPC,0,0,TOTAL MOT,8,kg,58202736,FALSE,-1,N/A,,FALSE,58202736,FALSE,,FALSE,5484082,,5484082,0,TRUE,FALSE
C,A,19740101,1974,52,1974,528,NLD,Netherlands,M,Import,0,W00,World,0,W00,World,S1,S1,TRUE,5613,Potassic fertilizers and materials,4,FALSE,C00,TOTAL CPC,0,0,TOTAL MOT,8,kg,442098816,FALSE,-1,N/A,,FALSE,442098816,FALSE,,FALSE,27156560,,27156560,0,TRUE,FALSE
C,A,19740101,1974,52,1974,528,NLD,Netherlands,X,Export,0,W00,World,0,W00,World,S1,S1,TRUE,5613,Potassic fertilizers and materials,4,FALSE,C00,TOTAL CPC,0,0,TOTAL MOT,8,kg,2760773,FALSE,-1,N/A,,FALSE,2760773,FALSE,,FALSE,,383976,383976,0,TRUE,FALSE
C,A,19740101,1974,52,1974,554,NZL,New Zealand,M,Import,0,W00,World,0,W00,World,S1,S1,TRUE,5613,Potassic fertilizers and materials,4,FALSE,C00,TOTAL CPC,0,0,TOTAL MOT,8,kg,235822576,FALSE,-1,N/A,,FALSE,235822576,FALSE,,FALSE,11612081,,11612081,0,TRUE,FALSE
C,A,19740101,1974,52,1974,554,NZL,New Zealand,X,Export,0,W00,World,0,W00,World,S1,S1,TRUE,5613,Potassic fertilizers and materials,4,FALSE,C00,TOTAL CPC,0,0,TOTAL MOT,8,kg,968269,FALSE,-1,N/A,,FALSE,968269,FALSE,,FALSE,,98476,98476,0,TRUE,FALSE
C,A,19740101,1974,52,1974,558,NIC,Nicaragua,M,Import,0,W00,World,0,W00,World,S1,S1,TRUE,5613,Potassic fertilizers and materials,4,FALSE,C00,TOTAL CPC,0,0,TOTAL MOT,8,kg,5556062,FALSE,-1,N/A,,FALSE,5556062,FALSE,,FALSE,1065798,,1065798,0,TRUE,FALSE
C,A,19740101,1974,52,1974,562,NER,Niger,M,Import,0,W00,World,0,W00,World,S1,S1,TRUE,5613,Potassic fertilizers and materials,4,FALSE,C00,TOTAL CPC,0,0,TOTAL MOT,8,kg,748875,FALSE,-1,N/A,,FALSE,748875,FALSE,,FALSE,302018,,302018,0,TRUE,FALSE
C,A,19740101,1974,52,1974,566,NGA,Nigeria,M,Import,0,W00,World,0,W00,World,S1,S1,TRUE,5613,Potassic fertilizers and materials,4,FALSE,C00,TOTAL CPC,0,0,TOTAL MOT,8,kg,1443000,FALSE,-1,N/A,,FALSE,1443000,FALSE,,FALSE,138603,,138603,0,TRUE,FALSE
C,A,19740101,1974,52,1974,579,NOR,Norway,M,Import,0,W00,World,0,W00,World,S1,S1,TRUE,5613,Potassic fertilizers and materials,4,FALSE,C00,TOTAL CPC,0,0,TOTAL MOT,8,kg,268769408,FALSE,-1,N/A,,FALSE,268769408,FALSE,,FALSE,18130516,,18130516,0,TRUE,FALSE
C,A,19740101,1974,52,1974,579,NOR,Norway,X,Export,0,W00,World,0,W00,World,S1,S1,TRUE,5613,Potassic fertilizers and materials,4,FALSE,C00,TOTAL CPC,0,0,TOTAL MOT,8,kg,11312,FALSE,-1,N/A,,FALSE,11312,FALSE,,FALSE,,791,791,0,TRUE,FALSE
C,A,19740101,1974,52,1974,586,PAK,Pakistan,M,Import,0,W00,World,0,W00,World,S1,S1,TRUE,5613,Potassic fertilizers and materials,4,FALSE,C00,TOTAL CPC,0,0,TOTAL MOT,-1,N/A,0,FALSE,-1,N/A,,FALSE,,FALSE,,FALSE,1460,,1460,0,TRUE,FALSE
C,A,19740101,1974,52,1974,590,PAN,"Panama, excl.Canal Zone (...1977)",M,Import,0,W00,World,0,W00,World,S1,S1,TRUE,5613,Potassic fertilizers and materials,4,FALSE,C00,TOTAL CPC,0,0,TOTAL MOT,8,kg,5744726,FALSE,-1,N/A,,FALSE,5744726,FALSE,,FALSE,642363,,642363,0,TRUE,FALSE
C,A,19740101,1974,52,1974,598,PNG,Papua New Guinea,M,Import,0,W00,World,0,W00,World,S1,S1,TRUE,5613,Potassic fertilizers and materials,4,FALSE,C00,TOTAL CPC,0,0,TOTAL MOT,8,kg,4286873,FALSE,-1,N/A,,FALSE,4286873,FALSE,,FALSE,351459,,351459,0,TRUE,FALSE
C,A,19740101,1974,52,1974,600,PRY,Paraguay,M,Import,0,W00,World,0,W00,World,S1,S1,TRUE,5613,Potassic fertilizers and materials,4,FALSE,C00,TOTAL CPC,0,0,TOTAL MOT,8,kg,50219,FALSE,-1,N/A,,FALSE,50219,FALSE,,FALSE,11758,,11758,0,TRUE,FALSE
C,A,19740101,1974,52,1974,604,PER,Peru,M,Import,0,W00,World,0,W00,World,S1,S1,TRUE,5613,Potassic fertilizers and materials,4,FALSE,C00,TOTAL CPC,0,0,TOTAL MOT,8,kg,6758686,FALSE,-1,N/A,,FALSE,6758686,FALSE,,FALSE,405450,,405450,0,TRUE,FALSE
C,A,19740101,1974,52,1974,608,PHL,Philippines,M,Import,0,W00,World,0,W00,World,S1,S1,TRUE,5613,Potassic fertilizers and materials,4,FALSE,C00,TOTAL CPC,0,0,TOTAL MOT,8,kg,89466256,FALSE,-1,N/A,,FALSE,89466256,FALSE,,FALSE,7999787,,7999787,0,TRUE,FALSE
C,A,19740101,1974,52,1974,620,PRT,Portugal,M,Import,0,W00,World,0,W00,World,S1,S1,TRUE,5613,Potassic fertilizers and materials,4,FALSE,C00,TOTAL CPC,0,0,TOTAL MOT,8,kg,53246976,FALSE,-1,N/A,,FALSE,53246976,FALSE,,FALSE,3567670,,3567670,0,TRUE,FALSE
C,A,19740101,1974,52,1974,620,PRT,Portugal,X,Export,0,W00,World,0,W00,World,S1,S1,TRUE,5613,Potassic fertilizers and materials,4,FALSE,C00,TOTAL CPC,0,0,TOTAL MOT,8,kg,442324,FALSE,-1,N/A,,FALSE,442324,FALSE,,FALSE,,81622,81622,0,TRUE,FALSE
C,A,19740101,1974,52,1974,638,REU,RÈunion (Overseas France),M,Import,0,W00,World,0,W00,World,S1,S1,TRUE,5613,Potassic fertilizers and materials,4,FALSE,C00,TOTAL CPC,0,0,TOTAL MOT,8,kg,109698,FALSE,-1,N/A,,TRUE,109698,FALSE,-1,TRUE,20979,,20979,0,FALSE,FALSE
C,A,19740101,1974,52,1974,662,LCA,Saint Lucia,M,Import,0,W00,World,0,W00,World,S1,S1,TRUE,5613,Potassic fertilizers and materials,4,FALSE,C00,TOTAL CPC,0,0,TOTAL MOT,8,kg,5113,FALSE,-1,N/A,,FALSE,5113,FALSE,,FALSE,11044,,11044,0,TRUE,FALSE
C,A,19740101,1974,52,1974,682,SAU,Saudi Arabia,M,Import,0,W00,World,0,W00,World,S1,S1,TRUE,5613,Potassic fertilizers and materials,4,FALSE,C00,TOTAL CPC,0,0,TOTAL MOT,8,kg,262268,FALSE,-1,N/A,,FALSE,262268,FALSE,,FALSE,55348,,55348,0,TRUE,FALSE
C,A,19740101,1974,52,1974,686,SEN,Senegal,M,Import,0,W00,World,0,W00,World,S1,S1,TRUE,5613,Potassic fertilizers and materials,4,FALSE,C00,TOTAL CPC,0,0,TOTAL MOT,8,kg,12709261,FALSE,-1,N/A,,FALSE,12709261,FALSE,,FALSE,1203494,,1203494,0,TRUE,FALSE
C,A,19740101,1974,52,1974,686,SEN,Senegal,X,Export,0,W00,World,0,W00,World,S1,S1,TRUE,5613,Potassic fertilizers and materials,4,FALSE,C00,TOTAL CPC,0,0,TOTAL MOT,8,kg,3312,FALSE,-1,N/A,,FALSE,3312,FALSE,,FALSE,,872,872,0,TRUE,FALSE
C,A,19740101,1974,52,1974,702,SGP,Singapore,M,Import,0,W00,World,0,W00,World,S1,S1,TRUE,5613,Potassic fertilizers and materials,4,FALSE,C00,TOTAL CPC,0,0,TOTAL MOT,8,kg,226278752,FALSE,-1,N/A,,FALSE,226278752,FALSE,,FALSE,19442340,,19442340,0,TRUE,FALSE
C,A,19740101,1974,52,1974,702,SGP,Singapore,X,Export,0,W00,World,0,W00,World,S1,S1,TRUE,5613,Potassic fertilizers and materials,4,FALSE,C00,TOTAL CPC,0,0,TOTAL MOT,8,kg,182967248,FALSE,-1,N/A,,FALSE,182967248,FALSE,,FALSE,,18329468,18329468,0,TRUE,FALSE
C,A,19740101,1974,52,1974,711,ZA1,Southern African Customs Union (...1999),M,Import,0,W00,World,0,W00,World,S1,S1,TRUE,5613,Potassic fertilizers and materials,4,FALSE,C00,TOTAL CPC,0,0,TOTAL MOT,8,kg,327999008,FALSE,-1,N/A,,FALSE,327999008,FALSE,,FALSE,12650746,,12650746,0,TRUE,FALSE
C,A,19740101,1974,52,1974,711,ZA1,Southern African Customs Union (...1999),X,Export,0,W00,World,0,W00,World,S1,S1,TRUE,5613,Potassic fertilizers and materials,4,FALSE,C00,TOTAL CPC,0,0,TOTAL MOT,-1,N/A,0,FALSE,-1,N/A,,FALSE,,FALSE,,FALSE,,55652,55652,0,TRUE,FALSE
C,A,19740101,1974,52,1974,724,ESP,Spain,M,Import,0,W00,World,0,W00,World,S1,S1,TRUE,5613,Potassic fertilizers and materials,4,FALSE,C00,TOTAL CPC,0,0,TOTAL MOT,8,kg,49613112,FALSE,-1,N/A,,FALSE,49613112,FALSE,,FALSE,3921833,,3921833,0,TRUE,FALSE
C,A,19740101,1974,52,1974,724,ESP,Spain,X,Export,0,W00,World,0,W00,World,S1,S1,TRUE,5613,Potassic fertilizers and materials,4,FALSE,C00,TOTAL CPC,0,0,TOTAL MOT,8,kg,230813296,FALSE,-1,N/A,,FALSE,230813296,FALSE,,FALSE,,14245141,14245141,0,TRUE,FALSE
C,A,19740101,1974,52,1974,740,SUR,Suriname,M,Import,0,W00,World,0,W00,World,S1,S1,TRUE,5613,Potassic fertilizers and materials,4,FALSE,C00,TOTAL CPC,0,0,TOTAL MOT,8,kg,121101,FALSE,-1,N/A,,FALSE,121101,FALSE,,FALSE,11955,,11955,0,TRUE,FALSE
C,A,19740101,1974,52,1974,752,SWE,Sweden,M,Import,0,W00,World,0,W00,World,S1,S1,TRUE,5613,Potassic fertilizers and materials,4,FALSE,C00,TOTAL CPC,0,0,TOTAL MOT,-1,N/A,0,FALSE,-1,N/A,,FALSE,,FALSE,,FALSE,14823794,,14823794,0,TRUE,FALSE
C,A,19740101,1974,52,1974,757,CHE,Switzerland,M,Import,0,W00,World,0,W00,World,S1,S1,TRUE,5613,Potassic fertilizers and materials,4,FALSE,C00,TOTAL CPC,0,0,TOTAL MOT,8,kg,13611749,FALSE,-1,N/A,,FALSE,13611749,FALSE,,FALSE,965003,,965003,0,TRUE,FALSE
C,A,19740101,1974,52,1974,757,CHE,Switzerland,X,Export,0,W00,World,0,W00,World,S1,S1,TRUE,5613,Potassic fertilizers and materials,4,FALSE,C00,TOTAL CPC,0,0,TOTAL MOT,8,kg,16341,FALSE,-1,N/A,,FALSE,16341,FALSE,,FALSE,,12289,12289,0,TRUE,FALSE
C,A,19740101,1974,52,1974,760,SYR,Syria,M,Import,0,W00,World,0,W00,World,S1,S1,TRUE,5613,Potassic fertilizers and materials,4,FALSE,C00,TOTAL CPC,0,0,TOTAL MOT,8,kg,2240875,FALSE,-1,N/A,,FALSE,2240875,FALSE,,FALSE,,364104,364104,0,TRUE,FALSE
C,A,19740101,1974,52,1974,764,THA,Thailand,M,Import,0,W00,World,0,W00,World,S1,S1,TRUE,5613,Potassic fertilizers and materials,4,FALSE,C00,TOTAL CPC,0,0,TOTAL MOT,8,kg,8258374,FALSE,-1,N/A,,FALSE,8258374,FALSE,,FALSE,1315107,,1315107,0,TRUE,FALSE
C,A,19740101,1974,52,1974,764,THA,Thailand,X,Export,0,W00,World,0,W00,World,S1,S1,TRUE,5613,Potassic fertilizers and materials,4,FALSE,C00,TOTAL CPC,0,0,TOTAL MOT,8,kg,120000,FALSE,-1,N/A,,FALSE,120000,FALSE,,FALSE,,21668,21668,0,TRUE,FALSE
C,A,19740101,1974,52,1974,768,TGO,Togo,M,Import,0,W00,World,0,W00,World,S1,S1,TRUE,5613,Potassic fertilizers and materials,4,FALSE,C00,TOTAL CPC,0,0,TOTAL MOT,8,kg,241929,FALSE,-1,N/A,,FALSE,241929,FALSE,,FALSE,36109,,36109,0,TRUE,FALSE
C,A,19740101,1974,52,1974,780,TTO,Trinidad and Tobago,M,Import,0,W00,World,0,W00,World,S1,S1,TRUE,5613,Potassic fertilizers and materials,4,FALSE,C00,TOTAL CPC,0,0,TOTAL MOT,8,kg,27043088,FALSE,-1,N/A,,FALSE,27043088,FALSE,,FALSE,582127,,582127,0,TRUE,FALSE
C,A,19740101,1974,52,1974,780,TTO,Trinidad and Tobago,X,Export,0,W00,World,0,W00,World,S1,S1,TRUE,5613,Potassic fertilizers and materials,4,FALSE,C00,TOTAL CPC,0,0,TOTAL MOT,8,kg,5062,FALSE,-1,N/A,,FALSE,5062,FALSE,,FALSE,,371,371,0,TRUE,FALSE
C,A,19740101,1974,52,1974,788,TUN,Tunisia,M,Import,0,W00,World,0,W00,World,S1,S1,TRUE,5613,Potassic fertilizers and materials,4,FALSE,C00,TOTAL CPC,0,0,TOTAL MOT,8,kg,18738780,FALSE,-1,N/A,,FALSE,18738780,FALSE,,FALSE,2213997,,2213997,0,TRUE,FALSE
C,A,19740101,1974,52,1974,792,TUR,TÅEkiye,M,Import,0,W00,World,0,W00,World,S1,S1,TRUE,5613,Potassic fertilizers and materials,4,FALSE,C00,TOTAL CPC,0,0,TOTAL MOT,8,kg,175824,FALSE,-1,N/A,,FALSE,175824,FALSE,,FALSE,32464,,32464,0,TRUE,FALSE
C,A,19740101,1974,52,1974,826,GBR,United Kingdom,M,Import,0,W00,World,0,W00,World,S1,S1,TRUE,5613,Potassic fertilizers and materials,4,FALSE,C00,TOTAL CPC,0,0,TOTAL MOT,8,kg,846489024,FALSE,-1,N/A,,FALSE,846489024,FALSE,,FALSE,66181028,,66181028,0,TRUE,FALSE
C,A,19740101,1974,52,1974,826,GBR,United Kingdom,X,Export,0,W00,World,0,W00,World,S1,S1,TRUE,5613,Potassic fertilizers and materials,4,FALSE,C00,TOTAL CPC,0,0,TOTAL MOT,8,kg,9826000,FALSE,-1,N/A,,FALSE,9826000,FALSE,,FALSE,,2492275,2492275,0,TRUE,FALSE
C,A,19740101,1974,52,1974,841,USA,USA and Puerto Rico (...1980),M,Import,0,W00,World,0,W00,World,S1,S1,TRUE,5613,Potassic fertilizers and materials,4,FALSE,C00,TOTAL CPC,0,0,TOTAL MOT,8,kg,6536157329,FALSE,-1,N/A,,FALSE,6536157329,FALSE,,FALSE,,232461140,232461140,0,TRUE,FALSE
C,A,19740101,1974,52,1974,841,USA,USA and Puerto Rico (...1980),X,Export,0,W00,World,0,W00,World,S1,S1,TRUE,5613,Potassic fertilizers and materials,4,FALSE,C00,TOTAL CPC,0,0,TOTAL MOT,8,kg,1277576803,FALSE,-1,N/A,,FALSE,1277576803,FALSE,,FALSE,,65849685,65849685,0,TRUE,FALSE
C,A,19740101,1974,52,1974,854,BFA,Burkina Faso,M,Import,0,W00,World,0,W00,World,S1,S1,TRUE,5613,Potassic fertilizers and materials,4,FALSE,C00,TOTAL CPC,0,0,TOTAL MOT,8,kg,719393,FALSE,-1,N/A,,FALSE,719393,FALSE,,FALSE,145087,,145087,0,TRUE,FALSE
C,A,19740101,1974,52,1974,858,URY,Uruguay,M,Import,0,W00,World,0,W00,World,S1,S1,TRUE,5613,Potassic fertilizers and materials,4,FALSE,C00,TOTAL CPC,0,0,TOTAL MOT,-1,N/A,0,FALSE,-1,N/A,,FALSE,,FALSE,,FALSE,734953,,734953,0,TRUE,FALSE
C,A,19740101,1974,52,1974,862,VEN,Venezuela,M,Import,0,W00,World,0,W00,World,S1,S1,TRUE,5613,Potassic fertilizers and materials,4,FALSE,C00,TOTAL CPC,0,0,TOTAL MOT,8,kg,4520476,FALSE,-1,N/A,,FALSE,4520476,FALSE,,FALSE,,485075,485075,0,TRUE,FALSE
C,A,19740101,1974,52,1974,862,VEN,Venezuela,X,Export,0,W00,World,0,W00,World,S1,S1,TRUE,5613,Potassic fertilizers and materials,4,FALSE,C00,TOTAL CPC,0,0,TOTAL MOT,8,kg,7750,FALSE,-1,N/A,,FALSE,7750,FALSE,,FALSE,,1309,1309,0,TRUE,FALSE
C,A,19740101,1974,52,1974,890,YUG,Yugoslavia (...1991),M,Import,0,W00,World,0,W00,World,S1,S1,TRUE,5613,Potassic fertilizers and materials,4,FALSE,C00,TOTAL CPC,0,0,TOTAL MOT,8,kg,383420640,FALSE,-1,N/A,,FALSE,383420640,FALSE,,FALSE,22129284,,22129284,0,TRUE,FALSE
C,A,19740101,1974,52,1974,894,ZMB,Zambia,M,Import,0,W00,World,0,W00,World,S1,S1,TRUE,5613,Potassic fertilizers and materials,4,FALSE,C00,TOTAL CPC,0,0,TOTAL MOT,8,kg,1420456,FALSE,-1,N/A,,FALSE,1420456,FALSE,,FALSE,,202288,202288,0,TRUE,FALSE
C,A,19750101,1975,52,1975,12,DZA,Algeria,M,Import,0,W00,World,0,W00,World,S1,S1,TRUE,5613,Potassic fertilizers and materials,4,FALSE,C00,TOTAL CPC,0,0,TOTAL MOT,8,kg,11251000,FALSE,-1,N/A,,FALSE,11251000,FALSE,,FALSE,1683264,,1683264,0,TRUE,FALSE
C,A,19750101,1975,52,1975,32,ARG,Argentina,M,Import,0,W00,World,0,W00,World,S1,S1,TRUE,5613,Potassic fertilizers and materials,4,FALSE,C00,TOTAL CPC,0,0,TOTAL MOT,8,kg,5627774,FALSE,-1,N/A,,FALSE,5627774,FALSE,,FALSE,865398,,865398,0,TRUE,FALSE
C,A,19750101,1975,52,1975,36,AUS,Australia,M,Import,0,W00,World,0,W00,World,S1,S1,TRUE,5613,Potassic fertilizers and materials,4,FALSE,C00,TOTAL CPC,0,0,TOTAL MOT,8,kg,187575271,FALSE,-1,N/A,,FALSE,187575271,FALSE,,FALSE,,13775702,13775702,0,TRUE,FALSE
C,A,19750101,1975,52,1975,36,AUS,Australia,X,Export,0,W00,World,0,W00,World,S1,S1,TRUE,5613,Potassic fertilizers and materials,4,FALSE,C00,TOTAL CPC,0,0,TOTAL MOT,8,kg,2169,FALSE,-1,N/A,,FALSE,2169,FALSE,,FALSE,,7289,7289,0,TRUE,FALSE
C,A,19750101,1975,52,1975,52,BRB,Barbados,M,Import,0,W00,World,0,W00,World,S1,S1,TRUE,5613,Potassic fertilizers and materials,4,FALSE,C00,TOTAL CPC,0,0,TOTAL MOT,8,kg,355625,FALSE,-1,N/A,,FALSE,355625,FALSE,,FALSE,61431,,61431,0,TRUE,FALSE
C,A,19750101,1975,52,1975,58,BEL,Belgium-Luxembourg (...1998),M,Import,0,W00,World,0,W00,World,S1,S1,TRUE,5613,Potassic fertilizers and materials,4,FALSE,C00,TOTAL CPC,0,0,TOTAL MOT,8,kg,907796096,FALSE,-1,N/A,,FALSE,907796096,FALSE,,FALSE,69741704,,69741704,0,TRUE,FALSE
C,A,19750101,1975,52,1975,58,BEL,Belgium-Luxembourg (...1998),X,Export,0,W00,World,0,W00,World,S1,S1,TRUE,5613,Potassic fertilizers and materials,4,FALSE,C00,TOTAL CPC,0,0,TOTAL MOT,8,kg,468325440,FALSE,-1,N/A,,FALSE,468325440,FALSE,,FALSE,,47140928,47140928,0,TRUE,FALSE
C,A,19750101,1975,52,1975,68,BOL,Bolivia (Plurinational State of),M,Import,0,W00,World,0,W00,World,S1,S1,TRUE,5613,Potassic fertilizers and materials,4,FALSE,C00,TOTAL CPC,0,0,TOTAL MOT,8,kg,8501,FALSE,-1,N/A,,FALSE,8501,FALSE,,FALSE,5096,,5096,0,TRUE,FALSE
C,A,19750101,1975,52,1975,76,BRA,Brazil,M,Import,0,W00,World,0,W00,World,S1,S1,TRUE,5613,Potassic fertilizers and materials,4,FALSE,C00,TOTAL CPC,0,0,TOTAL MOT,8,kg,931488256,FALSE,-1,N/A,,FALSE,931488256,FALSE,,FALSE,82963232,,82963232,0,TRUE,FALSE
C,A,19750101,1975,52,1975,84,BLZ,Belize,M,Import,0,W00,World,0,W00,World,S1,S1,TRUE,5613,Potassic fertilizers and materials,4,FALSE,C00,TOTAL CPC,0,0,TOTAL MOT,8,kg,421312,FALSE,-1,N/A,,FALSE,421312,FALSE,,FALSE,91361,,91361,0,TRUE,FALSE
C,A,19750101,1975,52,1975,96,BRN,Brunei Darussalam,M,Import,0,W00,World,0,W00,World,S1,S1,TRUE,5613,Potassic fertilizers and materials,4,FALSE,C00,TOTAL CPC,0,0,TOTAL MOT,8,kg,91572,FALSE,-1,N/A,,FALSE,91572,FALSE,,FALSE,84577,,84577,0,TRUE,FALSE
C,A,19750101,1975,52,1975,120,CMR,Cameroon,M,Import,0,W00,World,0,W00,World,S1,S1,TRUE,5613,Potassic fertilizers and materials,4,FALSE,C00,TOTAL CPC,0,0,TOTAL MOT,8,kg,11190210,FALSE,-1,N/A,,FALSE,11190210,FALSE,,FALSE,2958308,,2958308,0,TRUE,FALSE
C,A,19750101,1975,52,1975,120,CMR,Cameroon,X,Export,0,W00,World,0,W00,World,S1,S1,TRUE,5613,Potassic fertilizers and materials,4,FALSE,C00,TOTAL CPC,0,0,TOTAL MOT,8,kg,47000,FALSE,-1,N/A,,FALSE,47000,FALSE,,FALSE,,26384,26384,0,TRUE,FALSE
C,A,19750101,1975,52,1975,124,CAN,Canada,M,Import,0,W00,World,0,W00,World,S1,S1,TRUE,5613,Potassic fertilizers and materials,4,FALSE,C00,TOTAL CPC,0,0,TOTAL MOT,8,kg,55238000,FALSE,-1,N/A,,FALSE,55238000,FALSE,,FALSE,,3361866,3361866,0,TRUE,FALSE
C,A,19750101,1975,52,1975,124,CAN,Canada,X,Export,0,W00,World,0,W00,World,S1,S1,TRUE,5613,Potassic fertilizers and materials,4,FALSE,C00,TOTAL CPC,0,0,TOTAL MOT,8,kg,7242060800,FALSE,-1,N/A,,FALSE,7242060800,FALSE,,FALSE,,287241760,287241760,0,TRUE,FALSE
C,A,19750101,1975,52,1975,140,CAF,Central African Rep.,M,Import,0,W00,World,0,W00,World,S1,S1,TRUE,5613,Potassic fertilizers and materials,4,FALSE,C00,TOTAL CPC,0,0,TOTAL MOT,8,kg,428437,FALSE,-1,N/A,,FALSE,428437,FALSE,,FALSE,92350,,92350,0,TRUE,FALSE
C,A,19750101,1975,52,1975,144,LKA,Sri Lanka,M,Import,0,W00,World,0,W00,World,S1,S1,TRUE,5613,Potassic fertilizers and materials,4,FALSE,C00,TOTAL CPC,0,0,TOTAL MOT,-1,N/A,0,FALSE,-1,N/A,,FALSE,,FALSE,,FALSE,4723227,,4723227,0,TRUE,FALSE
C,A,19750101,1975,52,1975,148,TCD,Chad,M,Import,0,W00,World,0,W00,World,S1,S1,TRUE,5613,Potassic fertilizers and materials,4,FALSE,C00,TOTAL CPC,0,0,TOTAL MOT,8,kg,14071464,FALSE,-1,N/A,,FALSE,14071464,FALSE,,FALSE,4916082,,4916082,0,TRUE,FALSE
C,A,19750101,1975,52,1975,152,CHL,Chile,M,Import,0,W00,World,0,W00,World,S1,S1,TRUE,5613,Potassic fertilizers and materials,4,FALSE,C00,TOTAL CPC,0,0,TOTAL MOT,8,kg,21093170,FALSE,-1,N/A,,FALSE,21093170,FALSE,,FALSE,2459013,,2459013,0,TRUE,FALSE
C,A,19750101,1975,52,1975,170,COL,Colombia,M,Import,0,W00,World,0,W00,World,S1,S1,TRUE,5613,Potassic fertilizers and materials,4,FALSE,C00,TOTAL CPC,0,0,TOTAL MOT,8,kg,104556432,FALSE,-1,N/A,,FALSE,104556432,FALSE,,FALSE,10399036,,10399036,0,TRUE,FALSE
C,A,19750101,1975,52,1975,178,COG,Congo,X,Export,0,W00,World,0,W00,World,S1,S1,TRUE,5613,Potassic fertilizers and materials,4,FALSE,C00,TOTAL CPC,0,0,TOTAL MOT,8,kg,408159488,FALSE,-1,N/A,,FALSE,408159488,FALSE,,FALSE,,18676560,18676560,0,TRUE,FALSE
C,A,19750101,1975,52,1975,180,COD,Dem. Rep. of the Congo,M,Import,0,W00,World,0,W00,World,S1,S1,TRUE,5613,Potassic fertilizers and materials,4,FALSE,C00,TOTAL CPC,0,0,TOTAL MOT,8,kg,1174788,FALSE,-1,N/A,,FALSE,1174788,FALSE,,FALSE,337392,,337392,0,TRUE,FALSE
C,A,19750101,1975,52,1975,188,CRI,Costa Rica,M,Import,0,W00,World,0,W00,World,S1,S1,TRUE,5613,Potassic fertilizers and materials,4,FALSE,C00,TOTAL CPC,0,0,TOTAL MOT,8,kg,47296352,FALSE,-1,N/A,,FALSE,47296352,FALSE,,FALSE,5251756,,5251756,0,TRUE,FALSE
C,A,19750101,1975,52,1975,188,CRI,Costa Rica,X,Export,0,W00,World,0,W00,World,S1,S1,TRUE,5613,Potassic fertilizers and materials,4,FALSE,C00,TOTAL CPC,0,0,TOTAL MOT,8,kg,80421,FALSE,-1,N/A,,FALSE,80421,FALSE,,FALSE,,17671,17671,0,TRUE,FALSE
C,A,19750101,1975,52,1975,196,CYP,Cyprus,M,Import,0,W00,World,0,W00,World,S1,S1,TRUE,5613,Potassic fertilizers and materials,4,FALSE,C00,TOTAL CPC,0,0,TOTAL MOT,8,kg,1225194,FALSE,-1,N/A,,FALSE,1225194,FALSE,,FALSE,222780,,222780,0,TRUE,FALSE
C,A,19750101,1975,52,1975,208,DNK,Denmark,M,Import,0,W00,World,0,W00,World,S1,S1,TRUE,5613,Potassic fertilizers and materials,4,FALSE,C00,TOTAL CPC,0,0,TOTAL MOT,8,kg,207176192,FALSE,-1,N/A,,FALSE,207176192,FALSE,,FALSE,15048291,,15048291,0,TRUE,FALSE
C,A,19750101,1975,52,1975,208,DNK,Denmark,X,Export,0,W00,World,0,W00,World,S1,S1,TRUE,5613,Potassic fertilizers and materials,4,FALSE,C00,TOTAL CPC,0,0,TOTAL MOT,8,kg,500,FALSE,-1,N/A,,FALSE,500,FALSE,,FALSE,,130,130,0,TRUE,FALSE
C,A,19750101,1975,52,1975,214,DOM,Dominican Rep.,M,Import,0,W00,World,0,W00,World,S1,S1,TRUE,5613,Potassic fertilizers and materials,4,FALSE,C00,TOTAL CPC,0,0,TOTAL MOT,8,kg,20063964,FALSE,-1,N/A,,FALSE,20063964,FALSE,,FALSE,,2243192,2243192,0,TRUE,FALSE
C,A,19750101,1975,52,1975,218,ECU,Ecuador,M,Import,0,W00,World,0,W00,World,S1,S1,TRUE,5613,Potassic fertilizers and materials,4,FALSE,C00,TOTAL CPC,0,0,TOTAL MOT,8,kg,141390,FALSE,-1,N/A,,FALSE,141390,FALSE,,FALSE,153711,,153711,0,TRUE,FALSE
C,A,19750101,1975,52,1975,222,SLV,El Salvador,M,Import,0,W00,World,0,W00,World,S1,S1,TRUE,5613,Potassic fertilizers and materials,4,FALSE,C00,TOTAL CPC,0,0,TOTAL MOT,8,kg,8022202,FALSE,-1,N/A,,FALSE,8022202,FALSE,,FALSE,755504,,755504,0,TRUE,FALSE
C,A,19750101,1975,52,1975,242,FJI,Fiji,M,Import,0,W00,World,0,W00,World,S1,S1,TRUE,5613,Potassic fertilizers and materials,4,FALSE,C00,TOTAL CPC,0,0,TOTAL MOT,8,kg,2688749,FALSE,-1,N/A,,FALSE,2688749,FALSE,,FALSE,496903,,496903,0,TRUE,FALSE
C,A,19750101,1975,52,1975,246,FIN,Finland,M,Import,0,W00,World,0,W00,World,S1,S1,TRUE,5613,Potassic fertilizers and materials,4,FALSE,C00,TOTAL CPC,0,0,TOTAL MOT,8,kg,305907680,FALSE,-1,N/A,,FALSE,305907680,FALSE,,FALSE,28187490,,28187490,0,TRUE,FALSE
C,A,19750101,1975,52,1975,246,FIN,Finland,X,Export,0,W00,World,0,W00,World,S1,S1,TRUE,5613,Potassic fertilizers and materials,4,FALSE,C00,TOTAL CPC,0,0,TOTAL MOT,8,kg,28597,FALSE,-1,N/A,,FALSE,28597,FALSE,,FALSE,,4863,4863,0,TRUE,FALSE
C,A,19750101,1975,52,1975,251,FRA,France,M,Import,0,W00,World,0,W00,World,S1,S1,TRUE,5613,Potassic fertilizers and materials,4,FALSE,C00,TOTAL CPC,0,0,TOTAL MOT,8,kg,404439936,FALSE,-1,N/A,,FALSE,404439936,FALSE,,FALSE,33620904,,33620904,0,TRUE,FALSE
C,A,19750101,1975,52,1975,251,FRA,France,X,Export,0,W00,World,0,W00,World,S1,S1,TRUE,5613,Potassic fertilizers and materials,4,FALSE,C00,TOTAL CPC,0,0,TOTAL MOT,8,kg,742214272,FALSE,-1,N/A,,FALSE,742214272,FALSE,,FALSE,,54929892,54929892,0,TRUE,FALSE
C,A,19750101,1975,52,1975,254,GUF,French Guiana (Overseas France),M,Import,0,W00,World,0,W00,World,S1,S1,TRUE,5613,Potassic fertilizers and materials,4,FALSE,C00,TOTAL CPC,0,0,TOTAL MOT,8,kg,5000,FALSE,-1,N/A,,FALSE,5000,FALSE,,FALSE,1756,,1756,0,TRUE,FALSE
C,A,19750101,1975,52,1975,258,PYF,French Polynesia,M,Import,0,W00,World,0,W00,World,S1,S1,TRUE,5613,Potassic fertilizers and materials,4,FALSE,C00,TOTAL CPC,0,0,TOTAL MOT,8,kg,424499,FALSE,-1,N/A,,FALSE,424499,FALSE,,FALSE,100434,,100434,0,TRUE,FALSE
C,A,19750101,1975,52,1975,266,GAB,Gabon,M,Import,0,W00,World,0,W00,World,S1,S1,TRUE,5613,Potassic fertilizers and materials,4,FALSE,C00,TOTAL CPC,0,0,TOTAL MOT,8,kg,5875,FALSE,-1,N/A,,FALSE,5875,FALSE,,FALSE,2247,,2247,0,TRUE,FALSE
C,A,19750101,1975,52,1975,280,DEU,Fed. Rep. of Germany (...1990),M,Import,0,W00,World,0,W00,World,S1,S1,TRUE,5613,Potassic fertilizers and materials,4,FALSE,C00,TOTAL CPC,0,0,TOTAL MOT,8,kg,61211000,FALSE,-1,N/A,,TRUE,61211000,FALSE,-1,TRUE,4857000,,4857000,0,FALSE,FALSE
C,A,19750101,1975,52,1975,280,DEU,Fed. Rep. of Germany (...1990),X,Export,0,W00,World,0,W00,World,S1,S1,TRUE,5613,Potassic fertilizers and materials,4,FALSE,C00,TOTAL CPC,0,0,TOTAL MOT,8,kg,1793772800,FALSE,-1,N/A,,TRUE,1793772800,FALSE,-1,TRUE,,154904000,154904000,0,FALSE,FALSE
C,A,19750101,1975,52,1975,296,KIR,Kiribati,M,Import,0,W00,World,0,W00,World,S1,S1,TRUE,5613,Potassic fertilizers and materials,4,FALSE,C00,TOTAL CPC,0,0,TOTAL MOT,8,kg,140,FALSE,-1,N/A,,FALSE,140,FALSE,,FALSE,169,,169,0,TRUE,FALSE
C,A,19750101,1975,52,1975,300,GRC,Greece,M,Import,0,W00,World,0,W00,World,S1,S1,TRUE,5613,Potassic fertilizers and materials,4,FALSE,C00,TOTAL CPC,0,0,TOTAL MOT,8,kg,28139913,FALSE,-1,N/A,,FALSE,28139913,FALSE,,FALSE,4079271,,4079271,0,TRUE,FALSE
C,A,19750101,1975,52,1975,312,GLP,Guadeloupe (Overseas France),M,Import,0,W00,World,0,W00,World,S1,S1,TRUE,5613,Potassic fertilizers and materials,4,FALSE,C00,TOTAL CPC,0,0,TOTAL MOT,8,kg,4375,FALSE,-1,N/A,,FALSE,4375,FALSE,,FALSE,856,,856,0,TRUE,FALSE
C,A,19750101,1975,52,1975,320,GTM,Guatemala,M,Import,0,W00,World,0,W00,World,S1,S1,TRUE,5613,Potassic fertilizers and materials,4,FALSE,C00,TOTAL CPC,0,0,TOTAL MOT,8,kg,7250,FALSE,-1,N/A,,FALSE,7250,FALSE,,FALSE,5223,,5223,0,TRUE,FALSE
C,A,19750101,1975,52,1975,328,GUY,Guyana,M,Import,0,W00,World,0,W00,World,S1,S1,TRUE,5613,Potassic fertilizers and materials,4,FALSE,C00,TOTAL CPC,0,0,TOTAL MOT,8,kg,6189748,FALSE,-1,N/A,,FALSE,6189748,FALSE,,FALSE,739261,,739261,0,TRUE,FALSE
C,A,19750101,1975,52,1975,340,HND,Honduras,M,Import,0,W00,World,0,W00,World,S1,S1,TRUE,5613,Potassic fertilizers and materials,4,FALSE,C00,TOTAL CPC,0,0,TOTAL MOT,8,kg,354085,FALSE,-1,N/A,,FALSE,354085,FALSE,,FALSE,87769,,87769,0,TRUE,FALSE
C,A,19750101,1975,52,1975,352,ISL,Iceland,M,Import,0,W00,World,0,W00,World,S1,S1,TRUE,5613,Potassic fertilizers and materials,4,FALSE,C00,TOTAL CPC,0,0,TOTAL MOT,8,kg,3872643,FALSE,-1,N/A,,FALSE,3872643,FALSE,,FALSE,479161,,479161,0,TRUE,FALSE
C,A,19750101,1975,52,1975,360,IDN,Indonesia,M,Import,0,W00,World,0,W00,World,S1,S1,TRUE,5613,Potassic fertilizers and materials,4,FALSE,C00,TOTAL CPC,0,0,TOTAL MOT,8,kg,28732936,FALSE,-1,N/A,,FALSE,28732936,FALSE,,FALSE,4786480,,4786480,0,TRUE,FALSE
C,A,19750101,1975,52,1975,364,IRN,Iran,M,Import,0,W00,World,0,W00,World,S1,S1,TRUE,5613,Potassic fertilizers and materials,4,FALSE,C00,TOTAL CPC,0,0,TOTAL MOT,8,kg,1987236,FALSE,-1,N/A,,FALSE,1987236,FALSE,,FALSE,475038,,475038,0,TRUE,FALSE
C,A,19750101,1975,52,1975,364,IRN,Iran,X,Export,0,W00,World,0,W00,World,S1,S1,TRUE,5613,Potassic fertilizers and materials,4,FALSE,C00,TOTAL CPC,0,0,TOTAL MOT,8,kg,348574,FALSE,-1,N/A,,FALSE,348574,FALSE,,FALSE,,10790,10790,0,TRUE,FALSE
C,A,19750101,1975,52,1975,372,IRL,Ireland,M,Import,0,W00,World,0,W00,World,S1,S1,TRUE,5613,Potassic fertilizers and materials,4,FALSE,C00,TOTAL CPC,0,0,TOTAL MOT,8,kg,166047008,FALSE,-1,N/A,,FALSE,166047008,FALSE,,FALSE,17199916,,17199916,0,TRUE,FALSE
C,A,19750101,1975,52,1975,372,IRL,Ireland,X,Export,0,W00,World,0,W00,World,S1,S1,TRUE,5613,Potassic fertilizers and materials,4,FALSE,C00,TOTAL CPC,0,0,TOTAL MOT,8,kg,1287000,FALSE,-1,N/A,,FALSE,1287000,FALSE,,FALSE,,128707,128707,0,TRUE,FALSE
C,A,19750101,1975,52,1975,376,ISR,Israel,M,Import,0,W00,World,0,W00,World,S1,S1,TRUE,5613,Potassic fertilizers and materials,4,FALSE,C00,TOTAL CPC,0,0,TOTAL MOT,-1,N/A,0,FALSE,-1,N/A,,FALSE,,FALSE,,FALSE,11599,,11599,0,TRUE,FALSE
C,A,19750101,1975,52,1975,376,ISR,Israel,X,Export,0,W00,World,0,W00,World,S1,S1,TRUE,5613,Potassic fertilizers and materials,4,FALSE,C00,TOTAL CPC,0,0,TOTAL MOT,-1,N/A,0,FALSE,-1,N/A,,FALSE,,FALSE,,FALSE,,673546,673546,0,TRUE,FALSE
C,A,19750101,1975,52,1975,380,ITA,Italy,M,Import,0,W00,World,0,W00,World,S1,S1,TRUE,5613,Potassic fertilizers and materials,4,FALSE,C00,TOTAL CPC,0,0,TOTAL MOT,8,kg,273437248,FALSE,-1,N/A,,TRUE,273437248,FALSE,-1,TRUE,24247762,,24247762,0,FALSE,FALSE
C,A,19750101,1975,52,1975,380,ITA,Italy,X,Export,0,W00,World,0,W00,World,S1,S1,TRUE,5613,Potassic fertilizers and materials,4,FALSE,C00,TOTAL CPC,0,0,TOTAL MOT,8,kg,68245744,FALSE,-1,N/A,,TRUE,68245744,FALSE,-1,TRUE,,8837753,8837753,0,FALSE,FALSE
C,A,19750101,1975,52,1975,384,CIV,CÙte d'Ivoire,M,Import,0,W00,World,0,W00,World,S1,S1,TRUE,5613,Potassic fertilizers and materials,4,FALSE,C00,TOTAL CPC,0,0,TOTAL MOT,8,kg,34620404,FALSE,-1,N/A,,FALSE,34620404,FALSE,,FALSE,4431800,,4431800,0,TRUE,FALSE
C,A,19750101,1975,52,1975,384,CIV,CÙte d'Ivoire,X,Export,0,W00,World,0,W00,World,S1,S1,TRUE,5613,Potassic fertilizers and materials,4,FALSE,C00,TOTAL CPC,0,0,TOTAL MOT,8,kg,1151624,FALSE,-1,N/A,,FALSE,1151624,FALSE,,FALSE,,261254,261254,0,TRUE,FALSE
C,A,19750101,1975,52,1975,388,JAM,Jamaica,M,Import,0,W00,World,0,W00,World,S1,S1,TRUE,5613,Potassic fertilizers and materials,4,FALSE,C00,TOTAL CPC,0,0,TOTAL MOT,8,kg,21529272,FALSE,-1,N/A,,FALSE,21529272,FALSE,,FALSE,4041559,,4041559,0,TRUE,FALSE
C,A,19750101,1975,52,1975,392,JPN,Japan,M,Import,0,W00,World,0,W00,World,S1,S1,TRUE,5613,Potassic fertilizers and materials,4,FALSE,C00,TOTAL CPC,0,0,TOTAL MOT,8,kg,1385126000,FALSE,-1,N/A,,FALSE,1385126000,FALSE,,FALSE,129237533,,129237533,0,TRUE,FALSE
C,A,19750101,1975,52,1975,392,JPN,Japan,X,Export,0,W00,World,0,W00,World,S1,S1,TRUE,5613,Potassic fertilizers and materials,4,FALSE,C00,TOTAL CPC,0,0,TOTAL MOT,8,kg,5575000,FALSE,-1,N/A,,FALSE,5575000,FALSE,,FALSE,,781391,781391,0,TRUE,FALSE
C,A,19750101,1975,52,1975,400,JOR,Jordan,M,Import,0,W00,World,0,W00,World,S1,S1,TRUE,5613,Potassic fertilizers and materials,4,FALSE,C00,TOTAL CPC,0,0,TOTAL MOT,8,kg,960585,FALSE,-1,N/A,,FALSE,960585,FALSE,,FALSE,219187,,219187,0,TRUE,FALSE
C,A,19750101,1975,52,1975,410,KOR,Rep. of Korea,M,Import,0,W00,World,0,W00,World,S1,S1,TRUE,5613,Potassic fertilizers and materials,4,FALSE,C00,TOTAL CPC,0,0,TOTAL MOT,8,kg,337875456,FALSE,-1,N/A,,FALSE,337875456,FALSE,,FALSE,64913100,,64913100,0,TRUE,FALSE
C,A,19750101,1975,52,1975,410,KOR,Rep. of Korea,X,Export,0,W00,World,0,W00,World,S1,S1,TRUE,5613,Potassic fertilizers and materials,4,FALSE,C00,TOTAL CPC,0,0,TOTAL MOT,8,kg,4,FALSE,-1,N/A,,FALSE,4,FALSE,,FALSE,,1,1,0,TRUE,FALSE
C,A,19750101,1975,52,1975,430,LBR,Liberia,M,Import,0,W00,World,0,W00,World,S1,S1,TRUE,5613,Potassic fertilizers and materials,4,FALSE,C00,TOTAL CPC,0,0,TOTAL MOT,8,kg,466760,FALSE,-1,N/A,,FALSE,466760,FALSE,,FALSE,212439,,212439,0,TRUE,FALSE
C,A,19750101,1975,52,1975,434,LBY,Libya,M,Import,0,W00,World,0,W00,World,S1,S1,TRUE,5613,Potassic fertilizers and materials,4,FALSE,C00,TOTAL CPC,0,0,TOTAL MOT,8,kg,6162125,FALSE,-1,N/A,,FALSE,6162125,FALSE,,FALSE,1670979,,1670979,0,TRUE,FALSE
C,A,19750101,1975,52,1975,450,MDG,Madagascar,M,Import,0,W00,World,0,W00,World,S1,S1,TRUE,5613,Potassic fertilizers and materials,4,FALSE,C00,TOTAL CPC,0,0,TOTAL MOT,8,kg,6687620,FALSE,-1,N/A,,FALSE,6687620,FALSE,,FALSE,1409500,,1409500,0,TRUE,FALSE
C,A,19750101,1975,52,1975,454,MWI,Malawi,M,Import,0,W00,World,0,W00,World,S1,S1,TRUE,5613,Potassic fertilizers and materials,4,FALSE,C00,TOTAL CPC,0,0,TOTAL MOT,8,kg,785635,FALSE,-1,N/A,,FALSE,785635,FALSE,,FALSE,77879,,77879,0,TRUE,FALSE
C,A,19750101,1975,52,1975,458,MYS,Malaysia,M,Import,0,W00,World,0,W00,World,S1,S1,TRUE,5613,Potassic fertilizers and materials,4,FALSE,C00,TOTAL CPC,0,0,TOTAL MOT,8,kg,168417712,FALSE,-1,N/A,,FALSE,168417712,FALSE,,FALSE,22455332,,22455332,0,TRUE,FALSE
C,A,19750101,1975,52,1975,466,MLI,Mali,M,Import,0,W00,World,0,W00,World,S1,S1,TRUE,5613,Potassic fertilizers and materials,4,FALSE,C00,TOTAL CPC,0,0,TOTAL MOT,8,kg,417,FALSE,-1,N/A,,FALSE,417,FALSE,,FALSE,162,,162,0,TRUE,FALSE
C,A,19750101,1975,52,1975,470,MLT,Malta,M,Import,0,W00,World,0,W00,World,S1,S1,TRUE,5613,Potassic fertilizers and materials,4,FALSE,C00,TOTAL CPC,0,0,TOTAL MOT,-1,N/A,0,FALSE,-1,N/A,,FALSE,,FALSE,,FALSE,770,,770,0,TRUE,FALSE
C,A,19750101,1975,52,1975,474,MTQ,Martinique (Overseas France),M,Import,0,W00,World,0,W00,World,S1,S1,TRUE,5613,Potassic fertilizers and materials,4,FALSE,C00,TOTAL CPC,0,0,TOTAL MOT,8,kg,1918437,FALSE,-1,N/A,,FALSE,1918437,FALSE,,FALSE,362642,,362642,0,TRUE,FALSE
C,A,19750101,1975,52,1975,480,MUS,Mauritius,M,Import,0,W00,World,0,W00,World,S1,S1,TRUE,5613,Potassic fertilizers and materials,4,FALSE,C00,TOTAL CPC,0,0,TOTAL MOT,8,kg,17220006,FALSE,-1,N/A,,FALSE,17220006,FALSE,,FALSE,2141849,,2141849,0,TRUE,FALSE
C,A,19750101,1975,52,1975,484,MEX,Mexico,M,Import,0,W00,World,0,W00,World,S1,S1,TRUE,5613,Potassic fertilizers and materials,4,FALSE,C00,TOTAL CPC,0,0,TOTAL MOT,8,kg,116239848,FALSE,-1,N/A,,FALSE,116239848,FALSE,,FALSE,7876375,,7876375,0,TRUE,FALSE
C,A,19750101,1975,52,1975,484,MEX,Mexico,X,Export,0,W00,World,0,W00,World,S1,S1,TRUE,5613,Potassic fertilizers and materials,4,FALSE,C00,TOTAL CPC,0,0,TOTAL MOT,8,kg,18153,FALSE,-1,N/A,,FALSE,18153,FALSE,,FALSE,,3337,3337,0,TRUE,FALSE
C,A,19750101,1975,52,1975,500,MSR,Montserrat,M,Import,0,W00,World,0,W00,World,S1,S1,TRUE,5613,Potassic fertilizers and materials,4,FALSE,C00,TOTAL CPC,0,0,TOTAL MOT,8,kg,0,FALSE,-1,N/A,,FALSE,,FALSE,,FALSE,13,,13,0,TRUE,FALSE
C,A,19750101,1975,52,1975,504,MAR,Morocco,M,Import,0,W00,World,0,W00,World,S1,S1,TRUE,5613,Potassic fertilizers and materials,4,FALSE,C00,TOTAL CPC,0,0,TOTAL MOT,8,kg,71453304,FALSE,-1,N/A,,FALSE,71453304,FALSE,,FALSE,8981001,,8981001,0,TRUE,FALSE
C,A,19750101,1975,52,1975,528,NLD,Netherlands,M,Import,0,W00,World,0,W00,World,S1,S1,TRUE,5613,Potassic fertilizers and materials,4,FALSE,C00,TOTAL CPC,0,0,TOTAL MOT,8,kg,308989408,FALSE,-1,N/A,,FALSE,308989408,FALSE,,FALSE,24145828,,24145828,0,TRUE,FALSE
C,A,19750101,1975,52,1975,528,NLD,Netherlands,X,Export,0,W00,World,0,W00,World,S1,S1,TRUE,5613,Potassic fertilizers and materials,4,FALSE,C00,TOTAL CPC,0,0,TOTAL MOT,8,kg,4706061,FALSE,-1,N/A,,FALSE,4706061,FALSE,,FALSE,,544132,544132,0,TRUE,FALSE
C,A,19750101,1975,52,1975,540,NCL,New Caledonia,M,Import,0,W00,World,0,W00,World,S1,S1,TRUE,5613,Potassic fertilizers and materials,4,FALSE,C00,TOTAL CPC,0,0,TOTAL MOT,8,kg,104495,FALSE,-1,N/A,,FALSE,104495,FALSE,,FALSE,34100,,34100,0,TRUE,FALSE
C,A,19750101,1975,52,1975,554,NZL,New Zealand,M,Import,0,W00,World,0,W00,World,S1,S1,TRUE,5613,Potassic fertilizers and materials,4,FALSE,C00,TOTAL CPC,0,0,TOTAL MOT,8,kg,210916000,FALSE,-1,N/A,,FALSE,210916000,FALSE,,FALSE,18186516,,18186516,0,TRUE,FALSE
C,A,19750101,1975,52,1975,554,NZL,New Zealand,X,Export,0,W00,World,0,W00,World,S1,S1,TRUE,5613,Potassic fertilizers and materials,4,FALSE,C00,TOTAL CPC,0,0,TOTAL MOT,8,kg,154000,FALSE,-1,N/A,,FALSE,154000,FALSE,,FALSE,,22670,22670,0,TRUE,FALSE
C,A,19750101,1975,52,1975,558,NIC,Nicaragua,M,Import,0,W00,World,0,W00,World,S1,S1,TRUE,5613,Potassic fertilizers and materials,4,FALSE,C00,TOTAL CPC,0,0,TOTAL MOT,8,kg,753505,FALSE,-1,N/A,,FALSE,753505,FALSE,,FALSE,173042,,173042,0,TRUE,FALSE
C,A,19750101,1975,52,1975,562,NER,Niger,M,Import,0,W00,World,0,W00,World,S1,S1,TRUE,5613,Potassic fertilizers and materials,4,FALSE,C00,TOTAL CPC,0,0,TOTAL MOT,8,kg,748875,FALSE,-1,N/A,,FALSE,748875,FALSE,,FALSE,327843,,327843,0,TRUE,FALSE
C,A,19750101,1975,52,1975,566,NGA,Nigeria,M,Import,0,W00,World,0,W00,World,S1,S1,TRUE,5613,Potassic fertilizers and materials,4,FALSE,C00,TOTAL CPC,0,0,TOTAL MOT,8,kg,4605000,FALSE,-1,N/A,,FALSE,4605000,FALSE,,FALSE,814813,,814813,0,TRUE,FALSE
C,A,19750101,1975,52,1975,579,NOR,Norway,M,Import,0,W00,World,0,W00,World,S1,S1,TRUE,5613,Potassic fertilizers and materials,4,FALSE,C00,TOTAL CPC,0,0,TOTAL MOT,8,kg,269520192,FALSE,-1,N/A,,FALSE,269520192,FALSE,,FALSE,26439484,,26439484,0,TRUE,FALSE
C,A,19750101,1975,52,1975,579,NOR,Norway,X,Export,0,W00,World,0,W00,World,S1,S1,TRUE,5613,Potassic fertilizers and materials,4,FALSE,C00,TOTAL CPC,0,0,TOTAL MOT,8,kg,1562,FALSE,-1,N/A,,FALSE,1562,FALSE,,FALSE,,231,231,0,TRUE,FALSE
C,A,19750101,1975,52,1975,590,PAN,"Panama, excl.Canal Zone (...1977)",M,Import,0,W00,World,0,W00,World,S1,S1,TRUE,5613,Potassic fertilizers and materials,4,FALSE,C00,TOTAL CPC,0,0,TOTAL MOT,8,kg,5032936,FALSE,-1,N/A,,FALSE,5032936,FALSE,,FALSE,920293,,920293,0,TRUE,FALSE
C,A,19750101,1975,52,1975,598,PNG,Papua New Guinea,M,Import,0,W00,World,0,W00,World,S1,S1,TRUE,5613,Potassic fertilizers and materials,4,FALSE,C00,TOTAL CPC,0,0,TOTAL MOT,-1,N/A,0,FALSE,-1,N/A,,FALSE,,FALSE,,FALSE,353369,,353369,0,TRUE,FALSE
C,A,19750101,1975,52,1975,600,PRY,Paraguay,M,Import,0,W00,World,0,W00,World,S1,S1,TRUE,5613,Potassic fertilizers and materials,4,FALSE,C00,TOTAL CPC,0,0,TOTAL MOT,8,kg,50545,FALSE,-1,N/A,,FALSE,50545,FALSE,,FALSE,9034,,9034,0,TRUE,FALSE
C,A,19750101,1975,52,1975,604,PER,Peru,M,Import,0,W00,World,0,W00,World,S1,S1,TRUE,5613,Potassic fertilizers and materials,4,FALSE,C00,TOTAL CPC,0,0,TOTAL MOT,8,kg,11312,FALSE,-1,N/A,,FALSE,11312,FALSE,,FALSE,5911,,5911,0,TRUE,FALSE
C,A,19750101,1975,52,1975,608,PHL,Philippines,M,Import,0,W00,World,0,W00,World,S1,S1,TRUE,5613,Potassic fertilizers and materials,4,FALSE,C00,TOTAL CPC,0,0,TOTAL MOT,8,kg,90367912,FALSE,-1,N/A,,FALSE,90367912,FALSE,,FALSE,8487997,,8487997,0,TRUE,FALSE
C,A,19750101,1975,52,1975,608,PHL,Philippines,X,Export,0,W00,World,0,W00,World,S1,S1,TRUE,5613,Potassic fertilizers and materials,4,FALSE,C00,TOTAL CPC,0,0,TOTAL MOT,8,kg,8562,FALSE,-1,N/A,,FALSE,8562,FALSE,,FALSE,,7995,7995,0,TRUE,FALSE
C,A,19750101,1975,52,1975,620,PRT,Portugal,M,Import,0,W00,World,0,W00,World,S1,S1,TRUE,5613,Potassic fertilizers and materials,4,FALSE,C00,TOTAL CPC,0,0,TOTAL MOT,8,kg,35108656,FALSE,-1,N/A,,FALSE,35108656,FALSE,,FALSE,3778105,,3778105,0,TRUE,FALSE
C,A,19750101,1975,52,1975,620,PRT,Portugal,X,Export,0,W00,World,0,W00,World,S1,S1,TRUE,5613,Potassic fertilizers and materials,4,FALSE,C00,TOTAL CPC,0,0,TOTAL MOT,8,kg,2500,FALSE,-1,N/A,,FALSE,2500,FALSE,,FALSE,,506,506,0,TRUE,FALSE
C,A,19750101,1975,52,1975,638,REU,RÈunion (Overseas France),M,Import,0,W00,World,0,W00,World,S1,S1,TRUE,5613,Potassic fertilizers and materials,4,FALSE,C00,TOTAL CPC,0,0,TOTAL MOT,8,kg,19839,FALSE,-1,N/A,,TRUE,19839,FALSE,-1,TRUE,4397,,4397,0,FALSE,FALSE
C,A,19750101,1975,52,1975,662,LCA,Saint Lucia,M,Import,0,W00,World,0,W00,World,S1,S1,TRUE,5613,Potassic fertilizers and materials,4,FALSE,C00,TOTAL CPC,0,0,TOTAL MOT,8,kg,2062,FALSE,-1,N/A,,FALSE,2062,FALSE,,FALSE,554,,554,0,TRUE,FALSE
C,A,19750101,1975,52,1975,682,SAU,Saudi Arabia,M,Import,0,W00,World,0,W00,World,S1,S1,TRUE,5613,Potassic fertilizers and materials,4,FALSE,C00,TOTAL CPC,0,0,TOTAL MOT,8,kg,22815,FALSE,-1,N/A,,FALSE,22815,FALSE,,FALSE,2174,,2174,0,TRUE,FALSE
C,A,19750101,1975,52,1975,686,SEN,Senegal,M,Import,0,W00,World,0,W00,World,S1,S1,TRUE,5613,Potassic fertilizers and materials,4,FALSE,C00,TOTAL CPC,0,0,TOTAL MOT,8,kg,3613,FALSE,-1,N/A,,FALSE,3613,FALSE,,FALSE,1661,,1661,0,TRUE,FALSE
C,A,19750101,1975,52,1975,694,SLE,Sierra Leone,M,Import,0,W00,World,0,W00,World,S1,S1,TRUE,5613,Potassic fertilizers and materials,4,FALSE,C00,TOTAL CPC,0,0,TOTAL MOT,8,kg,113792,FALSE,-1,N/A,,FALSE,113792,FALSE,,FALSE,4550,,4550,0,TRUE,FALSE
C,A,19750101,1975,52,1975,699,IND,India,M,Import,0,W00,World,0,W00,World,S1,S1,TRUE,5613,Potassic fertilizers and materials,4,FALSE,C00,TOTAL CPC,0,0,TOTAL MOT,8,kg,311350016,FALSE,-1,N/A,,FALSE,311350016,FALSE,,FALSE,34840288,,34840288,0,TRUE,FALSE
C,A,19750101,1975,52,1975,702,SGP,Singapore,M,Import,0,W00,World,0,W00,World,S1,S1,TRUE,5613,Potassic fertilizers and materials,4,FALSE,C00,TOTAL CPC,0,0,TOTAL MOT,8,kg,194850064,FALSE,-1,N/A,,FALSE,194850064,FALSE,,FALSE,22399534,,22399534,0,TRUE,FALSE
C,A,19750101,1975,52,1975,702,SGP,Singapore,X,Export,0,W00,World,0,W00,World,S1,S1,TRUE,5613,Potassic fertilizers and materials,4,FALSE,C00,TOTAL CPC,0,0,TOTAL MOT,8,kg,134739952,FALSE,-1,N/A,,FALSE,134739952,FALSE,,FALSE,,17464696,17464696,0,TRUE,FALSE
C,A,19750101,1975,52,1975,711,ZA1,Southern African Customs Union (...1999),M,Import,0,W00,World,0,W00,World,S1,S1,TRUE,5613,Potassic fertilizers and materials,4,FALSE,C00,TOTAL CPC,0,0,TOTAL MOT,8,kg,268211008,FALSE,-1,N/A,,FALSE,268211008,FALSE,,FALSE,24674432,,24674432,0,TRUE,FALSE
C,A,19750101,1975,52,1975,711,ZA1,Southern African Customs Union (...1999),X,Export,0,W00,World,0,W00,World,S1,S1,TRUE,5613,Potassic fertilizers and materials,4,FALSE,C00,TOTAL CPC,0,0,TOTAL MOT,-1,N/A,0,FALSE,-1,N/A,,FALSE,,FALSE,,FALSE,,61302,61302,0,TRUE,FALSE
C,A,19750101,1975,52,1975,724,ESP,Spain,M,Import,0,W00,World,0,W00,World,S1,S1,TRUE,5613,Potassic fertilizers and materials,4,FALSE,C00,TOTAL CPC,0,0,TOTAL MOT,8,kg,84763728,FALSE,-1,N/A,,FALSE,84763728,FALSE,,FALSE,8332593,,8332593,0,TRUE,FALSE
C,A,19750101,1975,52,1975,724,ESP,Spain,X,Export,0,W00,World,0,W00,World,S1,S1,TRUE,5613,Potassic fertilizers and materials,4,FALSE,C00,TOTAL CPC,0,0,TOTAL MOT,8,kg,127982016,FALSE,-1,N/A,,FALSE,127982016,FALSE,,FALSE,,12926453,12926453,0,TRUE,FALSE
C,A,19750101,1975,52,1975,736,SDN,Sudan (...2011),M,Import,0,W00,World,0,W00,World,S1,S1,TRUE,5613,Potassic fertilizers and materials,4,FALSE,C00,TOTAL CPC,0,0,TOTAL MOT,8,kg,1000,FALSE,-1,N/A,,FALSE,1000,FALSE,,FALSE,1272,,1272,0,TRUE,FALSE
C,A,19750101,1975,52,1975,752,SWE,Sweden,M,Import,0,W00,World,0,W00,World,S1,S1,TRUE,5613,Potassic fertilizers and materials,4,FALSE,C00,TOTAL CPC,0,0,TOTAL MOT,-1,N/A,0,FALSE,-1,N/A,,FALSE,,FALSE,,FALSE,21048004,,21048004,0,TRUE,FALSE
C,A,19750101,1975,52,1975,757,CHE,Switzerland,M,Import,0,W00,World,0,W00,World,S1,S1,TRUE,5613,Potassic fertilizers and materials,4,FALSE,C00,TOTAL CPC,0,0,TOTAL MOT,8,kg,15291339,FALSE,-1,N/A,,FALSE,15291339,FALSE,,FALSE,1427699,,1427699,0,TRUE,FALSE
C,A,19750101,1975,52,1975,757,CHE,Switzerland,X,Export,0,W00,World,0,W00,World,S1,S1,TRUE,5613,Potassic fertilizers and materials,4,FALSE,C00,TOTAL CPC,0,0,TOTAL MOT,8,kg,594,FALSE,-1,N/A,,FALSE,594,FALSE,,FALSE,,1310,1310,0,TRUE,FALSE
C,A,19750101,1975,52,1975,760,SYR,Syria,M,Import,0,W00,World,0,W00,World,S1,S1,TRUE,5613,Potassic fertilizers and materials,4,FALSE,C00,TOTAL CPC,0,0,TOTAL MOT,8,kg,482009,FALSE,-1,N/A,,FALSE,482009,FALSE,,FALSE,,77219,77219,0,TRUE,FALSE
C,A,19750101,1975,52,1975,764,THA,Thailand,M,Import,0,W00,World,0,W00,World,S1,S1,TRUE,5613,Potassic fertilizers and materials,4,FALSE,C00,TOTAL CPC,0,0,TOTAL MOT,8,kg,25980336,FALSE,-1,N/A,,FALSE,25980336,FALSE,,FALSE,3055524,,3055524,0,TRUE,FALSE
C,A,19750101,1975,52,1975,768,TGO,Togo,M,Import,0,W00,World,0,W00,World,S1,S1,TRUE,5613,Potassic fertilizers and materials,4,FALSE,C00,TOTAL CPC,0,0,TOTAL MOT,8,kg,74,FALSE,-1,N/A,,FALSE,74,FALSE,,FALSE,719,,719,0,TRUE,FALSE
C,A,19750101,1975,52,1975,780,TTO,Trinidad and Tobago,M,Import,0,W00,World,0,W00,World,S1,S1,TRUE,5613,Potassic fertilizers and materials,4,FALSE,C00,TOTAL CPC,0,0,TOTAL MOT,8,kg,4373112,FALSE,-1,N/A,,FALSE,4373112,FALSE,,FALSE,745801,,745801,0,TRUE,FALSE
C,A,19750101,1975,52,1975,780,TTO,Trinidad and Tobago,X,Export,0,W00,World,0,W00,World,S1,S1,TRUE,5613,Potassic fertilizers and materials,4,FALSE,C00,TOTAL CPC,0,0,TOTAL MOT,8,kg,80272,FALSE,-1,N/A,,FALSE,80272,FALSE,,FALSE,,7074,7074,0,TRUE,FALSE
C,A,19750101,1975,52,1975,788,TUN,Tunisia,M,Import,0,W00,World,0,W00,World,S1,S1,TRUE,5613,Potassic fertilizers and materials,4,FALSE,C00,TOTAL CPC,0,0,TOTAL MOT,8,kg,14794205,FALSE,-1,N/A,,FALSE,14794205,FALSE,,FALSE,1902170,,1902170,0,TRUE,FALSE
C,A,19750101,1975,52,1975,788,TUN,Tunisia,X,Export,0,W00,World,0,W00,World,S1,S1,TRUE,5613,Potassic fertilizers and materials,4,FALSE,C00,TOTAL CPC,0,0,TOTAL MOT,8,kg,2100000,FALSE,-1,N/A,,FALSE,2100000,FALSE,,FALSE,,217932,217932,0,TRUE,FALSE
C,A,19750101,1975,52,1975,792,TUR,TÅEkiye,M,Import,0,W00,World,0,W00,World,S1,S1,TRUE,5613,Potassic fertilizers and materials,4,FALSE,C00,TOTAL CPC,0,0,TOTAL MOT,8,kg,4874,FALSE,-1,N/A,,FALSE,4874,FALSE,,FALSE,3358,,3358,0,TRUE,FALSE
C,A,19750101,1975,52,1975,826,GBR,United Kingdom,M,Import,0,W00,World,0,W00,World,S1,S1,TRUE,5613,Potassic fertilizers and materials,4,FALSE,C00,TOTAL CPC,0,0,TOTAL MOT,8,kg,681798016,FALSE,-1,N/A,,FALSE,681798016,FALSE,,FALSE,66789708,,66789708,0,TRUE,FALSE
C,A,19750101,1975,52,1975,826,GBR,United Kingdom,X,Export,0,W00,World,0,W00,World,S1,S1,TRUE,5613,Potassic fertilizers and materials,4,FALSE,C00,TOTAL CPC,0,0,TOTAL MOT,8,kg,4428004,FALSE,-1,N/A,,FALSE,4428004,FALSE,,FALSE,,894588,894588,0,TRUE,FALSE
C,A,19750101,1975,52,1975,841,USA,USA and Puerto Rico (...1980),M,Import,0,W00,World,0,W00,World,S1,S1,TRUE,5613,Potassic fertilizers and materials,4,FALSE,C00,TOTAL CPC,0,0,TOTAL MOT,8,kg,5634282128,FALSE,-1,N/A,,FALSE,5634282128,FALSE,,FALSE,,255765430,255765430,0,TRUE,FALSE
C,A,19750101,1975,52,1975,841,USA,USA and Puerto Rico (...1980),X,Export,0,W00,World,0,W00,World,S1,S1,TRUE,5613,Potassic fertilizers and materials,4,FALSE,C00,TOTAL CPC,0,0,TOTAL MOT,8,kg,1275409604,FALSE,-1,N/A,,FALSE,1275409604,FALSE,,FALSE,,91797509,91797509,0,TRUE,FALSE
C,A,19750101,1975,52,1975,854,BFA,Burkina Faso,M,Import,0,W00,World,0,W00,World,S1,S1,TRUE,5613,Potassic fertilizers and materials,4,FALSE,C00,TOTAL CPC,0,0,TOTAL MOT,8,kg,418127,FALSE,-1,N/A,,FALSE,418127,FALSE,,FALSE,114913,,114913,0,TRUE,FALSE
C,A,19750101,1975,52,1975,858,URY,Uruguay,M,Import,0,W00,World,0,W00,World,S1,S1,TRUE,5613,Potassic fertilizers and materials,4,FALSE,C00,TOTAL CPC,0,0,TOTAL MOT,8,kg,5221179,FALSE,-1,N/A,,FALSE,5221179,FALSE,,FALSE,564261,,564261,0,TRUE,FALSE
C,A,19750101,1975,52,1975,862,VEN,Venezuela,M,Import,0,W00,World,0,W00,World,S1,S1,TRUE,5613,Potassic fertilizers and materials,4,FALSE,C00,TOTAL CPC,0,0,TOTAL MOT,8,kg,5252509,FALSE,-1,N/A,,FALSE,5252509,FALSE,,FALSE,,1307231,1307231,0,TRUE,FALSE
C,A,19750101,1975,52,1975,890,YUG,Yugoslavia (...1991),M,Import,0,W00,World,0,W00,World,S1,S1,TRUE,5613,Potassic fertilizers and materials,4,FALSE,C00,TOTAL CPC,0,0,TOTAL MOT,8,kg,247385344,FALSE,-1,N/A,,FALSE,247385344,FALSE,,FALSE,20360508,,20360508,0,TRUE,FALSE
C,A,19750101,1975,52,1975,894,ZMB,Zambia,M,Import,0,W00,World,0,W00,World,S1,S1,TRUE,5613,Potassic fertilizers and materials,4,FALSE,C00,TOTAL CPC,0,0,TOTAL MOT,8,kg,220000,FALSE,-1,N/A,,FALSE,220000,FALSE,,FALSE,,33677,33677,0,TRUE,FALSE
C,A,19760101,1976,52,1976,32,ARG,Argentina,M,Import,0,W00,World,0,W00,World,S1,S1,TRUE,5613,Potassic fertilizers and materials,4,FALSE,C00,TOTAL CPC,0,0,TOTAL MOT,8,kg,13328545,FALSE,-1,N/A,,FALSE,13328545,FALSE,,FALSE,1459936,,1459936,0,TRUE,FALSE
C,A,19760101,1976,52,1976,36,AUS,Australia,M,Import,0,W00,World,0,W00,World,S1,S1,TRUE,5613,Potassic fertilizers and materials,4,FALSE,C00,TOTAL CPC,0,0,TOTAL MOT,8,kg,115861652,FALSE,-1,N/A,,FALSE,115861652,FALSE,,FALSE,,8638933,8638933,0,TRUE,FALSE
C,A,19760101,1976,52,1976,36,AUS,Australia,X,Export,0,W00,World,0,W00,World,S1,S1,TRUE,5613,Potassic fertilizers and materials,4,FALSE,C00,TOTAL CPC,0,0,TOTAL MOT,8,kg,1273,FALSE,-1,N/A,,FALSE,1273,FALSE,,FALSE,,1228,1228,0,TRUE,FALSE
C,A,19760101,1976,52,1976,44,BHS,Bahamas,M,Import,0,W00,World,0,W00,World,S1,S1,TRUE,5613,Potassic fertilizers and materials,4,FALSE,C00,TOTAL CPC,0,0,TOTAL MOT,8,kg,96835,FALSE,-1,N/A,,FALSE,96835,FALSE,,FALSE,19500,,19500,0,TRUE,FALSE
C,A,19760101,1976,52,1976,52,BRB,Barbados,M,Import,0,W00,World,0,W00,World,S1,S1,TRUE,5613,Potassic fertilizers and materials,4,FALSE,C00,TOTAL CPC,0,0,TOTAL MOT,8,kg,306862,FALSE,-1,N/A,,FALSE,306862,FALSE,,FALSE,43863,,43863,0,TRUE,FALSE
C,A,19760101,1976,52,1976,58,BEL,Belgium-Luxembourg (...1998),M,Import,0,W00,World,0,W00,World,S1,S1,TRUE,5613,Potassic fertilizers and materials,4,FALSE,C00,TOTAL CPC,0,0,TOTAL MOT,8,kg,831399296,FALSE,-1,N/A,,FALSE,831399296,FALSE,,FALSE,58802720,,58802720,0,TRUE,FALSE
C,A,19760101,1976,52,1976,58,BEL,Belgium-Luxembourg (...1998),X,Export,0,W00,World,0,W00,World,S1,S1,TRUE,5613,Potassic fertilizers and materials,4,FALSE,C00,TOTAL CPC,0,0,TOTAL MOT,8,kg,443216800,FALSE,-1,N/A,,FALSE,443216800,FALSE,,FALSE,,41355956,41355956,0,TRUE,FALSE
C,A,19760101,1976,52,1976,60,BMU,Bermuda,M,Import,0,W00,World,0,W00,World,S1,S1,TRUE,5613,Potassic fertilizers and materials,4,FALSE,C00,TOTAL CPC,0,0,TOTAL MOT,8,kg,15468,FALSE,-1,N/A,,FALSE,15468,FALSE,,FALSE,1606,,1606,0,TRUE,FALSE
C,A,19760101,1976,52,1976,68,BOL,Bolivia (Plurinational State of),M,Import,0,W00,World,0,W00,World,S1,S1,TRUE,5613,Potassic fertilizers and materials,4,FALSE,C00,TOTAL CPC,0,0,TOTAL MOT,8,kg,50006,FALSE,-1,N/A,,FALSE,50006,FALSE,,FALSE,12652,,12652,0,TRUE,FALSE
C,A,19760101,1976,52,1976,76,BRA,Brazil,M,Import,0,W00,World,0,W00,World,S1,S1,TRUE,5613,Potassic fertilizers and materials,4,FALSE,C00,TOTAL CPC,0,0,TOTAL MOT,8,kg,1204087808,FALSE,-1,N/A,,FALSE,1204087808,FALSE,,FALSE,81653112,,81653112,0,TRUE,FALSE
C,A,19760101,1976,52,1976,76,BRA,Brazil,X,Export,0,W00,World,0,W00,World,S1,S1,TRUE,5613,Potassic fertilizers and materials,4,FALSE,C00,TOTAL CPC,0,0,TOTAL MOT,8,kg,2,FALSE,-1,N/A,,FALSE,2,FALSE,,FALSE,,55,55,0,TRUE,FALSE
C,A,19760101,1976,52,1976,84,BLZ,Belize,M,Import,0,W00,World,0,W00,World,S1,S1,TRUE,5613,Potassic fertilizers and materials,4,FALSE,C00,TOTAL CPC,0,0,TOTAL MOT,8,kg,1040562,FALSE,-1,N/A,,FALSE,1040562,FALSE,,FALSE,138872,,138872,0,TRUE,FALSE
C,A,19760101,1976,52,1976,96,BRN,Brunei Darussalam,M,Import,0,W00,World,0,W00,World,S1,S1,TRUE,5613,Potassic fertilizers and materials,4,FALSE,C00,TOTAL CPC,0,0,TOTAL MOT,8,kg,3126748,FALSE,-1,N/A,,FALSE,3126748,FALSE,,FALSE,523325,,523325,0,TRUE,FALSE
C,A,19760101,1976,52,1976,96,BRN,Brunei Darussalam,X,Export,0,W00,World,0,W00,World,S1,S1,TRUE,5613,Potassic fertilizers and materials,4,FALSE,C00,TOTAL CPC,0,0,TOTAL MOT,8,kg,30,FALSE,-1,N/A,,FALSE,30,FALSE,,FALSE,,30,30,0,TRUE,FALSE
C,A,19760101,1976,52,1976,104,MMR,Myanmar,M,Import,0,W00,World,0,W00,World,S1,S1,TRUE,5613,Potassic fertilizers and materials,4,FALSE,C00,TOTAL CPC,0,0,TOTAL MOT,8,kg,2998375,FALSE,-1,N/A,,FALSE,2998375,FALSE,,FALSE,285681,,285681,0,TRUE,FALSE
C,A,19760101,1976,52,1976,124,CAN,Canada,M,Import,0,W00,World,0,W00,World,S1,S1,TRUE,5613,Potassic fertilizers and materials,4,FALSE,C00,TOTAL CPC,0,0,TOTAL MOT,8,kg,57164000,FALSE,-1,N/A,,FALSE,57164000,FALSE,,FALSE,,3545368,3545368,0,TRUE,FALSE
C,A,19760101,1976,52,1976,124,CAN,Canada,X,Export,0,W00,World,0,W00,World,S1,S1,TRUE,5613,Potassic fertilizers and materials,4,FALSE,C00,TOTAL CPC,0,0,TOTAL MOT,8,kg,8278136832,FALSE,-1,N/A,,FALSE,8278136832,FALSE,,FALSE,,413564128,413564128,0,TRUE,FALSE
C,A,19760101,1976,52,1976,144,LKA,Sri Lanka,M,Import,0,W00,World,0,W00,World,S1,S1,TRUE,5613,Potassic fertilizers and materials,4,FALSE,C00,TOTAL CPC,0,0,TOTAL MOT,8,kg,28301476,FALSE,-1,N/A,,FALSE,28301476,FALSE,,FALSE,3130066,,3130066,0,TRUE,FALSE
C,A,19760101,1976,52,1976,152,CHL,Chile,M,Import,0,W00,World,0,W00,World,S1,S1,TRUE,5613,Potassic fertilizers and materials,4,FALSE,C00,TOTAL CPC,0,0,TOTAL MOT,8,kg,21175186,FALSE,-1,N/A,,FALSE,21175186,FALSE,,FALSE,1500914,,1500914,0,TRUE,FALSE
C,A,19760101,1976,52,1976,152,CHL,Chile,X,Export,0,W00,World,0,W00,World,S1,S1,TRUE,5613,Potassic fertilizers and materials,4,FALSE,C00,TOTAL CPC,0,0,TOTAL MOT,8,kg,0,FALSE,-1,N/A,,FALSE,,FALSE,,FALSE,,20,20,0,TRUE,FALSE
C,A,19760101,1976,52,1976,170,COL,Colombia,M,Import,0,W00,World,0,W00,World,S1,S1,TRUE,5613,Potassic fertilizers and materials,4,FALSE,C00,TOTAL CPC,0,0,TOTAL MOT,8,kg,21314776,FALSE,-1,N/A,,FALSE,21314776,FALSE,,FALSE,1528400,,1528400,0,TRUE,FALSE
C,A,19760101,1976,52,1976,178,COG,Congo,X,Export,0,W00,World,0,W00,World,S1,S1,TRUE,5613,Potassic fertilizers and materials,4,FALSE,C00,TOTAL CPC,0,0,TOTAL MOT,8,kg,400379008,FALSE,-1,N/A,,FALSE,400379008,FALSE,,FALSE,,16871408,16871408,0,TRUE,FALSE
C,A,19760101,1976,52,1976,180,COD,Dem. Rep. of the Congo,M,Import,0,W00,World,0,W00,World,S1,S1,TRUE,5613,Potassic fertilizers and materials,4,FALSE,C00,TOTAL CPC,0,0,TOTAL MOT,8,kg,1869100,FALSE,-1,N/A,,FALSE,1869100,FALSE,,FALSE,321322,,321322,0,TRUE,FALSE
C,A,19760101,1976,52,1976,188,CRI,Costa Rica,M,Import,0,W00,World,0,W00,World,S1,S1,TRUE,5613,Potassic fertilizers and materials,4,FALSE,C00,TOTAL CPC,0,0,TOTAL MOT,8,kg,45714660,FALSE,-1,N/A,,FALSE,45714660,FALSE,,FALSE,4404511,,4404511,0,TRUE,FALSE
C,A,19760101,1976,52,1976,188,CRI,Costa Rica,X,Export,0,W00,World,0,W00,World,S1,S1,TRUE,5613,Potassic fertilizers and materials,4,FALSE,C00,TOTAL CPC,0,0,TOTAL MOT,8,kg,1062,FALSE,-1,N/A,,FALSE,1062,FALSE,,FALSE,,178,178,0,TRUE,FALSE
C,A,19760101,1976,52,1976,214,DOM,Dominican Rep.,M,Import,0,W00,World,0,W00,World,S1,S1,TRUE,5613,Potassic fertilizers and materials,4,FALSE,C00,TOTAL CPC,0,0,TOTAL MOT,8,kg,10216912,FALSE,-1,N/A,,FALSE,10216912,FALSE,,FALSE,,738497,738497,0,TRUE,FALSE
C,A,19760101,1976,52,1976,218,ECU,Ecuador,M,Import,0,W00,World,0,W00,World,S1,S1,TRUE,5613,Potassic fertilizers and materials,4,FALSE,C00,TOTAL CPC,0,0,TOTAL MOT,8,kg,71136,FALSE,-1,N/A,,FALSE,71136,FALSE,,FALSE,52306,,52306,0,TRUE,FALSE
C,A,19760101,1976,52,1976,222,SLV,El Salvador,M,Import,0,W00,World,0,W00,World,S1,S1,TRUE,5613,Potassic fertilizers and materials,4,FALSE,C00,TOTAL CPC,0,0,TOTAL MOT,8,kg,1267625,FALSE,-1,N/A,,FALSE,1267625,FALSE,,FALSE,117007,,117007,0,TRUE,FALSE
C,A,19760101,1976,52,1976,242,FJI,Fiji,M,Import,0,W00,World,0,W00,World,S1,S1,TRUE,5613,Potassic fertilizers and materials,4,FALSE,C00,TOTAL CPC,0,0,TOTAL MOT,8,kg,1620000,FALSE,-1,N/A,,FALSE,1620000,FALSE,,FALSE,205835,,205835,0,TRUE,FALSE
C,A,19760101,1976,52,1976,251,FRA,France,M,Import,0,W00,World,0,W00,World,S1,S1,TRUE,5613,Potassic fertilizers and materials,4,FALSE,C00,TOTAL CPC,0,0,TOTAL MOT,8,kg,322927488,FALSE,-1,N/A,,FALSE,322927488,FALSE,,FALSE,25215844,,25215844,0,TRUE,FALSE
C,A,19760101,1976,52,1976,251,FRA,France,X,Export,0,W00,World,0,W00,World,S1,S1,TRUE,5613,Potassic fertilizers and materials,4,FALSE,C00,TOTAL CPC,0,0,TOTAL MOT,8,kg,578298688,FALSE,-1,N/A,,FALSE,578298688,FALSE,,FALSE,,38379144,38379144,0,TRUE,FALSE
C,A,19760101,1976,52,1976,280,DEU,Fed. Rep. of Germany (...1990),M,Import,0,W00,World,0,W00,World,S1,S1,TRUE,5613,Potassic fertilizers and materials,4,FALSE,C00,TOTAL CPC,0,0,TOTAL MOT,8,kg,76559200,FALSE,-1,N/A,,TRUE,76559200,FALSE,-1,TRUE,5849000,,5849000,0,FALSE,FALSE
C,A,19760101,1976,52,1976,280,DEU,Fed. Rep. of Germany (...1990),X,Export,0,W00,World,0,W00,World,S1,S1,TRUE,5613,Potassic fertilizers and materials,4,FALSE,C00,TOTAL CPC,0,0,TOTAL MOT,8,kg,1573249920,FALSE,-1,N/A,,TRUE,1573249920,FALSE,-1,TRUE,,118386000,118386000,0,FALSE,FALSE
C,A,19760101,1976,52,1976,288,GHA,Ghana,M,Import,0,W00,World,0,W00,World,S1,S1,TRUE,5613,Potassic fertilizers and materials,4,FALSE,C00,TOTAL CPC,0,0,TOTAL MOT,8,kg,20000,FALSE,-1,N/A,,FALSE,20000,FALSE,,FALSE,2674,,2674,0,TRUE,FALSE
C,A,19760101,1976,52,1976,296,KIR,Kiribati,M,Import,0,W00,World,0,W00,World,S1,S1,TRUE,5613,Potassic fertilizers and materials,4,FALSE,C00,TOTAL CPC,0,0,TOTAL MOT,-1,N/A,0,FALSE,-1,N/A,,FALSE,,FALSE,,FALSE,28314,,28314,0,TRUE,FALSE
C,A,19760101,1976,52,1976,320,GTM,Guatemala,M,Import,0,W00,World,0,W00,World,S1,S1,TRUE,5613,Potassic fertilizers and materials,4,FALSE,C00,TOTAL CPC,0,0,TOTAL MOT,8,kg,62882,FALSE,-1,N/A,,FALSE,62882,FALSE,,FALSE,18371,,18371,0,TRUE,FALSE
C,A,19760101,1976,52,1976,328,GUY,Guyana,M,Import,0,W00,World,0,W00,World,S1,S1,TRUE,5613,Potassic fertilizers and materials,4,FALSE,C00,TOTAL CPC,0,0,TOTAL MOT,8,kg,3638607,FALSE,-1,N/A,,FALSE,3638607,FALSE,,FALSE,678842,,678842,0,TRUE,FALSE
C,A,19760101,1976,52,1976,340,HND,Honduras,M,Import,0,W00,World,0,W00,World,S1,S1,TRUE,5613,Potassic fertilizers and materials,4,FALSE,C00,TOTAL CPC,0,0,TOTAL MOT,8,kg,6121937,FALSE,-1,N/A,,FALSE,6121937,FALSE,,FALSE,1083421,,1083421,0,TRUE,FALSE
C,A,19760101,1976,52,1976,344,HKG,"China, Hong Kong SAR",M,Import,0,W00,World,0,W00,World,S1,S1,TRUE,5613,Potassic fertilizers and materials,4,FALSE,C00,TOTAL CPC,0,0,TOTAL MOT,8,kg,1375,FALSE,-1,N/A,,FALSE,1375,FALSE,,FALSE,1371,,1371,0,TRUE,FALSE
C,A,19760101,1976,52,1976,344,HKG,"China, Hong Kong SAR",X,Export,0,W00,World,0,W00,World,S1,S1,TRUE,5613,Potassic fertilizers and materials,4,FALSE,C00,TOTAL CPC,0,0,TOTAL MOT,8,kg,457,FALSE,-1,N/A,,FALSE,457,FALSE,,FALSE,,291,291,0,TRUE,FALSE
C,A,19760101,1976,52,1976,352,ISL,Iceland,M,Import,0,W00,World,0,W00,World,S1,S1,TRUE,5613,Potassic fertilizers and materials,4,FALSE,C00,TOTAL CPC,0,0,TOTAL MOT,8,kg,6554760,FALSE,-1,N/A,,FALSE,6554760,FALSE,,FALSE,660637,,660637,0,TRUE,FALSE
C,A,19760101,1976,52,1976,360,IDN,Indonesia,M,Import,0,W00,World,0,W00,World,S1,S1,TRUE,5613,Potassic fertilizers and materials,4,FALSE,C00,TOTAL CPC,0,0,TOTAL MOT,8,kg,42400572,FALSE,-1,N/A,,FALSE,42400572,FALSE,,FALSE,5171828,,5171828,0,TRUE,FALSE
C,A,19760101,1976,52,1976,364,IRN,Iran,M,Import,0,W00,World,0,W00,World,S1,S1,TRUE,5613,Potassic fertilizers and materials,4,FALSE,C00,TOTAL CPC,0,0,TOTAL MOT,8,kg,47150,FALSE,-1,N/A,,FALSE,47150,FALSE,,FALSE,38160,,38160,0,TRUE,FALSE
C,A,19760101,1976,52,1976,364,IRN,Iran,X,Export,0,W00,World,0,W00,World,S1,S1,TRUE,5613,Potassic fertilizers and materials,4,FALSE,C00,TOTAL CPC,0,0,TOTAL MOT,8,kg,20550,FALSE,-1,N/A,,FALSE,20550,FALSE,,FALSE,,2967,2967,0,TRUE,FALSE
C,A,19760101,1976,52,1976,376,ISR,Israel,M,Import,0,W00,World,0,W00,World,S1,S1,TRUE,5613,Potassic fertilizers and materials,4,FALSE,C00,TOTAL CPC,0,0,TOTAL MOT,-1,N/A,0,FALSE,-1,N/A,,FALSE,,FALSE,,FALSE,7999,,7999,0,TRUE,FALSE
C,A,19760101,1976,52,1976,376,ISR,Israel,X,Export,0,W00,World,0,W00,World,S1,S1,TRUE,5613,Potassic fertilizers and materials,4,FALSE,C00,TOTAL CPC,0,0,TOTAL MOT,-1,N/A,0,FALSE,-1,N/A,,FALSE,,FALSE,,FALSE,,1279358,1279358,0,TRUE,FALSE
C,A,19760101,1976,52,1976,380,ITA,Italy,M,Import,0,W00,World,0,W00,World,S1,S1,TRUE,5613,Potassic fertilizers and materials,4,FALSE,C00,TOTAL CPC,0,0,TOTAL MOT,8,kg,321097472,FALSE,-1,N/A,,TRUE,321097472,FALSE,-1,TRUE,23908664,,23908664,0,FALSE,FALSE
C,A,19760101,1976,52,1976,380,ITA,Italy,X,Export,0,W00,World,0,W00,World,S1,S1,TRUE,5613,Potassic fertilizers and materials,4,FALSE,C00,TOTAL CPC,0,0,TOTAL MOT,8,kg,93566512,FALSE,-1,N/A,,TRUE,93566512,FALSE,-1,TRUE,,10165924,10165924,0,FALSE,FALSE
C,A,19760101,1976,52,1976,388,JAM,Jamaica,M,Import,0,W00,World,0,W00,World,S1,S1,TRUE,5613,Potassic fertilizers and materials,4,FALSE,C00,TOTAL CPC,0,0,TOTAL MOT,8,kg,15076148,FALSE,-1,N/A,,FALSE,15076148,FALSE,,FALSE,1813531,,1813531,0,TRUE,FALSE
C,A,19760101,1976,52,1976,388,JAM,Jamaica,X,Export,0,W00,World,0,W00,World,S1,S1,TRUE,5613,Potassic fertilizers and materials,4,FALSE,C00,TOTAL CPC,0,0,TOTAL MOT,-1,N/A,0,FALSE,-1,N/A,,FALSE,,FALSE,,FALSE,,306,306,0,TRUE,FALSE
C,A,19760101,1976,52,1976,400,JOR,Jordan,M,Import,0,W00,World,0,W00,World,S1,S1,TRUE,5613,Potassic fertilizers and materials,4,FALSE,C00,TOTAL CPC,0,0,TOTAL MOT,8,kg,4425491,FALSE,-1,N/A,,FALSE,4425491,FALSE,,FALSE,673636,,673636,0,TRUE,FALSE
C,A,19760101,1976,52,1976,404,KEN,Kenya,M,Import,0,W00,World,0,W00,World,S1,S1,TRUE,5613,Potassic fertilizers and materials,4,FALSE,C00,TOTAL CPC,0,0,TOTAL MOT,8,kg,3920000,FALSE,-1,N/A,,FALSE,3920000,FALSE,,FALSE,619442,,619442,0,TRUE,FALSE
C,A,19760101,1976,52,1976,404,KEN,Kenya,X,Export,0,W00,World,0,W00,World,S1,S1,TRUE,5613,Potassic fertilizers and materials,4,FALSE,C00,TOTAL CPC,0,0,TOTAL MOT,8,kg,50000,FALSE,-1,N/A,,FALSE,50000,FALSE,,FALSE,,17625,17625,0,TRUE,FALSE
C,A,19760101,1976,52,1976,430,LBR,Liberia,M,Import,0,W00,World,0,W00,World,S1,S1,TRUE,5613,Potassic fertilizers and materials,4,FALSE,C00,TOTAL CPC,0,0,TOTAL MOT,8,kg,1846707,FALSE,-1,N/A,,FALSE,1846707,FALSE,,FALSE,292509,,292509,0,TRUE,FALSE
C,A,19760101,1976,52,1976,454,MWI,Malawi,M,Import,0,W00,World,0,W00,World,S1,S1,TRUE,5613,Potassic fertilizers and materials,4,FALSE,C00,TOTAL CPC,0,0,TOTAL MOT,8,kg,139707,FALSE,-1,N/A,,FALSE,139707,FALSE,,FALSE,27930,,27930,0,TRUE,FALSE
C,A,19760101,1976,52,1976,458,MYS,Malaysia,M,Import,0,W00,World,0,W00,World,S1,S1,TRUE,5613,Potassic fertilizers and materials,4,FALSE,C00,TOTAL CPC,0,0,TOTAL MOT,8,kg,229207808,FALSE,-1,N/A,,FALSE,229207808,FALSE,,FALSE,22138280,,22138280,0,TRUE,FALSE
C,A,19760101,1976,52,1976,458,MYS,Malaysia,X,Export,0,W00,World,0,W00,World,S1,S1,TRUE,5613,Potassic fertilizers and materials,4,FALSE,C00,TOTAL CPC,0,0,TOTAL MOT,8,kg,507,FALSE,-1,N/A,,FALSE,507,FALSE,,FALSE,,76,76,0,TRUE,FALSE
C,A,19760101,1976,52,1976,470,MLT,Malta,M,Import,0,W00,World,0,W00,World,S1,S1,TRUE,5613,Potassic fertilizers and materials,4,FALSE,C00,TOTAL CPC,0,0,TOTAL MOT,-1,N/A,0,FALSE,-1,N/A,,FALSE,,FALSE,,FALSE,1118,,1118,0,TRUE,FALSE
C,A,19760101,1976,52,1976,480,MUS,Mauritius,M,Import,0,W00,World,0,W00,World,S1,S1,TRUE,5613,Potassic fertilizers and materials,4,FALSE,C00,TOTAL CPC,0,0,TOTAL MOT,8,kg,20866484,FALSE,-1,N/A,,FALSE,20866484,FALSE,,FALSE,1626893,,1626893,0,TRUE,FALSE
C,A,19760101,1976,52,1976,484,MEX,Mexico,M,Import,0,W00,World,0,W00,World,S1,S1,TRUE,5613,Potassic fertilizers and materials,4,FALSE,C00,TOTAL CPC,0,0,TOTAL MOT,8,kg,129712248,FALSE,-1,N/A,,FALSE,129712248,FALSE,,FALSE,9316675,,9316675,0,TRUE,FALSE
C,A,19760101,1976,52,1976,528,NLD,Netherlands,M,Import,0,W00,World,0,W00,World,S1,S1,TRUE,5613,Potassic fertilizers and materials,4,FALSE,C00,TOTAL CPC,0,0,TOTAL MOT,8,kg,364590752,FALSE,-1,N/A,,FALSE,364590752,FALSE,,FALSE,27032384,,27032384,0,TRUE,FALSE
C,A,19760101,1976,52,1976,528,NLD,Netherlands,X,Export,0,W00,World,0,W00,World,S1,S1,TRUE,5613,Potassic fertilizers and materials,4,FALSE,C00,TOTAL CPC,0,0,TOTAL MOT,8,kg,1187818,FALSE,-1,N/A,,FALSE,1187818,FALSE,,FALSE,,153868,153868,0,TRUE,FALSE
C,A,19760101,1976,52,1976,554,NZL,New Zealand,M,Import,0,W00,World,0,W00,World,S1,S1,TRUE,5613,Potassic fertilizers and materials,4,FALSE,C00,TOTAL CPC,0,0,TOTAL MOT,-1,N/A,0,FALSE,-1,N/A,,FALSE,,FALSE,,FALSE,18062952,,18062952,0,TRUE,FALSE
C,A,19760101,1976,52,1976,554,NZL,New Zealand,X,Export,0,W00,World,0,W00,World,S1,S1,TRUE,5613,Potassic fertilizers and materials,4,FALSE,C00,TOTAL CPC,0,0,TOTAL MOT,8,kg,4000,FALSE,-1,N/A,,FALSE,4000,FALSE,,FALSE,,706,706,0,TRUE,FALSE
C,A,19760101,1976,52,1976,558,NIC,Nicaragua,M,Import,0,W00,World,0,W00,World,S1,S1,TRUE,5613,Potassic fertilizers and materials,4,FALSE,C00,TOTAL CPC,0,0,TOTAL MOT,8,kg,3591750,FALSE,-1,N/A,,FALSE,3591750,FALSE,,FALSE,499478,,499478,0,TRUE,FALSE
C,A,19760101,1976,52,1976,566,NGA,Nigeria,M,Import,0,W00,World,0,W00,World,S1,S1,TRUE,5613,Potassic fertilizers and materials,4,FALSE,C00,TOTAL CPC,0,0,TOTAL MOT,8,kg,5762000,FALSE,-1,N/A,,FALSE,5762000,FALSE,,FALSE,2402695,,2402695,0,TRUE,FALSE
C,A,19760101,1976,52,1976,586,PAK,Pakistan,M,Import,0,W00,World,0,W00,World,S1,S1,TRUE,5613,Potassic fertilizers and materials,4,FALSE,C00,TOTAL CPC,0,0,TOTAL MOT,8,kg,5000002048,FALSE,-1,N/A,,FALSE,5000002048,FALSE,,FALSE,667353,,667353,0,TRUE,FALSE
C,A,19760101,1976,52,1976,590,PAN,"Panama, excl.Canal Zone (...1977)",M,Import,0,W00,World,0,W00,World,S1,S1,TRUE,5613,Potassic fertilizers and materials,4,FALSE,C00,TOTAL CPC,0,0,TOTAL MOT,8,kg,10218570,FALSE,-1,N/A,,FALSE,10218570,FALSE,,FALSE,1548359,,1548359,0,TRUE,FALSE
C,A,19760101,1976,52,1976,598,PNG,Papua New Guinea,M,Import,0,W00,World,0,W00,World,S1,S1,TRUE,5613,Potassic fertilizers and materials,4,FALSE,C00,TOTAL CPC,0,0,TOTAL MOT,8,kg,2658000,FALSE,-1,N/A,,FALSE,2658000,FALSE,,FALSE,297240,,297240,0,TRUE,FALSE
C,A,19760101,1976,52,1976,600,PRY,Paraguay,M,Import,0,W00,World,0,W00,World,S1,S1,TRUE,5613,Potassic fertilizers and materials,4,FALSE,C00,TOTAL CPC,0,0,TOTAL MOT,8,kg,150683,FALSE,-1,N/A,,FALSE,150683,FALSE,,FALSE,26322,,26322,0,TRUE,FALSE
C,A,19760101,1976,52,1976,608,PHL,Philippines,M,Import,0,W00,World,0,W00,World,S1,S1,TRUE,5613,Potassic fertilizers and materials,4,FALSE,C00,TOTAL CPC,0,0,TOTAL MOT,8,kg,73418800,FALSE,-1,N/A,,FALSE,73418800,FALSE,,FALSE,5200215,,5200215,0,TRUE,FALSE
C,A,19760101,1976,52,1976,620,PRT,Portugal,M,Import,0,W00,World,0,W00,World,S1,S1,TRUE,5613,Potassic fertilizers and materials,4,FALSE,C00,TOTAL CPC,0,0,TOTAL MOT,8,kg,58469016,FALSE,-1,N/A,,FALSE,58469016,FALSE,,FALSE,4514537,,4514537,0,TRUE,FALSE
C,A,19760101,1976,52,1976,620,PRT,Portugal,X,Export,0,W00,World,0,W00,World,S1,S1,TRUE,5613,Potassic fertilizers and materials,4,FALSE,C00,TOTAL CPC,0,0,TOTAL MOT,8,kg,693261,FALSE,-1,N/A,,FALSE,693261,FALSE,,FALSE,,96106,96106,0,TRUE,FALSE
C,A,19760101,1976,52,1976,662,LCA,Saint Lucia,M,Import,0,W00,World,0,W00,World,S1,S1,TRUE,5613,Potassic fertilizers and materials,4,FALSE,C00,TOTAL CPC,0,0,TOTAL MOT,8,kg,101,FALSE,-1,N/A,,FALSE,101,FALSE,,FALSE,57,,57,0,TRUE,FALSE
C,A,19760101,1976,52,1976,670,VCT,Saint Vincent and the Grenadines,M,Import,0,W00,World,0,W00,World,S1,S1,TRUE,5613,Potassic fertilizers and materials,4,FALSE,C00,TOTAL CPC,0,0,TOTAL MOT,8,kg,50,FALSE,-1,N/A,,FALSE,50,FALSE,,FALSE,204,,204,0,TRUE,FALSE
C,A,19760101,1976,52,1976,690,SYC,Seychelles,M,Import,0,W00,World,0,W00,World,S1,S1,TRUE,5613,Potassic fertilizers and materials,4,FALSE,C00,TOTAL CPC,0,0,TOTAL MOT,-1,N/A,0,FALSE,-1,N/A,,FALSE,,FALSE,,FALSE,3452,,3452,0,TRUE,FALSE
C,A,19760101,1976,52,1976,694,SLE,Sierra Leone,M,Import,0,W00,World,0,W00,World,S1,S1,TRUE,5613,Potassic fertilizers and materials,4,FALSE,C00,TOTAL CPC,0,0,TOTAL MOT,8,kg,370854,FALSE,-1,N/A,,FALSE,370854,FALSE,,FALSE,53602,,53602,0,TRUE,FALSE
C,A,19760101,1976,52,1976,699,IND,India,M,Import,0,W00,World,0,W00,World,S1,S1,TRUE,5613,Potassic fertilizers and materials,4,FALSE,C00,TOTAL CPC,0,0,TOTAL MOT,8,kg,258856000,FALSE,-1,N/A,,FALSE,258856000,FALSE,,FALSE,24832108,,24832108,0,TRUE,FALSE
C,A,19760101,1976,52,1976,702,SGP,Singapore,M,Import,0,W00,World,0,W00,World,S1,S1,TRUE,5613,Potassic fertilizers and materials,4,FALSE,C00,TOTAL CPC,0,0,TOTAL MOT,8,kg,186923968,FALSE,-1,N/A,,FALSE,186923968,FALSE,,FALSE,15314972,,15314972,0,TRUE,FALSE
C,A,19760101,1976,52,1976,702,SGP,Singapore,X,Export,0,W00,World,0,W00,World,S1,S1,TRUE,5613,Potassic fertilizers and materials,4,FALSE,C00,TOTAL CPC,0,0,TOTAL MOT,8,kg,153044992,FALSE,-1,N/A,,FALSE,153044992,FALSE,,FALSE,,16137874,16137874,0,TRUE,FALSE
C,A,19760101,1976,52,1976,724,ESP,Spain,M,Import,0,W00,World,0,W00,World,S1,S1,TRUE,5613,Potassic fertilizers and materials,4,FALSE,C00,TOTAL CPC,0,0,TOTAL MOT,8,kg,5000,FALSE,-1,N/A,,FALSE,5000,FALSE,,FALSE,4032,,4032,0,TRUE,FALSE
C,A,19760101,1976,52,1976,724,ESP,Spain,X,Export,0,W00,World,0,W00,World,S1,S1,TRUE,5613,Potassic fertilizers and materials,4,FALSE,C00,TOTAL CPC,0,0,TOTAL MOT,8,kg,408630400,FALSE,-1,N/A,,FALSE,408630400,FALSE,,FALSE,,27056568,27056568,0,TRUE,FALSE
C,A,19760101,1976,52,1976,780,TTO,Trinidad and Tobago,M,Import,0,W00,World,0,W00,World,S1,S1,TRUE,5613,Potassic fertilizers and materials,4,FALSE,C00,TOTAL CPC,0,0,TOTAL MOT,8,kg,4484815,FALSE,-1,N/A,,FALSE,4484815,FALSE,,FALSE,737336,,737336,0,TRUE,FALSE
C,A,19760101,1976,52,1976,780,TTO,Trinidad and Tobago,X,Export,0,W00,World,0,W00,World,S1,S1,TRUE,5613,Potassic fertilizers and materials,4,FALSE,C00,TOTAL CPC,0,0,TOTAL MOT,8,kg,51847,FALSE,-1,N/A,,FALSE,51847,FALSE,,FALSE,,5258,5258,0,TRUE,FALSE
C,A,19760101,1976,52,1976,788,TUN,Tunisia,M,Import,0,W00,World,0,W00,World,S1,S1,TRUE,5613,Potassic fertilizers and materials,4,FALSE,C00,TOTAL CPC,0,0,TOTAL MOT,8,kg,4981501,FALSE,-1,N/A,,FALSE,4981501,FALSE,,FALSE,676855,,676855,0,TRUE,FALSE
C,A,19760101,1976,52,1976,792,TUR,TÅEkiye,M,Import,0,W00,World,0,W00,World,S1,S1,TRUE,5613,Potassic fertilizers and materials,4,FALSE,C00,TOTAL CPC,0,0,TOTAL MOT,8,kg,18739544,FALSE,-1,N/A,,FALSE,18739544,FALSE,,FALSE,1914548,,1914548,0,TRUE,FALSE
C,A,19760101,1976,52,1976,800,UGA,Uganda,M,Import,0,W00,World,0,W00,World,S1,S1,TRUE,5613,Potassic fertilizers and materials,4,FALSE,C00,TOTAL CPC,0,0,TOTAL MOT,8,kg,0,FALSE,-1,N/A,,FALSE,,FALSE,,FALSE,108,,108,0,TRUE,FALSE
C,A,19760101,1976,52,1976,818,EGY,Egypt,M,Import,0,W00,World,0,W00,World,S1,S1,TRUE,5613,Potassic fertilizers and materials,4,FALSE,C00,TOTAL CPC,0,0,TOTAL MOT,8,kg,5000223,FALSE,-1,N/A,,FALSE,5000223,FALSE,,FALSE,511321,,511321,0,TRUE,FALSE
C,A,19760101,1976,52,1976,826,GBR,United Kingdom,M,Import,0,W00,World,0,W00,World,S1,S1,TRUE,5613,Potassic fertilizers and materials,4,FALSE,C00,TOTAL CPC,0,0,TOTAL MOT,8,kg,731769984,FALSE,-1,N/A,,FALSE,731769984,FALSE,,FALSE,58772164,,58772164,0,TRUE,FALSE
C,A,19760101,1976,52,1976,826,GBR,United Kingdom,X,Export,0,W00,World,0,W00,World,S1,S1,TRUE,5613,Potassic fertilizers and materials,4,FALSE,C00,TOTAL CPC,0,0,TOTAL MOT,8,kg,24070002,FALSE,-1,N/A,,FALSE,24070002,FALSE,,FALSE,,1883595,1883595,0,TRUE,FALSE
C,A,19760101,1976,52,1976,834,TZA,United Rep. of Tanzania,M,Import,0,W00,World,0,W00,World,S1,S1,TRUE,5613,Potassic fertilizers and materials,4,FALSE,C00,TOTAL CPC,0,0,TOTAL MOT,8,kg,5742000,FALSE,-1,N/A,,FALSE,5742000,FALSE,,FALSE,1007178,,1007178,0,TRUE,FALSE
C,A,19760101,1976,52,1976,841,USA,USA and Puerto Rico (...1980),M,Import,0,W00,World,0,W00,World,S1,S1,TRUE,5613,Potassic fertilizers and materials,4,FALSE,C00,TOTAL CPC,0,0,TOTAL MOT,8,kg,6826272256,FALSE,-1,N/A,,FALSE,6826272256,FALSE,,FALSE,,336586400,336586400,0,TRUE,FALSE
C,A,19760101,1976,52,1976,841,USA,USA and Puerto Rico (...1980),X,Export,0,W00,World,0,W00,World,S1,S1,TRUE,5613,Potassic fertilizers and materials,4,FALSE,C00,TOTAL CPC,0,0,TOTAL MOT,8,kg,1508566272,FALSE,-1,N/A,,FALSE,1508566272,FALSE,,FALSE,,92290288,92290288,0,TRUE,FALSE
C,A,19760101,1976,52,1976,858,URY,Uruguay,M,Import,0,W00,World,0,W00,World,S1,S1,TRUE,5613,Potassic fertilizers and materials,4,FALSE,C00,TOTAL CPC,0,0,TOTAL MOT,8,kg,5205749,FALSE,-1,N/A,,FALSE,5205749,FALSE,,FALSE,486483,,486483,0,TRUE,FALSE
C,A,19760101,1976,52,1976,858,URY,Uruguay,X,Export,0,W00,World,0,W00,World,S1,S1,TRUE,5613,Potassic fertilizers and materials,4,FALSE,C00,TOTAL CPC,0,0,TOTAL MOT,8,kg,1198625,FALSE,-1,N/A,,FALSE,1198625,FALSE,,FALSE,,99886,99886,0,TRUE,FALSE
C,A,19760101,1976,52,1976,862,VEN,Venezuela,M,Import,0,W00,World,0,W00,World,S1,S1,TRUE,5613,Potassic fertilizers and materials,4,FALSE,C00,TOTAL CPC,0,0,TOTAL MOT,8,kg,8815925,FALSE,-1,N/A,,FALSE,8815925,FALSE,,FALSE,,884694,884694,0,TRUE,FALSE
C,A,19760101,1976,52,1976,890,YUG,Yugoslavia (...1991),M,Import,0,W00,World,0,W00,World,S1,S1,TRUE,5613,Potassic fertilizers and materials,4,FALSE,C00,TOTAL CPC,0,0,TOTAL MOT,8,kg,333017952,FALSE,-1,N/A,,FALSE,333017952,FALSE,,FALSE,24198856,,24198856,0,TRUE,FALSE
C,A,19770101,1977,52,1977,4,AFG,Afghanistan,M,Import,0,W00,World,0,W00,World,S1,S1,TRUE,5613,Potassic fertilizers and materials,4,FALSE,C00,TOTAL CPC,0,0,TOTAL MOT,8,kg,38660000,FALSE,-1,N/A,,FALSE,38660000,FALSE,,FALSE,11581600,,11581600,0,TRUE,FALSE
C,A,19770101,1977,52,1977,32,ARG,Argentina,M,Import,0,W00,World,0,W00,World,S1,S1,TRUE,5613,Potassic fertilizers and materials,4,FALSE,C00,TOTAL CPC,0,0,TOTAL MOT,8,kg,9491327,FALSE,-1,N/A,,FALSE,9491327,FALSE,,FALSE,1073180,,1073180,0,TRUE,FALSE
C,A,19770101,1977,52,1977,32,ARG,Argentina,X,Export,0,W00,World,0,W00,World,S1,S1,TRUE,5613,Potassic fertilizers and materials,4,FALSE,C00,TOTAL CPC,0,0,TOTAL MOT,8,kg,97,FALSE,-1,N/A,,FALSE,97,FALSE,,FALSE,,63,63,0,TRUE,FALSE
C,A,19770101,1977,52,1977,36,AUS,Australia,M,Import,0,W00,World,0,W00,World,S1,S1,TRUE,5613,Potassic fertilizers and materials,4,FALSE,C00,TOTAL CPC,0,0,TOTAL MOT,8,kg,174806370,FALSE,-1,N/A,,FALSE,174806370,FALSE,,FALSE,,11310045,11310045,0,TRUE,FALSE
C,A,19770101,1977,52,1977,36,AUS,Australia,X,Export,0,W00,World,0,W00,World,S1,S1,TRUE,5613,Potassic fertilizers and materials,4,FALSE,C00,TOTAL CPC,0,0,TOTAL MOT,8,kg,34377,FALSE,-1,N/A,,FALSE,34377,FALSE,,FALSE,,12523,12523,0,TRUE,FALSE
C,A,19770101,1977,52,1977,52,BRB,Barbados,M,Import,0,W00,World,0,W00,World,S1,S1,TRUE,5613,Potassic fertilizers and materials,4,FALSE,C00,TOTAL CPC,0,0,TOTAL MOT,8,kg,865652,FALSE,-1,N/A,,FALSE,865652,FALSE,,FALSE,130992,,130992,0,TRUE,FALSE
C,A,19770101,1977,52,1977,58,BEL,Belgium-Luxembourg (...1998),M,Import,0,W00,World,0,W00,World,S1,S1,TRUE,5613,Potassic fertilizers and materials,4,FALSE,C00,TOTAL CPC,0,0,TOTAL MOT,8,kg,937061184,FALSE,-1,N/A,,FALSE,937061184,FALSE,,FALSE,64095080,,64095080,0,TRUE,FALSE
C,A,19770101,1977,52,1977,58,BEL,Belgium-Luxembourg (...1998),X,Export,0,W00,World,0,W00,World,S1,S1,TRUE,5613,Potassic fertilizers and materials,4,FALSE,C00,TOTAL CPC,0,0,TOTAL MOT,8,kg,488149984,FALSE,-1,N/A,,FALSE,488149984,FALSE,,FALSE,,44009184,44009184,0,TRUE,FALSE
C,A,19770101,1977,52,1977,76,BRA,Brazil,M,Import,0,W00,World,0,W00,World,S1,S1,TRUE,5613,Potassic fertilizers and materials,4,FALSE,C00,TOTAL CPC,0,0,TOTAL MOT,8,kg,1606470784,FALSE,-1,N/A,,FALSE,1606470784,FALSE,,FALSE,108334144,,108334144,0,TRUE,FALSE
C,A,19770101,1977,52,1977,76,BRA,Brazil,X,Export,0,W00,World,0,W00,World,S1,S1,TRUE,5613,Potassic fertilizers and materials,4,FALSE,C00,TOTAL CPC,0,0,TOTAL MOT,8,kg,24000,FALSE,-1,N/A,,FALSE,24000,FALSE,,FALSE,,3120,3120,0,TRUE,FALSE
C,A,19770101,1977,52,1977,84,BLZ,Belize,M,Import,0,W00,World,0,W00,World,S1,S1,TRUE,5613,Potassic fertilizers and materials,4,FALSE,C00,TOTAL CPC,0,0,TOTAL MOT,8,kg,12687,FALSE,-1,N/A,,FALSE,12687,FALSE,,FALSE,3058,,3058,0,TRUE,FALSE
C,A,19770101,1977,52,1977,96,BRN,Brunei Darussalam,M,Import,0,W00,World,0,W00,World,S1,S1,TRUE,5613,Potassic fertilizers and materials,4,FALSE,C00,TOTAL CPC,0,0,TOTAL MOT,8,kg,1100663,FALSE,-1,N/A,,FALSE,1100663,FALSE,,FALSE,195679,,195679,0,TRUE,FALSE
C,A,19770101,1977,52,1977,124,CAN,Canada,M,Import,0,W00,World,0,W00,World,S1,S1,TRUE,5613,Potassic fertilizers and materials,4,FALSE,C00,TOTAL CPC,0,0,TOTAL MOT,8,kg,105633000,FALSE,-1,N/A,,FALSE,105633000,FALSE,,FALSE,,6747652,6747652,0,TRUE,FALSE
C,A,19770101,1977,52,1977,124,CAN,Canada,X,Export,0,W00,World,0,W00,World,S1,S1,TRUE,5613,Potassic fertilizers and materials,4,FALSE,C00,TOTAL CPC,0,0,TOTAL MOT,8,kg,9220147200,FALSE,-1,N/A,,FALSE,9220147200,FALSE,,FALSE,,440126688,440126688,0,TRUE,FALSE
C,A,19770101,1977,52,1977,144,LKA,Sri Lanka,M,Import,0,W00,World,0,W00,World,S1,S1,TRUE,5613,Potassic fertilizers and materials,4,FALSE,C00,TOTAL CPC,0,0,TOTAL MOT,8,kg,24,FALSE,-1,N/A,,FALSE,24,FALSE,,FALSE,92,,92,0,TRUE,FALSE
C,A,19770101,1977,52,1977,152,CHL,Chile,M,Import,0,W00,World,0,W00,World,S1,S1,TRUE,5613,Potassic fertilizers and materials,4,FALSE,C00,TOTAL CPC,0,0,TOTAL MOT,8,kg,15152857,FALSE,-1,N/A,,FALSE,15152857,FALSE,,FALSE,1254699,,1254699,0,TRUE,FALSE
C,A,19770101,1977,52,1977,170,COL,Colombia,M,Import,0,W00,World,0,W00,World,S1,S1,TRUE,5613,Potassic fertilizers and materials,4,FALSE,C00,TOTAL CPC,0,0,TOTAL MOT,8,kg,113296488,FALSE,-1,N/A,,FALSE,113296488,FALSE,,FALSE,7874214,,7874214,0,TRUE,FALSE
C,A,19770101,1977,52,1977,180,COD,Dem. Rep. of the Congo,M,Import,0,W00,World,0,W00,World,S1,S1,TRUE,5613,Potassic fertilizers and materials,4,FALSE,C00,TOTAL CPC,0,0,TOTAL MOT,8,kg,4397370,FALSE,-1,N/A,,FALSE,4397370,FALSE,,FALSE,899283,,899283,0,TRUE,FALSE
C,A,19770101,1977,52,1977,188,CRI,Costa Rica,M,Import,0,W00,World,0,W00,World,S1,S1,TRUE,5613,Potassic fertilizers and materials,4,FALSE,C00,TOTAL CPC,0,0,TOTAL MOT,8,kg,58795208,FALSE,-1,N/A,,FALSE,58795208,FALSE,,FALSE,4909281,,4909281,0,TRUE,FALSE
C,A,19770101,1977,52,1977,214,DOM,Dominican Rep.,M,Import,0,W00,World,0,W00,World,S1,S1,TRUE,5613,Potassic fertilizers and materials,4,FALSE,C00,TOTAL CPC,0,0,TOTAL MOT,8,kg,23865768,FALSE,-1,N/A,,FALSE,23865768,FALSE,,FALSE,,1601703,1601703,0,TRUE,FALSE
C,A,19770101,1977,52,1977,218,ECU,Ecuador,M,Import,0,W00,World,0,W00,World,S1,S1,TRUE,5613,Potassic fertilizers and materials,4,FALSE,C00,TOTAL CPC,0,0,TOTAL MOT,8,kg,11499109,FALSE,-1,N/A,,FALSE,11499109,FALSE,,FALSE,771835,,771835,0,TRUE,FALSE
C,A,19770101,1977,52,1977,222,SLV,El Salvador,M,Import,0,W00,World,0,W00,World,S1,S1,TRUE,5613,Potassic fertilizers and materials,4,FALSE,C00,TOTAL CPC,0,0,TOTAL MOT,8,kg,13720413,FALSE,-1,N/A,,FALSE,13720413,FALSE,,FALSE,1058421,,1058421,0,TRUE,FALSE
C,A,19770101,1977,52,1977,251,FRA,France,M,Import,0,W00,World,0,W00,World,S1,S1,TRUE,5613,Potassic fertilizers and materials,4,FALSE,C00,TOTAL CPC,0,0,TOTAL MOT,8,kg,405043232,FALSE,-1,N/A,,FALSE,405043232,FALSE,,FALSE,29593460,,29593460,0,TRUE,FALSE
C,A,19770101,1977,52,1977,251,FRA,France,X,Export,0,W00,World,0,W00,World,S1,S1,TRUE,5613,Potassic fertilizers and materials,4,FALSE,C00,TOTAL CPC,0,0,TOTAL MOT,8,kg,633164096,FALSE,-1,N/A,,FALSE,633164096,FALSE,,FALSE,,42880292,42880292,0,TRUE,FALSE
C,A,19770101,1977,52,1977,280,DEU,Fed. Rep. of Germany (...1990),M,Import,0,W00,World,0,W00,World,S1,S1,TRUE,5613,Potassic fertilizers and materials,4,FALSE,C00,TOTAL CPC,0,0,TOTAL MOT,8,kg,83450696,FALSE,-1,N/A,,TRUE,83450696,FALSE,-1,TRUE,7050000,,7050000,0,FALSE,FALSE
C,A,19770101,1977,52,1977,280,DEU,Fed. Rep. of Germany (...1990),X,Export,0,W00,World,0,W00,World,S1,S1,TRUE,5613,Potassic fertilizers and materials,4,FALSE,C00,TOTAL CPC,0,0,TOTAL MOT,8,kg,1755322624,FALSE,-1,N/A,,TRUE,1755322624,FALSE,-1,TRUE,,125794000,125794000,0,FALSE,FALSE
C,A,19770101,1977,52,1977,320,GTM,Guatemala,M,Import,0,W00,World,0,W00,World,S1,S1,TRUE,5613,Potassic fertilizers and materials,4,FALSE,C00,TOTAL CPC,0,0,TOTAL MOT,8,kg,8578776,FALSE,-1,N/A,,FALSE,8578776,FALSE,,FALSE,816536,,816536,0,TRUE,FALSE
C,A,19770101,1977,52,1977,320,GTM,Guatemala,X,Export,0,W00,World,0,W00,World,S1,S1,TRUE,5613,Potassic fertilizers and materials,4,FALSE,C00,TOTAL CPC,0,0,TOTAL MOT,8,kg,437,FALSE,-1,N/A,,FALSE,437,FALSE,,FALSE,,139,139,0,TRUE,FALSE
C,A,19770101,1977,52,1977,328,GUY,Guyana,M,Import,0,W00,World,0,W00,World,S1,S1,TRUE,5613,Potassic fertilizers and materials,4,FALSE,C00,TOTAL CPC,0,0,TOTAL MOT,8,kg,3502319,FALSE,-1,N/A,,FALSE,3502319,FALSE,,FALSE,685963,,685963,0,TRUE,FALSE
C,A,19770101,1977,52,1977,340,HND,Honduras,M,Import,0,W00,World,0,W00,World,S1,S1,TRUE,5613,Potassic fertilizers and materials,4,FALSE,C00,TOTAL CPC,0,0,TOTAL MOT,8,kg,10819297,FALSE,-1,N/A,,FALSE,10819297,FALSE,,FALSE,1235407,,1235407,0,TRUE,FALSE
C,A,19770101,1977,52,1977,360,IDN,Indonesia,M,Import,0,W00,World,0,W00,World,S1,S1,TRUE,5613,Potassic fertilizers and materials,4,FALSE,C00,TOTAL CPC,0,0,TOTAL MOT,8,kg,37973240,FALSE,-1,N/A,,FALSE,37973240,FALSE,,FALSE,4301040,,4301040,0,TRUE,FALSE
C,A,19770101,1977,52,1977,364,IRN,Iran,M,Import,0,W00,World,0,W00,World,S1,S1,TRUE,5613,Potassic fertilizers and materials,4,FALSE,C00,TOTAL CPC,0,0,TOTAL MOT,8,kg,62710,FALSE,-1,N/A,,FALSE,62710,FALSE,,FALSE,29916,,29916,0,TRUE,FALSE
C,A,19770101,1977,52,1977,364,IRN,Iran,X,Export,0,W00,World,0,W00,World,S1,S1,TRUE,5613,Potassic fertilizers and materials,4,FALSE,C00,TOTAL CPC,0,0,TOTAL MOT,8,kg,15000,FALSE,-1,N/A,,FALSE,15000,FALSE,,FALSE,,2767,2767,0,TRUE,FALSE
C,A,19770101,1977,52,1977,376,ISR,Israel,M,Import,0,W00,World,0,W00,World,S1,S1,TRUE,5613,Potassic fertilizers and materials,4,FALSE,C00,TOTAL CPC,0,0,TOTAL MOT,-1,N/A,0,FALSE,-1,N/A,,FALSE,,FALSE,,FALSE,13181,,13181,0,TRUE,FALSE
C,A,19770101,1977,52,1977,376,ISR,Israel,X,Export,0,W00,World,0,W00,World,S1,S1,TRUE,5613,Potassic fertilizers and materials,4,FALSE,C00,TOTAL CPC,0,0,TOTAL MOT,-1,N/A,0,FALSE,-1,N/A,,FALSE,,FALSE,,FALSE,,778949,778949,0,TRUE,FALSE
C,A,19770101,1977,52,1977,388,JAM,Jamaica,M,Import,0,W00,World,0,W00,World,S1,S1,TRUE,5613,Potassic fertilizers and materials,4,FALSE,C00,TOTAL CPC,0,0,TOTAL MOT,8,kg,8717000,FALSE,-1,N/A,,FALSE,8717000,FALSE,,FALSE,821441,,821441,0,TRUE,FALSE
C,A,19770101,1977,52,1977,400,JOR,Jordan,M,Import,0,W00,World,0,W00,World,S1,S1,TRUE,5613,Potassic fertilizers and materials,4,FALSE,C00,TOTAL CPC,0,0,TOTAL MOT,8,kg,7350,FALSE,-1,N/A,,FALSE,7350,FALSE,,FALSE,9891,,9891,0,TRUE,FALSE
C,A,19770101,1977,52,1977,404,KEN,Kenya,M,Import,0,W00,World,0,W00,World,S1,S1,TRUE,5613,Potassic fertilizers and materials,4,FALSE,C00,TOTAL CPC,0,0,TOTAL MOT,8,kg,7338000,FALSE,-1,N/A,,FALSE,7338000,FALSE,,FALSE,1239957,,1239957,0,TRUE,FALSE
C,A,19770101,1977,52,1977,430,LBR,Liberia,M,Import,0,W00,World,0,W00,World,S1,S1,TRUE,5613,Potassic fertilizers and materials,4,FALSE,C00,TOTAL CPC,0,0,TOTAL MOT,8,kg,1069714,FALSE,-1,N/A,,FALSE,1069714,FALSE,,FALSE,300505,,300505,0,TRUE,FALSE
C,A,19770101,1977,52,1977,434,LBY,Libya,M,Import,0,W00,World,0,W00,World,S1,S1,TRUE,5613,Potassic fertilizers and materials,4,FALSE,C00,TOTAL CPC,0,0,TOTAL MOT,8,kg,19960000,FALSE,-1,N/A,,FALSE,19960000,FALSE,,FALSE,2442100,,2442100,0,TRUE,FALSE
C,A,19770101,1977,52,1977,458,MYS,Malaysia,M,Import,0,W00,World,0,W00,World,S1,S1,TRUE,5613,Potassic fertilizers and materials,4,FALSE,C00,TOTAL CPC,0,0,TOTAL MOT,8,kg,239725872,FALSE,-1,N/A,,FALSE,239725872,FALSE,,FALSE,18808848,,18808848,0,TRUE,FALSE
C,A,19770101,1977,52,1977,470,MLT,Malta,M,Import,0,W00,World,0,W00,World,S1,S1,TRUE,5613,Potassic fertilizers and materials,4,FALSE,C00,TOTAL CPC,0,0,TOTAL MOT,8,kg,13187,FALSE,-1,N/A,,FALSE,13187,FALSE,,FALSE,3088,,3088,0,TRUE,FALSE
C,A,19770101,1977,52,1977,480,MUS,Mauritius,M,Import,0,W00,World,0,W00,World,S1,S1,TRUE,5613,Potassic fertilizers and materials,4,FALSE,C00,TOTAL CPC,0,0,TOTAL MOT,8,kg,22674018,FALSE,-1,N/A,,FALSE,22674018,FALSE,,FALSE,1642045,,1642045,0,TRUE,FALSE
C,A,19770101,1977,52,1977,484,MEX,Mexico,M,Import,0,W00,World,0,W00,World,S1,S1,TRUE,5613,Potassic fertilizers and materials,4,FALSE,C00,TOTAL CPC,0,0,TOTAL MOT,8,kg,72237064,FALSE,-1,N/A,,FALSE,72237064,FALSE,,FALSE,4636965,,4636965,0,TRUE,FALSE
C,A,19770101,1977,52,1977,528,NLD,Netherlands,M,Import,0,W00,World,0,W00,World,S1,S1,TRUE,5613,Potassic fertilizers and materials,4,FALSE,C00,TOTAL CPC,0,0,TOTAL MOT,8,kg,413225760,FALSE,-1,N/A,,FALSE,413225760,FALSE,,FALSE,31720218,,31720218,0,TRUE,FALSE
C,A,19770101,1977,52,1977,528,NLD,Netherlands,X,Export,0,W00,World,0,W00,World,S1,S1,TRUE,5613,Potassic fertilizers and materials,4,FALSE,C00,TOTAL CPC,0,0,TOTAL MOT,8,kg,884147,FALSE,-1,N/A,,FALSE,884147,FALSE,,FALSE,,111910,111910,0,TRUE,FALSE
C,A,19770101,1977,52,1977,554,NZL,New Zealand,M,Import,0,W00,World,0,W00,World,S1,S1,TRUE,5613,Potassic fertilizers and materials,4,FALSE,C00,TOTAL CPC,0,0,TOTAL MOT,-1,N/A,0,FALSE,-1,N/A,,FALSE,,FALSE,,FALSE,17320118,,17320118,0,TRUE,FALSE
C,A,19770101,1977,52,1977,554,NZL,New Zealand,X,Export,0,W00,World,0,W00,World,S1,S1,TRUE,5613,Potassic fertilizers and materials,4,FALSE,C00,TOTAL CPC,0,0,TOTAL MOT,8,kg,87493,FALSE,-1,N/A,,FALSE,87493,FALSE,,FALSE,,8172,8172,0,TRUE,FALSE
C,A,19770101,1977,52,1977,558,NIC,Nicaragua,M,Import,0,W00,World,0,W00,World,S1,S1,TRUE,5613,Potassic fertilizers and materials,4,FALSE,C00,TOTAL CPC,0,0,TOTAL MOT,8,kg,3951697,FALSE,-1,N/A,,FALSE,3951697,FALSE,,FALSE,887900,,887900,0,TRUE,FALSE
C,A,19770101,1977,52,1977,566,NGA,Nigeria,M,Import,0,W00,World,0,W00,World,S1,S1,TRUE,5613,Potassic fertilizers and materials,4,FALSE,C00,TOTAL CPC,0,0,TOTAL MOT,8,kg,30993000,FALSE,-1,N/A,,FALSE,30993000,FALSE,,FALSE,4261974,,4261974,0,TRUE,FALSE
C,A,19770101,1977,52,1977,586,PAK,Pakistan,M,Import,0,W00,World,0,W00,World,S1,S1,TRUE,5613,Potassic fertilizers and materials,4,FALSE,C00,TOTAL CPC,0,0,TOTAL MOT,8,kg,19000,FALSE,-1,N/A,,FALSE,19000,FALSE,,FALSE,1291473,,1291473,0,TRUE,FALSE
C,A,19770101,1977,52,1977,590,PAN,"Panama, excl.Canal Zone (...1977)",M,Import,0,W00,World,0,W00,World,S1,S1,TRUE,5613,Potassic fertilizers and materials,4,FALSE,C00,TOTAL CPC,0,0,TOTAL MOT,8,kg,1062500,FALSE,-1,N/A,,FALSE,1062500,FALSE,,FALSE,142616,,142616,0,TRUE,FALSE
C,A,19770101,1977,52,1977,600,PRY,Paraguay,M,Import,0,W00,World,0,W00,World,S1,S1,TRUE,5613,Potassic fertilizers and materials,4,FALSE,C00,TOTAL CPC,0,0,TOTAL MOT,8,kg,644999,FALSE,-1,N/A,,FALSE,644999,FALSE,,FALSE,106861,,106861,0,TRUE,FALSE
C,A,19770101,1977,52,1977,620,PRT,Portugal,M,Import,0,W00,World,0,W00,World,S1,S1,TRUE,5613,Potassic fertilizers and materials,4,FALSE,C00,TOTAL CPC,0,0,TOTAL MOT,8,kg,79764848,FALSE,-1,N/A,,FALSE,79764848,FALSE,,FALSE,5382080,,5382080,0,TRUE,FALSE
C,A,19770101,1977,52,1977,620,PRT,Portugal,X,Export,0,W00,World,0,W00,World,S1,S1,TRUE,5613,Potassic fertilizers and materials,4,FALSE,C00,TOTAL CPC,0,0,TOTAL MOT,8,kg,3699199,FALSE,-1,N/A,,FALSE,3699199,FALSE,,FALSE,,351304,351304,0,TRUE,FALSE
C,A,19770101,1977,52,1977,699,IND,India,M,Import,0,W00,World,0,W00,World,S1,S1,TRUE,5613,Potassic fertilizers and materials,4,FALSE,C00,TOTAL CPC,0,0,TOTAL MOT,8,kg,731728000,FALSE,-1,N/A,,FALSE,731728000,FALSE,,FALSE,57455064,,57455064,0,TRUE,FALSE
C,A,19770101,1977,52,1977,699,IND,India,X,Export,0,W00,World,0,W00,World,S1,S1,TRUE,5613,Potassic fertilizers and materials,4,FALSE,C00,TOTAL CPC,0,0,TOTAL MOT,8,kg,30000,FALSE,-1,N/A,,FALSE,30000,FALSE,,FALSE,,12466,12466,0,TRUE,FALSE
C,A,19770101,1977,52,1977,702,SGP,Singapore,M,Import,0,W00,World,0,W00,World,S1,S1,TRUE,5613,Potassic fertilizers and materials,4,FALSE,C00,TOTAL CPC,0,0,TOTAL MOT,8,kg,260395584,FALSE,-1,N/A,,FALSE,260395584,FALSE,,FALSE,18054100,,18054100,0,TRUE,FALSE
C,A,19770101,1977,52,1977,702,SGP,Singapore,X,Export,0,W00,World,0,W00,World,S1,S1,TRUE,5613,Potassic fertilizers and materials,4,FALSE,C00,TOTAL CPC,0,0,TOTAL MOT,8,kg,196433504,FALSE,-1,N/A,,FALSE,196433504,FALSE,,FALSE,,18540754,18540754,0,TRUE,FALSE
C,A,19770101,1977,52,1977,724,ESP,Spain,M,Import,0,W00,World,0,W00,World,S1,S1,TRUE,5613,Potassic fertilizers and materials,4,FALSE,C00,TOTAL CPC,0,0,TOTAL MOT,8,kg,37000,FALSE,-1,N/A,,FALSE,37000,FALSE,,FALSE,9070,,9070,0,TRUE,FALSE
C,A,19770101,1977,52,1977,724,ESP,Spain,X,Export,0,W00,World,0,W00,World,S1,S1,TRUE,5613,Potassic fertilizers and materials,4,FALSE,C00,TOTAL CPC,0,0,TOTAL MOT,8,kg,492764096,FALSE,-1,N/A,,FALSE,492764096,FALSE,,FALSE,,28296180,28296180,0,TRUE,FALSE
C,A,19770101,1977,52,1977,736,SDN,Sudan (...2011),M,Import,0,W00,World,0,W00,World,S1,S1,TRUE,5613,Potassic fertilizers and materials,4,FALSE,C00,TOTAL CPC,0,0,TOTAL MOT,8,kg,1195,FALSE,-1,N/A,,FALSE,1195,FALSE,,FALSE,2678,,2678,0,TRUE,FALSE
C,A,19770101,1977,52,1977,780,TTO,Trinidad and Tobago,M,Import,0,W00,World,0,W00,World,S1,S1,TRUE,5613,Potassic fertilizers and materials,4,FALSE,C00,TOTAL CPC,0,0,TOTAL MOT,8,kg,2111000,FALSE,-1,N/A,,FALSE,2111000,FALSE,,FALSE,409496,,409496,0,TRUE,FALSE
C,A,19770101,1977,52,1977,780,TTO,Trinidad and Tobago,X,Export,0,W00,World,0,W00,World,S1,S1,TRUE,5613,Potassic fertilizers and materials,4,FALSE,C00,TOTAL CPC,0,0,TOTAL MOT,8,kg,42000,FALSE,-1,N/A,,FALSE,42000,FALSE,,FALSE,,3037,3037,0,TRUE,FALSE
C,A,19770101,1977,52,1977,788,TUN,Tunisia,M,Import,0,W00,World,0,W00,World,S1,S1,TRUE,5613,Potassic fertilizers and materials,4,FALSE,C00,TOTAL CPC,0,0,TOTAL MOT,8,kg,4851323,FALSE,-1,N/A,,FALSE,4851323,FALSE,,FALSE,628073,,628073,0,TRUE,FALSE
C,A,19770101,1977,52,1977,788,TUN,Tunisia,X,Export,0,W00,World,0,W00,World,S1,S1,TRUE,5613,Potassic fertilizers and materials,4,FALSE,C00,TOTAL CPC,0,0,TOTAL MOT,8,kg,1530000,FALSE,-1,N/A,,FALSE,1530000,FALSE,,FALSE,,131473,131473,0,TRUE,FALSE
C,A,19770101,1977,52,1977,792,TUR,TÅEkiye,M,Import,0,W00,World,0,W00,World,S1,S1,TRUE,5613,Potassic fertilizers and materials,4,FALSE,C00,TOTAL CPC,0,0,TOTAL MOT,8,kg,12457580,FALSE,-1,N/A,,FALSE,12457580,FALSE,,FALSE,1308471,,1308471,0,TRUE,FALSE
C,A,19770101,1977,52,1977,818,EGY,Egypt,M,Import,0,W00,World,0,W00,World,S1,S1,TRUE,5613,Potassic fertilizers and materials,4,FALSE,C00,TOTAL CPC,0,0,TOTAL MOT,8,kg,9385,FALSE,-1,N/A,,FALSE,9385,FALSE,,FALSE,14568,,14568,0,TRUE,FALSE
C,A,19770101,1977,52,1977,826,GBR,United Kingdom,M,Import,0,W00,World,0,W00,World,S1,S1,TRUE,5613,Potassic fertilizers and materials,4,FALSE,C00,TOTAL CPC,0,0,TOTAL MOT,8,kg,734516992,FALSE,-1,N/A,,FALSE,734516992,FALSE,,FALSE,57168976,,57168976,0,TRUE,FALSE
C,A,19770101,1977,52,1977,826,GBR,United Kingdom,X,Export,0,W00,World,0,W00,World,S1,S1,TRUE,5613,Potassic fertilizers and materials,4,FALSE,C00,TOTAL CPC,0,0,TOTAL MOT,8,kg,35060000,FALSE,-1,N/A,,FALSE,35060000,FALSE,,FALSE,,2652627,2652627,0,TRUE,FALSE
C,A,19770101,1977,52,1977,834,TZA,United Rep. of Tanzania,M,Import,0,W00,World,0,W00,World,S1,S1,TRUE,5613,Potassic fertilizers and materials,4,FALSE,C00,TOTAL CPC,0,0,TOTAL MOT,8,kg,17600062,FALSE,-1,N/A,,FALSE,17600062,FALSE,,FALSE,2017723,,2017723,0,TRUE,FALSE
C,A,19770101,1977,52,1977,841,USA,USA and Puerto Rico (...1980),M,Import,0,W00,World,0,W00,World,S1,S1,TRUE,5613,Potassic fertilizers and materials,4,FALSE,C00,TOTAL CPC,0,0,TOTAL MOT,8,kg,7538375168,FALSE,-1,N/A,,FALSE,7538375168,FALSE,,FALSE,,365853024,365853024,0,TRUE,FALSE
C,A,19770101,1977,52,1977,841,USA,USA and Puerto Rico (...1980),X,Export,0,W00,World,0,W00,World,S1,S1,TRUE,5613,Potassic fertilizers and materials,4,FALSE,C00,TOTAL CPC,0,0,TOTAL MOT,8,kg,1492168832,FALSE,-1,N/A,,FALSE,1492168832,FALSE,,FALSE,,90269728,90269728,0,TRUE,FALSE
C,A,19770101,1977,52,1977,858,URY,Uruguay,M,Import,0,W00,World,0,W00,World,S1,S1,TRUE,5613,Potassic fertilizers and materials,4,FALSE,C00,TOTAL CPC,0,0,TOTAL MOT,8,kg,7020347,FALSE,-1,N/A,,FALSE,7020347,FALSE,,FALSE,628772,,628772,0,TRUE,FALSE
C,A,19770101,1977,52,1977,858,URY,Uruguay,X,Export,0,W00,World,0,W00,World,S1,S1,TRUE,5613,Potassic fertilizers and materials,4,FALSE,C00,TOTAL CPC,0,0,TOTAL MOT,8,kg,60000,FALSE,-1,N/A,,FALSE,60000,FALSE,,FALSE,,7439,7439,0,TRUE,FALSE
C,A,19770101,1977,52,1977,862,VEN,Venezuela,M,Import,0,W00,World,0,W00,World,S1,S1,TRUE,5613,Potassic fertilizers and materials,4,FALSE,C00,TOTAL CPC,0,0,TOTAL MOT,8,kg,11001791,FALSE,-1,N/A,,FALSE,11001791,FALSE,,FALSE,,738670,738670,0,TRUE,FALSE
C,A,19770101,1977,52,1977,890,YUG,Yugoslavia (...1991),M,Import,0,W00,World,0,W00,World,S1,S1,TRUE,5613,Potassic fertilizers and materials,4,FALSE,C00,TOTAL CPC,0,0,TOTAL MOT,8,kg,378732192,FALSE,-1,N/A,,FALSE,378732192,FALSE,,FALSE,22437388,,22437388,0,TRUE,FALSE
C,A,19780101,1978,52,1978,32,ARG,Argentina,M,Import,0,W00,World,0,W00,World,S1,S1,TRUE,5613,Potassic fertilizers and materials,4,FALSE,C00,TOTAL CPC,0,0,TOTAL MOT,8,kg,12269384,FALSE,-1,N/A,,FALSE,12269384,FALSE,,FALSE,1326832,,1326832,0,TRUE,FALSE
C,A,19780101,1978,52,1978,32,ARG,Argentina,X,Export,0,W00,World,0,W00,World,S1,S1,TRUE,5613,Potassic fertilizers and materials,4,FALSE,C00,TOTAL CPC,0,0,TOTAL MOT,8,kg,3312,FALSE,-1,N/A,,FALSE,3312,FALSE,,FALSE,,800,800,0,TRUE,FALSE
C,A,19780101,1978,52,1978,36,AUS,Australia,M,Import,0,W00,World,0,W00,World,S1,S1,TRUE,5613,Potassic fertilizers and materials,4,FALSE,C00,TOTAL CPC,0,0,TOTAL MOT,8,kg,182236059,FALSE,-1,N/A,,FALSE,182236059,FALSE,,FALSE,,11306350,11306350,0,TRUE,FALSE
C,A,19780101,1978,52,1978,36,AUS,Australia,X,Export,0,W00,World,0,W00,World,S1,S1,TRUE,5613,Potassic fertilizers and materials,4,FALSE,C00,TOTAL CPC,0,0,TOTAL MOT,8,kg,15506,FALSE,-1,N/A,,FALSE,15506,FALSE,,FALSE,,7966,7966,0,TRUE,FALSE
C,A,19780101,1978,52,1978,52,BRB,Barbados,M,Import,0,W00,World,0,W00,World,S1,S1,TRUE,5613,Potassic fertilizers and materials,4,FALSE,C00,TOTAL CPC,0,0,TOTAL MOT,8,kg,2000,FALSE,-1,N/A,,FALSE,2000,FALSE,,FALSE,3148,,3148,0,TRUE,FALSE
C,A,19780101,1978,52,1978,76,BRA,Brazil,M,Import,0,W00,World,0,W00,World,S1,S1,TRUE,5613,Potassic fertilizers and materials,4,FALSE,C00,TOTAL CPC,0,0,TOTAL MOT,8,kg,1660635520,FALSE,-1,N/A,,FALSE,1660635520,FALSE,,FALSE,126033064,,126033064,0,TRUE,FALSE
C,A,19780101,1978,52,1978,76,BRA,Brazil,X,Export,0,W00,World,0,W00,World,S1,S1,TRUE,5613,Potassic fertilizers and materials,4,FALSE,C00,TOTAL CPC,0,0,TOTAL MOT,8,kg,100030,FALSE,-1,N/A,,FALSE,100030,FALSE,,FALSE,,12858,12858,0,TRUE,FALSE
C,A,19780101,1978,52,1978,84,BLZ,Belize,M,Import,0,W00,World,0,W00,World,S1,S1,TRUE,5613,Potassic fertilizers and materials,4,FALSE,C00,TOTAL CPC,0,0,TOTAL MOT,8,kg,454468,FALSE,-1,N/A,,FALSE,454468,FALSE,,FALSE,70314,,70314,0,TRUE,FALSE
C,A,19780101,1978,52,1978,96,BRN,Brunei Darussalam,M,Import,0,W00,World,0,W00,World,S1,S1,TRUE,5613,Potassic fertilizers and materials,4,FALSE,C00,TOTAL CPC,0,0,TOTAL MOT,8,kg,10187,FALSE,-1,N/A,,FALSE,10187,FALSE,,FALSE,1998,,1998,0,TRUE,FALSE
C,A,19780101,1978,52,1978,144,LKA,Sri Lanka,M,Import,0,W00,World,0,W00,World,S1,S1,TRUE,5613,Potassic fertilizers and materials,4,FALSE,C00,TOTAL CPC,0,0,TOTAL MOT,8,kg,20780028,FALSE,-1,N/A,,FALSE,20780028,FALSE,,FALSE,1799388,,1799388,0,TRUE,FALSE
C,A,19780101,1978,52,1978,152,CHL,Chile,M,Import,0,W00,World,0,W00,World,S1,S1,TRUE,5613,Potassic fertilizers and materials,4,FALSE,C00,TOTAL CPC,0,0,TOTAL MOT,8,kg,25656024,FALSE,-1,N/A,,FALSE,25656024,FALSE,,FALSE,3657586,,3657586,0,TRUE,FALSE
C,A,19780101,1978,52,1978,180,COD,Dem. Rep. of the Congo,M,Import,0,W00,World,0,W00,World,S1,S1,TRUE,5613,Potassic fertilizers and materials,4,FALSE,C00,TOTAL CPC,0,0,TOTAL MOT,8,kg,1495065,FALSE,-1,N/A,,FALSE,1495065,FALSE,,FALSE,628284,,628284,0,TRUE,FALSE
C,A,19780101,1978,52,1978,188,CRI,Costa Rica,M,Import,0,W00,World,0,W00,World,S1,S1,TRUE,5613,Potassic fertilizers and materials,4,FALSE,C00,TOTAL CPC,0,0,TOTAL MOT,8,kg,44701572,FALSE,-1,N/A,,FALSE,44701572,FALSE,,FALSE,4110504,,4110504,0,TRUE,FALSE
C,A,19780101,1978,52,1978,212,DMA,Dominica,M,Import,0,W00,World,0,W00,World,S1,S1,TRUE,5613,Potassic fertilizers and materials,4,FALSE,C00,TOTAL CPC,0,0,TOTAL MOT,8,kg,5631000,FALSE,-1,N/A,,FALSE,5631000,FALSE,,FALSE,845800,,845800,0,TRUE,FALSE
C,A,19780101,1978,52,1978,214,DOM,Dominican Rep.,M,Import,0,W00,World,0,W00,World,S1,S1,TRUE,5613,Potassic fertilizers and materials,4,FALSE,C00,TOTAL CPC,0,0,TOTAL MOT,8,kg,21834890,FALSE,-1,N/A,,FALSE,21834890,FALSE,,FALSE,,1572292,1572292,0,TRUE,FALSE
C,A,19780101,1978,52,1978,214,DOM,Dominican Rep.,X,Export,0,W00,World,0,W00,World,S1,S1,TRUE,5613,Potassic fertilizers and materials,4,FALSE,C00,TOTAL CPC,0,0,TOTAL MOT,8,kg,923112,FALSE,-1,N/A,,FALSE,923112,FALSE,,FALSE,,142115,142115,0,TRUE,FALSE
C,A,19780101,1978,52,1978,222,SLV,El Salvador,M,Import,0,W00,World,0,W00,World,S1,S1,TRUE,5613,Potassic fertilizers and materials,4,FALSE,C00,TOTAL CPC,0,0,TOTAL MOT,8,kg,3652699,FALSE,-1,N/A,,FALSE,3652699,FALSE,,FALSE,295452,,295452,0,TRUE,FALSE
C,A,19780101,1978,52,1978,288,GHA,Ghana,M,Import,0,W00,World,0,W00,World,S1,S1,TRUE,5613,Potassic fertilizers and materials,4,FALSE,C00,TOTAL CPC,0,0,TOTAL MOT,8,kg,43000,FALSE,-1,N/A,,FALSE,43000,FALSE,,FALSE,8773,,8773,0,TRUE,FALSE
C,A,19780101,1978,52,1978,296,KIR,Kiribati,M,Import,0,W00,World,0,W00,World,S1,S1,TRUE,5613,Potassic fertilizers and materials,4,FALSE,C00,TOTAL CPC,0,0,TOTAL MOT,8,kg,20398,FALSE,-1,N/A,,FALSE,20398,FALSE,,FALSE,916,,916,0,TRUE,FALSE
C,A,19780101,1978,52,1978,308,GRD,Grenada,M,Import,0,W00,World,0,W00,World,S1,S1,TRUE,5613,Potassic fertilizers and materials,4,FALSE,C00,TOTAL CPC,0,0,TOTAL MOT,8,kg,2000,FALSE,-1,N/A,,FALSE,2000,FALSE,,FALSE,1235,,1235,0,TRUE,FALSE
C,A,19780101,1978,52,1978,308,GRD,Grenada,X,Export,0,W00,World,0,W00,World,S1,S1,TRUE,5613,Potassic fertilizers and materials,4,FALSE,C00,TOTAL CPC,0,0,TOTAL MOT,8,kg,28000,FALSE,-1,N/A,,FALSE,28000,FALSE,,FALSE,,4444,4444,0,TRUE,FALSE
C,A,19780101,1978,52,1978,320,GTM,Guatemala,M,Import,0,W00,World,0,W00,World,S1,S1,TRUE,5613,Potassic fertilizers and materials,4,FALSE,C00,TOTAL CPC,0,0,TOTAL MOT,8,kg,4733397,FALSE,-1,N/A,,FALSE,4733397,FALSE,,FALSE,378850,,378850,0,TRUE,FALSE
C,A,19780101,1978,52,1978,328,GUY,Guyana,M,Import,0,W00,World,0,W00,World,S1,S1,TRUE,5613,Potassic fertilizers and materials,4,FALSE,C00,TOTAL CPC,0,0,TOTAL MOT,8,kg,689533,FALSE,-1,N/A,,FALSE,689533,FALSE,,FALSE,154479,,154479,0,TRUE,FALSE
C,A,19780101,1978,52,1978,340,HND,Honduras,M,Import,0,W00,World,0,W00,World,S1,S1,TRUE,5613,Potassic fertilizers and materials,4,FALSE,C00,TOTAL CPC,0,0,TOTAL MOT,8,kg,9442722,FALSE,-1,N/A,,FALSE,9442722,FALSE,,FALSE,973031,,973031,0,TRUE,FALSE
C,A,19780101,1978,52,1978,360,IDN,Indonesia,M,Import,0,W00,World,0,W00,World,S1,S1,TRUE,5613,Potassic fertilizers and materials,4,FALSE,C00,TOTAL CPC,0,0,TOTAL MOT,8,kg,107666872,FALSE,-1,N/A,,FALSE,107666872,FALSE,,FALSE,11347920,,11347920,0,TRUE,FALSE
C,A,19780101,1978,52,1978,376,ISR,Israel,M,Import,0,W00,World,0,W00,World,S1,S1,TRUE,5613,Potassic fertilizers and materials,4,FALSE,C00,TOTAL CPC,0,0,TOTAL MOT,-1,N/A,0,FALSE,-1,N/A,,FALSE,,FALSE,,FALSE,13930,,13930,0,TRUE,FALSE
C,A,19780101,1978,52,1978,376,ISR,Israel,X,Export,0,W00,World,0,W00,World,S1,S1,TRUE,5613,Potassic fertilizers and materials,4,FALSE,C00,TOTAL CPC,0,0,TOTAL MOT,-1,N/A,0,FALSE,-1,N/A,,FALSE,,FALSE,,FALSE,,979116,979116,0,TRUE,FALSE
C,A,19780101,1978,52,1978,388,JAM,Jamaica,M,Import,0,W00,World,0,W00,World,S1,S1,TRUE,5613,Potassic fertilizers and materials,4,FALSE,C00,TOTAL CPC,0,0,TOTAL MOT,8,kg,5722000,FALSE,-1,N/A,,FALSE,5722000,FALSE,,FALSE,504267,,504267,0,TRUE,FALSE
C,A,19780101,1978,52,1978,400,JOR,Jordan,M,Import,0,W00,World,0,W00,World,S1,S1,TRUE,5613,Potassic fertilizers and materials,4,FALSE,C00,TOTAL CPC,0,0,TOTAL MOT,8,kg,1850062,FALSE,-1,N/A,,FALSE,1850062,FALSE,,FALSE,342603,,342603,0,TRUE,FALSE
C,A,19780101,1978,52,1978,404,KEN,Kenya,M,Import,0,W00,World,0,W00,World,S1,S1,TRUE,5613,Potassic fertilizers and materials,4,FALSE,C00,TOTAL CPC,0,0,TOTAL MOT,8,kg,10752000,FALSE,-1,N/A,,FALSE,10752000,FALSE,,FALSE,1840200,,1840200,0,TRUE,FALSE
C,A,19780101,1978,52,1978,434,LBY,Libya,M,Import,0,W00,World,0,W00,World,S1,S1,TRUE,5613,Potassic fertilizers and materials,4,FALSE,C00,TOTAL CPC,0,0,TOTAL MOT,8,kg,16165000,FALSE,-1,N/A,,FALSE,16165000,FALSE,,FALSE,2624322,,2624322,0,TRUE,FALSE
C,A,19780101,1978,52,1978,470,MLT,Malta,M,Import,0,W00,World,0,W00,World,S1,S1,TRUE,5613,Potassic fertilizers and materials,4,FALSE,C00,TOTAL CPC,0,0,TOTAL MOT,8,kg,78000,FALSE,-1,N/A,,FALSE,78000,FALSE,,FALSE,16725,,16725,0,TRUE,FALSE
C,A,19780101,1978,52,1978,480,MUS,Mauritius,M,Import,0,W00,World,0,W00,World,S1,S1,TRUE,5613,Potassic fertilizers and materials,4,FALSE,C00,TOTAL CPC,0,0,TOTAL MOT,8,kg,20589260,FALSE,-1,N/A,,FALSE,20589260,FALSE,,FALSE,1520093,,1520093,0,TRUE,FALSE
C,A,19780101,1978,52,1978,484,MEX,Mexico,M,Import,0,W00,World,0,W00,World,S1,S1,TRUE,5613,Potassic fertilizers and materials,4,FALSE,C00,TOTAL CPC,0,0,TOTAL MOT,8,kg,136221072,FALSE,-1,N/A,,FALSE,136221072,FALSE,,FALSE,8243429,,8243429,0,TRUE,FALSE
C,A,19780101,1978,52,1978,554,NZL,New Zealand,M,Import,0,W00,World,0,W00,World,S1,S1,TRUE,5613,Potassic fertilizers and materials,4,FALSE,C00,TOTAL CPC,0,0,TOTAL MOT,-1,N/A,0,FALSE,-1,N/A,,FALSE,,FALSE,,FALSE,16073467,,16073467,0,TRUE,FALSE
C,A,19780101,1978,52,1978,554,NZL,New Zealand,X,Export,0,W00,World,0,W00,World,S1,S1,TRUE,5613,Potassic fertilizers and materials,4,FALSE,C00,TOTAL CPC,0,0,TOTAL MOT,8,kg,2391000,FALSE,-1,N/A,,FALSE,2391000,FALSE,,FALSE,,233055,233055,0,TRUE,FALSE
C,A,19780101,1978,52,1978,558,NIC,Nicaragua,M,Import,0,W00,World,0,W00,World,S1,S1,TRUE,5613,Potassic fertilizers and materials,4,FALSE,C00,TOTAL CPC,0,0,TOTAL MOT,8,kg,8524745,FALSE,-1,N/A,,FALSE,8524745,FALSE,,FALSE,999784,,999784,0,TRUE,FALSE
C,A,19780101,1978,52,1978,566,NGA,Nigeria,M,Import,0,W00,World,0,W00,World,S1,S1,TRUE,5613,Potassic fertilizers and materials,4,FALSE,C00,TOTAL CPC,0,0,TOTAL MOT,-1,N/A,0,FALSE,-1,N/A,,FALSE,,FALSE,,FALSE,2128577,,2128577,0,TRUE,FALSE
C,A,19780101,1978,52,1978,586,PAK,Pakistan,M,Import,0,W00,World,0,W00,World,S1,S1,TRUE,5613,Potassic fertilizers and materials,4,FALSE,C00,TOTAL CPC,0,0,TOTAL MOT,8,kg,4181000,FALSE,-1,N/A,,FALSE,4181000,FALSE,,FALSE,605861,,605861,0,TRUE,FALSE
C,A,19780101,1978,52,1978,591,PAN,Panama,M,Import,0,W00,World,0,W00,World,S1,S1,TRUE,5613,Potassic fertilizers and materials,4,FALSE,C00,TOTAL CPC,0,0,TOTAL MOT,8,kg,4563604,FALSE,-1,N/A,,FALSE,4563604,FALSE,,FALSE,590707,,590707,0,TRUE,FALSE
C,A,19780101,1978,52,1978,600,PRY,Paraguay,M,Import,0,W00,World,0,W00,World,S1,S1,TRUE,5613,Potassic fertilizers and materials,4,FALSE,C00,TOTAL CPC,0,0,TOTAL MOT,8,kg,741983,FALSE,-1,N/A,,FALSE,741983,FALSE,,FALSE,123171,,123171,0,TRUE,FALSE
C,A,19780101,1978,52,1978,620,PRT,Portugal,M,Import,0,W00,World,0,W00,World,S1,S1,TRUE,5613,Potassic fertilizers and materials,4,FALSE,C00,TOTAL CPC,0,0,TOTAL MOT,8,kg,72983208,FALSE,-1,N/A,,FALSE,72983208,FALSE,,FALSE,5018369,,5018369,0,TRUE,FALSE
C,A,19780101,1978,52,1978,620,PRT,Portugal,X,Export,0,W00,World,0,W00,World,S1,S1,TRUE,5613,Potassic fertilizers and materials,4,FALSE,C00,TOTAL CPC,0,0,TOTAL MOT,8,kg,1314937,FALSE,-1,N/A,,FALSE,1314937,FALSE,,FALSE,,113867,113867,0,TRUE,FALSE
C,A,19780101,1978,52,1978,662,LCA,Saint Lucia,M,Import,0,W00,World,0,W00,World,S1,S1,TRUE,5613,Potassic fertilizers and materials,4,FALSE,C00,TOTAL CPC,0,0,TOTAL MOT,8,kg,102000,FALSE,-1,N/A,,FALSE,102000,FALSE,,FALSE,21180,,21180,0,TRUE,FALSE
C,A,19780101,1978,52,1978,702,SGP,Singapore,M,Import,0,W00,World,0,W00,World,S1,S1,TRUE,5613,Potassic fertilizers and materials,4,FALSE,C00,TOTAL CPC,0,0,TOTAL MOT,8,kg,247696880,FALSE,-1,N/A,,FALSE,247696880,FALSE,,FALSE,17824306,,17824306,0,TRUE,FALSE
C,A,19780101,1978,52,1978,702,SGP,Singapore,X,Export,0,W00,World,0,W00,World,S1,S1,TRUE,5613,Potassic fertilizers and materials,4,FALSE,C00,TOTAL CPC,0,0,TOTAL MOT,8,kg,203615504,FALSE,-1,N/A,,FALSE,203615504,FALSE,,FALSE,,18886004,18886004,0,TRUE,FALSE
C,A,19780101,1978,52,1978,780,TTO,Trinidad and Tobago,M,Import,0,W00,World,0,W00,World,S1,S1,TRUE,5613,Potassic fertilizers and materials,4,FALSE,C00,TOTAL CPC,0,0,TOTAL MOT,8,kg,5077491,FALSE,-1,N/A,,FALSE,5077491,FALSE,,FALSE,1402815,,1402815,0,TRUE,FALSE
C,A,19780101,1978,52,1978,780,TTO,Trinidad and Tobago,X,Export,0,W00,World,0,W00,World,S1,S1,TRUE,5613,Potassic fertilizers and materials,4,FALSE,C00,TOTAL CPC,0,0,TOTAL MOT,8,kg,17000,FALSE,-1,N/A,,FALSE,17000,FALSE,,FALSE,,1377,1377,0,TRUE,FALSE
C,A,19780101,1978,52,1978,788,TUN,Tunisia,M,Import,0,W00,World,0,W00,World,S1,S1,TRUE,5613,Potassic fertilizers and materials,4,FALSE,C00,TOTAL CPC,0,0,TOTAL MOT,8,kg,6718929,FALSE,-1,N/A,,FALSE,6718929,FALSE,,FALSE,888320,,888320,0,TRUE,FALSE
C,A,19780101,1978,52,1978,792,TUR,TÅEkiye,M,Import,0,W00,World,0,W00,World,S1,S1,TRUE,5613,Potassic fertilizers and materials,4,FALSE,C00,TOTAL CPC,0,0,TOTAL MOT,8,kg,4163378,FALSE,-1,N/A,,FALSE,4163378,FALSE,,FALSE,428924,,428924,0,TRUE,FALSE
C,A,19780101,1978,52,1978,834,TZA,United Rep. of Tanzania,M,Import,0,W00,World,0,W00,World,S1,S1,TRUE,5613,Potassic fertilizers and materials,4,FALSE,C00,TOTAL CPC,0,0,TOTAL MOT,8,kg,11718000,FALSE,-1,N/A,,FALSE,11718000,FALSE,,FALSE,2619539,,2619539,0,TRUE,FALSE
C,A,19780101,1978,52,1978,850,VIR,US Virgin Isds (...1980),M,Import,0,W00,World,0,W00,World,S1,S1,TRUE,5613,Potassic fertilizers and materials,4,FALSE,C00,TOTAL CPC,0,0,TOTAL MOT,8,kg,1414312,FALSE,-1,N/A,,FALSE,1414312,FALSE,,FALSE,,107542,107542,0,TRUE,FALSE
C,A,19780101,1978,52,1978,858,URY,Uruguay,M,Import,0,W00,World,0,W00,World,S1,S1,TRUE,5613,Potassic fertilizers and materials,4,FALSE,C00,TOTAL CPC,0,0,TOTAL MOT,8,kg,5868539,FALSE,-1,N/A,,FALSE,5868539,FALSE,,FALSE,511598,,511598,0,TRUE,FALSE
C,A,19780101,1978,52,1978,858,URY,Uruguay,X,Export,0,W00,World,0,W00,World,S1,S1,TRUE,5613,Potassic fertilizers and materials,4,FALSE,C00,TOTAL CPC,0,0,TOTAL MOT,8,kg,200000,FALSE,-1,N/A,,FALSE,200000,FALSE,,FALSE,,27509,27509,0,TRUE,FALSE
C,A,19780101,1978,52,1978,862,VEN,Venezuela,M,Import,0,W00,World,0,W00,World,S1,S1,TRUE,5613,Potassic fertilizers and materials,4,FALSE,C00,TOTAL CPC,0,0,TOTAL MOT,8,kg,5112,FALSE,-1,N/A,,FALSE,5112,FALSE,,FALSE,,11046,11046,0,TRUE,FALSE
C,A,19780101,1978,52,1978,890,YUG,Yugoslavia (...1991),M,Import,0,W00,World,0,W00,World,S1,S1,TRUE,5613,Potassic fertilizers and materials,4,FALSE,C00,TOTAL CPC,0,0,TOTAL MOT,8,kg,443172704,FALSE,-1,N/A,,FALSE,443172704,FALSE,,FALSE,29952284,,29952284,0,TRUE,FALSE
C,A,19790101,1979,52,1979,32,ARG,Argentina,M,Import,0,W00,World,0,W00,World,S1,S1,TRUE,5613,Potassic fertilizers and materials,4,FALSE,C00,TOTAL CPC,0,0,TOTAL MOT,8,kg,18948244,FALSE,-1,N/A,,FALSE,18948244,FALSE,,FALSE,2212539,,2212539,0,TRUE,FALSE
C,A,19790101,1979,52,1979,32,ARG,Argentina,X,Export,0,W00,World,0,W00,World,S1,S1,TRUE,5613,Potassic fertilizers and materials,4,FALSE,C00,TOTAL CPC,0,0,TOTAL MOT,8,kg,100025,FALSE,-1,N/A,,FALSE,100025,FALSE,,FALSE,,40047,40047,0,TRUE,FALSE
C,A,19790101,1979,52,1979,52,BRB,Barbados,M,Import,0,W00,World,0,W00,World,S1,S1,TRUE,5613,Potassic fertilizers and materials,4,FALSE,C00,TOTAL CPC,0,0,TOTAL MOT,8,kg,213605,FALSE,-1,N/A,,FALSE,213605,FALSE,,FALSE,34172,,34172,0,TRUE,FALSE
C,A,19790101,1979,52,1979,76,BRA,Brazil,M,Import,0,W00,World,0,W00,World,S1,S1,TRUE,5613,Potassic fertilizers and materials,4,FALSE,C00,TOTAL CPC,0,0,TOTAL MOT,8,kg,1830041856,FALSE,-1,N/A,,FALSE,1830041856,FALSE,,FALSE,185844336,,185844336,0,TRUE,FALSE
C,A,19790101,1979,52,1979,76,BRA,Brazil,X,Export,0,W00,World,0,W00,World,S1,S1,TRUE,5613,Potassic fertilizers and materials,4,FALSE,C00,TOTAL CPC,0,0,TOTAL MOT,8,kg,1731808,FALSE,-1,N/A,,FALSE,1731808,FALSE,,FALSE,,228804,228804,0,TRUE,FALSE
C,A,19790101,1979,52,1979,84,BLZ,Belize,M,Import,0,W00,World,0,W00,World,S1,S1,TRUE,5613,Potassic fertilizers and materials,4,FALSE,C00,TOTAL CPC,0,0,TOTAL MOT,8,kg,360125,FALSE,-1,N/A,,FALSE,360125,FALSE,,FALSE,58000,,58000,0,TRUE,FALSE
C,A,19790101,1979,52,1979,96,BRN,Brunei Darussalam,M,Import,0,W00,World,0,W00,World,S1,S1,TRUE,5613,Potassic fertilizers and materials,4,FALSE,C00,TOTAL CPC,0,0,TOTAL MOT,8,kg,258500,FALSE,-1,N/A,,FALSE,258500,FALSE,,FALSE,64075,,64075,0,TRUE,FALSE
C,A,19790101,1979,52,1979,152,CHL,Chile,M,Import,0,W00,World,0,W00,World,S1,S1,TRUE,5613,Potassic fertilizers and materials,4,FALSE,C00,TOTAL CPC,0,0,TOTAL MOT,-1,N/A,0,FALSE,-1,N/A,,FALSE,,FALSE,,FALSE,2103927,,2103927,0,TRUE,FALSE
C,A,19790101,1979,52,1979,188,CRI,Costa Rica,M,Import,0,W00,World,0,W00,World,S1,S1,TRUE,5613,Potassic fertilizers and materials,4,FALSE,C00,TOTAL CPC,0,0,TOTAL MOT,8,kg,52862600,FALSE,-1,N/A,,FALSE,52862600,FALSE,,FALSE,6333320,,6333320,0,TRUE,FALSE
C,A,19790101,1979,52,1979,204,BEN,Benin,M,Import,0,W00,World,0,W00,World,S1,S1,TRUE,5613,Potassic fertilizers and materials,4,FALSE,C00,TOTAL CPC,0,0,TOTAL MOT,-1,N/A,0,FALSE,-1,N/A,,FALSE,,FALSE,,FALSE,393177,,393177,0,TRUE,FALSE
C,A,19790101,1979,52,1979,212,DMA,Dominica,M,Import,0,W00,World,0,W00,World,S1,S1,TRUE,5613,Potassic fertilizers and materials,4,FALSE,C00,TOTAL CPC,0,0,TOTAL MOT,8,kg,3951000,FALSE,-1,N/A,,FALSE,3951000,FALSE,,FALSE,823496,,823496,0,TRUE,FALSE
C,A,19790101,1979,52,1979,214,DOM,Dominican Rep.,M,Import,0,W00,World,0,W00,World,S1,S1,TRUE,5613,Potassic fertilizers and materials,4,FALSE,C00,TOTAL CPC,0,0,TOTAL MOT,8,kg,17450964,FALSE,-1,N/A,,FALSE,17450964,FALSE,,FALSE,,1790793,1790793,0,TRUE,FALSE
C,A,19790101,1979,52,1979,214,DOM,Dominican Rep.,X,Export,0,W00,World,0,W00,World,S1,S1,TRUE,5613,Potassic fertilizers and materials,4,FALSE,C00,TOTAL CPC,0,0,TOTAL MOT,8,kg,911011,FALSE,-1,N/A,,FALSE,911011,FALSE,,FALSE,,161107,161107,0,TRUE,FALSE
C,A,19790101,1979,52,1979,222,SLV,El Salvador,M,Import,0,W00,World,0,W00,World,S1,S1,TRUE,5613,Potassic fertilizers and materials,4,FALSE,C00,TOTAL CPC,0,0,TOTAL MOT,8,kg,13990847,FALSE,-1,N/A,,FALSE,13990847,FALSE,,FALSE,1137880,,1137880,0,TRUE,FALSE
C,A,19790101,1979,52,1979,308,GRD,Grenada,M,Import,0,W00,World,0,W00,World,S1,S1,TRUE,5613,Potassic fertilizers and materials,4,FALSE,C00,TOTAL CPC,0,0,TOTAL MOT,-1,N/A,0,FALSE,-1,N/A,,FALSE,,FALSE,,FALSE,2274,,2274,0,TRUE,FALSE
C,A,19790101,1979,52,1979,320,GTM,Guatemala,M,Import,0,W00,World,0,W00,World,S1,S1,TRUE,5613,Potassic fertilizers and materials,4,FALSE,C00,TOTAL CPC,0,0,TOTAL MOT,8,kg,12090623,FALSE,-1,N/A,,FALSE,12090623,FALSE,,FALSE,1294301,,1294301,0,TRUE,FALSE
C,A,19790101,1979,52,1979,328,GUY,Guyana,M,Import,0,W00,World,0,W00,World,S1,S1,TRUE,5613,Potassic fertilizers and materials,4,FALSE,C00,TOTAL CPC,0,0,TOTAL MOT,8,kg,700062,FALSE,-1,N/A,,FALSE,700062,FALSE,,FALSE,124803,,124803,0,TRUE,FALSE
C,A,19790101,1979,52,1979,340,HND,Honduras,M,Import,0,W00,World,0,W00,World,S1,S1,TRUE,5613,Potassic fertilizers and materials,4,FALSE,C00,TOTAL CPC,0,0,TOTAL MOT,8,kg,9148339,FALSE,-1,N/A,,FALSE,9148339,FALSE,,FALSE,1039479,,1039479,0,TRUE,FALSE
C,A,19790101,1979,52,1979,376,ISR,Israel,M,Import,0,W00,World,0,W00,World,S1,S1,TRUE,5613,Potassic fertilizers and materials,4,FALSE,C00,TOTAL CPC,0,0,TOTAL MOT,-1,N/A,0,FALSE,-1,N/A,,FALSE,,FALSE,,FALSE,16217,,16217,0,TRUE,FALSE
C,A,19790101,1979,52,1979,376,ISR,Israel,X,Export,0,W00,World,0,W00,World,S1,S1,TRUE,5613,Potassic fertilizers and materials,4,FALSE,C00,TOTAL CPC,0,0,TOTAL MOT,-1,N/A,0,FALSE,-1,N/A,,FALSE,,FALSE,,FALSE,,1822928,1822928,0,TRUE,FALSE
C,A,19790101,1979,52,1979,400,JOR,Jordan,M,Import,0,W00,World,0,W00,World,S1,S1,TRUE,5613,Potassic fertilizers and materials,4,FALSE,C00,TOTAL CPC,0,0,TOTAL MOT,8,kg,993484,FALSE,-1,N/A,,FALSE,993484,FALSE,,FALSE,285855,,285855,0,TRUE,FALSE
C,A,19790101,1979,52,1979,404,KEN,Kenya,M,Import,0,W00,World,0,W00,World,S1,S1,TRUE,5613,Potassic fertilizers and materials,4,FALSE,C00,TOTAL CPC,0,0,TOTAL MOT,8,kg,91286,FALSE,-1,N/A,,FALSE,91286,FALSE,,FALSE,92603,,92603,0,TRUE,FALSE
C,A,19790101,1979,52,1979,404,KEN,Kenya,X,Export,0,W00,World,0,W00,World,S1,S1,TRUE,5613,Potassic fertilizers and materials,4,FALSE,C00,TOTAL CPC,0,0,TOTAL MOT,8,kg,260585,FALSE,-1,N/A,,FALSE,260585,FALSE,,FALSE,,18806,18806,0,TRUE,FALSE
C,A,19790101,1979,52,1979,434,LBY,Libya,M,Import,0,W00,World,0,W00,World,S1,S1,TRUE,5613,Potassic fertilizers and materials,4,FALSE,C00,TOTAL CPC,0,0,TOTAL MOT,8,kg,17575687,FALSE,-1,N/A,,FALSE,17575687,FALSE,,FALSE,3795269,,3795269,0,TRUE,FALSE
C,A,19790101,1979,52,1979,470,MLT,Malta,M,Import,0,W00,World,0,W00,World,S1,S1,TRUE,5613,Potassic fertilizers and materials,4,FALSE,C00,TOTAL CPC,0,0,TOTAL MOT,8,kg,13000,FALSE,-1,N/A,,FALSE,13000,FALSE,,FALSE,4425,,4425,0,TRUE,FALSE
C,A,19790101,1979,52,1979,484,MEX,Mexico,M,Import,0,W00,World,0,W00,World,S1,S1,TRUE,5613,Potassic fertilizers and materials,4,FALSE,C00,TOTAL CPC,0,0,TOTAL MOT,8,kg,97308416,FALSE,-1,N/A,,FALSE,97308416,FALSE,,FALSE,12362526,,12362526,0,TRUE,FALSE
C,A,19790101,1979,52,1979,484,MEX,Mexico,X,Export,0,W00,World,0,W00,World,S1,S1,TRUE,5613,Potassic fertilizers and materials,4,FALSE,C00,TOTAL CPC,0,0,TOTAL MOT,8,kg,611187,FALSE,-1,N/A,,FALSE,611187,FALSE,,FALSE,,48041,48041,0,TRUE,FALSE
C,A,19790101,1979,52,1979,558,NIC,Nicaragua,M,Import,0,W00,World,0,W00,World,S1,S1,TRUE,5613,Potassic fertilizers and materials,4,FALSE,C00,TOTAL CPC,0,0,TOTAL MOT,8,kg,18144,FALSE,-1,N/A,,FALSE,18144,FALSE,,FALSE,8172,,8172,0,TRUE,FALSE
C,A,19790101,1979,52,1979,558,NIC,Nicaragua,X,Export,0,W00,World,0,W00,World,S1,S1,TRUE,5613,Potassic fertilizers and materials,4,FALSE,C00,TOTAL CPC,0,0,TOTAL MOT,8,kg,9062,FALSE,-1,N/A,,FALSE,9062,FALSE,,FALSE,,14724,14724,0,TRUE,FALSE
C,A,19790101,1979,52,1979,566,NGA,Nigeria,M,Import,0,W00,World,0,W00,World,S1,S1,TRUE,5613,Potassic fertilizers and materials,4,FALSE,C00,TOTAL CPC,0,0,TOTAL MOT,-1,N/A,0,FALSE,-1,N/A,,FALSE,,FALSE,,FALSE,1159424,,1159424,0,TRUE,FALSE
C,A,19790101,1979,52,1979,586,PAK,Pakistan,M,Import,0,W00,World,0,W00,World,S1,S1,TRUE,5613,Potassic fertilizers and materials,4,FALSE,C00,TOTAL CPC,0,0,TOTAL MOT,8,kg,29088000,FALSE,-1,N/A,,FALSE,29088000,FALSE,,FALSE,5860980,,5860980,0,TRUE,FALSE
C,A,19790101,1979,52,1979,591,PAN,Panama,M,Import,0,W00,World,0,W00,World,S1,S1,TRUE,5613,Potassic fertilizers and materials,4,FALSE,C00,TOTAL CPC,0,0,TOTAL MOT,8,kg,8743335,FALSE,-1,N/A,,FALSE,8743335,FALSE,,FALSE,1219894,,1219894,0,TRUE,FALSE
C,A,19790101,1979,52,1979,600,PRY,Paraguay,M,Import,0,W00,World,0,W00,World,S1,S1,TRUE,5613,Potassic fertilizers and materials,4,FALSE,C00,TOTAL CPC,0,0,TOTAL MOT,8,kg,2108481,FALSE,-1,N/A,,FALSE,2108481,FALSE,,FALSE,449071,,449071,0,TRUE,FALSE
C,A,19790101,1979,52,1979,658,KNA,"Saint Kitts, Nevis and Anguilla (...1980)",M,Import,0,W00,World,0,W00,World,S1,S1,TRUE,5613,Potassic fertilizers and materials,4,FALSE,C00,TOTAL CPC,0,0,TOTAL MOT,8,kg,4500,FALSE,-1,N/A,,FALSE,4500,FALSE,,FALSE,4661,,4661,0,TRUE,FALSE
C,A,19790101,1979,52,1979,662,LCA,Saint Lucia,M,Import,0,W00,World,0,W00,World,S1,S1,TRUE,5613,Potassic fertilizers and materials,4,FALSE,C00,TOTAL CPC,0,0,TOTAL MOT,8,kg,208000,FALSE,-1,N/A,,FALSE,208000,FALSE,,FALSE,63533,,63533,0,TRUE,FALSE
C,A,19790101,1979,52,1979,788,TUN,Tunisia,M,Import,0,W00,World,0,W00,World,S1,S1,TRUE,5613,Potassic fertilizers and materials,4,FALSE,C00,TOTAL CPC,0,0,TOTAL MOT,8,kg,12228338,FALSE,-1,N/A,,FALSE,12228338,FALSE,,FALSE,1582548,,1582548,0,TRUE,FALSE
C,A,19790101,1979,52,1979,792,TUR,TÅEkiye,M,Import,0,W00,World,0,W00,World,S1,S1,TRUE,5613,Potassic fertilizers and materials,4,FALSE,C00,TOTAL CPC,0,0,TOTAL MOT,8,kg,33058164,FALSE,-1,N/A,,FALSE,33058164,FALSE,,FALSE,6585995,,6585995,0,TRUE,FALSE
C,A,19790101,1979,52,1979,818,EGY,Egypt,M,Import,0,W00,World,0,W00,World,S1,S1,TRUE,5613,Potassic fertilizers and materials,4,FALSE,C00,TOTAL CPC,0,0,TOTAL MOT,8,kg,4730660,FALSE,-1,N/A,,FALSE,4730660,FALSE,,FALSE,919768,,919768,0,TRUE,FALSE
C,A,19790101,1979,52,1979,834,TZA,United Rep. of Tanzania,M,Import,0,W00,World,0,W00,World,S1,S1,TRUE,5613,Potassic fertilizers and materials,4,FALSE,C00,TOTAL CPC,0,0,TOTAL MOT,8,kg,6050000,FALSE,-1,N/A,,FALSE,6050000,FALSE,,FALSE,1195000,,1195000,0,TRUE,FALSE
C,A,19790101,1979,52,1979,858,URY,Uruguay,M,Import,0,W00,World,0,W00,World,S1,S1,TRUE,5613,Potassic fertilizers and materials,4,FALSE,C00,TOTAL CPC,0,0,TOTAL MOT,8,kg,12004609,FALSE,-1,N/A,,FALSE,12004609,FALSE,,FALSE,1359120,,1359120,0,TRUE,FALSE
C,A,19790101,1979,52,1979,858,URY,Uruguay,X,Export,0,W00,World,0,W00,World,S1,S1,TRUE,5613,Potassic fertilizers and materials,4,FALSE,C00,TOTAL CPC,0,0,TOTAL MOT,8,kg,100000,FALSE,-1,N/A,,FALSE,100000,FALSE,,FALSE,,15259,15259,0,TRUE,FALSE
C,A,19790101,1979,52,1979,862,VEN,Venezuela,M,Import,0,W00,World,0,W00,World,S1,S1,TRUE,5613,Potassic fertilizers and materials,4,FALSE,C00,TOTAL CPC,0,0,TOTAL MOT,8,kg,2105,FALSE,-1,N/A,,FALSE,2105,FALSE,,FALSE,,2421,2421,0,TRUE,FALSE
C,A,19790101,1979,52,1979,890,YUG,Yugoslavia (...1991),M,Import,0,W00,World,0,W00,World,S1,S1,TRUE,5613,Potassic fertilizers and materials,4,FALSE,C00,TOTAL CPC,0,0,TOTAL MOT,8,kg,394995712,FALSE,-1,N/A,,FALSE,394995712,FALSE,,FALSE,31794000,,31794000,0,TRUE,FALSE
C,A,19790101,1979,52,1979,890,YUG,Yugoslavia (...1991),X,Export,0,W00,World,0,W00,World,S1,S1,TRUE,5613,Potassic fertilizers and materials,4,FALSE,C00,TOTAL CPC,0,0,TOTAL MOT,8,kg,882,FALSE,-1,N/A,,FALSE,882,FALSE,,FALSE,,118,118,0,TRUE,FALSE
C,A,19800101,1980,52,1980,44,BHS,Bahamas,M,Import,0,W00,World,0,W00,World,S1,S1,TRUE,5613,Potassic fertilizers and materials,4,FALSE,C00,TOTAL CPC,0,0,TOTAL MOT,8,kg,108453,FALSE,-1,N/A,,FALSE,108453,FALSE,,FALSE,9881,,9881,0,TRUE,FALSE
C,A,19800101,1980,52,1980,76,BRA,Brazil,M,Import,0,W00,World,0,W00,World,S1,S1,TRUE,5613,Potassic fertilizers and materials,4,FALSE,C00,TOTAL CPC,0,0,TOTAL MOT,8,kg,2185924096,FALSE,-1,N/A,,FALSE,2185924096,FALSE,,FALSE,339505472,,339505472,0,TRUE,FALSE
C,A,19800101,1980,52,1980,76,BRA,Brazil,X,Export,0,W00,World,0,W00,World,S1,S1,TRUE,5613,Potassic fertilizers and materials,4,FALSE,C00,TOTAL CPC,0,0,TOTAL MOT,8,kg,653000,FALSE,-1,N/A,,FALSE,653000,FALSE,,FALSE,,147214,147214,0,TRUE,FALSE
C,A,19800101,1980,52,1980,96,BRN,Brunei Darussalam,M,Import,0,W00,World,0,W00,World,S1,S1,TRUE,5613,Potassic fertilizers and materials,4,FALSE,C00,TOTAL CPC,0,0,TOTAL MOT,8,kg,645788,FALSE,-1,N/A,,FALSE,645788,FALSE,,FALSE,117270,,117270,0,TRUE,FALSE
C,A,19800101,1980,52,1980,152,CHL,Chile,M,Import,0,W00,World,0,W00,World,S1,S1,TRUE,5613,Potassic fertilizers and materials,4,FALSE,C00,TOTAL CPC,0,0,TOTAL MOT,8,kg,47423040,FALSE,-1,N/A,,FALSE,47423040,FALSE,,FALSE,8115145,,8115145,0,TRUE,FALSE
C,A,19800101,1980,52,1980,152,CHL,Chile,X,Export,0,W00,World,0,W00,World,S1,S1,TRUE,5613,Potassic fertilizers and materials,4,FALSE,C00,TOTAL CPC,0,0,TOTAL MOT,8,kg,58,FALSE,-1,N/A,,FALSE,58,FALSE,,FALSE,,69,69,0,TRUE,FALSE
C,A,19800101,1980,52,1980,188,CRI,Costa Rica,M,Import,0,W00,World,0,W00,World,S1,S1,TRUE,5613,Potassic fertilizers and materials,4,FALSE,C00,TOTAL CPC,0,0,TOTAL MOT,8,kg,63105852,FALSE,-1,N/A,,FALSE,63105852,FALSE,,FALSE,10446150,,10446150,0,TRUE,FALSE
C,A,19800101,1980,52,1980,188,CRI,Costa Rica,X,Export,0,W00,World,0,W00,World,S1,S1,TRUE,5613,Potassic fertilizers and materials,4,FALSE,C00,TOTAL CPC,0,0,TOTAL MOT,8,kg,15000,FALSE,-1,N/A,,FALSE,15000,FALSE,,FALSE,,5258,5258,0,TRUE,FALSE
C,A,19800101,1980,52,1980,204,BEN,Benin,M,Import,0,W00,World,0,W00,World,S1,S1,TRUE,5613,Potassic fertilizers and materials,4,FALSE,C00,TOTAL CPC,0,0,TOTAL MOT,8,kg,179101,FALSE,-1,N/A,,FALSE,179101,FALSE,,FALSE,98948,,98948,0,TRUE,FALSE
C,A,19800101,1980,52,1980,212,DMA,Dominica,M,Import,0,W00,World,0,W00,World,S1,S1,TRUE,5613,Potassic fertilizers and materials,4,FALSE,C00,TOTAL CPC,0,0,TOTAL MOT,8,kg,1155000,FALSE,-1,N/A,,FALSE,1155000,FALSE,,FALSE,228241,,228241,0,TRUE,FALSE
C,A,19800101,1980,52,1980,214,DOM,Dominican Rep.,M,Import,0,W00,World,0,W00,World,S1,S1,TRUE,5613,Potassic fertilizers and materials,4,FALSE,C00,TOTAL CPC,0,0,TOTAL MOT,8,kg,43433588,FALSE,-1,N/A,,FALSE,43433588,FALSE,,FALSE,,5921457,5921457,0,TRUE,FALSE
C,A,19800101,1980,52,1980,214,DOM,Dominican Rep.,X,Export,0,W00,World,0,W00,World,S1,S1,TRUE,5613,Potassic fertilizers and materials,4,FALSE,C00,TOTAL CPC,0,0,TOTAL MOT,8,kg,1684741,FALSE,-1,N/A,,FALSE,1684741,FALSE,,FALSE,,333280,333280,0,TRUE,FALSE
C,A,19800101,1980,52,1980,222,SLV,El Salvador,M,Import,0,W00,World,0,W00,World,S1,S1,TRUE,5613,Potassic fertilizers and materials,4,FALSE,C00,TOTAL CPC,0,0,TOTAL MOT,8,kg,140000,FALSE,-1,N/A,,FALSE,140000,FALSE,,FALSE,28675,,28675,0,TRUE,FALSE
C,A,19800101,1980,52,1980,288,GHA,Ghana,M,Import,0,W00,World,0,W00,World,S1,S1,TRUE,5613,Potassic fertilizers and materials,4,FALSE,C00,TOTAL CPC,0,0,TOTAL MOT,8,kg,208000,FALSE,-1,N/A,,FALSE,208000,FALSE,,FALSE,16366,,16366,0,TRUE,FALSE
C,A,19800101,1980,52,1980,296,KIR,Kiribati,M,Import,0,W00,World,0,W00,World,S1,S1,TRUE,5613,Potassic fertilizers and materials,4,FALSE,C00,TOTAL CPC,0,0,TOTAL MOT,8,kg,8,FALSE,-1,N/A,,FALSE,8,FALSE,,FALSE,,124,124,0,TRUE,FALSE
C,A,19800101,1980,52,1980,320,GTM,Guatemala,M,Import,0,W00,World,0,W00,World,S1,S1,TRUE,5613,Potassic fertilizers and materials,4,FALSE,C00,TOTAL CPC,0,0,TOTAL MOT,8,kg,17724246,FALSE,-1,N/A,,FALSE,17724246,FALSE,,FALSE,2621361,,2621361,0,TRUE,FALSE
C,A,19800101,1980,52,1980,340,HND,Honduras,M,Import,0,W00,World,0,W00,World,S1,S1,TRUE,5613,Potassic fertilizers and materials,4,FALSE,C00,TOTAL CPC,0,0,TOTAL MOT,8,kg,5622496,FALSE,-1,N/A,,FALSE,5622496,FALSE,,FALSE,1058002,,1058002,0,TRUE,FALSE
C,A,19800101,1980,52,1980,376,ISR,Israel,M,Import,0,W00,World,0,W00,World,S1,S1,TRUE,5613,Potassic fertilizers and materials,4,FALSE,C00,TOTAL CPC,0,0,TOTAL MOT,-1,N/A,0,FALSE,-1,N/A,,FALSE,,FALSE,,FALSE,11983,,11983,0,TRUE,FALSE
C,A,19800101,1980,52,1980,376,ISR,Israel,X,Export,0,W00,World,0,W00,World,S1,S1,TRUE,5613,Potassic fertilizers and materials,4,FALSE,C00,TOTAL CPC,0,0,TOTAL MOT,-1,N/A,0,FALSE,-1,N/A,,FALSE,,FALSE,,FALSE,,2914904,2914904,0,TRUE,FALSE
C,A,19800101,1980,52,1980,400,JOR,Jordan,M,Import,0,W00,World,0,W00,World,S1,S1,TRUE,5613,Potassic fertilizers and materials,4,FALSE,C00,TOTAL CPC,0,0,TOTAL MOT,8,kg,143539,FALSE,-1,N/A,,FALSE,143539,FALSE,,FALSE,75721,,75721,0,TRUE,FALSE
C,A,19800101,1980,52,1980,434,LBY,Libya,M,Import,0,W00,World,0,W00,World,S1,S1,TRUE,5613,Potassic fertilizers and materials,4,FALSE,C00,TOTAL CPC,0,0,TOTAL MOT,8,kg,38813737,FALSE,-1,N/A,,FALSE,38813737,FALSE,,FALSE,9675427,,9675427,0,TRUE,FALSE
C,A,19800101,1980,52,1980,484,MEX,Mexico,M,Import,0,W00,World,0,W00,World,S1,S1,TRUE,5613,Potassic fertilizers and materials,4,FALSE,C00,TOTAL CPC,0,0,TOTAL MOT,8,kg,183000672,FALSE,-1,N/A,,FALSE,183000672,FALSE,,FALSE,16240867,,16240867,0,TRUE,FALSE
C,A,19800101,1980,52,1980,484,MEX,Mexico,X,Export,0,W00,World,0,W00,World,S1,S1,TRUE,5613,Potassic fertilizers and materials,4,FALSE,C00,TOTAL CPC,0,0,TOTAL MOT,8,kg,2581811,FALSE,-1,N/A,,FALSE,2581811,FALSE,,FALSE,,251882,251882,0,TRUE,FALSE
C,A,19800101,1980,52,1980,558,NIC,Nicaragua,M,Import,0,W00,World,0,W00,World,S1,S1,TRUE,5613,Potassic fertilizers and materials,4,FALSE,C00,TOTAL CPC,0,0,TOTAL MOT,8,kg,12932038,FALSE,-1,N/A,,FALSE,12932038,FALSE,,FALSE,2155723,,2155723,0,TRUE,FALSE
C,A,19800101,1980,52,1980,586,PAK,Pakistan,M,Import,0,W00,World,0,W00,World,S1,S1,TRUE,5613,Potassic fertilizers and materials,4,FALSE,C00,TOTAL CPC,0,0,TOTAL MOT,8,kg,5000000,FALSE,-1,N/A,,FALSE,5000000,FALSE,,FALSE,1155990,,1155990,0,TRUE,FALSE
C,A,19800101,1980,52,1980,591,PAN,Panama,M,Import,0,W00,World,0,W00,World,S1,S1,TRUE,5613,Potassic fertilizers and materials,4,FALSE,C00,TOTAL CPC,0,0,TOTAL MOT,8,kg,4976487,FALSE,-1,N/A,,FALSE,4976487,FALSE,,FALSE,833769,,833769,0,TRUE,FALSE
C,A,19800101,1980,52,1980,600,PRY,Paraguay,M,Import,0,W00,World,0,W00,World,S1,S1,TRUE,5613,Potassic fertilizers and materials,4,FALSE,C00,TOTAL CPC,0,0,TOTAL MOT,8,kg,411123,FALSE,-1,N/A,,FALSE,411123,FALSE,,FALSE,131560,,131560,0,TRUE,FALSE
C,A,19800101,1980,52,1980,662,LCA,Saint Lucia,M,Import,0,W00,World,0,W00,World,S1,S1,TRUE,5613,Potassic fertilizers and materials,4,FALSE,C00,TOTAL CPC,0,0,TOTAL MOT,8,kg,70000,FALSE,-1,N/A,,FALSE,70000,FALSE,,FALSE,17434,,17434,0,TRUE,FALSE
C,A,19800101,1980,52,1980,784,ARE,United Arab Emirates,M,Import,0,W00,World,0,W00,World,S1,S1,TRUE,5613,Potassic fertilizers and materials,4,FALSE,C00,TOTAL CPC,0,0,TOTAL MOT,8,kg,182804,FALSE,-1,N/A,,FALSE,182804,FALSE,,FALSE,65066,,65066,0,TRUE,FALSE
C,A,19800101,1980,52,1980,792,TUR,TÅEkiye,M,Import,0,W00,World,0,W00,World,S1,S1,TRUE,5613,Potassic fertilizers and materials,4,FALSE,C00,TOTAL CPC,0,0,TOTAL MOT,8,kg,26854272,FALSE,-1,N/A,,FALSE,26854272,FALSE,,FALSE,6705914,,6705914,0,TRUE,FALSE
C,A,19800101,1980,52,1980,818,EGY,Egypt,M,Import,0,W00,World,0,W00,World,S1,S1,TRUE,5613,Potassic fertilizers and materials,4,FALSE,C00,TOTAL CPC,0,0,TOTAL MOT,8,kg,5025051,FALSE,-1,N/A,,FALSE,5025051,FALSE,,FALSE,357412,,357412,0,TRUE,FALSE
C,A,19800101,1980,52,1980,834,TZA,United Rep. of Tanzania,M,Import,0,W00,World,0,W00,World,S1,S1,TRUE,5613,Potassic fertilizers and materials,4,FALSE,C00,TOTAL CPC,0,0,TOTAL MOT,8,kg,8333238,FALSE,-1,N/A,,FALSE,8333238,FALSE,,FALSE,1962533,,1962533,0,TRUE,FALSE
C,A,19800101,1980,52,1980,858,URY,Uruguay,M,Import,0,W00,World,0,W00,World,S1,S1,TRUE,5613,Potassic fertilizers and materials,4,FALSE,C00,TOTAL CPC,0,0,TOTAL MOT,-1,N/A,0,FALSE,-1,N/A,,FALSE,,FALSE,,FALSE,1527189,,1527189,0,TRUE,FALSE
C,A,19800101,1980,52,1980,862,VEN,Venezuela,M,Import,0,W00,World,0,W00,World,S1,S1,TRUE,5613,Potassic fertilizers and materials,4,FALSE,C00,TOTAL CPC,0,0,TOTAL MOT,8,kg,48429604,FALSE,-1,N/A,,FALSE,48429604,FALSE,,FALSE,,9230882,9230882,0,TRUE,FALSE
C,A,19800101,1980,52,1980,890,YUG,Yugoslavia (...1991),M,Import,0,W00,World,0,W00,World,S1,S1,TRUE,5613,Potassic fertilizers and materials,4,FALSE,C00,TOTAL CPC,0,0,TOTAL MOT,8,kg,461797920,FALSE,-1,N/A,,FALSE,461797920,FALSE,,FALSE,48880228,,48880228,0,TRUE,FALSE
C,A,19810101,1981,52,1981,28,ATG,Antigua and Barbuda,M,Import,0,W00,World,0,W00,World,S1,S1,TRUE,5613,Potassic fertilizers and materials,4,FALSE,C00,TOTAL CPC,0,0,TOTAL MOT,8,kg,660,FALSE,-1,N/A,,FALSE,660,FALSE,,FALSE,298,,298,0,TRUE,FALSE
C,A,19810101,1981,52,1981,44,BHS,Bahamas,M,Import,0,W00,World,0,W00,World,S1,S1,TRUE,5613,Potassic fertilizers and materials,4,FALSE,C00,TOTAL CPC,0,0,TOTAL MOT,8,kg,76746,FALSE,-1,N/A,,FALSE,76746,FALSE,,FALSE,3849,,3849,0,TRUE,FALSE
C,A,19810101,1981,52,1981,76,BRA,Brazil,M,Import,0,W00,World,0,W00,World,S1,S1,TRUE,5613,Potassic fertilizers and materials,4,FALSE,C00,TOTAL CPC,0,0,TOTAL MOT,8,kg,1273555328,FALSE,-1,N/A,,FALSE,1273555328,FALSE,,FALSE,201085344,,201085344,0,TRUE,FALSE
C,A,19810101,1981,52,1981,76,BRA,Brazil,X,Export,0,W00,World,0,W00,World,S1,S1,TRUE,5613,Potassic fertilizers and materials,4,FALSE,C00,TOTAL CPC,0,0,TOTAL MOT,8,kg,569000,FALSE,-1,N/A,,FALSE,569000,FALSE,,FALSE,,125768,125768,0,TRUE,FALSE
C,A,19810101,1981,52,1981,152,CHL,Chile,M,Import,0,W00,World,0,W00,World,S1,S1,TRUE,5613,Potassic fertilizers and materials,4,FALSE,C00,TOTAL CPC,0,0,TOTAL MOT,8,kg,23159030,FALSE,-1,N/A,,FALSE,23159030,FALSE,,FALSE,3283113,,3283113,0,TRUE,FALSE
C,A,19810101,1981,52,1981,188,CRI,Costa Rica,M,Import,0,W00,World,0,W00,World,S1,S1,TRUE,5613,Potassic fertilizers and materials,4,FALSE,C00,TOTAL CPC,0,0,TOTAL MOT,8,kg,49625652,FALSE,-1,N/A,,FALSE,49625652,FALSE,,FALSE,8127713,,8127713,0,TRUE,FALSE
C,A,19810101,1981,52,1981,214,DOM,Dominican Rep.,M,Import,0,W00,World,0,W00,World,S1,S1,TRUE,5613,Potassic fertilizers and materials,4,FALSE,C00,TOTAL CPC,0,0,TOTAL MOT,8,kg,34265048,FALSE,-1,N/A,,FALSE,34265048,FALSE,,FALSE,,4822990,4822990,0,TRUE,FALSE
C,A,19810101,1981,52,1981,214,DOM,Dominican Rep.,X,Export,0,W00,World,0,W00,World,S1,S1,TRUE,5613,Potassic fertilizers and materials,4,FALSE,C00,TOTAL CPC,0,0,TOTAL MOT,8,kg,6001982,FALSE,-1,N/A,,FALSE,6001982,FALSE,,FALSE,,884890,884890,0,TRUE,FALSE
C,A,19810101,1981,52,1981,222,SLV,El Salvador,M,Import,0,W00,World,0,W00,World,S1,S1,TRUE,5613,Potassic fertilizers and materials,4,FALSE,C00,TOTAL CPC,0,0,TOTAL MOT,8,kg,80000,FALSE,-1,N/A,,FALSE,80000,FALSE,,FALSE,15000,,15000,0,TRUE,FALSE
C,A,19810101,1981,52,1981,288,GHA,Ghana,M,Import,0,W00,World,0,W00,World,S1,S1,TRUE,5613,Potassic fertilizers and materials,4,FALSE,C00,TOTAL CPC,0,0,TOTAL MOT,8,kg,24101,FALSE,-1,N/A,,FALSE,24101,FALSE,,FALSE,4776,,4776,0,TRUE,FALSE
C,A,19810101,1981,52,1981,320,GTM,Guatemala,M,Import,0,W00,World,0,W00,World,S1,S1,TRUE,5613,Potassic fertilizers and materials,4,FALSE,C00,TOTAL CPC,0,0,TOTAL MOT,8,kg,19921038,FALSE,-1,N/A,,FALSE,19921038,FALSE,,FALSE,3337608,,3337608,0,TRUE,FALSE
C,A,19810101,1981,52,1981,320,GTM,Guatemala,X,Export,0,W00,World,0,W00,World,S1,S1,TRUE,5613,Potassic fertilizers and materials,4,FALSE,C00,TOTAL CPC,0,0,TOTAL MOT,8,kg,193010,FALSE,-1,N/A,,FALSE,193010,FALSE,,FALSE,,19689,19689,0,TRUE,FALSE
C,A,19810101,1981,52,1981,340,HND,Honduras,M,Import,0,W00,World,0,W00,World,S1,S1,TRUE,5613,Potassic fertilizers and materials,4,FALSE,C00,TOTAL CPC,0,0,TOTAL MOT,8,kg,8550495,FALSE,-1,N/A,,FALSE,8550495,FALSE,,FALSE,1770860,,1770860,0,TRUE,FALSE
C,A,19810101,1981,52,1981,434,LBY,Libya,M,Import,0,W00,World,0,W00,World,S1,S1,TRUE,5613,Potassic fertilizers and materials,4,FALSE,C00,TOTAL CPC,0,0,TOTAL MOT,8,kg,8860000,FALSE,-1,N/A,,FALSE,8860000,FALSE,,FALSE,2522239,,2522239,0,TRUE,FALSE
C,A,19810101,1981,52,1981,484,MEX,Mexico,M,Import,0,W00,World,0,W00,World,S1,S1,TRUE,5613,Potassic fertilizers and materials,4,FALSE,C00,TOTAL CPC,0,0,TOTAL MOT,8,kg,242174528,FALSE,-1,N/A,,FALSE,242174528,FALSE,,FALSE,22508380,,22508380,0,TRUE,FALSE
C,A,19810101,1981,52,1981,484,MEX,Mexico,X,Export,0,W00,World,0,W00,World,S1,S1,TRUE,5613,Potassic fertilizers and materials,4,FALSE,C00,TOTAL CPC,0,0,TOTAL MOT,8,kg,7643636,FALSE,-1,N/A,,FALSE,7643636,FALSE,,FALSE,,654856,654856,0,TRUE,FALSE
C,A,19810101,1981,52,1981,558,NIC,Nicaragua,M,Import,0,W00,World,0,W00,World,S1,S1,TRUE,5613,Potassic fertilizers and materials,4,FALSE,C00,TOTAL CPC,0,0,TOTAL MOT,8,kg,20970702,FALSE,-1,N/A,,FALSE,20970702,FALSE,,FALSE,3850450,,3850450,0,TRUE,FALSE
C,A,19810101,1981,52,1981,566,NGA,Nigeria,M,Import,0,W00,World,0,W00,World,S1,S1,TRUE,5613,Potassic fertilizers and materials,4,FALSE,C00,TOTAL CPC,0,0,TOTAL MOT,8,kg,5094000,FALSE,-1,N/A,,FALSE,5094000,FALSE,,FALSE,1750525,,1750525,0,TRUE,FALSE
C,A,19810101,1981,52,1981,586,PAK,Pakistan,M,Import,0,W00,World,0,W00,World,S1,S1,TRUE,5613,Potassic fertilizers and materials,4,FALSE,C00,TOTAL CPC,0,0,TOTAL MOT,8,kg,15500000,FALSE,-1,N/A,,FALSE,15500000,FALSE,,FALSE,3416894,,3416894,0,TRUE,FALSE
C,A,19810101,1981,52,1981,591,PAN,Panama,M,Import,0,W00,World,0,W00,World,S1,S1,TRUE,5613,Potassic fertilizers and materials,4,FALSE,C00,TOTAL CPC,0,0,TOTAL MOT,8,kg,1479875,FALSE,-1,N/A,,FALSE,1479875,FALSE,,FALSE,284007,,284007,0,TRUE,FALSE
C,A,19810101,1981,52,1981,600,PRY,Paraguay,M,Import,0,W00,World,0,W00,World,S1,S1,TRUE,5613,Potassic fertilizers and materials,4,FALSE,C00,TOTAL CPC,0,0,TOTAL MOT,8,kg,1153260,FALSE,-1,N/A,,FALSE,1153260,FALSE,,FALSE,403671,,403671,0,TRUE,FALSE
C,A,19810101,1981,52,1981,659,KNA,Saint Kitts and Nevis,M,Import,0,W00,World,0,W00,World,S1,S1,TRUE,5613,Potassic fertilizers and materials,4,FALSE,C00,TOTAL CPC,0,0,TOTAL MOT,-1,N/A,0,FALSE,-1,N/A,,FALSE,,FALSE,,FALSE,97423,,97423,0,TRUE,FALSE
C,A,19810101,1981,52,1981,792,TUR,TÅEkiye,M,Import,0,W00,World,0,W00,World,S1,S1,TRUE,5613,Potassic fertilizers and materials,4,FALSE,C00,TOTAL CPC,0,0,TOTAL MOT,8,kg,51382284,FALSE,-1,N/A,,FALSE,51382284,FALSE,,FALSE,15231625,,15231625,0,TRUE,FALSE
C,A,19810101,1981,52,1981,834,TZA,United Rep. of Tanzania,M,Import,0,W00,World,0,W00,World,S1,S1,TRUE,5613,Potassic fertilizers and materials,4,FALSE,C00,TOTAL CPC,0,0,TOTAL MOT,8,kg,4533675,FALSE,-1,N/A,,FALSE,4533675,FALSE,,FALSE,1644419,,1644419,0,TRUE,FALSE
C,A,19810101,1981,52,1981,858,URY,Uruguay,M,Import,0,W00,World,0,W00,World,S1,S1,TRUE,5613,Potassic fertilizers and materials,4,FALSE,C00,TOTAL CPC,0,0,TOTAL MOT,-1,N/A,0,FALSE,-1,N/A,,FALSE,,FALSE,,FALSE,1311105,,1311105,0,TRUE,FALSE
C,A,19810101,1981,52,1981,862,VEN,Venezuela,M,Import,0,W00,World,0,W00,World,S1,S1,TRUE,5613,Potassic fertilizers and materials,4,FALSE,C00,TOTAL CPC,0,0,TOTAL MOT,8,kg,74789824,FALSE,-1,N/A,,FALSE,74789824,FALSE,,FALSE,,11149978,11149978,0,TRUE,FALSE
C,A,19810101,1981,52,1981,890,YUG,Yugoslavia (...1991),M,Import,0,W00,World,0,W00,World,S1,S1,TRUE,5613,Potassic fertilizers and materials,4,FALSE,C00,TOTAL CPC,0,0,TOTAL MOT,8,kg,444942016,FALSE,-1,N/A,,FALSE,444942016,FALSE,,FALSE,61536640,,61536640,0,TRUE,FALSE
C,A,19820101,1982,52,1982,44,BHS,Bahamas,M,Import,0,W00,World,0,W00,World,S1,S1,TRUE,5613,Potassic fertilizers and materials,4,FALSE,C00,TOTAL CPC,0,0,TOTAL MOT,8,kg,109585,FALSE,-1,N/A,,FALSE,109585,FALSE,,FALSE,49539,,49539,0,TRUE,FALSE
C,A,19820101,1982,52,1982,76,BRA,Brazil,M,Import,0,W00,World,0,W00,World,S1,S1,TRUE,5613,Potassic fertilizers and materials,4,FALSE,C00,TOTAL CPC,0,0,TOTAL MOT,8,kg,1493777664,FALSE,-1,N/A,,FALSE,1493777664,FALSE,,FALSE,158034288,,158034288,0,TRUE,FALSE
C,A,19820101,1982,52,1982,84,BLZ,Belize,M,Import,0,W00,World,0,W00,World,S1,S1,TRUE,5613,Potassic fertilizers and materials,4,FALSE,C00,TOTAL CPC,0,0,TOTAL MOT,8,kg,990000,FALSE,-1,N/A,,FALSE,990000,FALSE,,FALSE,237490,,237490,0,TRUE,FALSE
C,A,19820101,1982,52,1982,96,BRN,Brunei Darussalam,M,Import,0,W00,World,0,W00,World,S1,S1,TRUE,5613,Potassic fertilizers and materials,4,FALSE,C00,TOTAL CPC,0,0,TOTAL MOT,8,kg,67461,FALSE,-1,N/A,,FALSE,67461,FALSE,,FALSE,21759,,21759,0,TRUE,FALSE
C,A,19820101,1982,52,1982,76,BRA,Brazil,X,Export,0,W00,World,0,W00,World,S1,S1,TRUE,5613,Potassic fertilizers and materials,4,FALSE,C00,TOTAL CPC,0,0,TOTAL MOT,8,kg,195300,FALSE,-1,N/A,,FALSE,195300,FALSE,,FALSE,,75461,75461,0,TRUE,FALSE
C,A,19820101,1982,52,1982,96,BRN,Brunei Darussalam,X,Export,0,W00,World,0,W00,World,S1,S1,TRUE,5613,Potassic fertilizers and materials,4,FALSE,C00,TOTAL CPC,0,0,TOTAL MOT,8,kg,3062,FALSE,-1,N/A,,FALSE,3062,FALSE,,FALSE,,630,630,0,TRUE,FALSE
C,A,19820101,1982,52,1982,152,CHL,Chile,M,Import,0,W00,World,0,W00,World,S1,S1,TRUE,5613,Potassic fertilizers and materials,4,FALSE,C00,TOTAL CPC,0,0,TOTAL MOT,8,kg,3300105,FALSE,-1,N/A,,FALSE,3300105,FALSE,,FALSE,610895,,610895,0,TRUE,FALSE
C,A,19820101,1982,52,1982,188,CRI,Costa Rica,M,Import,0,W00,World,0,W00,World,S1,S1,TRUE,5613,Potassic fertilizers and materials,4,FALSE,C00,TOTAL CPC,0,0,TOTAL MOT,8,kg,42537888,FALSE,-1,N/A,,FALSE,42537888,FALSE,,FALSE,5453894,,5453894,0,TRUE,FALSE
C,A,19820101,1982,52,1982,204,BEN,Benin,M,Import,0,W00,World,0,W00,World,S1,S1,TRUE,5613,Potassic fertilizers and materials,4,FALSE,C00,TOTAL CPC,0,0,TOTAL MOT,8,kg,20250,FALSE,-1,N/A,,FALSE,20250,FALSE,,FALSE,5221,,5221,0,TRUE,FALSE
C,A,19820101,1982,52,1982,214,DOM,Dominican Rep.,M,Import,0,W00,World,0,W00,World,S1,S1,TRUE,5613,Potassic fertilizers and materials,4,FALSE,C00,TOTAL CPC,0,0,TOTAL MOT,8,kg,11223347,FALSE,-1,N/A,,FALSE,11223347,FALSE,,FALSE,,1272406,1272406,0,TRUE,FALSE
C,A,19820101,1982,52,1982,214,DOM,Dominican Rep.,X,Export,0,W00,World,0,W00,World,S1,S1,TRUE,5613,Potassic fertilizers and materials,4,FALSE,C00,TOTAL CPC,0,0,TOTAL MOT,8,kg,371788,FALSE,-1,N/A,,FALSE,371788,FALSE,,FALSE,,105011,105011,0,TRUE,FALSE
C,A,19820101,1982,52,1982,222,SLV,El Salvador,M,Import,0,W00,World,0,W00,World,S1,S1,TRUE,5613,Potassic fertilizers and materials,4,FALSE,C00,TOTAL CPC,0,0,TOTAL MOT,8,kg,17195110,FALSE,-1,N/A,,FALSE,17195110,FALSE,,FALSE,2670490,,2670490,0,TRUE,FALSE
C,A,19820101,1982,52,1982,288,GHA,Ghana,M,Import,0,W00,World,0,W00,World,S1,S1,TRUE,5613,Potassic fertilizers and materials,4,FALSE,C00,TOTAL CPC,0,0,TOTAL MOT,8,kg,323625,FALSE,-1,N/A,,FALSE,323625,FALSE,,FALSE,71605,,71605,0,TRUE,FALSE
C,A,19820101,1982,52,1982,320,GTM,Guatemala,M,Import,0,W00,World,0,W00,World,S1,S1,TRUE,5613,Potassic fertilizers and materials,4,FALSE,C00,TOTAL CPC,0,0,TOTAL MOT,8,kg,6976472,FALSE,-1,N/A,,FALSE,6976472,FALSE,,FALSE,885705,,885705,0,TRUE,FALSE
C,A,19820101,1982,52,1982,340,HND,Honduras,M,Import,0,W00,World,0,W00,World,S1,S1,TRUE,5613,Potassic fertilizers and materials,4,FALSE,C00,TOTAL CPC,0,0,TOTAL MOT,8,kg,4107991,FALSE,-1,N/A,,FALSE,4107991,FALSE,,FALSE,819747,,819747,0,TRUE,FALSE
C,A,19820101,1982,52,1982,320,GTM,Guatemala,X,Export,0,W00,World,0,W00,World,S1,S1,TRUE,5613,Potassic fertilizers and materials,4,FALSE,C00,TOTAL CPC,0,0,TOTAL MOT,8,kg,6875,FALSE,-1,N/A,,FALSE,6875,FALSE,,FALSE,,1199,1199,0,TRUE,FALSE
C,A,19820101,1982,52,1982,434,LBY,Libya,M,Import,0,W00,World,0,W00,World,S1,S1,TRUE,5613,Potassic fertilizers and materials,4,FALSE,C00,TOTAL CPC,0,0,TOTAL MOT,8,kg,16250,FALSE,-1,N/A,,FALSE,16250,FALSE,,FALSE,12453,,12453,0,TRUE,FALSE
C,A,19820101,1982,52,1982,470,MLT,Malta,M,Import,0,W00,World,0,W00,World,S1,S1,TRUE,5613,Potassic fertilizers and materials,4,FALSE,C00,TOTAL CPC,0,0,TOTAL MOT,8,kg,18000,FALSE,-1,N/A,,FALSE,18000,FALSE,,FALSE,5845,,5845,0,TRUE,FALSE
C,A,19820101,1982,52,1982,484,MEX,Mexico,M,Import,0,W00,World,0,W00,World,S1,S1,TRUE,5613,Potassic fertilizers and materials,4,FALSE,C00,TOTAL CPC,0,0,TOTAL MOT,8,kg,171646176,FALSE,-1,N/A,,FALSE,171646176,FALSE,,FALSE,15636488,,15636488,0,TRUE,FALSE
C,A,19820101,1982,52,1982,484,MEX,Mexico,X,Export,0,W00,World,0,W00,World,S1,S1,TRUE,5613,Potassic fertilizers and materials,4,FALSE,C00,TOTAL CPC,0,0,TOTAL MOT,8,kg,7338292,FALSE,-1,N/A,,FALSE,7338292,FALSE,,FALSE,,552292,552292,0,TRUE,FALSE
C,A,19820101,1982,52,1982,558,NIC,Nicaragua,M,Import,0,W00,World,0,W00,World,S1,S1,TRUE,5613,Potassic fertilizers and materials,4,FALSE,C00,TOTAL CPC,0,0,TOTAL MOT,8,kg,3297312,FALSE,-1,N/A,,FALSE,3297312,FALSE,,FALSE,370092,,370092,0,TRUE,FALSE
C,A,19820101,1982,52,1982,591,PAN,Panama,M,Import,0,W00,World,0,W00,World,S1,S1,TRUE,5613,Potassic fertilizers and materials,4,FALSE,C00,TOTAL CPC,0,0,TOTAL MOT,8,kg,7500616,FALSE,-1,N/A,,FALSE,7500616,FALSE,,FALSE,1285172,,1285172,0,TRUE,FALSE
C,A,19820101,1982,52,1982,600,PRY,Paraguay,M,Import,0,W00,World,0,W00,World,S1,S1,TRUE,5613,Potassic fertilizers and materials,4,FALSE,C00,TOTAL CPC,0,0,TOTAL MOT,8,kg,841546,FALSE,-1,N/A,,FALSE,841546,FALSE,,FALSE,263358,,263358,0,TRUE,FALSE
C,A,19820101,1982,52,1982,659,KNA,Saint Kitts and Nevis,M,Import,0,W00,World,0,W00,World,S1,S1,TRUE,5613,Potassic fertilizers and materials,4,FALSE,C00,TOTAL CPC,0,0,TOTAL MOT,8,kg,481082,FALSE,-1,N/A,,FALSE,481082,FALSE,,FALSE,173444,,173444,0,TRUE,FALSE
C,A,19820101,1982,52,1982,736,SDN,Sudan (...2011),M,Import,0,W00,World,0,W00,World,S1,S1,TRUE,5613,Potassic fertilizers and materials,4,FALSE,C00,TOTAL CPC,0,0,TOTAL MOT,8,kg,24000,FALSE,-1,N/A,,FALSE,24000,FALSE,,FALSE,87937,,87937,0,TRUE,FALSE
C,A,19820101,1982,52,1982,784,ARE,United Arab Emirates,M,Import,0,W00,World,0,W00,World,S1,S1,TRUE,5613,Potassic fertilizers and materials,4,FALSE,C00,TOTAL CPC,0,0,TOTAL MOT,8,kg,41040,FALSE,-1,N/A,,FALSE,41040,FALSE,,FALSE,12823,,12823,0,TRUE,FALSE
C,A,19820101,1982,52,1982,792,TUR,TÅEkiye,M,Import,0,W00,World,0,W00,World,S1,S1,TRUE,5613,Potassic fertilizers and materials,4,FALSE,C00,TOTAL CPC,0,0,TOTAL MOT,8,kg,56931260,FALSE,-1,N/A,,FALSE,56931260,FALSE,,FALSE,11089723,,11089723,0,TRUE,FALSE
C,A,19820101,1982,52,1982,858,URY,Uruguay,M,Import,0,W00,World,0,W00,World,S1,S1,TRUE,5613,Potassic fertilizers and materials,4,FALSE,C00,TOTAL CPC,0,0,TOTAL MOT,-1,N/A,0,FALSE,-1,N/A,,FALSE,,FALSE,,FALSE,456702,,456702,0,TRUE,FALSE
C,A,19820101,1982,52,1982,890,YUG,Yugoslavia (...1991),M,Import,0,W00,World,0,W00,World,S1,S1,TRUE,5613,Potassic fertilizers and materials,4,FALSE,C00,TOTAL CPC,0,0,TOTAL MOT,8,kg,451533376,FALSE,-1,N/A,,FALSE,451533376,FALSE,,FALSE,63778152,,63778152,0,TRUE,FALSE
C,A,19820101,1982,52,1982,792,TUR,TÅEkiye,X,Export,0,W00,World,0,W00,World,S1,S1,TRUE,5613,Potassic fertilizers and materials,4,FALSE,C00,TOTAL CPC,0,0,TOTAL MOT,8,kg,199,FALSE,-1,N/A,,FALSE,199,FALSE,,FALSE,,155,155,0,TRUE,FALSE
C,A,19820101,1982,52,1982,858,URY,Uruguay,X,Export,0,W00,World,0,W00,World,S1,S1,TRUE,5613,Potassic fertilizers and materials,4,FALSE,C00,TOTAL CPC,0,0,TOTAL MOT,8,kg,295488,FALSE,-1,N/A,,FALSE,295488,FALSE,,FALSE,,60309,60309,0,TRUE,FALSE
C,A,19830101,1983,52,1983,44,BHS,Bahamas,M,Import,0,W00,World,0,W00,World,S1,S1,TRUE,5613,Potassic fertilizers and materials,4,FALSE,C00,TOTAL CPC,0,0,TOTAL MOT,8,kg,65316,FALSE,-1,N/A,,FALSE,65316,FALSE,,FALSE,27748,,27748,0,TRUE,FALSE
C,A,19830101,1983,52,1983,60,BMU,Bermuda,M,Import,0,W00,World,0,W00,World,S1,S1,TRUE,5613,Potassic fertilizers and materials,4,FALSE,C00,TOTAL CPC,0,0,TOTAL MOT,8,kg,5187,FALSE,-1,N/A,,FALSE,5187,FALSE,,FALSE,1868,,1868,0,TRUE,FALSE
C,A,19830101,1983,52,1983,84,BLZ,Belize,M,Import,0,W00,World,0,W00,World,S1,S1,TRUE,5613,Potassic fertilizers and materials,4,FALSE,C00,TOTAL CPC,0,0,TOTAL MOT,8,kg,660000,FALSE,-1,N/A,,FALSE,660000,FALSE,,FALSE,153806,,153806,0,TRUE,FALSE
C,A,19830101,1983,52,1983,96,BRN,Brunei Darussalam,M,Import,0,W00,World,0,W00,World,S1,S1,TRUE,5613,Potassic fertilizers and materials,4,FALSE,C00,TOTAL CPC,0,0,TOTAL MOT,8,kg,111065,FALSE,-1,N/A,,FALSE,111065,FALSE,,FALSE,70456,,70456,0,TRUE,FALSE
C,A,19830101,1983,52,1983,188,CRI,Costa Rica,M,Import,0,W00,World,0,W00,World,S1,S1,TRUE,5613,Potassic fertilizers and materials,4,FALSE,C00,TOTAL CPC,0,0,TOTAL MOT,8,kg,1249156,FALSE,-1,N/A,,FALSE,1249156,FALSE,,FALSE,4078393,,4078393,0,TRUE,FALSE
C,A,19830101,1983,52,1983,214,DOM,Dominican Rep.,M,Import,0,W00,World,0,W00,World,S1,S1,TRUE,5613,Potassic fertilizers and materials,4,FALSE,C00,TOTAL CPC,0,0,TOTAL MOT,8,kg,20194210,FALSE,-1,N/A,,FALSE,20194210,FALSE,,FALSE,,1744574,1744574,0,TRUE,FALSE
C,A,19830101,1983,52,1983,214,DOM,Dominican Rep.,X,Export,0,W00,World,0,W00,World,S1,S1,TRUE,5613,Potassic fertilizers and materials,4,FALSE,C00,TOTAL CPC,0,0,TOTAL MOT,8,kg,296414,FALSE,-1,N/A,,FALSE,296414,FALSE,,FALSE,,50770,50770,0,TRUE,FALSE
C,A,19830101,1983,52,1983,222,SLV,El Salvador,M,Import,0,W00,World,0,W00,World,S1,S1,TRUE,5613,Potassic fertilizers and materials,4,FALSE,C00,TOTAL CPC,0,0,TOTAL MOT,8,kg,239993,FALSE,-1,N/A,,FALSE,239993,FALSE,,FALSE,59979,,59979,0,TRUE,FALSE
C,A,19830101,1983,52,1983,320,GTM,Guatemala,M,Import,0,W00,World,0,W00,World,S1,S1,TRUE,5613,Potassic fertilizers and materials,4,FALSE,C00,TOTAL CPC,0,0,TOTAL MOT,8,kg,6889312,FALSE,-1,N/A,,FALSE,6889312,FALSE,,FALSE,1045155,,1045155,0,TRUE,FALSE
C,A,19830101,1983,52,1983,320,GTM,Guatemala,X,Export,0,W00,World,0,W00,World,S1,S1,TRUE,5613,Potassic fertilizers and materials,4,FALSE,C00,TOTAL CPC,0,0,TOTAL MOT,8,kg,184191,FALSE,-1,N/A,,FALSE,184191,FALSE,,FALSE,,54044,54044,0,TRUE,FALSE
C,A,19830101,1983,52,1983,340,HND,Honduras,M,Import,0,W00,World,0,W00,World,S1,S1,TRUE,5613,Potassic fertilizers and materials,4,FALSE,C00,TOTAL CPC,0,0,TOTAL MOT,8,kg,5844998,FALSE,-1,N/A,,FALSE,5844998,FALSE,,FALSE,774939,,774939,0,TRUE,FALSE
C,A,19830101,1983,52,1983,484,MEX,Mexico,M,Import,0,W00,World,0,W00,World,S1,S1,TRUE,5613,Potassic fertilizers and materials,4,FALSE,C00,TOTAL CPC,0,0,TOTAL MOT,8,kg,158684288,FALSE,-1,N/A,,FALSE,158684288,FALSE,,FALSE,16939924,,16939924,0,TRUE,FALSE
C,A,19830101,1983,52,1983,484,MEX,Mexico,X,Export,0,W00,World,0,W00,World,S1,S1,TRUE,5613,Potassic fertilizers and materials,4,FALSE,C00,TOTAL CPC,0,0,TOTAL MOT,8,kg,9443670,FALSE,-1,N/A,,FALSE,9443670,FALSE,,FALSE,,359595,359595,0,TRUE,FALSE
C,A,19830101,1983,52,1983,558,NIC,Nicaragua,M,Import,0,W00,World,0,W00,World,S1,S1,TRUE,5613,Potassic fertilizers and materials,4,FALSE,C00,TOTAL CPC,0,0,TOTAL MOT,8,kg,954812,FALSE,-1,N/A,,FALSE,954812,FALSE,,FALSE,5479851,,5479851,0,TRUE,FALSE
C,A,19830101,1983,52,1983,566,NGA,Nigeria,M,Import,0,W00,World,0,W00,World,S1,S1,TRUE,5613,Potassic fertilizers and materials,4,FALSE,C00,TOTAL CPC,0,0,TOTAL MOT,8,kg,904000,FALSE,-1,N/A,,FALSE,904000,FALSE,,FALSE,240151,,240151,0,TRUE,FALSE
C,A,19830101,1983,52,1983,591,PAN,Panama,M,Import,0,W00,World,0,W00,World,S1,S1,TRUE,5613,Potassic fertilizers and materials,4,FALSE,C00,TOTAL CPC,0,0,TOTAL MOT,8,kg,6314265,FALSE,-1,N/A,,FALSE,6314265,FALSE,,FALSE,840495,,840495,0,TRUE,FALSE
C,A,19830101,1983,52,1983,659,KNA,Saint Kitts and Nevis,M,Import,0,W00,World,0,W00,World,S1,S1,TRUE,5613,Potassic fertilizers and materials,4,FALSE,C00,TOTAL CPC,0,0,TOTAL MOT,-1,N/A,0,FALSE,-1,N/A,,FALSE,,FALSE,,FALSE,320476,,320476,0,TRUE,FALSE
C,A,19830101,1983,52,1983,792,TUR,TÅEkiye,M,Import,0,W00,World,0,W00,World,S1,S1,TRUE,5613,Potassic fertilizers and materials,4,FALSE,C00,TOTAL CPC,0,0,TOTAL MOT,8,kg,38381500,FALSE,-1,N/A,,FALSE,38381500,FALSE,,FALSE,4051634,,4051634,0,TRUE,FALSE
C,A,19830101,1983,52,1983,792,TUR,TÅEkiye,X,Export,0,W00,World,0,W00,World,S1,S1,TRUE,5613,Potassic fertilizers and materials,4,FALSE,C00,TOTAL CPC,0,0,TOTAL MOT,8,kg,199,FALSE,-1,N/A,,FALSE,199,FALSE,,FALSE,,229,229,0,TRUE,FALSE
C,A,19830101,1983,52,1983,890,YUG,Yugoslavia (...1991),M,Import,0,W00,World,0,W00,World,S1,S1,TRUE,5613,Potassic fertilizers and materials,4,FALSE,C00,TOTAL CPC,0,0,TOTAL MOT,8,kg,547376320,FALSE,-1,N/A,,FALSE,547376320,FALSE,,FALSE,64294336,,64294336,0,TRUE,FALSE
C,A,19840101,1984,52,1984,44,BHS,Bahamas,M,Import,0,W00,World,0,W00,World,S1,S1,TRUE,5613,Potassic fertilizers and materials,4,FALSE,C00,TOTAL CPC,0,0,TOTAL MOT,8,kg,96750,FALSE,-1,N/A,,FALSE,96750,FALSE,,FALSE,40867,,40867,0,TRUE,FALSE
C,A,19840101,1984,52,1984,60,BMU,Bermuda,M,Import,0,W00,World,0,W00,World,S1,S1,TRUE,5613,Potassic fertilizers and materials,4,FALSE,C00,TOTAL CPC,0,0,TOTAL MOT,8,kg,11562,FALSE,-1,N/A,,FALSE,11562,FALSE,,FALSE,3459,,3459,0,TRUE,FALSE
C,A,19840101,1984,52,1984,84,BLZ,Belize,M,Import,0,W00,World,0,W00,World,S1,S1,TRUE,5613,Potassic fertilizers and materials,4,FALSE,C00,TOTAL CPC,0,0,TOTAL MOT,8,kg,594464,FALSE,-1,N/A,,FALSE,594464,FALSE,,FALSE,152000,,152000,0,TRUE,FALSE
C,A,19840101,1984,52,1984,96,BRN,Brunei Darussalam,M,Import,0,W00,World,0,W00,World,S1,S1,TRUE,5613,Potassic fertilizers and materials,4,FALSE,C00,TOTAL CPC,0,0,TOTAL MOT,8,kg,918635,FALSE,-1,N/A,,FALSE,918635,FALSE,,FALSE,274539,,274539,0,TRUE,FALSE
C,A,19840101,1984,52,1984,96,BRN,Brunei Darussalam,X,Export,0,W00,World,0,W00,World,S1,S1,TRUE,5613,Potassic fertilizers and materials,4,FALSE,C00,TOTAL CPC,0,0,TOTAL MOT,8,kg,20320,FALSE,-1,N/A,,FALSE,20320,FALSE,,FALSE,,4503,4503,0,TRUE,FALSE
C,A,19840101,1984,52,1984,188,CRI,Costa Rica,M,Import,0,W00,World,0,W00,World,S1,S1,TRUE,5613,Potassic fertilizers and materials,4,FALSE,C00,TOTAL CPC,0,0,TOTAL MOT,8,kg,29663000,FALSE,-1,N/A,,FALSE,29663000,FALSE,,FALSE,3735000,,3735000,0,TRUE,FALSE
C,A,19840101,1984,52,1984,214,DOM,Dominican Rep.,M,Import,0,W00,World,0,W00,World,S1,S1,TRUE,5613,Potassic fertilizers and materials,4,FALSE,C00,TOTAL CPC,0,0,TOTAL MOT,8,kg,18517228,FALSE,-1,N/A,,FALSE,18517228,FALSE,,FALSE,,1964314,1964314,0,TRUE,FALSE
C,A,19840101,1984,52,1984,222,SLV,El Salvador,M,Import,0,W00,World,0,W00,World,S1,S1,TRUE,5613,Potassic fertilizers and materials,4,FALSE,C00,TOTAL CPC,0,0,TOTAL MOT,8,kg,10738,FALSE,-1,N/A,,FALSE,10738,FALSE,,FALSE,10000,,10000,0,TRUE,FALSE
C,A,19840101,1984,52,1984,288,GHA,Ghana,M,Import,0,W00,World,0,W00,World,S1,S1,TRUE,5613,Potassic fertilizers and materials,4,FALSE,C00,TOTAL CPC,0,0,TOTAL MOT,-1,N/A,0,FALSE,-1,N/A,,FALSE,,FALSE,,FALSE,21335,,21335,0,TRUE,FALSE
C,A,19840101,1984,52,1984,320,GTM,Guatemala,M,Import,0,W00,World,0,W00,World,S1,S1,TRUE,5613,Potassic fertilizers and materials,4,FALSE,C00,TOTAL CPC,0,0,TOTAL MOT,8,kg,27454000,FALSE,-1,N/A,,FALSE,27454000,FALSE,,FALSE,3607000,,3607000,0,TRUE,FALSE
C,A,19840101,1984,52,1984,340,HND,Honduras,M,Import,0,W00,World,0,W00,World,S1,S1,TRUE,5613,Potassic fertilizers and materials,4,FALSE,C00,TOTAL CPC,0,0,TOTAL MOT,8,kg,9728000,FALSE,-1,N/A,,FALSE,9728000,FALSE,,FALSE,1426000,,1426000,0,TRUE,FALSE
C,A,19840101,1984,52,1984,484,MEX,Mexico,M,Import,0,W00,World,0,W00,World,S1,S1,TRUE,5613,Potassic fertilizers and materials,4,FALSE,C00,TOTAL CPC,0,0,TOTAL MOT,8,kg,215290272,FALSE,-1,N/A,,FALSE,215290272,FALSE,,FALSE,56258100,,56258100,0,TRUE,FALSE
C,A,19840101,1984,52,1984,484,MEX,Mexico,X,Export,0,W00,World,0,W00,World,S1,S1,TRUE,5613,Potassic fertilizers and materials,4,FALSE,C00,TOTAL CPC,0,0,TOTAL MOT,8,kg,7254522,FALSE,-1,N/A,,FALSE,7254522,FALSE,,FALSE,,230634,230634,0,TRUE,FALSE
C,A,19840101,1984,52,1984,558,NIC,Nicaragua,M,Import,0,W00,World,0,W00,World,S1,S1,TRUE,5613,Potassic fertilizers and materials,4,FALSE,C00,TOTAL CPC,0,0,TOTAL MOT,8,kg,28355000,FALSE,-1,N/A,,FALSE,28355000,FALSE,,FALSE,4915000,,4915000,0,TRUE,FALSE
C,A,19840101,1984,52,1984,566,NGA,Nigeria,M,Import,0,W00,World,0,W00,World,S1,S1,TRUE,5613,Potassic fertilizers and materials,4,FALSE,C00,TOTAL CPC,0,0,TOTAL MOT,8,kg,37551000,FALSE,-1,N/A,,FALSE,37551000,FALSE,,FALSE,7440259,,7440259,0,TRUE,FALSE
C,A,19840101,1984,52,1984,591,PAN,Panama,M,Import,0,W00,World,0,W00,World,S1,S1,TRUE,5613,Potassic fertilizers and materials,4,FALSE,C00,TOTAL CPC,0,0,TOTAL MOT,8,kg,8600187,FALSE,-1,N/A,,FALSE,8600187,FALSE,,FALSE,1274591,,1274591,0,TRUE,FALSE
C,A,19840101,1984,52,1984,736,SDN,Sudan (...2011),M,Import,0,W00,World,0,W00,World,S1,S1,TRUE,5613,Potassic fertilizers and materials,4,FALSE,C00,TOTAL CPC,0,0,TOTAL MOT,8,kg,1506000,FALSE,-1,N/A,,FALSE,1506000,FALSE,,FALSE,208867,,208867,0,TRUE,FALSE
C,A,19840101,1984,52,1984,792,TUR,TÅEkiye,M,Import,0,W00,World,0,W00,World,S1,S1,TRUE,5613,Potassic fertilizers and materials,4,FALSE,C00,TOTAL CPC,0,0,TOTAL MOT,8,kg,60526060,FALSE,-1,N/A,,FALSE,60526060,FALSE,,FALSE,6373418,,6373418,0,TRUE,FALSE
C,A,19840101,1984,52,1984,890,YUG,Yugoslavia (...1991),M,Import,0,W00,World,0,W00,World,S1,S1,TRUE,5613,Potassic fertilizers and materials,4,FALSE,C00,TOTAL CPC,0,0,TOTAL MOT,8,kg,525791744,FALSE,-1,N/A,,FALSE,525791744,FALSE,,FALSE,61433416,,61433416,0,TRUE,FALSE
C,A,19840101,1984,52,1984,792,TUR,TÅEkiye,X,Export,0,W00,World,0,W00,World,S1,S1,TRUE,5613,Potassic fertilizers and materials,4,FALSE,C00,TOTAL CPC,0,0,TOTAL MOT,8,kg,200963,FALSE,-1,N/A,,FALSE,200963,FALSE,,FALSE,,23329,23329,0,TRUE,FALSE
C,A,19850101,1985,52,1985,44,BHS,Bahamas,M,Import,0,W00,World,0,W00,World,S1,S1,TRUE,5613,Potassic fertilizers and materials,4,FALSE,C00,TOTAL CPC,0,0,TOTAL MOT,8,kg,62687,FALSE,-1,N/A,,FALSE,62687,FALSE,,FALSE,21916,,21916,0,TRUE,FALSE
C,A,19850101,1985,52,1985,84,BLZ,Belize,M,Import,0,W00,World,0,W00,World,S1,S1,TRUE,5613,Potassic fertilizers and materials,4,FALSE,C00,TOTAL CPC,0,0,TOTAL MOT,8,kg,63523,FALSE,-1,N/A,,FALSE,63523,FALSE,,FALSE,12500,,12500,0,TRUE,FALSE
C,A,19850101,1985,52,1985,96,BRN,Brunei Darussalam,M,Import,0,W00,World,0,W00,World,S1,S1,TRUE,5613,Potassic fertilizers and materials,4,FALSE,C00,TOTAL CPC,0,0,TOTAL MOT,8,kg,1314448,FALSE,-1,N/A,,FALSE,1314448,FALSE,,FALSE,261783,,261783,0,TRUE,FALSE
C,A,19850101,1985,52,1985,180,COD,Dem. Rep. of the Congo,M,Import,0,W00,World,0,W00,World,S1,S1,TRUE,5613,Potassic fertilizers and materials,4,FALSE,C00,TOTAL CPC,0,0,TOTAL MOT,8,kg,273035,FALSE,-1,N/A,,FALSE,273035,FALSE,,FALSE,70444,,70444,0,TRUE,FALSE
C,A,19850101,1985,52,1985,188,CRI,Costa Rica,M,Import,0,W00,World,0,W00,World,S1,S1,TRUE,5613,Potassic fertilizers and materials,4,FALSE,C00,TOTAL CPC,0,0,TOTAL MOT,8,kg,43293716,FALSE,-1,N/A,,FALSE,43293716,FALSE,,FALSE,5355639,,5355639,0,TRUE,FALSE
C,A,19850101,1985,52,1985,214,DOM,Dominican Rep.,M,Import,0,W00,World,0,W00,World,S1,S1,TRUE,5613,Potassic fertilizers and materials,4,FALSE,C00,TOTAL CPC,0,0,TOTAL MOT,8,kg,11534427,FALSE,-1,N/A,,FALSE,11534427,FALSE,,FALSE,,1258216,1258216,0,TRUE,FALSE
C,A,19850101,1985,52,1985,222,SLV,El Salvador,M,Import,0,W00,World,0,W00,World,S1,S1,TRUE,5613,Potassic fertilizers and materials,4,FALSE,C00,TOTAL CPC,0,0,TOTAL MOT,8,kg,11249,FALSE,-1,N/A,,FALSE,11249,FALSE,,FALSE,10052,,10052,0,TRUE,FALSE
C,A,19850101,1985,52,1985,320,GTM,Guatemala,M,Import,0,W00,World,0,W00,World,S1,S1,TRUE,5613,Potassic fertilizers and materials,4,FALSE,C00,TOTAL CPC,0,0,TOTAL MOT,8,kg,12185901,FALSE,-1,N/A,,FALSE,12185901,FALSE,,FALSE,1841967,,1841967,0,TRUE,FALSE
C,A,19850101,1985,52,1985,340,HND,Honduras,M,Import,0,W00,World,0,W00,World,S1,S1,TRUE,5613,Potassic fertilizers and materials,4,FALSE,C00,TOTAL CPC,0,0,TOTAL MOT,8,kg,6726562,FALSE,-1,N/A,,FALSE,6726562,FALSE,,FALSE,1291514,,1291514,0,TRUE,FALSE
C,A,19850101,1985,52,1985,470,MLT,Malta,M,Import,0,W00,World,0,W00,World,S1,S1,TRUE,5613,Potassic fertilizers and materials,4,FALSE,C00,TOTAL CPC,0,0,TOTAL MOT,8,kg,4308,FALSE,-1,N/A,,FALSE,4308,FALSE,,FALSE,2032,,2032,0,TRUE,FALSE
C,A,19850101,1985,52,1985,484,MEX,Mexico,M,Import,0,W00,World,0,W00,World,S1,S1,TRUE,5613,Potassic fertilizers and materials,4,FALSE,C00,TOTAL CPC,0,0,TOTAL MOT,8,kg,280349184,FALSE,-1,N/A,,FALSE,280349184,FALSE,,FALSE,63818168,,63818168,0,TRUE,FALSE
C,A,19850101,1985,52,1985,484,MEX,Mexico,X,Export,0,W00,World,0,W00,World,S1,S1,TRUE,5613,Potassic fertilizers and materials,4,FALSE,C00,TOTAL CPC,0,0,TOTAL MOT,8,kg,7306905,FALSE,-1,N/A,,FALSE,7306905,FALSE,,FALSE,,175700,175700,0,TRUE,FALSE
C,A,19850101,1985,52,1985,558,NIC,Nicaragua,M,Import,0,W00,World,0,W00,World,S1,S1,TRUE,5613,Potassic fertilizers and materials,4,FALSE,C00,TOTAL CPC,0,0,TOTAL MOT,8,kg,13573339,FALSE,-1,N/A,,FALSE,13573339,FALSE,,FALSE,1884252,,1884252,0,TRUE,FALSE
C,A,19850101,1985,52,1985,566,NGA,Nigeria,M,Import,0,W00,World,0,W00,World,S1,S1,TRUE,5613,Potassic fertilizers and materials,4,FALSE,C00,TOTAL CPC,0,0,TOTAL MOT,8,kg,2334000,FALSE,-1,N/A,,FALSE,2334000,FALSE,,FALSE,285631,,285631,0,TRUE,FALSE
C,A,19850101,1985,52,1985,591,PAN,Panama,M,Import,0,W00,World,0,W00,World,S1,S1,TRUE,5613,Potassic fertilizers and materials,4,FALSE,C00,TOTAL CPC,0,0,TOTAL MOT,8,kg,6444936,FALSE,-1,N/A,,FALSE,6444936,FALSE,,FALSE,836464,,836464,0,TRUE,FALSE
C,A,19850101,1985,52,1985,591,PAN,Panama,X,Export,0,W00,World,0,W00,World,S1,S1,TRUE,5613,Potassic fertilizers and materials,4,FALSE,C00,TOTAL CPC,0,0,TOTAL MOT,8,kg,199,FALSE,-1,N/A,,FALSE,199,FALSE,,FALSE,,3837,3837,0,TRUE,FALSE
C,A,19850101,1985,52,1985,890,YUG,Yugoslavia (...1991),M,Import,0,W00,World,0,W00,World,S1,S1,TRUE,5613,Potassic fertilizers and materials,4,FALSE,C00,TOTAL CPC,0,0,TOTAL MOT,8,kg,621867712,FALSE,-1,N/A,,FALSE,621867712,FALSE,,FALSE,77000624,,77000624,0,TRUE,FALSE
C,A,19850101,1985,52,1985,890,YUG,Yugoslavia (...1991),X,Export,0,W00,World,0,W00,World,S1,S1,TRUE,5613,Potassic fertilizers and materials,4,FALSE,C00,TOTAL CPC,0,0,TOTAL MOT,8,kg,2000,FALSE,-1,N/A,,FALSE,2000,FALSE,,FALSE,,1340,1340,0,TRUE,FALSE
C,A,19860101,1986,52,1986,44,BHS,Bahamas,M,Import,0,W00,World,0,W00,World,S1,S1,TRUE,5613,Potassic fertilizers and materials,4,FALSE,C00,TOTAL CPC,0,0,TOTAL MOT,8,kg,48082,FALSE,-1,N/A,,FALSE,48082,FALSE,,FALSE,32003,,32003,0,TRUE,FALSE
C,A,19860101,1986,52,1986,84,BLZ,Belize,M,Import,0,W00,World,0,W00,World,S1,S1,TRUE,5613,Potassic fertilizers and materials,4,FALSE,C00,TOTAL CPC,0,0,TOTAL MOT,8,kg,1030187,FALSE,-1,N/A,,FALSE,1030187,FALSE,,FALSE,137000,,137000,0,TRUE,FALSE
C,A,19860101,1986,52,1986,180,COD,Dem. Rep. of the Congo,M,Import,0,W00,World,0,W00,World,S1,S1,TRUE,5613,Potassic fertilizers and materials,4,FALSE,C00,TOTAL CPC,0,0,TOTAL MOT,8,kg,1716384,FALSE,-1,N/A,,FALSE,1716384,FALSE,,FALSE,399755,,399755,0,TRUE,FALSE
C,A,19860101,1986,52,1986,566,NGA,Nigeria,M,Import,0,W00,World,0,W00,World,S1,S1,TRUE,5613,Potassic fertilizers and materials,4,FALSE,C00,TOTAL CPC,0,0,TOTAL MOT,8,kg,6690000,FALSE,-1,N/A,,FALSE,6690000,FALSE,,FALSE,898860,,898860,0,TRUE,FALSE
C,A,19860101,1986,52,1986,890,YUG,Yugoslavia (...1991),M,Import,0,W00,World,0,W00,World,S1,S1,TRUE,5613,Potassic fertilizers and materials,4,FALSE,C00,TOTAL CPC,0,0,TOTAL MOT,8,kg,578179328,FALSE,-1,N/A,,FALSE,578179328,FALSE,,FALSE,69183312,,69183312,0,TRUE,FALSE
C,A,19870101,1987,52,1987,44,BHS,Bahamas,M,Import,0,W00,World,0,W00,World,S1,S1,TRUE,5613,Potassic fertilizers and materials,4,FALSE,C00,TOTAL CPC,0,0,TOTAL MOT,8,kg,130179,FALSE,-1,N/A,,FALSE,130179,FALSE,,FALSE,58764,,58764,0,TRUE,FALSE
C,A,19870101,1987,52,1987,84,BLZ,Belize,M,Import,0,W00,World,0,W00,World,S1,S1,TRUE,5613,Potassic fertilizers and materials,4,FALSE,C00,TOTAL CPC,0,0,TOTAL MOT,8,kg,2012000,FALSE,-1,N/A,,FALSE,2012000,FALSE,,FALSE,277715,,277715,0,TRUE,FALSE
C,A,19870101,1987,52,1987,470,MLT,Malta,M,Import,0,W00,World,0,W00,World,S1,S1,TRUE,5613,Potassic fertilizers and materials,4,FALSE,C00,TOTAL CPC,0,0,TOTAL MOT,-1,N/A,0,FALSE,-1,N/A,,FALSE,,FALSE,,FALSE,3185,,3185,0,TRUE,FALSE
C,A,19870101,1987,52,1987,566,NGA,Nigeria,M,Import,0,W00,World,0,W00,World,S1,S1,TRUE,5613,Potassic fertilizers and materials,4,FALSE,C00,TOTAL CPC,0,0,TOTAL MOT,8,kg,1519000,FALSE,-1,N/A,,FALSE,1519000,FALSE,,FALSE,126099,,126099,0,TRUE,FALSE
C,A,19870101,1987,52,1987,890,YUG,Yugoslavia (...1991),M,Import,0,W00,World,0,W00,World,S1,S1,TRUE,5613,Potassic fertilizers and materials,4,FALSE,C00,TOTAL CPC,0,0,TOTAL MOT,8,kg,540582016,FALSE,-1,N/A,,FALSE,540582016,FALSE,,FALSE,54597748,,54597748,0,TRUE,FALSE
C,A,19880101,1988,52,1988,44,BHS,Bahamas,M,Import,0,W00,World,0,W00,World,S1,S1,TRUE,5613,Potassic fertilizers and materials,4,FALSE,C00,TOTAL CPC,0,0,TOTAL MOT,8,kg,374500,FALSE,-1,N/A,,FALSE,374500,FALSE,,FALSE,113065,,113065,0,TRUE,FALSE
C,A,19880101,1988,52,1988,84,BLZ,Belize,M,Import,0,W00,World,0,W00,World,S1,S1,TRUE,5613,Potassic fertilizers and materials,4,FALSE,C00,TOTAL CPC,0,0,TOTAL MOT,8,kg,2088000,FALSE,-1,N/A,,FALSE,2088000,FALSE,,FALSE,352799,,352799,0,TRUE,FALSE
C,A,19880101,1988,52,1988,470,MLT,Malta,M,Import,0,W00,World,0,W00,World,S1,S1,TRUE,5613,Potassic fertilizers and materials,4,FALSE,C00,TOTAL CPC,0,0,TOTAL MOT,8,kg,11000,FALSE,-1,N/A,,FALSE,11000,FALSE,,FALSE,7396,,7396,0,TRUE,FALSE
C,A,19890101,1989,52,1989,84,BLZ,Belize,M,Import,0,W00,World,0,W00,World,S1,S1,TRUE,5613,Potassic fertilizers and materials,4,FALSE,C00,TOTAL CPC,0,0,TOTAL MOT,8,kg,2164000,FALSE,-1,N/A,,FALSE,2164000,FALSE,,FALSE,351378,,351378,0,TRUE,FALSE
C,A,19890101,1989,52,1989,470,MLT,Malta,M,Import,0,W00,World,0,W00,World,S1,S1,TRUE,5613,Potassic fertilizers and materials,4,FALSE,C00,TOTAL CPC,0,0,TOTAL MOT,8,kg,16000,FALSE,-1,N/A,,FALSE,16000,FALSE,,FALSE,6779,,6779,0,TRUE,FALSE
C,A,19900101,1990,52,1990,84,BLZ,Belize,M,Import,0,W00,World,0,W00,World,S1,S1,TRUE,5613,Potassic fertilizers and materials,4,FALSE,C00,TOTAL CPC,0,0,TOTAL MOT,8,kg,7662000,FALSE,-1,N/A,,FALSE,7662000,FALSE,,FALSE,498829,,498829,0,TRUE,FALSE
C,A,19900101,1990,52,1990,533,ABW,Aruba,M,Import,0,W00,World,0,W00,World,S1,S1,TRUE,5613,Potassic fertilizers and materials,4,FALSE,C00,TOTAL CPC,0,0,TOTAL MOT,-1,N/A,0,FALSE,-1,N/A,,FALSE,,FALSE,,FALSE,1117,,1117,0,TRUE,FALSE
C,A,19920101,1992,52,1992,736,SDN,Sudan (...2011),M,Import,0,W00,World,0,W00,World,S1,S1,TRUE,5613,Potassic fertilizers and materials,4,FALSE,C00,TOTAL CPC,0,0,TOTAL MOT,8,kg,10000,FALSE,-1,N/A,,FALSE,10000,FALSE,,FALSE,1067,,1067,0,TRUE,FALSE
C,A,19930101,1993,52,1993,736,SDN,Sudan (...2011),M,Import,0,W00,World,0,W00,World,S1,S1,TRUE,5613,Potassic fertilizers and materials,4,FALSE,C00,TOTAL CPC,0,0,TOTAL MOT,8,kg,5000,FALSE,-1,N/A,,FALSE,5000,FALSE,,FALSE,1284,,1284,0,TRUE,FALSE
