typeCode,freqCode,refPeriodId,refYear,refMonth,period,reporterCode,reporterISO,reporterDesc,flowCode,flowDesc,partnerCode,partnerISO,partnerDesc,partner2Code,partner2ISO,partner2Desc,classificationCode,classificationSearchCode,isOriginalClassification,cmdCode,cmdDesc,aggrLevel,isLeaf,customsCode,customsDesc,mosCode,motCode,motDesc,qtyUnitCode,qtyUnitAbbr,qty,isQtyEstimated,altQtyUnitCode,altQtyUnitAbbr,altQty,isAltQtyEstimated,netWgt,isNetWgtEstimated,grossWgt,isGrossWgtEstimated,cifvalue,fobvalue,primaryValue,legacyEstimationFlag,isReported,isAggregate
C,A,19620101,1962,52,1962,4,AFG,Afghanistan,M,Import,0,W00,World,0,W00,World,S1,S1,TRUE,5612,Phosphatic fertilizers and materials,4,FALSE,C00,TOTAL CPC,0,0,TOTAL MOT,-1,N/A,0,FALSE,-1,N/A,,FALSE,,FALSE,,FALSE,101783,,101783,0,TRUE,FALSE
C,A,19620101,1962,52,1962,24,AGO,Angola,M,Import,0,W00,World,0,W00,World,S1,S1,TRUE,5612,Phosphatic fertilizers and materials,4,FALSE,C00,TOTAL CPC,0,0,TOTAL MOT,8,kg,1659687,FALSE,-1,N/A,,FALSE,1659687,FALSE,,FALSE,122295,,122295,0,TRUE,FALSE
C,A,19620101,1962,52,1962,58,BEL,Belgium-Luxembourg (...1998),M,Import,0,W00,World,0,W00,World,S1,S1,TRUE,5612,Phosphatic fertilizers and materials,4,FALSE,C00,TOTAL CPC,0,0,TOTAL MOT,8,kg,7089347,FALSE,-1,N/A,,FALSE,7089347,FALSE,,FALSE,178894,,178894,0,TRUE,FALSE
C,A,19620101,1962,52,1962,58,BEL,Belgium-Luxembourg (...1998),X,Export,0,W00,World,0,W00,World,S1,S1,TRUE,5612,Phosphatic fertilizers and materials,4,FALSE,C00,TOTAL CPC,0,0,TOTAL MOT,8,kg,1804814080,FALSE,-1,N/A,,FALSE,1804814080,FALSE,,FALSE,,30738096,30738096,0,TRUE,FALSE
C,A,19620101,1962,52,1962,68,BOL,Bolivia (Plurinational State of),M,Import,0,W00,World,0,W00,World,S1,S1,TRUE,5612,Phosphatic fertilizers and materials,4,FALSE,C00,TOTAL CPC,0,0,TOTAL MOT,8,kg,825790,FALSE,-1,N/A,,FALSE,825790,FALSE,,FALSE,85198,,85198,0,TRUE,FALSE
C,A,19620101,1962,52,1962,76,BRA,Brazil,M,Import,0,W00,World,0,W00,World,S1,S1,TRUE,5612,Phosphatic fertilizers and materials,4,FALSE,C00,TOTAL CPC,0,0,TOTAL MOT,8,kg,65738232,FALSE,-1,N/A,,FALSE,65738232,FALSE,,FALSE,3960697,,3960697,0,TRUE,FALSE
C,A,19620101,1962,52,1962,96,BRN,Brunei Darussalam,M,Import,0,W00,World,0,W00,World,S1,S1,TRUE,5612,Phosphatic fertilizers and materials,4,FALSE,C00,TOTAL CPC,0,0,TOTAL MOT,8,kg,3062,FALSE,-1,N/A,,FALSE,3062,FALSE,,FALSE,199,,199,0,TRUE,FALSE
C,A,19620101,1962,52,1962,104,MMR,Myanmar,M,Import,0,W00,World,0,W00,World,S1,S1,TRUE,5612,Phosphatic fertilizers and materials,4,FALSE,C00,TOTAL CPC,0,0,TOTAL MOT,-1,N/A,0,FALSE,-1,N/A,,FALSE,,FALSE,,FALSE,527824,,527824,0,TRUE,FALSE
C,A,19620101,1962,52,1962,116,KHM,Cambodia,M,Import,0,W00,World,0,W00,World,S1,S1,TRUE,5612,Phosphatic fertilizers and materials,4,FALSE,C00,TOTAL CPC,0,0,TOTAL MOT,8,kg,112108,FALSE,-1,N/A,,FALSE,112108,FALSE,,FALSE,107971,,107971,0,TRUE,FALSE
C,A,19620101,1962,52,1962,120,CMR,Cameroon,M,Import,0,W00,World,0,W00,World,S1,S1,TRUE,5612,Phosphatic fertilizers and materials,4,FALSE,C00,TOTAL CPC,0,0,TOTAL MOT,8,kg,410375,FALSE,-1,N/A,,FALSE,410375,FALSE,,FALSE,28733,,28733,0,TRUE,FALSE
C,A,19620101,1962,52,1962,124,CAN,Canada,M,Import,0,W00,World,0,W00,World,S1,S1,TRUE,5612,Phosphatic fertilizers and materials,4,FALSE,C00,TOTAL CPC,0,0,TOTAL MOT,8,kg,169771536,FALSE,-1,N/A,,FALSE,169771536,FALSE,,FALSE,6206314,,6206314,0,TRUE,FALSE
C,A,19620101,1962,52,1962,124,CAN,Canada,X,Export,0,W00,World,0,W00,World,S1,S1,TRUE,5612,Phosphatic fertilizers and materials,4,FALSE,C00,TOTAL CPC,0,0,TOTAL MOT,-1,N/A,0,FALSE,-1,N/A,,FALSE,,FALSE,,FALSE,,18065670,18065670,0,TRUE,FALSE
C,A,19620101,1962,52,1962,140,CAF,Central African Rep.,M,Import,0,W00,World,0,W00,World,S1,S1,TRUE,5612,Phosphatic fertilizers and materials,4,FALSE,C00,TOTAL CPC,0,0,TOTAL MOT,8,kg,4062,FALSE,-1,N/A,,FALSE,4062,FALSE,,FALSE,328,,328,0,TRUE,FALSE
C,A,19620101,1962,52,1962,144,LKA,Sri Lanka,M,Import,0,W00,World,0,W00,World,S1,S1,TRUE,5612,Phosphatic fertilizers and materials,4,FALSE,C00,TOTAL CPC,0,0,TOTAL MOT,8,kg,1516893,FALSE,-1,N/A,,FALSE,1516893,FALSE,,FALSE,88687,,88687,0,TRUE,FALSE
C,A,19620101,1962,52,1962,148,TCD,Chad,M,Import,0,W00,World,0,W00,World,S1,S1,TRUE,5612,Phosphatic fertilizers and materials,4,FALSE,C00,TOTAL CPC,0,0,TOTAL MOT,8,kg,597,FALSE,-1,N/A,,FALSE,597,FALSE,,FALSE,122,,122,0,TRUE,FALSE
C,A,19620101,1962,52,1962,152,CHL,Chile,M,Import,0,W00,World,0,W00,World,S1,S1,TRUE,5612,Phosphatic fertilizers and materials,4,FALSE,C00,TOTAL CPC,0,0,TOTAL MOT,8,kg,140106480,FALSE,-1,N/A,,FALSE,140106480,FALSE,,FALSE,11047553,,11047553,0,TRUE,FALSE
C,A,19620101,1962,52,1962,170,COL,Colombia,M,Import,0,W00,World,0,W00,World,S1,S1,TRUE,5612,Phosphatic fertilizers and materials,4,FALSE,C00,TOTAL CPC,0,0,TOTAL MOT,8,kg,23984154,FALSE,-1,N/A,,FALSE,23984154,FALSE,,FALSE,1850877,,1850877,0,TRUE,FALSE
C,A,19620101,1962,52,1962,178,COG,Congo,M,Import,0,W00,World,0,W00,World,S1,S1,TRUE,5612,Phosphatic fertilizers and materials,4,FALSE,C00,TOTAL CPC,0,0,TOTAL MOT,8,kg,43507,FALSE,-1,N/A,,FALSE,43507,FALSE,,FALSE,3026,,3026,0,TRUE,FALSE
C,A,19620101,1962,52,1962,204,BEN,Benin,M,Import,0,W00,World,0,W00,World,S1,S1,TRUE,5612,Phosphatic fertilizers and materials,4,FALSE,C00,TOTAL CPC,0,0,TOTAL MOT,8,kg,87972,FALSE,-1,N/A,,FALSE,87972,FALSE,,FALSE,7277,,7277,0,TRUE,FALSE
C,A,19620101,1962,52,1962,208,DNK,Denmark,M,Import,0,W00,World,0,W00,World,S1,S1,TRUE,5612,Phosphatic fertilizers and materials,4,FALSE,C00,TOTAL CPC,0,0,TOTAL MOT,8,kg,138749648,FALSE,-1,N/A,,FALSE,138749648,FALSE,,FALSE,3466900,,3466900,0,TRUE,FALSE
C,A,19620101,1962,52,1962,208,DNK,Denmark,X,Export,0,W00,World,0,W00,World,S1,S1,TRUE,5612,Phosphatic fertilizers and materials,4,FALSE,C00,TOTAL CPC,0,0,TOTAL MOT,8,kg,4949,FALSE,-1,N/A,,FALSE,4949,FALSE,,FALSE,,229,229,0,TRUE,FALSE
C,A,19620101,1962,52,1962,218,ECU,Ecuador,M,Import,0,W00,World,0,W00,World,S1,S1,TRUE,5612,Phosphatic fertilizers and materials,4,FALSE,C00,TOTAL CPC,0,0,TOTAL MOT,8,kg,1196085,FALSE,-1,N/A,,FALSE,1196085,FALSE,,FALSE,104700,,104700,0,TRUE,FALSE
C,A,19620101,1962,52,1962,251,FRA,France,M,Import,0,W00,World,0,W00,World,S1,S1,TRUE,5612,Phosphatic fertilizers and materials,4,FALSE,C00,TOTAL CPC,0,0,TOTAL MOT,8,kg,1223669632,FALSE,-1,N/A,,FALSE,1223669632,FALSE,,FALSE,21855468,,21855468,0,TRUE,FALSE
C,A,19620101,1962,52,1962,251,FRA,France,X,Export,0,W00,World,0,W00,World,S1,S1,TRUE,5612,Phosphatic fertilizers and materials,4,FALSE,C00,TOTAL CPC,0,0,TOTAL MOT,8,kg,339526304,FALSE,-1,N/A,,FALSE,339526304,FALSE,,FALSE,,5692030,5692030,0,TRUE,FALSE
C,A,19620101,1962,52,1962,266,GAB,Gabon,M,Import,0,W00,World,0,W00,World,S1,S1,TRUE,5612,Phosphatic fertilizers and materials,4,FALSE,C00,TOTAL CPC,0,0,TOTAL MOT,8,kg,11905,FALSE,-1,N/A,,FALSE,11905,FALSE,,FALSE,734,,734,0,TRUE,FALSE
C,A,19620101,1962,52,1962,280,DEU,Fed. Rep. of Germany (...1990),M,Import,0,W00,World,0,W00,World,S1,S1,TRUE,5612,Phosphatic fertilizers and materials,4,FALSE,C00,TOTAL CPC,0,0,TOTAL MOT,8,kg,480118176,FALSE,-1,N/A,,TRUE,480118176,FALSE,-1,TRUE,6728000,,6728000,0,FALSE,FALSE
C,A,19620101,1962,52,1962,280,DEU,Fed. Rep. of Germany (...1990),X,Export,0,W00,World,0,W00,World,S1,S1,TRUE,5612,Phosphatic fertilizers and materials,4,FALSE,C00,TOTAL CPC,0,0,TOTAL MOT,8,kg,403162752,FALSE,-1,N/A,,TRUE,403162752,FALSE,-1,TRUE,,5531000,5531000,0,FALSE,FALSE
C,A,19620101,1962,52,1962,288,GHA,Ghana,M,Import,0,W00,World,0,W00,World,S1,S1,TRUE,5612,Phosphatic fertilizers and materials,4,FALSE,C00,TOTAL CPC,0,0,TOTAL MOT,8,kg,1668330,FALSE,-1,N/A,,FALSE,1668330,FALSE,,FALSE,241638,,241638,0,TRUE,FALSE
C,A,19620101,1962,52,1962,300,GRC,Greece,M,Import,0,W00,World,0,W00,World,S1,S1,TRUE,5612,Phosphatic fertilizers and materials,4,FALSE,C00,TOTAL CPC,0,0,TOTAL MOT,8,kg,74962288,FALSE,-1,N/A,,FALSE,74962288,FALSE,,FALSE,4585251,,4585251,0,TRUE,FALSE
C,A,19620101,1962,52,1962,300,GRC,Greece,X,Export,0,W00,World,0,W00,World,S1,S1,TRUE,5612,Phosphatic fertilizers and materials,4,FALSE,C00,TOTAL CPC,0,0,TOTAL MOT,8,kg,451288,FALSE,-1,N/A,,FALSE,451288,FALSE,,FALSE,,22554,22554,0,TRUE,FALSE
C,A,19620101,1962,52,1962,344,HKG,"China, Hong Kong SAR",M,Import,0,W00,World,0,W00,World,S1,S1,TRUE,5612,Phosphatic fertilizers and materials,4,FALSE,C00,TOTAL CPC,0,0,TOTAL MOT,8,kg,85580,FALSE,-1,N/A,,FALSE,85580,FALSE,,FALSE,3144,,3144,0,TRUE,FALSE
C,A,19620101,1962,52,1962,344,HKG,"China, Hong Kong SAR",X,Export,0,W00,World,0,W00,World,S1,S1,TRUE,5612,Phosphatic fertilizers and materials,4,FALSE,C00,TOTAL CPC,0,0,TOTAL MOT,-1,N/A,0,FALSE,-1,N/A,,FALSE,,FALSE,,FALSE,,393,393,0,TRUE,FALSE
C,A,19620101,1962,52,1962,352,ISL,Iceland,M,Import,0,W00,World,0,W00,World,S1,S1,TRUE,5612,Phosphatic fertilizers and materials,4,FALSE,C00,TOTAL CPC,0,0,TOTAL MOT,8,kg,10961937,FALSE,-1,N/A,,FALSE,10961937,FALSE,,FALSE,764700,,764700,0,TRUE,FALSE
C,A,19620101,1962,52,1962,376,ISR,Israel,M,Import,0,W00,World,0,W00,World,S1,S1,TRUE,5612,Phosphatic fertilizers and materials,4,FALSE,C00,TOTAL CPC,0,0,TOTAL MOT,-1,N/A,0,FALSE,-1,N/A,,FALSE,,FALSE,,FALSE,212,,212,0,TRUE,FALSE
C,A,19620101,1962,52,1962,376,ISR,Israel,X,Export,0,W00,World,0,W00,World,S1,S1,TRUE,5612,Phosphatic fertilizers and materials,4,FALSE,C00,TOTAL CPC,0,0,TOTAL MOT,-1,N/A,0,FALSE,-1,N/A,,FALSE,,FALSE,,FALSE,,208293,208293,0,TRUE,FALSE
C,A,19620101,1962,52,1962,380,ITA,Italy,M,Import,0,W00,World,0,W00,World,S1,S1,TRUE,5612,Phosphatic fertilizers and materials,4,FALSE,C00,TOTAL CPC,0,0,TOTAL MOT,8,kg,24037920,FALSE,-1,N/A,,TRUE,24037920,FALSE,-1,TRUE,428701,,428701,0,FALSE,FALSE
C,A,19620101,1962,52,1962,380,ITA,Italy,X,Export,0,W00,World,0,W00,World,S1,S1,TRUE,5612,Phosphatic fertilizers and materials,4,FALSE,C00,TOTAL CPC,0,0,TOTAL MOT,8,kg,70605088,FALSE,-1,N/A,,TRUE,70605088,FALSE,-1,TRUE,,2162612,2162612,0,FALSE,FALSE
C,A,19620101,1962,52,1962,384,CIV,CÙte d'Ivoire,M,Import,0,W00,World,0,W00,World,S1,S1,TRUE,5612,Phosphatic fertilizers and materials,4,FALSE,C00,TOTAL CPC,0,0,TOTAL MOT,8,kg,2581877,FALSE,-1,N/A,,FALSE,2581877,FALSE,,FALSE,101456,,101456,0,TRUE,FALSE
C,A,19620101,1962,52,1962,384,CIV,CÙte d'Ivoire,X,Export,0,W00,World,0,W00,World,S1,S1,TRUE,5612,Phosphatic fertilizers and materials,4,FALSE,C00,TOTAL CPC,0,0,TOTAL MOT,8,kg,7,FALSE,-1,N/A,,FALSE,7,FALSE,,FALSE,,11,11,0,TRUE,FALSE
C,A,19620101,1962,52,1962,388,JAM,Jamaica,M,Import,0,W00,World,0,W00,World,S1,S1,TRUE,5612,Phosphatic fertilizers and materials,4,FALSE,C00,TOTAL CPC,0,0,TOTAL MOT,8,kg,1587060,FALSE,-1,N/A,,FALSE,1587060,FALSE,,FALSE,113041,,113041,0,TRUE,FALSE
C,A,19620101,1962,52,1962,392,JPN,Japan,M,Import,0,W00,World,0,W00,World,S1,S1,TRUE,5612,Phosphatic fertilizers and materials,4,FALSE,C00,TOTAL CPC,0,0,TOTAL MOT,8,kg,9000,FALSE,-1,N/A,,FALSE,9000,FALSE,,FALSE,602,,602,0,TRUE,FALSE
C,A,19620101,1962,52,1962,392,JPN,Japan,X,Export,0,W00,World,0,W00,World,S1,S1,TRUE,5612,Phosphatic fertilizers and materials,4,FALSE,C00,TOTAL CPC,0,0,TOTAL MOT,8,kg,191043008,FALSE,-1,N/A,,FALSE,191043008,FALSE,,FALSE,,6491290,6491290,0,TRUE,FALSE
C,A,19620101,1962,52,1962,410,KOR,Rep. of Korea,M,Import,0,W00,World,0,W00,World,S1,S1,TRUE,5612,Phosphatic fertilizers and materials,4,FALSE,C00,TOTAL CPC,0,0,TOTAL MOT,8,kg,78178000,FALSE,-1,N/A,,FALSE,78178000,FALSE,,FALSE,4382000,,4382000,0,TRUE,FALSE
C,A,19620101,1962,52,1962,450,MDG,Madagascar,M,Import,0,W00,World,0,W00,World,S1,S1,TRUE,5612,Phosphatic fertilizers and materials,4,FALSE,C00,TOTAL CPC,0,0,TOTAL MOT,8,kg,406976,FALSE,-1,N/A,,FALSE,406976,FALSE,,FALSE,26528,,26528,0,TRUE,FALSE
C,A,19620101,1962,52,1962,459,_PM,Peninsula Malaysia (...1963),M,Import,0,W00,World,0,W00,World,S1,S1,TRUE,5612,Phosphatic fertilizers and materials,4,FALSE,C00,TOTAL CPC,0,0,TOTAL MOT,8,kg,5505009,FALSE,-1,N/A,,FALSE,5505009,FALSE,,FALSE,306849,,306849,0,TRUE,FALSE
C,A,19620101,1962,52,1962,459,_PM,Peninsula Malaysia (...1963),X,Export,0,W00,World,0,W00,World,S1,S1,TRUE,5612,Phosphatic fertilizers and materials,4,FALSE,C00,TOTAL CPC,0,0,TOTAL MOT,8,kg,42476,FALSE,-1,N/A,,FALSE,42476,FALSE,,FALSE,,3286,3286,0,TRUE,FALSE
C,A,19620101,1962,52,1962,461,_SH,Sabah (...1963),M,Import,0,W00,World,0,W00,World,S1,S1,TRUE,5612,Phosphatic fertilizers and materials,4,FALSE,C00,TOTAL CPC,0,0,TOTAL MOT,8,kg,1275231,FALSE,-1,N/A,,FALSE,1275231,FALSE,,FALSE,43677,,43677,0,TRUE,FALSE
C,A,19620101,1962,52,1962,466,MLI,Mali,M,Import,0,W00,World,0,W00,World,S1,S1,TRUE,5612,Phosphatic fertilizers and materials,4,FALSE,C00,TOTAL CPC,0,0,TOTAL MOT,8,kg,499448,FALSE,-1,N/A,,FALSE,499448,FALSE,,FALSE,77567,,77567,0,TRUE,FALSE
C,A,19620101,1962,52,1962,484,MEX,Mexico,M,Import,0,W00,World,0,W00,World,S1,S1,TRUE,5612,Phosphatic fertilizers and materials,4,FALSE,C00,TOTAL CPC,0,0,TOTAL MOT,8,kg,24825400,FALSE,-1,N/A,,FALSE,24825400,FALSE,,FALSE,2356598,,2356598,0,TRUE,FALSE
C,A,19620101,1962,52,1962,490,S19,"Other Asia, nes",M,Import,0,W00,World,0,W00,World,S1,S1,TRUE,5612,Phosphatic fertilizers and materials,4,FALSE,C00,TOTAL CPC,0,0,TOTAL MOT,8,kg,6157500,FALSE,-1,N/A,,FALSE,6157500,FALSE,,FALSE,356753,,356753,0,TRUE,FALSE
C,A,19620101,1962,52,1962,490,S19,"Other Asia, nes",X,Export,0,W00,World,0,W00,World,S1,S1,TRUE,5612,Phosphatic fertilizers and materials,4,FALSE,C00,TOTAL CPC,0,0,TOTAL MOT,8,kg,1000,FALSE,-1,N/A,,FALSE,1000,FALSE,,FALSE,,26,26,0,TRUE,FALSE
C,A,19620101,1962,52,1962,504,MAR,Morocco,M,Import,0,W00,World,0,W00,World,S1,S1,TRUE,5612,Phosphatic fertilizers and materials,4,FALSE,C00,TOTAL CPC,0,0,TOTAL MOT,8,kg,2329500,FALSE,-1,N/A,,FALSE,2329500,FALSE,,FALSE,133229,,133229,0,TRUE,FALSE
C,A,19620101,1962,52,1962,504,MAR,Morocco,X,Export,0,W00,World,0,W00,World,S1,S1,TRUE,5612,Phosphatic fertilizers and materials,4,FALSE,C00,TOTAL CPC,0,0,TOTAL MOT,8,kg,1000,FALSE,-1,N/A,,FALSE,1000,FALSE,,FALSE,,11,11,0,TRUE,FALSE
C,A,19620101,1962,52,1962,528,NLD,Netherlands,M,Import,0,W00,World,0,W00,World,S1,S1,TRUE,5612,Phosphatic fertilizers and materials,4,FALSE,C00,TOTAL CPC,0,0,TOTAL MOT,8,kg,224673728,FALSE,-1,N/A,,FALSE,224673728,FALSE,,FALSE,5678229,,5678229,0,TRUE,FALSE
C,A,19620101,1962,52,1962,528,NLD,Netherlands,X,Export,0,W00,World,0,W00,World,S1,S1,TRUE,5612,Phosphatic fertilizers and materials,4,FALSE,C00,TOTAL CPC,0,0,TOTAL MOT,8,kg,370442432,FALSE,-1,N/A,,FALSE,370442432,FALSE,,FALSE,,13330804,13330804,0,TRUE,FALSE
C,A,19620101,1962,52,1962,566,NGA,Nigeria,M,Import,0,W00,World,0,W00,World,S1,S1,TRUE,5612,Phosphatic fertilizers and materials,4,FALSE,C00,TOTAL CPC,0,0,TOTAL MOT,8,kg,12016936,FALSE,-1,N/A,,FALSE,12016936,FALSE,,FALSE,220012,,220012,0,TRUE,FALSE
C,A,19620101,1962,52,1962,579,NOR,Norway,M,Import,0,W00,World,0,W00,World,S1,S1,TRUE,5612,Phosphatic fertilizers and materials,4,FALSE,C00,TOTAL CPC,0,0,TOTAL MOT,8,kg,8104712,FALSE,-1,N/A,,FALSE,8104712,FALSE,,FALSE,170525,,170525,0,TRUE,FALSE
C,A,19620101,1962,52,1962,579,NOR,Norway,X,Export,0,W00,World,0,W00,World,S1,S1,TRUE,5612,Phosphatic fertilizers and materials,4,FALSE,C00,TOTAL CPC,0,0,TOTAL MOT,8,kg,26371124,FALSE,-1,N/A,,FALSE,26371124,FALSE,,FALSE,,694731,694731,0,TRUE,FALSE
C,A,19620101,1962,52,1962,588,PAK,East and West Pakistan (...1971),M,Import,0,W00,World,0,W00,World,S1,S1,TRUE,5612,Phosphatic fertilizers and materials,4,FALSE,C00,TOTAL CPC,0,0,TOTAL MOT,-1,N/A,0,FALSE,-1,N/A,,FALSE,,FALSE,,FALSE,3697,,3697,0,TRUE,FALSE
C,A,19620101,1962,52,1962,590,PAN,"Panama, excl.Canal Zone (...1977)",M,Import,0,W00,World,0,W00,World,S1,S1,TRUE,5612,Phosphatic fertilizers and materials,4,FALSE,C00,TOTAL CPC,0,0,TOTAL MOT,8,kg,1577032,FALSE,-1,N/A,,FALSE,1577032,FALSE,,FALSE,110193,,110193,0,TRUE,FALSE
C,A,19620101,1962,52,1962,604,PER,Peru,M,Import,0,W00,World,0,W00,World,S1,S1,TRUE,5612,Phosphatic fertilizers and materials,4,FALSE,C00,TOTAL CPC,0,0,TOTAL MOT,8,kg,3527351,FALSE,-1,N/A,,FALSE,3527351,FALSE,,FALSE,105899,,105899,0,TRUE,FALSE
C,A,19620101,1962,52,1962,608,PHL,Philippines,M,Import,0,W00,World,0,W00,World,S1,S1,TRUE,5612,Phosphatic fertilizers and materials,4,FALSE,C00,TOTAL CPC,0,0,TOTAL MOT,8,kg,7922312,FALSE,-1,N/A,,FALSE,7922312,FALSE,,FALSE,367946,,367946,0,TRUE,FALSE
C,A,19620101,1962,52,1962,620,PRT,Portugal,M,Import,0,W00,World,0,W00,World,S1,S1,TRUE,5612,Phosphatic fertilizers and materials,4,FALSE,C00,TOTAL CPC,0,0,TOTAL MOT,8,kg,21189600,FALSE,-1,N/A,,FALSE,21189600,FALSE,,FALSE,517554,,517554,0,TRUE,FALSE
C,A,19620101,1962,52,1962,620,PRT,Portugal,X,Export,0,W00,World,0,W00,World,S1,S1,TRUE,5612,Phosphatic fertilizers and materials,4,FALSE,C00,TOTAL CPC,0,0,TOTAL MOT,8,kg,65861360,FALSE,-1,N/A,,FALSE,65861360,FALSE,,FALSE,,2258668,2258668,0,TRUE,FALSE
C,A,19620101,1962,52,1962,686,SEN,Senegal,M,Import,0,W00,World,0,W00,World,S1,S1,TRUE,5612,Phosphatic fertilizers and materials,4,FALSE,C00,TOTAL CPC,0,0,TOTAL MOT,8,kg,3530375,FALSE,-1,N/A,,FALSE,3530375,FALSE,,FALSE,265858,,265858,0,TRUE,FALSE
C,A,19620101,1962,52,1962,686,SEN,Senegal,X,Export,0,W00,World,0,W00,World,S1,S1,TRUE,5612,Phosphatic fertilizers and materials,4,FALSE,C00,TOTAL CPC,0,0,TOTAL MOT,8,kg,32810300,FALSE,-1,N/A,,FALSE,32810300,FALSE,,FALSE,,853826,853826,0,TRUE,FALSE
C,A,19620101,1962,52,1962,702,SGP,Singapore,M,Import,0,W00,World,0,W00,World,S1,S1,TRUE,5612,Phosphatic fertilizers and materials,4,FALSE,C00,TOTAL CPC,0,0,TOTAL MOT,8,kg,2910362,FALSE,-1,N/A,,FALSE,2910362,FALSE,,FALSE,186355,,186355,0,TRUE,FALSE
C,A,19620101,1962,52,1962,702,SGP,Singapore,X,Export,0,W00,World,0,W00,World,S1,S1,TRUE,5612,Phosphatic fertilizers and materials,4,FALSE,C00,TOTAL CPC,0,0,TOTAL MOT,8,kg,1729624,FALSE,-1,N/A,,FALSE,1729624,FALSE,,FALSE,,105870,105870,0,TRUE,FALSE
C,A,19620101,1962,52,1962,724,ESP,Spain,M,Import,0,W00,World,0,W00,World,S1,S1,TRUE,5612,Phosphatic fertilizers and materials,4,FALSE,C00,TOTAL CPC,0,0,TOTAL MOT,8,kg,31631552,FALSE,-1,N/A,,FALSE,31631552,FALSE,,FALSE,648324,,648324,0,TRUE,FALSE
C,A,19620101,1962,52,1962,724,ESP,Spain,X,Export,0,W00,World,0,W00,World,S1,S1,TRUE,5612,Phosphatic fertilizers and materials,4,FALSE,C00,TOTAL CPC,0,0,TOTAL MOT,8,kg,71482280,FALSE,-1,N/A,,FALSE,71482280,FALSE,,FALSE,,1794086,1794086,0,TRUE,FALSE
C,A,19620101,1962,52,1962,752,SWE,Sweden,M,Import,0,W00,World,0,W00,World,S1,S1,TRUE,5612,Phosphatic fertilizers and materials,4,FALSE,C00,TOTAL CPC,0,0,TOTAL MOT,8,kg,955437,FALSE,-1,N/A,,FALSE,955437,FALSE,,FALSE,73342,,73342,0,TRUE,FALSE
C,A,19620101,1962,52,1962,752,SWE,Sweden,X,Export,0,W00,World,0,W00,World,S1,S1,TRUE,5612,Phosphatic fertilizers and materials,4,FALSE,C00,TOTAL CPC,0,0,TOTAL MOT,8,kg,8149448,FALSE,-1,N/A,,FALSE,8149448,FALSE,,FALSE,,135048,135048,0,TRUE,FALSE
C,A,19620101,1962,52,1962,757,CHE,Switzerland,M,Import,0,W00,World,0,W00,World,S1,S1,TRUE,5612,Phosphatic fertilizers and materials,4,FALSE,C00,TOTAL CPC,0,0,TOTAL MOT,8,kg,192300864,FALSE,-1,N/A,,FALSE,192300864,FALSE,,FALSE,4301998,,4301998,0,TRUE,FALSE
C,A,19620101,1962,52,1962,757,CHE,Switzerland,X,Export,0,W00,World,0,W00,World,S1,S1,TRUE,5612,Phosphatic fertilizers and materials,4,FALSE,C00,TOTAL CPC,0,0,TOTAL MOT,8,kg,2500,FALSE,-1,N/A,,FALSE,2500,FALSE,,FALSE,,982,982,0,TRUE,FALSE
C,A,19620101,1962,52,1962,764,THA,Thailand,M,Import,0,W00,World,0,W00,World,S1,S1,TRUE,5612,Phosphatic fertilizers and materials,4,FALSE,C00,TOTAL CPC,0,0,TOTAL MOT,8,kg,4877596,FALSE,-1,N/A,,FALSE,4877596,FALSE,,FALSE,284909,,284909,0,TRUE,FALSE
C,A,19620101,1962,52,1962,788,TUN,Tunisia,X,Export,0,W00,World,0,W00,World,S1,S1,TRUE,5612,Phosphatic fertilizers and materials,4,FALSE,C00,TOTAL CPC,0,0,TOTAL MOT,8,kg,115088920,FALSE,-1,N/A,,FALSE,115088920,FALSE,,FALSE,,5592067,5592067,0,TRUE,FALSE
C,A,19620101,1962,52,1962,792,TUR,TÅEkiye,M,Import,0,W00,World,0,W00,World,S1,S1,TRUE,5612,Phosphatic fertilizers and materials,4,FALSE,C00,TOTAL CPC,0,0,TOTAL MOT,8,kg,40655604,FALSE,-1,N/A,,FALSE,40655604,FALSE,,FALSE,1328344,,1328344,0,TRUE,FALSE
C,A,19620101,1962,52,1962,826,GBR,United Kingdom,M,Import,0,W00,World,0,W00,World,S1,S1,TRUE,5612,Phosphatic fertilizers and materials,4,FALSE,C00,TOTAL CPC,0,0,TOTAL MOT,8,kg,103999416,FALSE,-1,N/A,,FALSE,103999416,FALSE,,FALSE,2719181,,2719181,0,TRUE,FALSE
C,A,19620101,1962,52,1962,826,GBR,United Kingdom,X,Export,0,W00,World,0,W00,World,S1,S1,TRUE,5612,Phosphatic fertilizers and materials,4,FALSE,C00,TOTAL CPC,0,0,TOTAL MOT,8,kg,9429000,FALSE,-1,N/A,,FALSE,9429000,FALSE,,FALSE,,512771,512771,0,TRUE,FALSE
C,A,19620101,1962,52,1962,841,USA,USA and Puerto Rico (...1980),M,Import,0,W00,World,0,W00,World,S1,S1,TRUE,5612,Phosphatic fertilizers and materials,4,FALSE,C00,TOTAL CPC,0,0,TOTAL MOT,8,kg,62169336,FALSE,-1,N/A,,FALSE,62169336,FALSE,,FALSE,3223361,,3223361,0,TRUE,FALSE
C,A,19620101,1962,52,1962,841,USA,USA and Puerto Rico (...1980),X,Export,0,W00,World,0,W00,World,S1,S1,TRUE,5612,Phosphatic fertilizers and materials,4,FALSE,C00,TOTAL CPC,0,0,TOTAL MOT,8,kg,682079104,FALSE,-1,N/A,,FALSE,682079104,FALSE,,FALSE,,36021568,36021568,0,TRUE,FALSE
C,A,19620101,1962,52,1962,854,BFA,Burkina Faso,M,Import,0,W00,World,0,W00,World,S1,S1,TRUE,5612,Phosphatic fertilizers and materials,4,FALSE,C00,TOTAL CPC,0,0,TOTAL MOT,8,kg,153565,FALSE,-1,N/A,,FALSE,153565,FALSE,,FALSE,9765,,9765,0,TRUE,FALSE
C,A,19620101,1962,52,1962,862,VEN,Venezuela,M,Import,0,W00,World,0,W00,World,S1,S1,TRUE,5612,Phosphatic fertilizers and materials,4,FALSE,C00,TOTAL CPC,0,0,TOTAL MOT,8,kg,14273432,FALSE,-1,N/A,,FALSE,14273432,FALSE,,FALSE,1144401,,1144401,0,TRUE,FALSE
C,A,19620101,1962,52,1962,890,YUG,Yugoslavia (...1991),M,Import,0,W00,World,0,W00,World,S1,S1,TRUE,5612,Phosphatic fertilizers and materials,4,FALSE,C00,TOTAL CPC,0,0,TOTAL MOT,8,kg,82887248,FALSE,-1,N/A,,FALSE,82887248,FALSE,,FALSE,1479597,,1479597,0,TRUE,FALSE
C,A,19620101,1962,52,1962,890,YUG,Yugoslavia (...1991),X,Export,0,W00,World,0,W00,World,S1,S1,TRUE,5612,Phosphatic fertilizers and materials,4,FALSE,C00,TOTAL CPC,0,0,TOTAL MOT,8,kg,69920160,FALSE,-1,N/A,,FALSE,69920160,FALSE,,FALSE,,1495895,1495895,0,TRUE,FALSE
C,A,19630101,1963,52,1963,36,AUS,Australia,M,Import,0,W00,World,0,W00,World,S1,S1,TRUE,5612,Phosphatic fertilizers and materials,4,FALSE,C00,TOTAL CPC,0,0,TOTAL MOT,-1,N/A,0,FALSE,-1,N/A,,FALSE,,FALSE,,FALSE,15188,,15188,0,TRUE,FALSE
C,A,19630101,1963,52,1963,58,BEL,Belgium-Luxembourg (...1998),M,Import,0,W00,World,0,W00,World,S1,S1,TRUE,5612,Phosphatic fertilizers and materials,4,FALSE,C00,TOTAL CPC,0,0,TOTAL MOT,8,kg,825362,FALSE,-1,N/A,,FALSE,825362,FALSE,,FALSE,35858,,35858,0,TRUE,FALSE
C,A,19630101,1963,52,1963,58,BEL,Belgium-Luxembourg (...1998),X,Export,0,W00,World,0,W00,World,S1,S1,TRUE,5612,Phosphatic fertilizers and materials,4,FALSE,C00,TOTAL CPC,0,0,TOTAL MOT,8,kg,1960238848,FALSE,-1,N/A,,FALSE,1960238848,FALSE,,FALSE,,32080584,32080584,0,TRUE,FALSE
C,A,19630101,1963,52,1963,68,BOL,Bolivia (Plurinational State of),M,Import,0,W00,World,0,W00,World,S1,S1,TRUE,5612,Phosphatic fertilizers and materials,4,FALSE,C00,TOTAL CPC,0,0,TOTAL MOT,8,kg,891987,FALSE,-1,N/A,,FALSE,891987,FALSE,,FALSE,90297,,90297,0,TRUE,FALSE
C,A,19630101,1963,52,1963,76,BRA,Brazil,M,Import,0,W00,World,0,W00,World,S1,S1,TRUE,5612,Phosphatic fertilizers and materials,4,FALSE,C00,TOTAL CPC,0,0,TOTAL MOT,8,kg,92821160,FALSE,-1,N/A,,FALSE,92821160,FALSE,,FALSE,5689694,,5689694,0,TRUE,FALSE
C,A,19630101,1963,52,1963,96,BRN,Brunei Darussalam,M,Import,0,W00,World,0,W00,World,S1,S1,TRUE,5612,Phosphatic fertilizers and materials,4,FALSE,C00,TOTAL CPC,0,0,TOTAL MOT,8,kg,1000,FALSE,-1,N/A,,FALSE,1000,FALSE,,FALSE,147,,147,0,TRUE,FALSE
C,A,19630101,1963,52,1963,116,KHM,Cambodia,M,Import,0,W00,World,0,W00,World,S1,S1,TRUE,5612,Phosphatic fertilizers and materials,4,FALSE,C00,TOTAL CPC,0,0,TOTAL MOT,8,kg,5652632,FALSE,-1,N/A,,FALSE,5652632,FALSE,,FALSE,368161,,368161,0,TRUE,FALSE
C,A,19630101,1963,52,1963,120,CMR,Cameroon,M,Import,0,W00,World,0,W00,World,S1,S1,TRUE,5612,Phosphatic fertilizers and materials,4,FALSE,C00,TOTAL CPC,0,0,TOTAL MOT,8,kg,269199,FALSE,-1,N/A,,FALSE,269199,FALSE,,FALSE,14412,,14412,0,TRUE,FALSE
C,A,19630101,1963,52,1963,120,CMR,Cameroon,X,Export,0,W00,World,0,W00,World,S1,S1,TRUE,5612,Phosphatic fertilizers and materials,4,FALSE,C00,TOTAL CPC,0,0,TOTAL MOT,8,kg,2398,FALSE,-1,N/A,,FALSE,2398,FALSE,,FALSE,,222,222,0,TRUE,FALSE
C,A,19630101,1963,52,1963,124,CAN,Canada,M,Import,0,W00,World,0,W00,World,S1,S1,TRUE,5612,Phosphatic fertilizers and materials,4,FALSE,C00,TOTAL CPC,0,0,TOTAL MOT,8,kg,147781248,FALSE,-1,N/A,,FALSE,147781248,FALSE,,FALSE,6452745,,6452745,0,TRUE,FALSE
C,A,19630101,1963,52,1963,124,CAN,Canada,X,Export,0,W00,World,0,W00,World,S1,S1,TRUE,5612,Phosphatic fertilizers and materials,4,FALSE,C00,TOTAL CPC,0,0,TOTAL MOT,-1,N/A,0,FALSE,-1,N/A,,FALSE,,FALSE,,FALSE,,12136851,12136851,0,TRUE,FALSE
C,A,19630101,1963,52,1963,140,CAF,Central African Rep.,M,Import,0,W00,World,0,W00,World,S1,S1,TRUE,5612,Phosphatic fertilizers and materials,4,FALSE,C00,TOTAL CPC,0,0,TOTAL MOT,8,kg,287750,FALSE,-1,N/A,,FALSE,287750,FALSE,,FALSE,24702,,24702,0,TRUE,FALSE
C,A,19630101,1963,52,1963,144,LKA,Sri Lanka,M,Import,0,W00,World,0,W00,World,S1,S1,TRUE,5612,Phosphatic fertilizers and materials,4,FALSE,C00,TOTAL CPC,0,0,TOTAL MOT,8,kg,1256975,FALSE,-1,N/A,,FALSE,1256975,FALSE,,FALSE,82117,,82117,0,TRUE,FALSE
C,A,19630101,1963,52,1963,148,TCD,Chad,M,Import,0,W00,World,0,W00,World,S1,S1,TRUE,5612,Phosphatic fertilizers and materials,4,FALSE,C00,TOTAL CPC,0,0,TOTAL MOT,8,kg,199,FALSE,-1,N/A,,FALSE,199,FALSE,,FALSE,97,,97,0,TRUE,FALSE
C,A,19630101,1963,52,1963,152,CHL,Chile,M,Import,0,W00,World,0,W00,World,S1,S1,TRUE,5612,Phosphatic fertilizers and materials,4,FALSE,C00,TOTAL CPC,0,0,TOTAL MOT,8,kg,187638528,FALSE,-1,N/A,,FALSE,187638528,FALSE,,FALSE,12262894,,12262894,0,TRUE,FALSE
C,A,19630101,1963,52,1963,170,COL,Colombia,M,Import,0,W00,World,0,W00,World,S1,S1,TRUE,5612,Phosphatic fertilizers and materials,4,FALSE,C00,TOTAL CPC,0,0,TOTAL MOT,8,kg,36910284,FALSE,-1,N/A,,FALSE,36910284,FALSE,,FALSE,2414337,,2414337,0,TRUE,FALSE
C,A,19630101,1963,52,1963,178,COG,Congo,M,Import,0,W00,World,0,W00,World,S1,S1,TRUE,5612,Phosphatic fertilizers and materials,4,FALSE,C00,TOTAL CPC,0,0,TOTAL MOT,8,kg,101707,FALSE,-1,N/A,,FALSE,101707,FALSE,,FALSE,7004,,7004,0,TRUE,FALSE
C,A,19630101,1963,52,1963,204,BEN,Benin,M,Import,0,W00,World,0,W00,World,S1,S1,TRUE,5612,Phosphatic fertilizers and materials,4,FALSE,C00,TOTAL CPC,0,0,TOTAL MOT,8,kg,39726,FALSE,-1,N/A,,FALSE,39726,FALSE,,FALSE,3568,,3568,0,TRUE,FALSE
C,A,19630101,1963,52,1963,208,DNK,Denmark,M,Import,0,W00,World,0,W00,World,S1,S1,TRUE,5612,Phosphatic fertilizers and materials,4,FALSE,C00,TOTAL CPC,0,0,TOTAL MOT,8,kg,112135448,FALSE,-1,N/A,,FALSE,112135448,FALSE,,FALSE,2782273,,2782273,0,TRUE,FALSE
C,A,19630101,1963,52,1963,208,DNK,Denmark,X,Export,0,W00,World,0,W00,World,S1,S1,TRUE,5612,Phosphatic fertilizers and materials,4,FALSE,C00,TOTAL CPC,0,0,TOTAL MOT,8,kg,2000,FALSE,-1,N/A,,FALSE,2000,FALSE,,FALSE,,86,86,0,TRUE,FALSE
C,A,19630101,1963,52,1963,218,ECU,Ecuador,M,Import,0,W00,World,0,W00,World,S1,S1,TRUE,5612,Phosphatic fertilizers and materials,4,FALSE,C00,TOTAL CPC,0,0,TOTAL MOT,8,kg,223398,FALSE,-1,N/A,,FALSE,223398,FALSE,,FALSE,13400,,13400,0,TRUE,FALSE
C,A,19630101,1963,52,1963,222,SLV,El Salvador,M,Import,0,W00,World,0,W00,World,S1,S1,TRUE,5612,Phosphatic fertilizers and materials,4,FALSE,C00,TOTAL CPC,0,0,TOTAL MOT,8,kg,1359964,FALSE,-1,N/A,,FALSE,1359964,FALSE,,FALSE,85809,,85809,0,TRUE,FALSE
C,A,19630101,1963,52,1963,246,FIN,Finland,M,Import,0,W00,World,0,W00,World,S1,S1,TRUE,5612,Phosphatic fertilizers and materials,4,FALSE,C00,TOTAL CPC,0,0,TOTAL MOT,8,kg,28429320,FALSE,-1,N/A,,FALSE,28429320,FALSE,,FALSE,693723,,693723,0,TRUE,FALSE
C,A,19630101,1963,52,1963,251,FRA,France,M,Import,0,W00,World,0,W00,World,S1,S1,TRUE,5612,Phosphatic fertilizers and materials,4,FALSE,C00,TOTAL CPC,0,0,TOTAL MOT,8,kg,1258471680,FALSE,-1,N/A,,FALSE,1258471680,FALSE,,FALSE,22342644,,22342644,0,TRUE,FALSE
C,A,19630101,1963,52,1963,251,FRA,France,X,Export,0,W00,World,0,W00,World,S1,S1,TRUE,5612,Phosphatic fertilizers and materials,4,FALSE,C00,TOTAL CPC,0,0,TOTAL MOT,8,kg,347089984,FALSE,-1,N/A,,FALSE,347089984,FALSE,,FALSE,,5846983,5846983,0,TRUE,FALSE
C,A,19630101,1963,52,1963,266,GAB,Gabon,M,Import,0,W00,World,0,W00,World,S1,S1,TRUE,5612,Phosphatic fertilizers and materials,4,FALSE,C00,TOTAL CPC,0,0,TOTAL MOT,8,kg,7125,FALSE,-1,N/A,,FALSE,7125,FALSE,,FALSE,643,,643,0,TRUE,FALSE
C,A,19630101,1963,52,1963,280,DEU,Fed. Rep. of Germany (...1990),M,Import,0,W00,World,0,W00,World,S1,S1,TRUE,5612,Phosphatic fertilizers and materials,4,FALSE,C00,TOTAL CPC,0,0,TOTAL MOT,8,kg,452382272,FALSE,-1,N/A,,TRUE,452382272,FALSE,-1,TRUE,6552000,,6552000,0,FALSE,FALSE
C,A,19630101,1963,52,1963,280,DEU,Fed. Rep. of Germany (...1990),X,Export,0,W00,World,0,W00,World,S1,S1,TRUE,5612,Phosphatic fertilizers and materials,4,FALSE,C00,TOTAL CPC,0,0,TOTAL MOT,8,kg,432296352,FALSE,-1,N/A,,TRUE,432296352,FALSE,-1,TRUE,,5188000,5188000,0,FALSE,FALSE
C,A,19630101,1963,52,1963,288,GHA,Ghana,M,Import,0,W00,World,0,W00,World,S1,S1,TRUE,5612,Phosphatic fertilizers and materials,4,FALSE,C00,TOTAL CPC,0,0,TOTAL MOT,8,kg,1195877,FALSE,-1,N/A,,FALSE,1195877,FALSE,,FALSE,70315,,70315,0,TRUE,FALSE
C,A,19630101,1963,52,1963,300,GRC,Greece,M,Import,0,W00,World,0,W00,World,S1,S1,TRUE,5612,Phosphatic fertilizers and materials,4,FALSE,C00,TOTAL CPC,0,0,TOTAL MOT,8,kg,81616848,FALSE,-1,N/A,,FALSE,81616848,FALSE,,FALSE,3869152,,3869152,0,TRUE,FALSE
C,A,19630101,1963,52,1963,300,GRC,Greece,X,Export,0,W00,World,0,W00,World,S1,S1,TRUE,5612,Phosphatic fertilizers and materials,4,FALSE,C00,TOTAL CPC,0,0,TOTAL MOT,8,kg,50000,FALSE,-1,N/A,,FALSE,50000,FALSE,,FALSE,,2582,2582,0,TRUE,FALSE
C,A,19630101,1963,52,1963,340,HND,Honduras,M,Import,0,W00,World,0,W00,World,S1,S1,TRUE,5612,Phosphatic fertilizers and materials,4,FALSE,C00,TOTAL CPC,0,0,TOTAL MOT,8,kg,32867,FALSE,-1,N/A,,FALSE,32867,FALSE,,FALSE,6173,,6173,0,TRUE,FALSE
C,A,19630101,1963,52,1963,344,HKG,"China, Hong Kong SAR",M,Import,0,W00,World,0,W00,World,S1,S1,TRUE,5612,Phosphatic fertilizers and materials,4,FALSE,C00,TOTAL CPC,0,0,TOTAL MOT,8,kg,86788,FALSE,-1,N/A,,FALSE,86788,FALSE,,FALSE,3711,,3711,0,TRUE,FALSE
C,A,19630101,1963,52,1963,352,ISL,Iceland,M,Import,0,W00,World,0,W00,World,S1,S1,TRUE,5612,Phosphatic fertilizers and materials,4,FALSE,C00,TOTAL CPC,0,0,TOTAL MOT,8,kg,9826050,FALSE,-1,N/A,,FALSE,9826050,FALSE,,FALSE,660824,,660824,0,TRUE,FALSE
C,A,19630101,1963,52,1963,364,IRN,Iran,M,Import,0,W00,World,0,W00,World,S1,S1,TRUE,5612,Phosphatic fertilizers and materials,4,FALSE,C00,TOTAL CPC,0,0,TOTAL MOT,8,kg,12825314,FALSE,-1,N/A,,FALSE,12825314,FALSE,,FALSE,1016417,,1016417,0,TRUE,FALSE
C,A,19630101,1963,52,1963,368,IRQ,Iraq,M,Import,0,W00,World,0,W00,World,S1,S1,TRUE,5612,Phosphatic fertilizers and materials,4,FALSE,C00,TOTAL CPC,0,0,TOTAL MOT,8,kg,1634000,FALSE,-1,N/A,,FALSE,1634000,FALSE,,FALSE,112975,,112975,0,TRUE,FALSE
C,A,19630101,1963,52,1963,372,IRL,Ireland,M,Import,0,W00,World,0,W00,World,S1,S1,TRUE,5612,Phosphatic fertilizers and materials,4,FALSE,C00,TOTAL CPC,0,0,TOTAL MOT,8,kg,153015680,FALSE,-1,N/A,,FALSE,153015680,FALSE,,FALSE,4254979,,4254979,0,TRUE,FALSE
C,A,19630101,1963,52,1963,376,ISR,Israel,M,Import,0,W00,World,0,W00,World,S1,S1,TRUE,5612,Phosphatic fertilizers and materials,4,FALSE,C00,TOTAL CPC,0,0,TOTAL MOT,-1,N/A,0,FALSE,-1,N/A,,FALSE,,FALSE,,FALSE,62,,62,0,TRUE,FALSE
C,A,19630101,1963,52,1963,376,ISR,Israel,X,Export,0,W00,World,0,W00,World,S1,S1,TRUE,5612,Phosphatic fertilizers and materials,4,FALSE,C00,TOTAL CPC,0,0,TOTAL MOT,-1,N/A,0,FALSE,-1,N/A,,FALSE,,FALSE,,FALSE,,23648,23648,0,TRUE,FALSE
C,A,19630101,1963,52,1963,380,ITA,Italy,M,Import,0,W00,World,0,W00,World,S1,S1,TRUE,5612,Phosphatic fertilizers and materials,4,FALSE,C00,TOTAL CPC,0,0,TOTAL MOT,8,kg,21040368,FALSE,-1,N/A,,TRUE,21040368,FALSE,-1,TRUE,487436,,487436,0,FALSE,FALSE
C,A,19630101,1963,52,1963,380,ITA,Italy,X,Export,0,W00,World,0,W00,World,S1,S1,TRUE,5612,Phosphatic fertilizers and materials,4,FALSE,C00,TOTAL CPC,0,0,TOTAL MOT,8,kg,48470136,FALSE,-1,N/A,,TRUE,48470136,FALSE,-1,TRUE,,1351694,1351694,0,FALSE,FALSE
C,A,19630101,1963,52,1963,384,CIV,CÙte d'Ivoire,M,Import,0,W00,World,0,W00,World,S1,S1,TRUE,5612,Phosphatic fertilizers and materials,4,FALSE,C00,TOTAL CPC,0,0,TOTAL MOT,8,kg,2249424,FALSE,-1,N/A,,FALSE,2249424,FALSE,,FALSE,125129,,125129,0,TRUE,FALSE
C,A,19630101,1963,52,1963,384,CIV,CÙte d'Ivoire,X,Export,0,W00,World,0,W00,World,S1,S1,TRUE,5612,Phosphatic fertilizers and materials,4,FALSE,C00,TOTAL CPC,0,0,TOTAL MOT,8,kg,61306,FALSE,-1,N/A,,FALSE,61306,FALSE,,FALSE,,6028,6028,0,TRUE,FALSE
C,A,19630101,1963,52,1963,388,JAM,Jamaica,M,Import,0,W00,World,0,W00,World,S1,S1,TRUE,5612,Phosphatic fertilizers and materials,4,FALSE,C00,TOTAL CPC,0,0,TOTAL MOT,8,kg,2117374,FALSE,-1,N/A,,FALSE,2117374,FALSE,,FALSE,154522,,154522,0,TRUE,FALSE
C,A,19630101,1963,52,1963,392,JPN,Japan,M,Import,0,W00,World,0,W00,World,S1,S1,TRUE,5612,Phosphatic fertilizers and materials,4,FALSE,C00,TOTAL CPC,0,0,TOTAL MOT,8,kg,51000,FALSE,-1,N/A,,FALSE,51000,FALSE,,FALSE,4211,,4211,0,TRUE,FALSE
C,A,19630101,1963,52,1963,392,JPN,Japan,X,Export,0,W00,World,0,W00,World,S1,S1,TRUE,5612,Phosphatic fertilizers and materials,4,FALSE,C00,TOTAL CPC,0,0,TOTAL MOT,8,kg,85165000,FALSE,-1,N/A,,FALSE,85165000,FALSE,,FALSE,,2994975,2994975,0,TRUE,FALSE
C,A,19630101,1963,52,1963,410,KOR,Rep. of Korea,M,Import,0,W00,World,0,W00,World,S1,S1,TRUE,5612,Phosphatic fertilizers and materials,4,FALSE,C00,TOTAL CPC,0,0,TOTAL MOT,8,kg,250741760,FALSE,-1,N/A,,FALSE,250741760,FALSE,,FALSE,17762568,,17762568,0,TRUE,FALSE
C,A,19630101,1963,52,1963,430,LBR,Liberia,M,Import,0,W00,World,0,W00,World,S1,S1,TRUE,5612,Phosphatic fertilizers and materials,4,FALSE,C00,TOTAL CPC,0,0,TOTAL MOT,8,kg,48545,FALSE,-1,N/A,,FALSE,48545,FALSE,,FALSE,14000,,14000,0,TRUE,FALSE
C,A,19630101,1963,52,1963,450,MDG,Madagascar,M,Import,0,W00,World,0,W00,World,S1,S1,TRUE,5612,Phosphatic fertilizers and materials,4,FALSE,C00,TOTAL CPC,0,0,TOTAL MOT,8,kg,266425,FALSE,-1,N/A,,FALSE,266425,FALSE,,FALSE,18392,,18392,0,TRUE,FALSE
C,A,19630101,1963,52,1963,450,MDG,Madagascar,X,Export,0,W00,World,0,W00,World,S1,S1,TRUE,5612,Phosphatic fertilizers and materials,4,FALSE,C00,TOTAL CPC,0,0,TOTAL MOT,8,kg,74,FALSE,-1,N/A,,FALSE,74,FALSE,,FALSE,,21,21,0,TRUE,FALSE
C,A,19630101,1963,52,1963,459,_PM,Peninsula Malaysia (...1963),M,Import,0,W00,World,0,W00,World,S1,S1,TRUE,5612,Phosphatic fertilizers and materials,4,FALSE,C00,TOTAL CPC,0,0,TOTAL MOT,8,kg,6062153,FALSE,-1,N/A,,FALSE,6062153,FALSE,,FALSE,319811,,319811,0,TRUE,FALSE
C,A,19630101,1963,52,1963,459,_PM,Peninsula Malaysia (...1963),X,Export,0,W00,World,0,W00,World,S1,S1,TRUE,5612,Phosphatic fertilizers and materials,4,FALSE,C00,TOTAL CPC,0,0,TOTAL MOT,8,kg,25222,FALSE,-1,N/A,,FALSE,25222,FALSE,,FALSE,,1273,1273,0,TRUE,FALSE
C,A,19630101,1963,52,1963,461,_SH,Sabah (...1963),M,Import,0,W00,World,0,W00,World,S1,S1,TRUE,5612,Phosphatic fertilizers and materials,4,FALSE,C00,TOTAL CPC,0,0,TOTAL MOT,8,kg,940603,FALSE,-1,N/A,,FALSE,940603,FALSE,,FALSE,35328,,35328,0,TRUE,FALSE
C,A,19630101,1963,52,1963,466,MLI,Mali,M,Import,0,W00,World,0,W00,World,S1,S1,TRUE,5612,Phosphatic fertilizers and materials,4,FALSE,C00,TOTAL CPC,0,0,TOTAL MOT,8,kg,1396514,FALSE,-1,N/A,,FALSE,1396514,FALSE,,FALSE,126572,,126572,0,TRUE,FALSE
C,A,19630101,1963,52,1963,484,MEX,Mexico,M,Import,0,W00,World,0,W00,World,S1,S1,TRUE,5612,Phosphatic fertilizers and materials,4,FALSE,C00,TOTAL CPC,0,0,TOTAL MOT,8,kg,6056406,FALSE,-1,N/A,,FALSE,6056406,FALSE,,FALSE,379247,,379247,0,TRUE,FALSE
C,A,19630101,1963,52,1963,490,S19,"Other Asia, nes",M,Import,0,W00,World,0,W00,World,S1,S1,TRUE,5612,Phosphatic fertilizers and materials,4,FALSE,C00,TOTAL CPC,0,0,TOTAL MOT,8,kg,17834468,FALSE,-1,N/A,,FALSE,17834468,FALSE,,FALSE,1041436,,1041436,0,TRUE,FALSE
C,A,19630101,1963,52,1963,504,MAR,Morocco,M,Import,0,W00,World,0,W00,World,S1,S1,TRUE,5612,Phosphatic fertilizers and materials,4,FALSE,C00,TOTAL CPC,0,0,TOTAL MOT,8,kg,1592000,FALSE,-1,N/A,,FALSE,1592000,FALSE,,FALSE,91931,,91931,0,TRUE,FALSE
C,A,19630101,1963,52,1963,504,MAR,Morocco,X,Export,0,W00,World,0,W00,World,S1,S1,TRUE,5612,Phosphatic fertilizers and materials,4,FALSE,C00,TOTAL CPC,0,0,TOTAL MOT,8,kg,6200000,FALSE,-1,N/A,,FALSE,6200000,FALSE,,FALSE,,204814,204814,0,TRUE,FALSE
C,A,19630101,1963,52,1963,528,NLD,Netherlands,M,Import,0,W00,World,0,W00,World,S1,S1,TRUE,5612,Phosphatic fertilizers and materials,4,FALSE,C00,TOTAL CPC,0,0,TOTAL MOT,8,kg,218077312,FALSE,-1,N/A,,FALSE,218077312,FALSE,,FALSE,4837201,,4837201,0,TRUE,FALSE
C,A,19630101,1963,52,1963,528,NLD,Netherlands,X,Export,0,W00,World,0,W00,World,S1,S1,TRUE,5612,Phosphatic fertilizers and materials,4,FALSE,C00,TOTAL CPC,0,0,TOTAL MOT,8,kg,376053408,FALSE,-1,N/A,,FALSE,376053408,FALSE,,FALSE,,13394181,13394181,0,TRUE,FALSE
C,A,19630101,1963,52,1963,566,NGA,Nigeria,M,Import,0,W00,World,0,W00,World,S1,S1,TRUE,5612,Phosphatic fertilizers and materials,4,FALSE,C00,TOTAL CPC,0,0,TOTAL MOT,8,kg,8401704,FALSE,-1,N/A,,FALSE,8401704,FALSE,,FALSE,403192,,403192,0,TRUE,FALSE
C,A,19630101,1963,52,1963,579,NOR,Norway,M,Import,0,W00,World,0,W00,World,S1,S1,TRUE,5612,Phosphatic fertilizers and materials,4,FALSE,C00,TOTAL CPC,0,0,TOTAL MOT,8,kg,6562674,FALSE,-1,N/A,,FALSE,6562674,FALSE,,FALSE,142311,,142311,0,TRUE,FALSE
C,A,19630101,1963,52,1963,579,NOR,Norway,X,Export,0,W00,World,0,W00,World,S1,S1,TRUE,5612,Phosphatic fertilizers and materials,4,FALSE,C00,TOTAL CPC,0,0,TOTAL MOT,8,kg,24130824,FALSE,-1,N/A,,FALSE,24130824,FALSE,,FALSE,,726185,726185,0,TRUE,FALSE
C,A,19630101,1963,52,1963,588,PAK,East and West Pakistan (...1971),M,Import,0,W00,World,0,W00,World,S1,S1,TRUE,5612,Phosphatic fertilizers and materials,4,FALSE,C00,TOTAL CPC,0,0,TOTAL MOT,-1,N/A,0,FALSE,-1,N/A,,FALSE,,FALSE,,FALSE,436200,,436200,0,TRUE,FALSE
C,A,19630101,1963,52,1963,590,PAN,"Panama, excl.Canal Zone (...1977)",M,Import,0,W00,World,0,W00,World,S1,S1,TRUE,5612,Phosphatic fertilizers and materials,4,FALSE,C00,TOTAL CPC,0,0,TOTAL MOT,8,kg,1227892,FALSE,-1,N/A,,FALSE,1227892,FALSE,,FALSE,86983,,86983,0,TRUE,FALSE
C,A,19630101,1963,52,1963,590,PAN,"Panama, excl.Canal Zone (...1977)",X,Export,0,W00,World,0,W00,World,S1,S1,TRUE,5612,Phosphatic fertilizers and materials,4,FALSE,C00,TOTAL CPC,0,0,TOTAL MOT,8,kg,914,FALSE,-1,N/A,,FALSE,914,FALSE,,FALSE,,77,77,0,TRUE,FALSE
C,A,19630101,1963,52,1963,604,PER,Peru,M,Import,0,W00,World,0,W00,World,S1,S1,TRUE,5612,Phosphatic fertilizers and materials,4,FALSE,C00,TOTAL CPC,0,0,TOTAL MOT,8,kg,209824,FALSE,-1,N/A,,FALSE,209824,FALSE,,FALSE,15001,,15001,0,TRUE,FALSE
C,A,19630101,1963,52,1963,608,PHL,Philippines,M,Import,0,W00,World,0,W00,World,S1,S1,TRUE,5612,Phosphatic fertilizers and materials,4,FALSE,C00,TOTAL CPC,0,0,TOTAL MOT,8,kg,1432476,FALSE,-1,N/A,,FALSE,1432476,FALSE,,FALSE,110059,,110059,0,TRUE,FALSE
C,A,19630101,1963,52,1963,620,PRT,Portugal,M,Import,0,W00,World,0,W00,World,S1,S1,TRUE,5612,Phosphatic fertilizers and materials,4,FALSE,C00,TOTAL CPC,0,0,TOTAL MOT,8,kg,12038487,FALSE,-1,N/A,,FALSE,12038487,FALSE,,FALSE,295650,,295650,0,TRUE,FALSE
C,A,19630101,1963,52,1963,620,PRT,Portugal,X,Export,0,W00,World,0,W00,World,S1,S1,TRUE,5612,Phosphatic fertilizers and materials,4,FALSE,C00,TOTAL CPC,0,0,TOTAL MOT,8,kg,96138856,FALSE,-1,N/A,,FALSE,96138856,FALSE,,FALSE,,4121099,4121099,0,TRUE,FALSE
C,A,19630101,1963,52,1963,686,SEN,Senegal,M,Import,0,W00,World,0,W00,World,S1,S1,TRUE,5612,Phosphatic fertilizers and materials,4,FALSE,C00,TOTAL CPC,0,0,TOTAL MOT,8,kg,5384596,FALSE,-1,N/A,,FALSE,5384596,FALSE,,FALSE,352407,,352407,0,TRUE,FALSE
C,A,19630101,1963,52,1963,686,SEN,Senegal,X,Export,0,W00,World,0,W00,World,S1,S1,TRUE,5612,Phosphatic fertilizers and materials,4,FALSE,C00,TOTAL CPC,0,0,TOTAL MOT,8,kg,13578101,FALSE,-1,N/A,,FALSE,13578101,FALSE,,FALSE,,254429,254429,0,TRUE,FALSE
C,A,19630101,1963,52,1963,694,SLE,Sierra Leone,M,Import,0,W00,World,0,W00,World,S1,S1,TRUE,5612,Phosphatic fertilizers and materials,4,FALSE,C00,TOTAL CPC,0,0,TOTAL MOT,8,kg,955062,FALSE,-1,N/A,,FALSE,955062,FALSE,,FALSE,23500,,23500,0,TRUE,FALSE
C,A,19630101,1963,52,1963,702,SGP,Singapore,M,Import,0,W00,World,0,W00,World,S1,S1,TRUE,5612,Phosphatic fertilizers and materials,4,FALSE,C00,TOTAL CPC,0,0,TOTAL MOT,8,kg,3713943,FALSE,-1,N/A,,FALSE,3713943,FALSE,,FALSE,165460,,165460,0,TRUE,FALSE
C,A,19630101,1963,52,1963,702,SGP,Singapore,X,Export,0,W00,World,0,W00,World,S1,S1,TRUE,5612,Phosphatic fertilizers and materials,4,FALSE,C00,TOTAL CPC,0,0,TOTAL MOT,8,kg,1835633,FALSE,-1,N/A,,FALSE,1835633,FALSE,,FALSE,,120808,120808,0,TRUE,FALSE
C,A,19630101,1963,52,1963,724,ESP,Spain,M,Import,0,W00,World,0,W00,World,S1,S1,TRUE,5612,Phosphatic fertilizers and materials,4,FALSE,C00,TOTAL CPC,0,0,TOTAL MOT,8,kg,44022972,FALSE,-1,N/A,,FALSE,44022972,FALSE,,FALSE,946935,,946935,0,TRUE,FALSE
C,A,19630101,1963,52,1963,724,ESP,Spain,X,Export,0,W00,World,0,W00,World,S1,S1,TRUE,5612,Phosphatic fertilizers and materials,4,FALSE,C00,TOTAL CPC,0,0,TOTAL MOT,8,kg,33850876,FALSE,-1,N/A,,FALSE,33850876,FALSE,,FALSE,,796894,796894,0,TRUE,FALSE
C,A,19630101,1963,52,1963,736,SDN,Sudan (...2011),M,Import,0,W00,World,0,W00,World,S1,S1,TRUE,5612,Phosphatic fertilizers and materials,4,FALSE,C00,TOTAL CPC,0,0,TOTAL MOT,8,kg,63000,FALSE,-1,N/A,,FALSE,63000,FALSE,,FALSE,4666,,4666,0,TRUE,FALSE
C,A,19630101,1963,52,1963,752,SWE,Sweden,M,Import,0,W00,World,0,W00,World,S1,S1,TRUE,5612,Phosphatic fertilizers and materials,4,FALSE,C00,TOTAL CPC,0,0,TOTAL MOT,8,kg,704000,FALSE,-1,N/A,,FALSE,704000,FALSE,,FALSE,50667,,50667,0,TRUE,FALSE
C,A,19630101,1963,52,1963,752,SWE,Sweden,X,Export,0,W00,World,0,W00,World,S1,S1,TRUE,5612,Phosphatic fertilizers and materials,4,FALSE,C00,TOTAL CPC,0,0,TOTAL MOT,8,kg,6820000,FALSE,-1,N/A,,FALSE,6820000,FALSE,,FALSE,,103604,103604,0,TRUE,FALSE
C,A,19630101,1963,52,1963,757,CHE,Switzerland,M,Import,0,W00,World,0,W00,World,S1,S1,TRUE,5612,Phosphatic fertilizers and materials,4,FALSE,C00,TOTAL CPC,0,0,TOTAL MOT,8,kg,196201136,FALSE,-1,N/A,,FALSE,196201136,FALSE,,FALSE,4364727,,4364727,0,TRUE,FALSE
C,A,19630101,1963,52,1963,764,THA,Thailand,M,Import,0,W00,World,0,W00,World,S1,S1,TRUE,5612,Phosphatic fertilizers and materials,4,FALSE,C00,TOTAL CPC,0,0,TOTAL MOT,8,kg,5892163,FALSE,-1,N/A,,FALSE,5892163,FALSE,,FALSE,325056,,325056,0,TRUE,FALSE
C,A,19630101,1963,52,1963,768,TGO,Togo,M,Import,0,W00,World,0,W00,World,S1,S1,TRUE,5612,Phosphatic fertilizers and materials,4,FALSE,C00,TOTAL CPC,0,0,TOTAL MOT,8,kg,975,FALSE,-1,N/A,,FALSE,975,FALSE,,FALSE,146,,146,0,TRUE,FALSE
C,A,19630101,1963,52,1963,788,TUN,Tunisia,M,Import,0,W00,World,0,W00,World,S1,S1,TRUE,5612,Phosphatic fertilizers and materials,4,FALSE,C00,TOTAL CPC,0,0,TOTAL MOT,8,kg,351187,FALSE,-1,N/A,,FALSE,351187,FALSE,,FALSE,21773,,21773,0,TRUE,FALSE
C,A,19630101,1963,52,1963,788,TUN,Tunisia,X,Export,0,W00,World,0,W00,World,S1,S1,TRUE,5612,Phosphatic fertilizers and materials,4,FALSE,C00,TOTAL CPC,0,0,TOTAL MOT,8,kg,147196688,FALSE,-1,N/A,,FALSE,147196688,FALSE,,FALSE,,7288264,7288264,0,TRUE,FALSE
C,A,19630101,1963,52,1963,792,TUR,TÅEkiye,M,Import,0,W00,World,0,W00,World,S1,S1,TRUE,5612,Phosphatic fertilizers and materials,4,FALSE,C00,TOTAL CPC,0,0,TOTAL MOT,8,kg,19509676,FALSE,-1,N/A,,FALSE,19509676,FALSE,,FALSE,1241689,,1241689,0,TRUE,FALSE
C,A,19630101,1963,52,1963,826,GBR,United Kingdom,M,Import,0,W00,World,0,W00,World,S1,S1,TRUE,5612,Phosphatic fertilizers and materials,4,FALSE,C00,TOTAL CPC,0,0,TOTAL MOT,8,kg,124624232,FALSE,-1,N/A,,FALSE,124624232,FALSE,,FALSE,2993875,,2993875,0,TRUE,FALSE
C,A,19630101,1963,52,1963,826,GBR,United Kingdom,X,Export,0,W00,World,0,W00,World,S1,S1,TRUE,5612,Phosphatic fertilizers and materials,4,FALSE,C00,TOTAL CPC,0,0,TOTAL MOT,8,kg,852540,FALSE,-1,N/A,,FALSE,852540,FALSE,,FALSE,,54255,54255,0,TRUE,FALSE
C,A,19630101,1963,52,1963,841,USA,USA and Puerto Rico (...1980),M,Import,0,W00,World,0,W00,World,S1,S1,TRUE,5612,Phosphatic fertilizers and materials,4,FALSE,C00,TOTAL CPC,0,0,TOTAL MOT,8,kg,67325824,FALSE,-1,N/A,,FALSE,67325824,FALSE,,FALSE,3386839,,3386839,0,TRUE,FALSE
C,A,19630101,1963,52,1963,841,USA,USA and Puerto Rico (...1980),X,Export,0,W00,World,0,W00,World,S1,S1,TRUE,5612,Phosphatic fertilizers and materials,4,FALSE,C00,TOTAL CPC,0,0,TOTAL MOT,8,kg,784498176,FALSE,-1,N/A,,FALSE,784498176,FALSE,,FALSE,,42135480,42135480,0,TRUE,FALSE
C,A,19630101,1963,52,1963,854,BFA,Burkina Faso,M,Import,0,W00,World,0,W00,World,S1,S1,TRUE,5612,Phosphatic fertilizers and materials,4,FALSE,C00,TOTAL CPC,0,0,TOTAL MOT,8,kg,152710,FALSE,-1,N/A,,FALSE,152710,FALSE,,FALSE,10218,,10218,0,TRUE,FALSE
C,A,19630101,1963,52,1963,862,VEN,Venezuela,M,Import,0,W00,World,0,W00,World,S1,S1,TRUE,5612,Phosphatic fertilizers and materials,4,FALSE,C00,TOTAL CPC,0,0,TOTAL MOT,8,kg,5791163,FALSE,-1,N/A,,FALSE,5791163,FALSE,,FALSE,295272,,295272,0,TRUE,FALSE
C,A,19630101,1963,52,1963,868,VNM,Rep. of Vietnam (...1974),M,Import,0,W00,World,0,W00,World,S1,S1,TRUE,5612,Phosphatic fertilizers and materials,4,FALSE,C00,TOTAL CPC,0,0,TOTAL MOT,8,kg,16263398,FALSE,-1,N/A,,FALSE,16263398,FALSE,,FALSE,769805,,769805,0,TRUE,FALSE
C,A,19630101,1963,52,1963,890,YUG,Yugoslavia (...1991),M,Import,0,W00,World,0,W00,World,S1,S1,TRUE,5612,Phosphatic fertilizers and materials,4,FALSE,C00,TOTAL CPC,0,0,TOTAL MOT,8,kg,296196640,FALSE,-1,N/A,,FALSE,296196640,FALSE,,FALSE,6171258,,6171258,0,TRUE,FALSE
C,A,19640101,1964,52,1964,4,AFG,Afghanistan,M,Import,0,W00,World,0,W00,World,S1,S1,TRUE,5612,Phosphatic fertilizers and materials,4,FALSE,C00,TOTAL CPC,0,0,TOTAL MOT,-1,N/A,0,FALSE,-1,N/A,,FALSE,,FALSE,,FALSE,2064,,2064,0,TRUE,FALSE
C,A,19640101,1964,52,1964,36,AUS,Australia,M,Import,0,W00,World,0,W00,World,S1,S1,TRUE,5612,Phosphatic fertilizers and materials,4,FALSE,C00,TOTAL CPC,0,0,TOTAL MOT,-1,N/A,0,FALSE,-1,N/A,,FALSE,,FALSE,,FALSE,9283,,9283,0,TRUE,FALSE
C,A,19640101,1964,52,1964,58,BEL,Belgium-Luxembourg (...1998),M,Import,0,W00,World,0,W00,World,S1,S1,TRUE,5612,Phosphatic fertilizers and materials,4,FALSE,C00,TOTAL CPC,0,0,TOTAL MOT,8,kg,2113583,FALSE,-1,N/A,,FALSE,2113583,FALSE,,FALSE,94256,,94256,0,TRUE,FALSE
C,A,19640101,1964,52,1964,58,BEL,Belgium-Luxembourg (...1998),X,Export,0,W00,World,0,W00,World,S1,S1,TRUE,5612,Phosphatic fertilizers and materials,4,FALSE,C00,TOTAL CPC,0,0,TOTAL MOT,8,kg,2079203456,FALSE,-1,N/A,,FALSE,2079203456,FALSE,,FALSE,,36056124,36056124,0,TRUE,FALSE
C,A,19640101,1964,52,1964,68,BOL,Bolivia (Plurinational State of),M,Import,0,W00,World,0,W00,World,S1,S1,TRUE,5612,Phosphatic fertilizers and materials,4,FALSE,C00,TOTAL CPC,0,0,TOTAL MOT,8,kg,915023,FALSE,-1,N/A,,FALSE,915023,FALSE,,FALSE,94898,,94898,0,TRUE,FALSE
C,A,19640101,1964,52,1964,76,BRA,Brazil,M,Import,0,W00,World,0,W00,World,S1,S1,TRUE,5612,Phosphatic fertilizers and materials,4,FALSE,C00,TOTAL CPC,0,0,TOTAL MOT,8,kg,66837360,FALSE,-1,N/A,,FALSE,66837360,FALSE,,FALSE,4190120,,4190120,0,TRUE,FALSE
C,A,19640101,1964,52,1964,96,BRN,Brunei Darussalam,M,Import,0,W00,World,0,W00,World,S1,S1,TRUE,5612,Phosphatic fertilizers and materials,4,FALSE,C00,TOTAL CPC,0,0,TOTAL MOT,-1,N/A,0,FALSE,-1,N/A,,FALSE,,FALSE,,FALSE,54,,54,0,TRUE,FALSE
C,A,19640101,1964,52,1964,104,MMR,Myanmar,M,Import,0,W00,World,0,W00,World,S1,S1,TRUE,5612,Phosphatic fertilizers and materials,4,FALSE,C00,TOTAL CPC,0,0,TOTAL MOT,-1,N/A,0,FALSE,-1,N/A,,FALSE,,FALSE,,FALSE,346,,346,0,TRUE,FALSE
C,A,19640101,1964,52,1964,116,KHM,Cambodia,M,Import,0,W00,World,0,W00,World,S1,S1,TRUE,5612,Phosphatic fertilizers and materials,4,FALSE,C00,TOTAL CPC,0,0,TOTAL MOT,8,kg,7203500,FALSE,-1,N/A,,FALSE,7203500,FALSE,,FALSE,383495,,383495,0,TRUE,FALSE
C,A,19640101,1964,52,1964,120,CMR,Cameroon,M,Import,0,W00,World,0,W00,World,S1,S1,TRUE,5612,Phosphatic fertilizers and materials,4,FALSE,C00,TOTAL CPC,0,0,TOTAL MOT,8,kg,2547674,FALSE,-1,N/A,,FALSE,2547674,FALSE,,FALSE,135798,,135798,0,TRUE,FALSE
C,A,19640101,1964,52,1964,120,CMR,Cameroon,X,Export,0,W00,World,0,W00,World,S1,S1,TRUE,5612,Phosphatic fertilizers and materials,4,FALSE,C00,TOTAL CPC,0,0,TOTAL MOT,8,kg,17687,FALSE,-1,N/A,,FALSE,17687,FALSE,,FALSE,,11455,11455,0,TRUE,FALSE
C,A,19640101,1964,52,1964,124,CAN,Canada,M,Import,0,W00,World,0,W00,World,S1,S1,TRUE,5612,Phosphatic fertilizers and materials,4,FALSE,C00,TOTAL CPC,0,0,TOTAL MOT,8,kg,159526752,FALSE,-1,N/A,,FALSE,159526752,FALSE,,FALSE,5389982,,5389982,0,TRUE,FALSE
C,A,19640101,1964,52,1964,124,CAN,Canada,X,Export,0,W00,World,0,W00,World,S1,S1,TRUE,5612,Phosphatic fertilizers and materials,4,FALSE,C00,TOTAL CPC,0,0,TOTAL MOT,-1,N/A,0,FALSE,-1,N/A,,FALSE,,FALSE,,FALSE,,9486958,9486958,0,TRUE,FALSE
C,A,19640101,1964,52,1964,140,CAF,Central African Rep.,M,Import,0,W00,World,0,W00,World,S1,S1,TRUE,5612,Phosphatic fertilizers and materials,4,FALSE,C00,TOTAL CPC,0,0,TOTAL MOT,8,kg,76300,FALSE,-1,N/A,,FALSE,76300,FALSE,,FALSE,6157,,6157,0,TRUE,FALSE
C,A,19640101,1964,52,1964,144,LKA,Sri Lanka,M,Import,0,W00,World,0,W00,World,S1,S1,TRUE,5612,Phosphatic fertilizers and materials,4,FALSE,C00,TOTAL CPC,0,0,TOTAL MOT,8,kg,2196619,FALSE,-1,N/A,,FALSE,2196619,FALSE,,FALSE,168891,,168891,0,TRUE,FALSE
C,A,19640101,1964,52,1964,148,TCD,Chad,M,Import,0,W00,World,0,W00,World,S1,S1,TRUE,5612,Phosphatic fertilizers and materials,4,FALSE,C00,TOTAL CPC,0,0,TOTAL MOT,8,kg,296,FALSE,-1,N/A,,FALSE,296,FALSE,,FALSE,186,,186,0,TRUE,FALSE
C,A,19640101,1964,52,1964,152,CHL,Chile,M,Import,0,W00,World,0,W00,World,S1,S1,TRUE,5612,Phosphatic fertilizers and materials,4,FALSE,C00,TOTAL CPC,0,0,TOTAL MOT,8,kg,135115376,FALSE,-1,N/A,,FALSE,135115376,FALSE,,FALSE,9010896,,9010896,0,TRUE,FALSE
C,A,19640101,1964,52,1964,170,COL,Colombia,M,Import,0,W00,World,0,W00,World,S1,S1,TRUE,5612,Phosphatic fertilizers and materials,4,FALSE,C00,TOTAL CPC,0,0,TOTAL MOT,8,kg,30421838,FALSE,-1,N/A,,FALSE,30421838,FALSE,,FALSE,2257646,,2257646,0,TRUE,FALSE
C,A,19640101,1964,52,1964,178,COG,Congo,M,Import,0,W00,World,0,W00,World,S1,S1,TRUE,5612,Phosphatic fertilizers and materials,4,FALSE,C00,TOTAL CPC,0,0,TOTAL MOT,8,kg,29051,FALSE,-1,N/A,,FALSE,29051,FALSE,,FALSE,2835,,2835,0,TRUE,FALSE
C,A,19640101,1964,52,1964,204,BEN,Benin,M,Import,0,W00,World,0,W00,World,S1,S1,TRUE,5612,Phosphatic fertilizers and materials,4,FALSE,C00,TOTAL CPC,0,0,TOTAL MOT,8,kg,591375,FALSE,-1,N/A,,FALSE,591375,FALSE,,FALSE,46813,,46813,0,TRUE,FALSE
C,A,19640101,1964,52,1964,208,DNK,Denmark,M,Import,0,W00,World,0,W00,World,S1,S1,TRUE,5612,Phosphatic fertilizers and materials,4,FALSE,C00,TOTAL CPC,0,0,TOTAL MOT,8,kg,98373136,FALSE,-1,N/A,,FALSE,98373136,FALSE,,FALSE,2488600,,2488600,0,TRUE,FALSE
C,A,19640101,1964,52,1964,208,DNK,Denmark,X,Export,0,W00,World,0,W00,World,S1,S1,TRUE,5612,Phosphatic fertilizers and materials,4,FALSE,C00,TOTAL CPC,0,0,TOTAL MOT,8,kg,4000,FALSE,-1,N/A,,FALSE,4000,FALSE,,FALSE,,217,217,0,TRUE,FALSE
C,A,19640101,1964,52,1964,218,ECU,Ecuador,M,Import,0,W00,World,0,W00,World,S1,S1,TRUE,5612,Phosphatic fertilizers and materials,4,FALSE,C00,TOTAL CPC,0,0,TOTAL MOT,8,kg,3162511,FALSE,-1,N/A,,FALSE,3162511,FALSE,,FALSE,320699,,320699,0,TRUE,FALSE
C,A,19640101,1964,52,1964,222,SLV,El Salvador,M,Import,0,W00,World,0,W00,World,S1,S1,TRUE,5612,Phosphatic fertilizers and materials,4,FALSE,C00,TOTAL CPC,0,0,TOTAL MOT,8,kg,3504187,FALSE,-1,N/A,,FALSE,3504187,FALSE,,FALSE,185571,,185571,0,TRUE,FALSE
C,A,19640101,1964,52,1964,222,SLV,El Salvador,X,Export,0,W00,World,0,W00,World,S1,S1,TRUE,5612,Phosphatic fertilizers and materials,4,FALSE,C00,TOTAL CPC,0,0,TOTAL MOT,8,kg,156506,FALSE,-1,N/A,,FALSE,156506,FALSE,,FALSE,,6763,6763,0,TRUE,FALSE
C,A,19640101,1964,52,1964,246,FIN,Finland,M,Import,0,W00,World,0,W00,World,S1,S1,TRUE,5612,Phosphatic fertilizers and materials,4,FALSE,C00,TOTAL CPC,0,0,TOTAL MOT,8,kg,46534356,FALSE,-1,N/A,,FALSE,46534356,FALSE,,FALSE,1156349,,1156349,0,TRUE,FALSE
C,A,19640101,1964,52,1964,251,FRA,France,M,Import,0,W00,World,0,W00,World,S1,S1,TRUE,5612,Phosphatic fertilizers and materials,4,FALSE,C00,TOTAL CPC,0,0,TOTAL MOT,8,kg,1205323264,FALSE,-1,N/A,,FALSE,1205323264,FALSE,,FALSE,24755012,,24755012,0,TRUE,FALSE
C,A,19640101,1964,52,1964,251,FRA,France,X,Export,0,W00,World,0,W00,World,S1,S1,TRUE,5612,Phosphatic fertilizers and materials,4,FALSE,C00,TOTAL CPC,0,0,TOTAL MOT,8,kg,397872160,FALSE,-1,N/A,,FALSE,397872160,FALSE,,FALSE,,7134994,7134994,0,TRUE,FALSE
C,A,19640101,1964,52,1964,266,GAB,Gabon,M,Import,0,W00,World,0,W00,World,S1,S1,TRUE,5612,Phosphatic fertilizers and materials,4,FALSE,C00,TOTAL CPC,0,0,TOTAL MOT,8,kg,1878,FALSE,-1,N/A,,FALSE,1878,FALSE,,FALSE,129,,129,0,TRUE,FALSE
C,A,19640101,1964,52,1964,280,DEU,Fed. Rep. of Germany (...1990),M,Import,0,W00,World,0,W00,World,S1,S1,TRUE,5612,Phosphatic fertilizers and materials,4,FALSE,C00,TOTAL CPC,0,0,TOTAL MOT,8,kg,447381568,FALSE,-1,N/A,,TRUE,447381568,FALSE,-1,TRUE,6227000,,6227000,0,FALSE,FALSE
C,A,19640101,1964,52,1964,280,DEU,Fed. Rep. of Germany (...1990),X,Export,0,W00,World,0,W00,World,S1,S1,TRUE,5612,Phosphatic fertilizers and materials,4,FALSE,C00,TOTAL CPC,0,0,TOTAL MOT,8,kg,374816512,FALSE,-1,N/A,,TRUE,374816512,FALSE,-1,TRUE,,4665000,4665000,0,FALSE,FALSE
C,A,19640101,1964,52,1964,288,GHA,Ghana,M,Import,0,W00,World,0,W00,World,S1,S1,TRUE,5612,Phosphatic fertilizers and materials,4,FALSE,C00,TOTAL CPC,0,0,TOTAL MOT,8,kg,245882,FALSE,-1,N/A,,FALSE,245882,FALSE,,FALSE,12123,,12123,0,TRUE,FALSE
C,A,19640101,1964,52,1964,300,GRC,Greece,M,Import,0,W00,World,0,W00,World,S1,S1,TRUE,5612,Phosphatic fertilizers and materials,4,FALSE,C00,TOTAL CPC,0,0,TOTAL MOT,8,kg,83685888,FALSE,-1,N/A,,FALSE,83685888,FALSE,,FALSE,4311150,,4311150,0,TRUE,FALSE
C,A,19640101,1964,52,1964,300,GRC,Greece,X,Export,0,W00,World,0,W00,World,S1,S1,TRUE,5612,Phosphatic fertilizers and materials,4,FALSE,C00,TOTAL CPC,0,0,TOTAL MOT,8,kg,60031,FALSE,-1,N/A,,FALSE,60031,FALSE,,FALSE,,4062,4062,0,TRUE,FALSE
C,A,19640101,1964,52,1964,340,HND,Honduras,M,Import,0,W00,World,0,W00,World,S1,S1,TRUE,5612,Phosphatic fertilizers and materials,4,FALSE,C00,TOTAL CPC,0,0,TOTAL MOT,8,kg,3090310,FALSE,-1,N/A,,FALSE,3090310,FALSE,,FALSE,201983,,201983,0,TRUE,FALSE
C,A,19640101,1964,52,1964,344,HKG,"China, Hong Kong SAR",M,Import,0,W00,World,0,W00,World,S1,S1,TRUE,5612,Phosphatic fertilizers and materials,4,FALSE,C00,TOTAL CPC,0,0,TOTAL MOT,8,kg,50495,FALSE,-1,N/A,,FALSE,50495,FALSE,,FALSE,1913,,1913,0,TRUE,FALSE
C,A,19640101,1964,52,1964,352,ISL,Iceland,M,Import,0,W00,World,0,W00,World,S1,S1,TRUE,5612,Phosphatic fertilizers and materials,4,FALSE,C00,TOTAL CPC,0,0,TOTAL MOT,8,kg,5173562,FALSE,-1,N/A,,FALSE,5173562,FALSE,,FALSE,391720,,391720,0,TRUE,FALSE
C,A,19640101,1964,52,1964,364,IRN,Iran,M,Import,0,W00,World,0,W00,World,S1,S1,TRUE,5612,Phosphatic fertilizers and materials,4,FALSE,C00,TOTAL CPC,0,0,TOTAL MOT,8,kg,17156280,FALSE,-1,N/A,,FALSE,17156280,FALSE,,FALSE,1805962,,1805962,0,TRUE,FALSE
C,A,19640101,1964,52,1964,364,IRN,Iran,X,Export,0,W00,World,0,W00,World,S1,S1,TRUE,5612,Phosphatic fertilizers and materials,4,FALSE,C00,TOTAL CPC,0,0,TOTAL MOT,8,kg,5000000,FALSE,-1,N/A,,FALSE,5000000,FALSE,,FALSE,,210375,210375,0,TRUE,FALSE
C,A,19640101,1964,52,1964,372,IRL,Ireland,M,Import,0,W00,World,0,W00,World,S1,S1,TRUE,5612,Phosphatic fertilizers and materials,4,FALSE,C00,TOTAL CPC,0,0,TOTAL MOT,8,kg,191237264,FALSE,-1,N/A,,FALSE,191237264,FALSE,,FALSE,5475926,,5475926,0,TRUE,FALSE
C,A,19640101,1964,52,1964,376,ISR,Israel,X,Export,0,W00,World,0,W00,World,S1,S1,TRUE,5612,Phosphatic fertilizers and materials,4,FALSE,C00,TOTAL CPC,0,0,TOTAL MOT,-1,N/A,0,FALSE,-1,N/A,,FALSE,,FALSE,,FALSE,,6542,6542,0,TRUE,FALSE
C,A,19640101,1964,52,1964,380,ITA,Italy,M,Import,0,W00,World,0,W00,World,S1,S1,TRUE,5612,Phosphatic fertilizers and materials,4,FALSE,C00,TOTAL CPC,0,0,TOTAL MOT,8,kg,5687445,FALSE,-1,N/A,,TRUE,5687445,FALSE,-1,TRUE,297959,,297959,0,FALSE,FALSE
C,A,19640101,1964,52,1964,380,ITA,Italy,X,Export,0,W00,World,0,W00,World,S1,S1,TRUE,5612,Phosphatic fertilizers and materials,4,FALSE,C00,TOTAL CPC,0,0,TOTAL MOT,8,kg,31923588,FALSE,-1,N/A,,TRUE,31923588,FALSE,-1,TRUE,,949497,949497,0,FALSE,FALSE
C,A,19640101,1964,52,1964,384,CIV,CÙte d'Ivoire,M,Import,0,W00,World,0,W00,World,S1,S1,TRUE,5612,Phosphatic fertilizers and materials,4,FALSE,C00,TOTAL CPC,0,0,TOTAL MOT,8,kg,3105065,FALSE,-1,N/A,,FALSE,3105065,FALSE,,FALSE,162197,,162197,0,TRUE,FALSE
C,A,19640101,1964,52,1964,384,CIV,CÙte d'Ivoire,X,Export,0,W00,World,0,W00,World,S1,S1,TRUE,5612,Phosphatic fertilizers and materials,4,FALSE,C00,TOTAL CPC,0,0,TOTAL MOT,8,kg,144432,FALSE,-1,N/A,,FALSE,144432,FALSE,,FALSE,,14620,14620,0,TRUE,FALSE
C,A,19640101,1964,52,1964,392,JPN,Japan,M,Import,0,W00,World,0,W00,World,S1,S1,TRUE,5612,Phosphatic fertilizers and materials,4,FALSE,C00,TOTAL CPC,0,0,TOTAL MOT,8,kg,10000,FALSE,-1,N/A,,FALSE,10000,FALSE,,FALSE,800,,800,0,TRUE,FALSE
C,A,19640101,1964,52,1964,392,JPN,Japan,X,Export,0,W00,World,0,W00,World,S1,S1,TRUE,5612,Phosphatic fertilizers and materials,4,FALSE,C00,TOTAL CPC,0,0,TOTAL MOT,8,kg,206924992,FALSE,-1,N/A,,FALSE,206924992,FALSE,,FALSE,,7208428,7208428,0,TRUE,FALSE
C,A,19640101,1964,52,1964,400,JOR,Jordan,M,Import,0,W00,World,0,W00,World,S1,S1,TRUE,5612,Phosphatic fertilizers and materials,4,FALSE,C00,TOTAL CPC,0,0,TOTAL MOT,8,kg,2244761,FALSE,-1,N/A,,FALSE,2244761,FALSE,,FALSE,108533,,108533,0,TRUE,FALSE
C,A,19640101,1964,52,1964,400,JOR,Jordan,X,Export,0,W00,World,0,W00,World,S1,S1,TRUE,5612,Phosphatic fertilizers and materials,4,FALSE,C00,TOTAL CPC,0,0,TOTAL MOT,8,kg,3000,FALSE,-1,N/A,,FALSE,3000,FALSE,,FALSE,,103,103,0,TRUE,FALSE
C,A,19640101,1964,52,1964,410,KOR,Rep. of Korea,M,Import,0,W00,World,0,W00,World,S1,S1,TRUE,5612,Phosphatic fertilizers and materials,4,FALSE,C00,TOTAL CPC,0,0,TOTAL MOT,8,kg,259990176,FALSE,-1,N/A,,FALSE,259990176,FALSE,,FALSE,16367951,,16367951,0,TRUE,FALSE
C,A,19640101,1964,52,1964,418,LAO,Lao People's Dem. Rep.,M,Import,0,W00,World,0,W00,World,S1,S1,TRUE,5612,Phosphatic fertilizers and materials,4,FALSE,C00,TOTAL CPC,0,0,TOTAL MOT,8,kg,26312,FALSE,-1,N/A,,FALSE,26312,FALSE,,FALSE,913,,913,0,TRUE,FALSE
C,A,19640101,1964,52,1964,450,MDG,Madagascar,M,Import,0,W00,World,0,W00,World,S1,S1,TRUE,5612,Phosphatic fertilizers and materials,4,FALSE,C00,TOTAL CPC,0,0,TOTAL MOT,8,kg,622741,FALSE,-1,N/A,,FALSE,622741,FALSE,,FALSE,31920,,31920,0,TRUE,FALSE
C,A,19640101,1964,52,1964,450,MDG,Madagascar,X,Export,0,W00,World,0,W00,World,S1,S1,TRUE,5612,Phosphatic fertilizers and materials,4,FALSE,C00,TOTAL CPC,0,0,TOTAL MOT,8,kg,2000,FALSE,-1,N/A,,FALSE,2000,FALSE,,FALSE,,145,145,0,TRUE,FALSE
C,A,19640101,1964,52,1964,458,MYS,Malaysia,M,Import,0,W00,World,0,W00,World,S1,S1,TRUE,5612,Phosphatic fertilizers and materials,4,FALSE,C00,TOTAL CPC,0,0,TOTAL MOT,8,kg,7112324,FALSE,-1,N/A,,FALSE,7112324,FALSE,,FALSE,362150,,362150,0,TRUE,FALSE
C,A,19640101,1964,52,1964,458,MYS,Malaysia,X,Export,0,W00,World,0,W00,World,S1,S1,TRUE,5612,Phosphatic fertilizers and materials,4,FALSE,C00,TOTAL CPC,0,0,TOTAL MOT,8,kg,193155,FALSE,-1,N/A,,FALSE,193155,FALSE,,FALSE,,5355,5355,0,TRUE,FALSE
C,A,19640101,1964,52,1964,484,MEX,Mexico,M,Import,0,W00,World,0,W00,World,S1,S1,TRUE,5612,Phosphatic fertilizers and materials,4,FALSE,C00,TOTAL CPC,0,0,TOTAL MOT,8,kg,986750,FALSE,-1,N/A,,FALSE,986750,FALSE,,FALSE,94123,,94123,0,TRUE,FALSE
C,A,19640101,1964,52,1964,484,MEX,Mexico,X,Export,0,W00,World,0,W00,World,S1,S1,TRUE,5612,Phosphatic fertilizers and materials,4,FALSE,C00,TOTAL CPC,0,0,TOTAL MOT,8,kg,201609,FALSE,-1,N/A,,FALSE,201609,FALSE,,FALSE,,15749,15749,0,TRUE,FALSE
C,A,19640101,1964,52,1964,490,S19,"Other Asia, nes",M,Import,0,W00,World,0,W00,World,S1,S1,TRUE,5612,Phosphatic fertilizers and materials,4,FALSE,C00,TOTAL CPC,0,0,TOTAL MOT,8,kg,10100000,FALSE,-1,N/A,,FALSE,10100000,FALSE,,FALSE,704105,,704105,0,TRUE,FALSE
C,A,19640101,1964,52,1964,504,MAR,Morocco,M,Import,0,W00,World,0,W00,World,S1,S1,TRUE,5612,Phosphatic fertilizers and materials,4,FALSE,C00,TOTAL CPC,0,0,TOTAL MOT,8,kg,368526,FALSE,-1,N/A,,FALSE,368526,FALSE,,FALSE,20354,,20354,0,TRUE,FALSE
C,A,19640101,1964,52,1964,504,MAR,Morocco,X,Export,0,W00,World,0,W00,World,S1,S1,TRUE,5612,Phosphatic fertilizers and materials,4,FALSE,C00,TOTAL CPC,0,0,TOTAL MOT,8,kg,32878396,FALSE,-1,N/A,,FALSE,32878396,FALSE,,FALSE,,627406,627406,0,TRUE,FALSE
C,A,19640101,1964,52,1964,528,NLD,Netherlands,M,Import,0,W00,World,0,W00,World,S1,S1,TRUE,5612,Phosphatic fertilizers and materials,4,FALSE,C00,TOTAL CPC,0,0,TOTAL MOT,8,kg,337699072,FALSE,-1,N/A,,FALSE,337699072,FALSE,,FALSE,8415348,,8415348,0,TRUE,FALSE
C,A,19640101,1964,52,1964,528,NLD,Netherlands,X,Export,0,W00,World,0,W00,World,S1,S1,TRUE,5612,Phosphatic fertilizers and materials,4,FALSE,C00,TOTAL CPC,0,0,TOTAL MOT,8,kg,465081600,FALSE,-1,N/A,,FALSE,465081600,FALSE,,FALSE,,18933732,18933732,0,TRUE,FALSE
C,A,19640101,1964,52,1964,554,NZL,New Zealand,M,Import,0,W00,World,0,W00,World,S1,S1,TRUE,5612,Phosphatic fertilizers and materials,4,FALSE,C00,TOTAL CPC,0,0,TOTAL MOT,8,kg,28996016,FALSE,-1,N/A,,FALSE,28996016,FALSE,,FALSE,1200116,,1200116,0,TRUE,FALSE
C,A,19640101,1964,52,1964,554,NZL,New Zealand,X,Export,0,W00,World,0,W00,World,S1,S1,TRUE,5612,Phosphatic fertilizers and materials,4,FALSE,C00,TOTAL CPC,0,0,TOTAL MOT,8,kg,310914,FALSE,-1,N/A,,FALSE,310914,FALSE,,FALSE,,8488,8488,0,TRUE,FALSE
C,A,19640101,1964,52,1964,562,NER,Niger,M,Import,0,W00,World,0,W00,World,S1,S1,TRUE,5612,Phosphatic fertilizers and materials,4,FALSE,C00,TOTAL CPC,0,0,TOTAL MOT,8,kg,186338,FALSE,-1,N/A,,FALSE,186338,FALSE,,FALSE,25471,,25471,0,TRUE,FALSE
C,A,19640101,1964,52,1964,566,NGA,Nigeria,M,Import,0,W00,World,0,W00,World,S1,S1,TRUE,5612,Phosphatic fertilizers and materials,4,FALSE,C00,TOTAL CPC,0,0,TOTAL MOT,8,kg,13230942,FALSE,-1,N/A,,FALSE,13230942,FALSE,,FALSE,635742,,635742,0,TRUE,FALSE
C,A,19640101,1964,52,1964,579,NOR,Norway,M,Import,0,W00,World,0,W00,World,S1,S1,TRUE,5612,Phosphatic fertilizers and materials,4,FALSE,C00,TOTAL CPC,0,0,TOTAL MOT,8,kg,7561467,FALSE,-1,N/A,,FALSE,7561467,FALSE,,FALSE,180674,,180674,0,TRUE,FALSE
C,A,19640101,1964,52,1964,579,NOR,Norway,X,Export,0,W00,World,0,W00,World,S1,S1,TRUE,5612,Phosphatic fertilizers and materials,4,FALSE,C00,TOTAL CPC,0,0,TOTAL MOT,8,kg,18359062,FALSE,-1,N/A,,FALSE,18359062,FALSE,,FALSE,,530115,530115,0,TRUE,FALSE
C,A,19640101,1964,52,1964,588,PAK,East and West Pakistan (...1971),M,Import,0,W00,World,0,W00,World,S1,S1,TRUE,5612,Phosphatic fertilizers and materials,4,FALSE,C00,TOTAL CPC,0,0,TOTAL MOT,-1,N/A,0,FALSE,-1,N/A,,FALSE,,FALSE,,FALSE,411676,,411676,0,TRUE,FALSE
C,A,19640101,1964,52,1964,588,PAK,East and West Pakistan (...1971),X,Export,0,W00,World,0,W00,World,S1,S1,TRUE,5612,Phosphatic fertilizers and materials,4,FALSE,C00,TOTAL CPC,0,0,TOTAL MOT,-1,N/A,0,FALSE,-1,N/A,,FALSE,,FALSE,,FALSE,,4,4,0,TRUE,FALSE
C,A,19640101,1964,52,1964,590,PAN,"Panama, excl.Canal Zone (...1977)",M,Import,0,W00,World,0,W00,World,S1,S1,TRUE,5612,Phosphatic fertilizers and materials,4,FALSE,C00,TOTAL CPC,0,0,TOTAL MOT,8,kg,1016452,FALSE,-1,N/A,,FALSE,1016452,FALSE,,FALSE,97267,,97267,0,TRUE,FALSE
C,A,19640101,1964,52,1964,604,PER,Peru,M,Import,0,W00,World,0,W00,World,S1,S1,TRUE,5612,Phosphatic fertilizers and materials,4,FALSE,C00,TOTAL CPC,0,0,TOTAL MOT,8,kg,1262500,FALSE,-1,N/A,,FALSE,1262500,FALSE,,FALSE,121500,,121500,0,TRUE,FALSE
C,A,19640101,1964,52,1964,608,PHL,Philippines,M,Import,0,W00,World,0,W00,World,S1,S1,TRUE,5612,Phosphatic fertilizers and materials,4,FALSE,C00,TOTAL CPC,0,0,TOTAL MOT,8,kg,22573518,FALSE,-1,N/A,,FALSE,22573518,FALSE,,FALSE,1326161,,1326161,0,TRUE,FALSE
C,A,19640101,1964,52,1964,620,PRT,Portugal,M,Import,0,W00,World,0,W00,World,S1,S1,TRUE,5612,Phosphatic fertilizers and materials,4,FALSE,C00,TOTAL CPC,0,0,TOTAL MOT,8,kg,15278986,FALSE,-1,N/A,,FALSE,15278986,FALSE,,FALSE,421737,,421737,0,TRUE,FALSE
C,A,19640101,1964,52,1964,620,PRT,Portugal,X,Export,0,W00,World,0,W00,World,S1,S1,TRUE,5612,Phosphatic fertilizers and materials,4,FALSE,C00,TOTAL CPC,0,0,TOTAL MOT,8,kg,80430104,FALSE,-1,N/A,,FALSE,80430104,FALSE,,FALSE,,3486322,3486322,0,TRUE,FALSE
C,A,19640101,1964,52,1964,686,SEN,Senegal,M,Import,0,W00,World,0,W00,World,S1,S1,TRUE,5612,Phosphatic fertilizers and materials,4,FALSE,C00,TOTAL CPC,0,0,TOTAL MOT,8,kg,8429499,FALSE,-1,N/A,,FALSE,8429499,FALSE,,FALSE,550202,,550202,0,TRUE,FALSE
C,A,19640101,1964,52,1964,686,SEN,Senegal,X,Export,0,W00,World,0,W00,World,S1,S1,TRUE,5612,Phosphatic fertilizers and materials,4,FALSE,C00,TOTAL CPC,0,0,TOTAL MOT,8,kg,23050800,FALSE,-1,N/A,,FALSE,23050800,FALSE,,FALSE,,454435,454435,0,TRUE,FALSE
C,A,19640101,1964,52,1964,694,SLE,Sierra Leone,M,Import,0,W00,World,0,W00,World,S1,S1,TRUE,5612,Phosphatic fertilizers and materials,4,FALSE,C00,TOTAL CPC,0,0,TOTAL MOT,8,kg,209335,FALSE,-1,N/A,,FALSE,209335,FALSE,,FALSE,7201,,7201,0,TRUE,FALSE
C,A,19640101,1964,52,1964,702,SGP,Singapore,M,Import,0,W00,World,0,W00,World,S1,S1,TRUE,5612,Phosphatic fertilizers and materials,4,FALSE,C00,TOTAL CPC,0,0,TOTAL MOT,8,kg,3203038,FALSE,-1,N/A,,FALSE,3203038,FALSE,,FALSE,149017,,149017,0,TRUE,FALSE
C,A,19640101,1964,52,1964,702,SGP,Singapore,X,Export,0,W00,World,0,W00,World,S1,S1,TRUE,5612,Phosphatic fertilizers and materials,4,FALSE,C00,TOTAL CPC,0,0,TOTAL MOT,8,kg,1652198,FALSE,-1,N/A,,FALSE,1652198,FALSE,,FALSE,,117988,117988,0,TRUE,FALSE
C,A,19640101,1964,52,1964,724,ESP,Spain,M,Import,0,W00,World,0,W00,World,S1,S1,TRUE,5612,Phosphatic fertilizers and materials,4,FALSE,C00,TOTAL CPC,0,0,TOTAL MOT,8,kg,22279512,FALSE,-1,N/A,,FALSE,22279512,FALSE,,FALSE,530994,,530994,0,TRUE,FALSE
C,A,19640101,1964,52,1964,724,ESP,Spain,X,Export,0,W00,World,0,W00,World,S1,S1,TRUE,5612,Phosphatic fertilizers and materials,4,FALSE,C00,TOTAL CPC,0,0,TOTAL MOT,8,kg,146555136,FALSE,-1,N/A,,FALSE,146555136,FALSE,,FALSE,,3043309,3043309,0,TRUE,FALSE
C,A,19640101,1964,52,1964,736,SDN,Sudan (...2011),M,Import,0,W00,World,0,W00,World,S1,S1,TRUE,5612,Phosphatic fertilizers and materials,4,FALSE,C00,TOTAL CPC,0,0,TOTAL MOT,8,kg,70000,FALSE,-1,N/A,,FALSE,70000,FALSE,,FALSE,5182,,5182,0,TRUE,FALSE
C,A,19640101,1964,52,1964,752,SWE,Sweden,M,Import,0,W00,World,0,W00,World,S1,S1,TRUE,5612,Phosphatic fertilizers and materials,4,FALSE,C00,TOTAL CPC,0,0,TOTAL MOT,8,kg,2775000,FALSE,-1,N/A,,FALSE,2775000,FALSE,,FALSE,149855,,149855,0,TRUE,FALSE
C,A,19640101,1964,52,1964,752,SWE,Sweden,X,Export,0,W00,World,0,W00,World,S1,S1,TRUE,5612,Phosphatic fertilizers and materials,4,FALSE,C00,TOTAL CPC,0,0,TOTAL MOT,8,kg,22526000,FALSE,-1,N/A,,FALSE,22526000,FALSE,,FALSE,,336045,336045,0,TRUE,FALSE
C,A,19640101,1964,52,1964,757,CHE,Switzerland,M,Import,0,W00,World,0,W00,World,S1,S1,TRUE,5612,Phosphatic fertilizers and materials,4,FALSE,C00,TOTAL CPC,0,0,TOTAL MOT,8,kg,207335934,FALSE,-1,N/A,,FALSE,207335934,FALSE,,FALSE,4714781,,4714781,0,TRUE,FALSE
C,A,19640101,1964,52,1964,757,CHE,Switzerland,X,Export,0,W00,World,0,W00,World,S1,S1,TRUE,5612,Phosphatic fertilizers and materials,4,FALSE,C00,TOTAL CPC,0,0,TOTAL MOT,8,kg,20320,FALSE,-1,N/A,,FALSE,20320,FALSE,,FALSE,,1137,1137,0,TRUE,FALSE
C,A,19640101,1964,52,1964,764,THA,Thailand,M,Import,0,W00,World,0,W00,World,S1,S1,TRUE,5612,Phosphatic fertilizers and materials,4,FALSE,C00,TOTAL CPC,0,0,TOTAL MOT,8,kg,3091076,FALSE,-1,N/A,,FALSE,3091076,FALSE,,FALSE,173426,,173426,0,TRUE,FALSE
C,A,19640101,1964,52,1964,768,TGO,Togo,M,Import,0,W00,World,0,W00,World,S1,S1,TRUE,5612,Phosphatic fertilizers and materials,4,FALSE,C00,TOTAL CPC,0,0,TOTAL MOT,8,kg,41164,FALSE,-1,N/A,,FALSE,41164,FALSE,,FALSE,14199,,14199,0,TRUE,FALSE
C,A,19640101,1964,52,1964,788,TUN,Tunisia,M,Import,0,W00,World,0,W00,World,S1,S1,TRUE,5612,Phosphatic fertilizers and materials,4,FALSE,C00,TOTAL CPC,0,0,TOTAL MOT,8,kg,71007,FALSE,-1,N/A,,FALSE,71007,FALSE,,FALSE,5272,,5272,0,TRUE,FALSE
C,A,19640101,1964,52,1964,788,TUN,Tunisia,X,Export,0,W00,World,0,W00,World,S1,S1,TRUE,5612,Phosphatic fertilizers and materials,4,FALSE,C00,TOTAL CPC,0,0,TOTAL MOT,8,kg,124821048,FALSE,-1,N/A,,FALSE,124821048,FALSE,,FALSE,,6237017,6237017,0,TRUE,FALSE
C,A,19640101,1964,52,1964,792,TUR,TÅEkiye,M,Import,0,W00,World,0,W00,World,S1,S1,TRUE,5612,Phosphatic fertilizers and materials,4,FALSE,C00,TOTAL CPC,0,0,TOTAL MOT,8,kg,31115120,FALSE,-1,N/A,,FALSE,31115120,FALSE,,FALSE,1619597,,1619597,0,TRUE,FALSE
C,A,19640101,1964,52,1964,826,GBR,United Kingdom,M,Import,0,W00,World,0,W00,World,S1,S1,TRUE,5612,Phosphatic fertilizers and materials,4,FALSE,C00,TOTAL CPC,0,0,TOTAL MOT,8,kg,95044112,FALSE,-1,N/A,,FALSE,95044112,FALSE,,FALSE,2396202,,2396202,0,TRUE,FALSE
C,A,19640101,1964,52,1964,826,GBR,United Kingdom,X,Export,0,W00,World,0,W00,World,S1,S1,TRUE,5612,Phosphatic fertilizers and materials,4,FALSE,C00,TOTAL CPC,0,0,TOTAL MOT,8,kg,2813373,FALSE,-1,N/A,,FALSE,2813373,FALSE,,FALSE,,96865,96865,0,TRUE,FALSE
C,A,19640101,1964,52,1964,841,USA,USA and Puerto Rico (...1980),M,Import,0,W00,World,0,W00,World,S1,S1,TRUE,5612,Phosphatic fertilizers and materials,4,FALSE,C00,TOTAL CPC,0,0,TOTAL MOT,8,kg,71643937,FALSE,-1,N/A,,FALSE,71643937,FALSE,,FALSE,4009731,,4009731,0,TRUE,FALSE
C,A,19640101,1964,52,1964,841,USA,USA and Puerto Rico (...1980),X,Export,0,W00,World,0,W00,World,S1,S1,TRUE,5612,Phosphatic fertilizers and materials,4,FALSE,C00,TOTAL CPC,0,0,TOTAL MOT,8,kg,1072733342,FALSE,-1,N/A,,FALSE,1072733342,FALSE,,FALSE,,61181727,61181727,0,TRUE,FALSE
C,A,19640101,1964,52,1964,854,BFA,Burkina Faso,M,Import,0,W00,World,0,W00,World,S1,S1,TRUE,5612,Phosphatic fertilizers and materials,4,FALSE,C00,TOTAL CPC,0,0,TOTAL MOT,8,kg,316065,FALSE,-1,N/A,,FALSE,316065,FALSE,,FALSE,22449,,22449,0,TRUE,FALSE
C,A,19640101,1964,52,1964,862,VEN,Venezuela,M,Import,0,W00,World,0,W00,World,S1,S1,TRUE,5612,Phosphatic fertilizers and materials,4,FALSE,C00,TOTAL CPC,0,0,TOTAL MOT,8,kg,564875,FALSE,-1,N/A,,FALSE,564875,FALSE,,FALSE,98599,,98599,0,TRUE,FALSE
C,A,19640101,1964,52,1964,868,VNM,Rep. of Vietnam (...1974),M,Import,0,W00,World,0,W00,World,S1,S1,TRUE,5612,Phosphatic fertilizers and materials,4,FALSE,C00,TOTAL CPC,0,0,TOTAL MOT,8,kg,34484780,FALSE,-1,N/A,,FALSE,34484780,FALSE,,FALSE,1864648,,1864648,0,TRUE,FALSE
C,A,19640101,1964,52,1964,890,YUG,Yugoslavia (...1991),M,Import,0,W00,World,0,W00,World,S1,S1,TRUE,5612,Phosphatic fertilizers and materials,4,FALSE,C00,TOTAL CPC,0,0,TOTAL MOT,8,kg,134507552,FALSE,-1,N/A,,FALSE,134507552,FALSE,,FALSE,3067656,,3067656,0,TRUE,FALSE
C,A,19640101,1964,52,1964,890,YUG,Yugoslavia (...1991),X,Export,0,W00,World,0,W00,World,S1,S1,TRUE,5612,Phosphatic fertilizers and materials,4,FALSE,C00,TOTAL CPC,0,0,TOTAL MOT,8,kg,88976144,FALSE,-1,N/A,,FALSE,88976144,FALSE,,FALSE,,2659455,2659455,0,TRUE,FALSE
C,A,19650101,1965,52,1965,36,AUS,Australia,M,Import,0,W00,World,0,W00,World,S1,S1,TRUE,5612,Phosphatic fertilizers and materials,4,FALSE,C00,TOTAL CPC,0,0,TOTAL MOT,-1,N/A,0,FALSE,-1,N/A,,FALSE,,FALSE,,FALSE,39,,39,0,TRUE,FALSE
C,A,19650101,1965,52,1965,58,BEL,Belgium-Luxembourg (...1998),M,Import,0,W00,World,0,W00,World,S1,S1,TRUE,5612,Phosphatic fertilizers and materials,4,FALSE,C00,TOTAL CPC,0,0,TOTAL MOT,8,kg,885885,FALSE,-1,N/A,,FALSE,885885,FALSE,,FALSE,59738,,59738,0,TRUE,FALSE
C,A,19650101,1965,52,1965,58,BEL,Belgium-Luxembourg (...1998),X,Export,0,W00,World,0,W00,World,S1,S1,TRUE,5612,Phosphatic fertilizers and materials,4,FALSE,C00,TOTAL CPC,0,0,TOTAL MOT,8,kg,2092563973,FALSE,-1,N/A,,FALSE,2092563973,FALSE,,FALSE,,37668701,37668701,0,TRUE,FALSE
C,A,19650101,1965,52,1965,68,BOL,Bolivia (Plurinational State of),M,Import,0,W00,World,0,W00,World,S1,S1,TRUE,5612,Phosphatic fertilizers and materials,4,FALSE,C00,TOTAL CPC,0,0,TOTAL MOT,8,kg,664413,FALSE,-1,N/A,,FALSE,664413,FALSE,,FALSE,69198,,69198,0,TRUE,FALSE
C,A,19650101,1965,52,1965,76,BRA,Brazil,M,Import,0,W00,World,0,W00,World,S1,S1,TRUE,5612,Phosphatic fertilizers and materials,4,FALSE,C00,TOTAL CPC,0,0,TOTAL MOT,8,kg,63917956,FALSE,-1,N/A,,FALSE,63917956,FALSE,,FALSE,3972434,,3972434,0,TRUE,FALSE
C,A,19650101,1965,52,1965,96,BRN,Brunei Darussalam,M,Import,0,W00,World,0,W00,World,S1,S1,TRUE,5612,Phosphatic fertilizers and materials,4,FALSE,C00,TOTAL CPC,0,0,TOTAL MOT,-1,N/A,0,FALSE,-1,N/A,,FALSE,,FALSE,,FALSE,212,,212,0,TRUE,FALSE
C,A,19650101,1965,52,1965,108,BDI,Burundi,M,Import,0,W00,World,0,W00,World,S1,S1,TRUE,5612,Phosphatic fertilizers and materials,4,FALSE,C00,TOTAL CPC,0,0,TOTAL MOT,8,kg,43062,FALSE,-1,N/A,,FALSE,43062,FALSE,,FALSE,9796,,9796,0,TRUE,FALSE
C,A,19650101,1965,52,1965,116,KHM,Cambodia,M,Import,0,W00,World,0,W00,World,S1,S1,TRUE,5612,Phosphatic fertilizers and materials,4,FALSE,C00,TOTAL CPC,0,0,TOTAL MOT,8,kg,3141945,FALSE,-1,N/A,,FALSE,3141945,FALSE,,FALSE,168950,,168950,0,TRUE,FALSE
C,A,19650101,1965,52,1965,120,CMR,Cameroon,M,Import,0,W00,World,0,W00,World,S1,S1,TRUE,5612,Phosphatic fertilizers and materials,4,FALSE,C00,TOTAL CPC,0,0,TOTAL MOT,8,kg,572398,FALSE,-1,N/A,,FALSE,572398,FALSE,,FALSE,39403,,39403,0,TRUE,FALSE
C,A,19650101,1965,52,1965,124,CAN,Canada,M,Import,0,W00,World,0,W00,World,S1,S1,TRUE,5612,Phosphatic fertilizers and materials,4,FALSE,C00,TOTAL CPC,0,0,TOTAL MOT,8,kg,129903688,FALSE,-1,N/A,,FALSE,129903688,FALSE,,FALSE,4305805,,4305805,0,TRUE,FALSE
C,A,19650101,1965,52,1965,140,CAF,Central African Rep.,M,Import,0,W00,World,0,W00,World,S1,S1,TRUE,5612,Phosphatic fertilizers and materials,4,FALSE,C00,TOTAL CPC,0,0,TOTAL MOT,8,kg,189757,FALSE,-1,N/A,,FALSE,189757,FALSE,,FALSE,16972,,16972,0,TRUE,FALSE
C,A,19650101,1965,52,1965,144,LKA,Sri Lanka,M,Import,0,W00,World,0,W00,World,S1,S1,TRUE,5612,Phosphatic fertilizers and materials,4,FALSE,C00,TOTAL CPC,0,0,TOTAL MOT,8,kg,12335385,FALSE,-1,N/A,,FALSE,12335385,FALSE,,FALSE,473871,,473871,0,TRUE,FALSE
C,A,19650101,1965,52,1965,148,TCD,Chad,M,Import,0,W00,World,0,W00,World,S1,S1,TRUE,5612,Phosphatic fertilizers and materials,4,FALSE,C00,TOTAL CPC,0,0,TOTAL MOT,8,kg,200000,FALSE,-1,N/A,,FALSE,200000,FALSE,,FALSE,15523,,15523,0,TRUE,FALSE
C,A,19650101,1965,52,1965,152,CHL,Chile,M,Import,0,W00,World,0,W00,World,S1,S1,TRUE,5612,Phosphatic fertilizers and materials,4,FALSE,C00,TOTAL CPC,0,0,TOTAL MOT,8,kg,183558640,FALSE,-1,N/A,,FALSE,183558640,FALSE,,FALSE,13680393,,13680393,0,TRUE,FALSE
C,A,19650101,1965,52,1965,170,COL,Colombia,M,Import,0,W00,World,0,W00,World,S1,S1,TRUE,5612,Phosphatic fertilizers and materials,4,FALSE,C00,TOTAL CPC,0,0,TOTAL MOT,8,kg,34088592,FALSE,-1,N/A,,FALSE,34088592,FALSE,,FALSE,2016154,,2016154,0,TRUE,FALSE
C,A,19650101,1965,52,1965,170,COL,Colombia,X,Export,0,W00,World,0,W00,World,S1,S1,TRUE,5612,Phosphatic fertilizers and materials,4,FALSE,C00,TOTAL CPC,0,0,TOTAL MOT,8,kg,2437,FALSE,-1,N/A,,FALSE,2437,FALSE,,FALSE,,93,93,0,TRUE,FALSE
C,A,19650101,1965,52,1965,178,COG,Congo,M,Import,0,W00,World,0,W00,World,S1,S1,TRUE,5612,Phosphatic fertilizers and materials,4,FALSE,C00,TOTAL CPC,0,0,TOTAL MOT,8,kg,303218,FALSE,-1,N/A,,FALSE,303218,FALSE,,FALSE,22721,,22721,0,TRUE,FALSE
C,A,19650101,1965,52,1965,180,COD,Dem. Rep. of the Congo,M,Import,0,W00,World,0,W00,World,S1,S1,TRUE,5612,Phosphatic fertilizers and materials,4,FALSE,C00,TOTAL CPC,0,0,TOTAL MOT,8,kg,298714,FALSE,-1,N/A,,FALSE,298714,FALSE,,FALSE,30749,,30749,0,TRUE,FALSE
C,A,19650101,1965,52,1965,188,CRI,Costa Rica,M,Import,0,W00,World,0,W00,World,S1,S1,TRUE,5612,Phosphatic fertilizers and materials,4,FALSE,C00,TOTAL CPC,0,0,TOTAL MOT,8,kg,58063496,FALSE,-1,N/A,,FALSE,58063496,FALSE,,FALSE,3798159,,3798159,0,TRUE,FALSE
C,A,19650101,1965,52,1965,204,BEN,Benin,M,Import,0,W00,World,0,W00,World,S1,S1,TRUE,5612,Phosphatic fertilizers and materials,4,FALSE,C00,TOTAL CPC,0,0,TOTAL MOT,8,kg,279999,FALSE,-1,N/A,,FALSE,279999,FALSE,,FALSE,22526,,22526,0,TRUE,FALSE
C,A,19650101,1965,52,1965,204,BEN,Benin,X,Export,0,W00,World,0,W00,World,S1,S1,TRUE,5612,Phosphatic fertilizers and materials,4,FALSE,C00,TOTAL CPC,0,0,TOTAL MOT,8,kg,24699,FALSE,-1,N/A,,FALSE,24699,FALSE,,FALSE,,3289,3289,0,TRUE,FALSE
C,A,19650101,1965,52,1965,208,DNK,Denmark,M,Import,0,W00,World,0,W00,World,S1,S1,TRUE,5612,Phosphatic fertilizers and materials,4,FALSE,C00,TOTAL CPC,0,0,TOTAL MOT,8,kg,90177624,FALSE,-1,N/A,,FALSE,90177624,FALSE,,FALSE,2421334,,2421334,0,TRUE,FALSE
C,A,19650101,1965,52,1965,208,DNK,Denmark,X,Export,0,W00,World,0,W00,World,S1,S1,TRUE,5612,Phosphatic fertilizers and materials,4,FALSE,C00,TOTAL CPC,0,0,TOTAL MOT,8,kg,6213750,FALSE,-1,N/A,,FALSE,6213750,FALSE,,FALSE,,167843,167843,0,TRUE,FALSE
C,A,19650101,1965,52,1965,218,ECU,Ecuador,M,Import,0,W00,World,0,W00,World,S1,S1,TRUE,5612,Phosphatic fertilizers and materials,4,FALSE,C00,TOTAL CPC,0,0,TOTAL MOT,8,kg,5736499,FALSE,-1,N/A,,FALSE,5736499,FALSE,,FALSE,502998,,502998,0,TRUE,FALSE
C,A,19650101,1965,52,1965,222,SLV,El Salvador,M,Import,0,W00,World,0,W00,World,S1,S1,TRUE,5612,Phosphatic fertilizers and materials,4,FALSE,C00,TOTAL CPC,0,0,TOTAL MOT,8,kg,15720070,FALSE,-1,N/A,,FALSE,15720070,FALSE,,FALSE,753344,,753344,0,TRUE,FALSE
C,A,19650101,1965,52,1965,222,SLV,El Salvador,X,Export,0,W00,World,0,W00,World,S1,S1,TRUE,5612,Phosphatic fertilizers and materials,4,FALSE,C00,TOTAL CPC,0,0,TOTAL MOT,8,kg,313000,FALSE,-1,N/A,,FALSE,313000,FALSE,,FALSE,,12112,12112,0,TRUE,FALSE
C,A,19650101,1965,52,1965,246,FIN,Finland,M,Import,0,W00,World,0,W00,World,S1,S1,TRUE,5612,Phosphatic fertilizers and materials,4,FALSE,C00,TOTAL CPC,0,0,TOTAL MOT,8,kg,161346848,FALSE,-1,N/A,,FALSE,161346848,FALSE,,FALSE,4241539,,4241539,0,TRUE,FALSE
C,A,19650101,1965,52,1965,251,FRA,France,M,Import,0,W00,World,0,W00,World,S1,S1,TRUE,5612,Phosphatic fertilizers and materials,4,FALSE,C00,TOTAL CPC,0,0,TOTAL MOT,8,kg,1093075712,FALSE,-1,N/A,,FALSE,1093075712,FALSE,,FALSE,23622558,,23622558,0,TRUE,FALSE
C,A,19650101,1965,52,1965,251,FRA,France,X,Export,0,W00,World,0,W00,World,S1,S1,TRUE,5612,Phosphatic fertilizers and materials,4,FALSE,C00,TOTAL CPC,0,0,TOTAL MOT,8,kg,384391776,FALSE,-1,N/A,,FALSE,384391776,FALSE,,FALSE,,7545769,7545769,0,TRUE,FALSE
C,A,19650101,1965,52,1965,266,GAB,Gabon,M,Import,0,W00,World,0,W00,World,S1,S1,TRUE,5612,Phosphatic fertilizers and materials,4,FALSE,C00,TOTAL CPC,0,0,TOTAL MOT,8,kg,11311,FALSE,-1,N/A,,FALSE,11311,FALSE,,FALSE,1165,,1165,0,TRUE,FALSE
C,A,19650101,1965,52,1965,280,DEU,Fed. Rep. of Germany (...1990),M,Import,0,W00,World,0,W00,World,S1,S1,TRUE,5612,Phosphatic fertilizers and materials,4,FALSE,C00,TOTAL CPC,0,0,TOTAL MOT,8,kg,553151616,FALSE,-1,N/A,,TRUE,553151616,FALSE,-1,TRUE,8084000,,8084000,0,FALSE,FALSE
C,A,19650101,1965,52,1965,280,DEU,Fed. Rep. of Germany (...1990),X,Export,0,W00,World,0,W00,World,S1,S1,TRUE,5612,Phosphatic fertilizers and materials,4,FALSE,C00,TOTAL CPC,0,0,TOTAL MOT,8,kg,312329984,FALSE,-1,N/A,,TRUE,312329984,FALSE,-1,TRUE,,4411000,4411000,0,FALSE,FALSE
C,A,19650101,1965,52,1965,288,GHA,Ghana,M,Import,0,W00,World,0,W00,World,S1,S1,TRUE,5612,Phosphatic fertilizers and materials,4,FALSE,C00,TOTAL CPC,0,0,TOTAL MOT,8,kg,4183002,FALSE,-1,N/A,,FALSE,4183002,FALSE,,FALSE,297153,,297153,0,TRUE,FALSE
C,A,19650101,1965,52,1965,300,GRC,Greece,M,Import,0,W00,World,0,W00,World,S1,S1,TRUE,5612,Phosphatic fertilizers and materials,4,FALSE,C00,TOTAL CPC,0,0,TOTAL MOT,8,kg,60434528,FALSE,-1,N/A,,FALSE,60434528,FALSE,,FALSE,3609588,,3609588,0,TRUE,FALSE
C,A,19650101,1965,52,1965,300,GRC,Greece,X,Export,0,W00,World,0,W00,World,S1,S1,TRUE,5612,Phosphatic fertilizers and materials,4,FALSE,C00,TOTAL CPC,0,0,TOTAL MOT,8,kg,1030015,FALSE,-1,N/A,,FALSE,1030015,FALSE,,FALSE,,35218,35218,0,TRUE,FALSE
C,A,19650101,1965,52,1965,320,GTM,Guatemala,M,Import,0,W00,World,0,W00,World,S1,S1,TRUE,5612,Phosphatic fertilizers and materials,4,FALSE,C00,TOTAL CPC,0,0,TOTAL MOT,8,kg,2891667,FALSE,-1,N/A,,FALSE,2891667,FALSE,,FALSE,287758,,287758,0,TRUE,FALSE
C,A,19650101,1965,52,1965,340,HND,Honduras,M,Import,0,W00,World,0,W00,World,S1,S1,TRUE,5612,Phosphatic fertilizers and materials,4,FALSE,C00,TOTAL CPC,0,0,TOTAL MOT,8,kg,2910062,FALSE,-1,N/A,,FALSE,2910062,FALSE,,FALSE,164403,,164403,0,TRUE,FALSE
C,A,19650101,1965,52,1965,344,HKG,"China, Hong Kong SAR",M,Import,0,W00,World,0,W00,World,S1,S1,TRUE,5612,Phosphatic fertilizers and materials,4,FALSE,C00,TOTAL CPC,0,0,TOTAL MOT,8,kg,74546,FALSE,-1,N/A,,FALSE,74546,FALSE,,FALSE,3627,,3627,0,TRUE,FALSE
C,A,19650101,1965,52,1965,344,HKG,"China, Hong Kong SAR",X,Export,0,W00,World,0,W00,World,S1,S1,TRUE,5612,Phosphatic fertilizers and materials,4,FALSE,C00,TOTAL CPC,0,0,TOTAL MOT,8,kg,2937,FALSE,-1,N/A,,FALSE,2937,FALSE,,FALSE,,285,285,0,TRUE,FALSE
C,A,19650101,1965,52,1965,352,ISL,Iceland,M,Import,0,W00,World,0,W00,World,S1,S1,TRUE,5612,Phosphatic fertilizers and materials,4,FALSE,C00,TOTAL CPC,0,0,TOTAL MOT,8,kg,8271375,FALSE,-1,N/A,,FALSE,8271375,FALSE,,FALSE,610656,,610656,0,TRUE,FALSE
C,A,19650101,1965,52,1965,364,IRN,Iran,M,Import,0,W00,World,0,W00,World,S1,S1,TRUE,5612,Phosphatic fertilizers and materials,4,FALSE,C00,TOTAL CPC,0,0,TOTAL MOT,8,kg,18458688,FALSE,-1,N/A,,FALSE,18458688,FALSE,,FALSE,1908503,,1908503,0,TRUE,FALSE
C,A,19650101,1965,52,1965,372,IRL,Ireland,M,Import,0,W00,World,0,W00,World,S1,S1,TRUE,5612,Phosphatic fertilizers and materials,4,FALSE,C00,TOTAL CPC,0,0,TOTAL MOT,8,kg,185648032,FALSE,-1,N/A,,FALSE,185648032,FALSE,,FALSE,5511209,,5511209,0,TRUE,FALSE
C,A,19650101,1965,52,1965,376,ISR,Israel,M,Import,0,W00,World,0,W00,World,S1,S1,TRUE,5612,Phosphatic fertilizers and materials,4,FALSE,C00,TOTAL CPC,0,0,TOTAL MOT,-1,N/A,0,FALSE,-1,N/A,,FALSE,,FALSE,,FALSE,13,,13,0,TRUE,FALSE
C,A,19650101,1965,52,1965,376,ISR,Israel,X,Export,0,W00,World,0,W00,World,S1,S1,TRUE,5612,Phosphatic fertilizers and materials,4,FALSE,C00,TOTAL CPC,0,0,TOTAL MOT,8,kg,2205812,FALSE,-1,N/A,,FALSE,2205812,FALSE,,FALSE,,52328,52328,0,TRUE,FALSE
C,A,19650101,1965,52,1965,380,ITA,Italy,M,Import,0,W00,World,0,W00,World,S1,S1,TRUE,5612,Phosphatic fertilizers and materials,4,FALSE,C00,TOTAL CPC,0,0,TOTAL MOT,8,kg,81603248,FALSE,-1,N/A,,TRUE,81603248,FALSE,-1,TRUE,2711644,,2711644,0,FALSE,FALSE
C,A,19650101,1965,52,1965,380,ITA,Italy,X,Export,0,W00,World,0,W00,World,S1,S1,TRUE,5612,Phosphatic fertilizers and materials,4,FALSE,C00,TOTAL CPC,0,0,TOTAL MOT,8,kg,1824374,FALSE,-1,N/A,,TRUE,1824374,FALSE,-1,TRUE,,64734,64734,0,FALSE,FALSE
C,A,19650101,1965,52,1965,384,CIV,CÙte d'Ivoire,M,Import,0,W00,World,0,W00,World,S1,S1,TRUE,5612,Phosphatic fertilizers and materials,4,FALSE,C00,TOTAL CPC,0,0,TOTAL MOT,8,kg,3108812,FALSE,-1,N/A,,FALSE,3108812,FALSE,,FALSE,174037,,174037,0,TRUE,FALSE
C,A,19650101,1965,52,1965,384,CIV,CÙte d'Ivoire,X,Export,0,W00,World,0,W00,World,S1,S1,TRUE,5612,Phosphatic fertilizers and materials,4,FALSE,C00,TOTAL CPC,0,0,TOTAL MOT,8,kg,73988,FALSE,-1,N/A,,FALSE,73988,FALSE,,FALSE,,6253,6253,0,TRUE,FALSE
C,A,19650101,1965,52,1965,392,JPN,Japan,M,Import,0,W00,World,0,W00,World,S1,S1,TRUE,5612,Phosphatic fertilizers and materials,4,FALSE,C00,TOTAL CPC,0,0,TOTAL MOT,8,kg,3306000,FALSE,-1,N/A,,FALSE,3306000,FALSE,,FALSE,223117,,223117,0,TRUE,FALSE
C,A,19650101,1965,52,1965,392,JPN,Japan,X,Export,0,W00,World,0,W00,World,S1,S1,TRUE,5612,Phosphatic fertilizers and materials,4,FALSE,C00,TOTAL CPC,0,0,TOTAL MOT,8,kg,194010000,FALSE,-1,N/A,,FALSE,194010000,FALSE,,FALSE,,7810279,7810279,0,TRUE,FALSE
C,A,19650101,1965,52,1965,400,JOR,Jordan,M,Import,0,W00,World,0,W00,World,S1,S1,TRUE,5612,Phosphatic fertilizers and materials,4,FALSE,C00,TOTAL CPC,0,0,TOTAL MOT,8,kg,2399913,FALSE,-1,N/A,,FALSE,2399913,FALSE,,FALSE,132152,,132152,0,TRUE,FALSE
C,A,19650101,1965,52,1965,400,JOR,Jordan,X,Export,0,W00,World,0,W00,World,S1,S1,TRUE,5612,Phosphatic fertilizers and materials,4,FALSE,C00,TOTAL CPC,0,0,TOTAL MOT,8,kg,2597,FALSE,-1,N/A,,FALSE,2597,FALSE,,FALSE,,402,402,0,TRUE,FALSE
C,A,19650101,1965,52,1965,410,KOR,Rep. of Korea,M,Import,0,W00,World,0,W00,World,S1,S1,TRUE,5612,Phosphatic fertilizers and materials,4,FALSE,C00,TOTAL CPC,0,0,TOTAL MOT,8,kg,283922944,FALSE,-1,N/A,,FALSE,283922944,FALSE,,FALSE,19863004,,19863004,0,TRUE,FALSE
C,A,19650101,1965,52,1965,418,LAO,Lao People's Dem. Rep.,M,Import,0,W00,World,0,W00,World,S1,S1,TRUE,5612,Phosphatic fertilizers and materials,4,FALSE,C00,TOTAL CPC,0,0,TOTAL MOT,8,kg,11929,FALSE,-1,N/A,,FALSE,11929,FALSE,,FALSE,1510,,1510,0,TRUE,FALSE
C,A,19650101,1965,52,1965,450,MDG,Madagascar,M,Import,0,W00,World,0,W00,World,S1,S1,TRUE,5612,Phosphatic fertilizers and materials,4,FALSE,C00,TOTAL CPC,0,0,TOTAL MOT,8,kg,1033625,FALSE,-1,N/A,,FALSE,1033625,FALSE,,FALSE,76272,,76272,0,TRUE,FALSE
C,A,19650101,1965,52,1965,458,MYS,Malaysia,M,Import,0,W00,World,0,W00,World,S1,S1,TRUE,5612,Phosphatic fertilizers and materials,4,FALSE,C00,TOTAL CPC,0,0,TOTAL MOT,8,kg,8815140,FALSE,-1,N/A,,FALSE,8815140,FALSE,,FALSE,602322,,602322,0,TRUE,FALSE
C,A,19650101,1965,52,1965,458,MYS,Malaysia,X,Export,0,W00,World,0,W00,World,S1,S1,TRUE,5612,Phosphatic fertilizers and materials,4,FALSE,C00,TOTAL CPC,0,0,TOTAL MOT,8,kg,48792,FALSE,-1,N/A,,FALSE,48792,FALSE,,FALSE,,2520,2520,0,TRUE,FALSE
C,A,19650101,1965,52,1965,466,MLI,Mali,M,Import,0,W00,World,0,W00,World,S1,S1,TRUE,5612,Phosphatic fertilizers and materials,4,FALSE,C00,TOTAL CPC,0,0,TOTAL MOT,8,kg,164,FALSE,-1,N/A,,FALSE,164,FALSE,,FALSE,130,,130,0,TRUE,FALSE
C,A,19650101,1965,52,1965,470,MLT,Malta,M,Import,0,W00,World,0,W00,World,S1,S1,TRUE,5612,Phosphatic fertilizers and materials,4,FALSE,C00,TOTAL CPC,0,0,TOTAL MOT,8,kg,976560,FALSE,-1,N/A,,FALSE,976560,FALSE,,FALSE,42482,,42482,0,TRUE,FALSE
C,A,19650101,1965,52,1965,484,MEX,Mexico,M,Import,0,W00,World,0,W00,World,S1,S1,TRUE,5612,Phosphatic fertilizers and materials,4,FALSE,C00,TOTAL CPC,0,0,TOTAL MOT,8,kg,3269875,FALSE,-1,N/A,,FALSE,3269875,FALSE,,FALSE,385597,,385597,0,TRUE,FALSE
C,A,19650101,1965,52,1965,484,MEX,Mexico,X,Export,0,W00,World,0,W00,World,S1,S1,TRUE,5612,Phosphatic fertilizers and materials,4,FALSE,C00,TOTAL CPC,0,0,TOTAL MOT,8,kg,38921,FALSE,-1,N/A,,FALSE,38921,FALSE,,FALSE,,25493,25493,0,TRUE,FALSE
C,A,19650101,1965,52,1965,490,S19,"Other Asia, nes",M,Import,0,W00,World,0,W00,World,S1,S1,TRUE,5612,Phosphatic fertilizers and materials,4,FALSE,C00,TOTAL CPC,0,0,TOTAL MOT,-1,N/A,0,FALSE,-1,N/A,,FALSE,,FALSE,,FALSE,269,,269,0,TRUE,FALSE
C,A,19650101,1965,52,1965,504,MAR,Morocco,M,Import,0,W00,World,0,W00,World,S1,S1,TRUE,5612,Phosphatic fertilizers and materials,4,FALSE,C00,TOTAL CPC,0,0,TOTAL MOT,8,kg,990000,FALSE,-1,N/A,,FALSE,990000,FALSE,,FALSE,62846,,62846,0,TRUE,FALSE
C,A,19650101,1965,52,1965,528,NLD,Netherlands,M,Import,0,W00,World,0,W00,World,S1,S1,TRUE,5612,Phosphatic fertilizers and materials,4,FALSE,C00,TOTAL CPC,0,0,TOTAL MOT,8,kg,314621024,FALSE,-1,N/A,,FALSE,314621024,FALSE,,FALSE,6935489,,6935489,0,TRUE,FALSE
C,A,19650101,1965,52,1965,528,NLD,Netherlands,X,Export,0,W00,World,0,W00,World,S1,S1,TRUE,5612,Phosphatic fertilizers and materials,4,FALSE,C00,TOTAL CPC,0,0,TOTAL MOT,8,kg,385493248,FALSE,-1,N/A,,FALSE,385493248,FALSE,,FALSE,,16127119,16127119,0,TRUE,FALSE
C,A,19650101,1965,52,1965,554,NZL,New Zealand,M,Import,0,W00,World,0,W00,World,S1,S1,TRUE,5612,Phosphatic fertilizers and materials,4,FALSE,C00,TOTAL CPC,0,0,TOTAL MOT,8,kg,19627000,FALSE,-1,N/A,,FALSE,19627000,FALSE,,FALSE,903010,,903010,0,TRUE,FALSE
C,A,19650101,1965,52,1965,554,NZL,New Zealand,X,Export,0,W00,World,0,W00,World,S1,S1,TRUE,5612,Phosphatic fertilizers and materials,4,FALSE,C00,TOTAL CPC,0,0,TOTAL MOT,-1,N/A,0,FALSE,-1,N/A,,FALSE,,FALSE,,FALSE,,21492,21492,0,TRUE,FALSE
C,A,19650101,1965,52,1965,558,NIC,Nicaragua,M,Import,0,W00,World,0,W00,World,S1,S1,TRUE,5612,Phosphatic fertilizers and materials,4,FALSE,C00,TOTAL CPC,0,0,TOTAL MOT,8,kg,11479256,FALSE,-1,N/A,,FALSE,11479256,FALSE,,FALSE,1379845,,1379845,0,TRUE,FALSE
C,A,19650101,1965,52,1965,562,NER,Niger,M,Import,0,W00,World,0,W00,World,S1,S1,TRUE,5612,Phosphatic fertilizers and materials,4,FALSE,C00,TOTAL CPC,0,0,TOTAL MOT,8,kg,45077,FALSE,-1,N/A,,FALSE,45077,FALSE,,FALSE,8111,,8111,0,TRUE,FALSE
C,A,19650101,1965,52,1965,566,NGA,Nigeria,M,Import,0,W00,World,0,W00,World,S1,S1,TRUE,5612,Phosphatic fertilizers and materials,4,FALSE,C00,TOTAL CPC,0,0,TOTAL MOT,8,kg,10660344,FALSE,-1,N/A,,FALSE,10660344,FALSE,,FALSE,573713,,573713,0,TRUE,FALSE
C,A,19650101,1965,52,1965,579,NOR,Norway,M,Import,0,W00,World,0,W00,World,S1,S1,TRUE,5612,Phosphatic fertilizers and materials,4,FALSE,C00,TOTAL CPC,0,0,TOTAL MOT,8,kg,5673925,FALSE,-1,N/A,,FALSE,5673925,FALSE,,FALSE,154067,,154067,0,TRUE,FALSE
C,A,19650101,1965,52,1965,579,NOR,Norway,X,Export,0,W00,World,0,W00,World,S1,S1,TRUE,5612,Phosphatic fertilizers and materials,4,FALSE,C00,TOTAL CPC,0,0,TOTAL MOT,8,kg,24335680,FALSE,-1,N/A,,FALSE,24335680,FALSE,,FALSE,,719573,719573,0,TRUE,FALSE
C,A,19650101,1965,52,1965,588,PAK,East and West Pakistan (...1971),M,Import,0,W00,World,0,W00,World,S1,S1,TRUE,5612,Phosphatic fertilizers and materials,4,FALSE,C00,TOTAL CPC,0,0,TOTAL MOT,-1,N/A,0,FALSE,-1,N/A,,FALSE,,FALSE,,FALSE,1639690,,1639690,0,TRUE,FALSE
C,A,19650101,1965,52,1965,590,PAN,"Panama, excl.Canal Zone (...1977)",M,Import,0,W00,World,0,W00,World,S1,S1,TRUE,5612,Phosphatic fertilizers and materials,4,FALSE,C00,TOTAL CPC,0,0,TOTAL MOT,8,kg,1658269,FALSE,-1,N/A,,FALSE,1658269,FALSE,,FALSE,163922,,163922,0,TRUE,FALSE
C,A,19650101,1965,52,1965,604,PER,Peru,M,Import,0,W00,World,0,W00,World,S1,S1,TRUE,5612,Phosphatic fertilizers and materials,4,FALSE,C00,TOTAL CPC,0,0,TOTAL MOT,8,kg,221495,FALSE,-1,N/A,,FALSE,221495,FALSE,,FALSE,17499,,17499,0,TRUE,FALSE
C,A,19650101,1965,52,1965,608,PHL,Philippines,M,Import,0,W00,World,0,W00,World,S1,S1,TRUE,5612,Phosphatic fertilizers and materials,4,FALSE,C00,TOTAL CPC,0,0,TOTAL MOT,8,kg,20545662,FALSE,-1,N/A,,FALSE,20545662,FALSE,,FALSE,943150,,943150,0,TRUE,FALSE
C,A,19650101,1965,52,1965,620,PRT,Portugal,M,Import,0,W00,World,0,W00,World,S1,S1,TRUE,5612,Phosphatic fertilizers and materials,4,FALSE,C00,TOTAL CPC,0,0,TOTAL MOT,8,kg,12022085,FALSE,-1,N/A,,FALSE,12022085,FALSE,,FALSE,360907,,360907,0,TRUE,FALSE
C,A,19650101,1965,52,1965,620,PRT,Portugal,X,Export,0,W00,World,0,W00,World,S1,S1,TRUE,5612,Phosphatic fertilizers and materials,4,FALSE,C00,TOTAL CPC,0,0,TOTAL MOT,8,kg,44224220,FALSE,-1,N/A,,FALSE,44224220,FALSE,,FALSE,,2817307,2817307,0,TRUE,FALSE
C,A,19650101,1965,52,1965,686,SEN,Senegal,M,Import,0,W00,World,0,W00,World,S1,S1,TRUE,5612,Phosphatic fertilizers and materials,4,FALSE,C00,TOTAL CPC,0,0,TOTAL MOT,8,kg,7472710,FALSE,-1,N/A,,FALSE,7472710,FALSE,,FALSE,517595,,517595,0,TRUE,FALSE
C,A,19650101,1965,52,1965,686,SEN,Senegal,X,Export,0,W00,World,0,W00,World,S1,S1,TRUE,5612,Phosphatic fertilizers and materials,4,FALSE,C00,TOTAL CPC,0,0,TOTAL MOT,8,kg,4041000,FALSE,-1,N/A,,FALSE,4041000,FALSE,,FALSE,,85485,85485,0,TRUE,FALSE
C,A,19650101,1965,52,1965,702,SGP,Singapore,M,Import,0,W00,World,0,W00,World,S1,S1,TRUE,5612,Phosphatic fertilizers and materials,4,FALSE,C00,TOTAL CPC,0,0,TOTAL MOT,8,kg,3140011,FALSE,-1,N/A,,FALSE,3140011,FALSE,,FALSE,185891,,185891,0,TRUE,FALSE
C,A,19650101,1965,52,1965,702,SGP,Singapore,X,Export,0,W00,World,0,W00,World,S1,S1,TRUE,5612,Phosphatic fertilizers and materials,4,FALSE,C00,TOTAL CPC,0,0,TOTAL MOT,8,kg,3666869,FALSE,-1,N/A,,FALSE,3666869,FALSE,,FALSE,,289279,289279,0,TRUE,FALSE
C,A,19650101,1965,52,1965,724,ESP,Spain,M,Import,0,W00,World,0,W00,World,S1,S1,TRUE,5612,Phosphatic fertilizers and materials,4,FALSE,C00,TOTAL CPC,0,0,TOTAL MOT,8,kg,36101864,FALSE,-1,N/A,,FALSE,36101864,FALSE,,FALSE,953272,,953272,0,TRUE,FALSE
C,A,19650101,1965,52,1965,724,ESP,Spain,X,Export,0,W00,World,0,W00,World,S1,S1,TRUE,5612,Phosphatic fertilizers and materials,4,FALSE,C00,TOTAL CPC,0,0,TOTAL MOT,8,kg,64879376,FALSE,-1,N/A,,FALSE,64879376,FALSE,,FALSE,,1794363,1794363,0,TRUE,FALSE
C,A,19650101,1965,52,1965,736,SDN,Sudan (...2011),M,Import,0,W00,World,0,W00,World,S1,S1,TRUE,5612,Phosphatic fertilizers and materials,4,FALSE,C00,TOTAL CPC,0,0,TOTAL MOT,8,kg,49000,FALSE,-1,N/A,,FALSE,49000,FALSE,,FALSE,4413,,4413,0,TRUE,FALSE
C,A,19650101,1965,52,1965,740,SUR,Suriname,M,Import,0,W00,World,0,W00,World,S1,S1,TRUE,5612,Phosphatic fertilizers and materials,4,FALSE,C00,TOTAL CPC,0,0,TOTAL MOT,-1,N/A,0,FALSE,-1,N/A,,FALSE,,FALSE,,FALSE,6363,,6363,0,TRUE,FALSE
C,A,19650101,1965,52,1965,752,SWE,Sweden,M,Import,0,W00,World,0,W00,World,S1,S1,TRUE,5612,Phosphatic fertilizers and materials,4,FALSE,C00,TOTAL CPC,0,0,TOTAL MOT,8,kg,670000,FALSE,-1,N/A,,FALSE,670000,FALSE,,FALSE,55664,,55664,0,TRUE,FALSE
C,A,19650101,1965,52,1965,752,SWE,Sweden,X,Export,0,W00,World,0,W00,World,S1,S1,TRUE,5612,Phosphatic fertilizers and materials,4,FALSE,C00,TOTAL CPC,0,0,TOTAL MOT,8,kg,20352000,FALSE,-1,N/A,,FALSE,20352000,FALSE,,FALSE,,283850,283850,0,TRUE,FALSE
C,A,19650101,1965,52,1965,757,CHE,Switzerland,M,Import,0,W00,World,0,W00,World,S1,S1,TRUE,5612,Phosphatic fertilizers and materials,4,FALSE,C00,TOTAL CPC,0,0,TOTAL MOT,8,kg,207030944,FALSE,-1,N/A,,FALSE,207030944,FALSE,,FALSE,4980640,,4980640,0,TRUE,FALSE
C,A,19650101,1965,52,1965,757,CHE,Switzerland,X,Export,0,W00,World,0,W00,World,S1,S1,TRUE,5612,Phosphatic fertilizers and materials,4,FALSE,C00,TOTAL CPC,0,0,TOTAL MOT,8,kg,12625,FALSE,-1,N/A,,FALSE,12625,FALSE,,FALSE,,806,806,0,TRUE,FALSE
C,A,19650101,1965,52,1965,764,THA,Thailand,M,Import,0,W00,World,0,W00,World,S1,S1,TRUE,5612,Phosphatic fertilizers and materials,4,FALSE,C00,TOTAL CPC,0,0,TOTAL MOT,8,kg,2881326,FALSE,-1,N/A,,FALSE,2881326,FALSE,,FALSE,195332,,195332,0,TRUE,FALSE
C,A,19650101,1965,52,1965,768,TGO,Togo,M,Import,0,W00,World,0,W00,World,S1,S1,TRUE,5612,Phosphatic fertilizers and materials,4,FALSE,C00,TOTAL CPC,0,0,TOTAL MOT,8,kg,10562,FALSE,-1,N/A,,FALSE,10562,FALSE,,FALSE,3646,,3646,0,TRUE,FALSE
C,A,19650101,1965,52,1965,788,TUN,Tunisia,M,Import,0,W00,World,0,W00,World,S1,S1,TRUE,5612,Phosphatic fertilizers and materials,4,FALSE,C00,TOTAL CPC,0,0,TOTAL MOT,8,kg,398,FALSE,-1,N/A,,FALSE,398,FALSE,,FALSE,34,,34,0,TRUE,FALSE
C,A,19650101,1965,52,1965,788,TUN,Tunisia,X,Export,0,W00,World,0,W00,World,S1,S1,TRUE,5612,Phosphatic fertilizers and materials,4,FALSE,C00,TOTAL CPC,0,0,TOTAL MOT,8,kg,257104256,FALSE,-1,N/A,,FALSE,257104256,FALSE,,FALSE,,16396490,16396490,0,TRUE,FALSE
C,A,19650101,1965,52,1965,792,TUR,TÅEkiye,M,Import,0,W00,World,0,W00,World,S1,S1,TRUE,5612,Phosphatic fertilizers and materials,4,FALSE,C00,TOTAL CPC,0,0,TOTAL MOT,8,kg,124603328,FALSE,-1,N/A,,FALSE,124603328,FALSE,,FALSE,6318733,,6318733,0,TRUE,FALSE
C,A,19650101,1965,52,1965,818,EGY,Egypt,M,Import,0,W00,World,0,W00,World,S1,S1,TRUE,5612,Phosphatic fertilizers and materials,4,FALSE,C00,TOTAL CPC,0,0,TOTAL MOT,8,kg,46937396,FALSE,-1,N/A,,FALSE,46937396,FALSE,,FALSE,1202461,,1202461,0,TRUE,FALSE
C,A,19650101,1965,52,1965,818,EGY,Egypt,X,Export,0,W00,World,0,W00,World,S1,S1,TRUE,5612,Phosphatic fertilizers and materials,4,FALSE,C00,TOTAL CPC,0,0,TOTAL MOT,8,kg,24310836,FALSE,-1,N/A,,FALSE,24310836,FALSE,,FALSE,,565614,565614,0,TRUE,FALSE
C,A,19650101,1965,52,1965,826,GBR,United Kingdom,M,Import,0,W00,World,0,W00,World,S1,S1,TRUE,5612,Phosphatic fertilizers and materials,4,FALSE,C00,TOTAL CPC,0,0,TOTAL MOT,8,kg,59462036,FALSE,-1,N/A,,FALSE,59462036,FALSE,,FALSE,1724976,,1724976,0,TRUE,FALSE
C,A,19650101,1965,52,1965,826,GBR,United Kingdom,X,Export,0,W00,World,0,W00,World,S1,S1,TRUE,5612,Phosphatic fertilizers and materials,4,FALSE,C00,TOTAL CPC,0,0,TOTAL MOT,8,kg,19118048,FALSE,-1,N/A,,FALSE,19118048,FALSE,,FALSE,,692764,692764,0,TRUE,FALSE
C,A,19650101,1965,52,1965,841,USA,USA and Puerto Rico (...1980),M,Import,0,W00,World,0,W00,World,S1,S1,TRUE,5612,Phosphatic fertilizers and materials,4,FALSE,C00,TOTAL CPC,0,0,TOTAL MOT,8,kg,52675639,FALSE,-1,N/A,,FALSE,52675639,FALSE,,FALSE,3140771,,3140771,0,TRUE,FALSE
C,A,19650101,1965,52,1965,841,USA,USA and Puerto Rico (...1980),X,Export,0,W00,World,0,W00,World,S1,S1,TRUE,5612,Phosphatic fertilizers and materials,4,FALSE,C00,TOTAL CPC,0,0,TOTAL MOT,8,kg,572380205,FALSE,-1,N/A,,FALSE,572380205,FALSE,,FALSE,,32147021,32147021,0,TRUE,FALSE
C,A,19650101,1965,52,1965,854,BFA,Burkina Faso,M,Import,0,W00,World,0,W00,World,S1,S1,TRUE,5612,Phosphatic fertilizers and materials,4,FALSE,C00,TOTAL CPC,0,0,TOTAL MOT,8,kg,334687,FALSE,-1,N/A,,FALSE,334687,FALSE,,FALSE,34940,,34940,0,TRUE,FALSE
C,A,19650101,1965,52,1965,862,VEN,Venezuela,M,Import,0,W00,World,0,W00,World,S1,S1,TRUE,5612,Phosphatic fertilizers and materials,4,FALSE,C00,TOTAL CPC,0,0,TOTAL MOT,8,kg,302096,FALSE,-1,N/A,,FALSE,302096,FALSE,,FALSE,33698,,33698,0,TRUE,FALSE
C,A,19650101,1965,52,1965,868,VNM,Rep. of Vietnam (...1974),M,Import,0,W00,World,0,W00,World,S1,S1,TRUE,5612,Phosphatic fertilizers and materials,4,FALSE,C00,TOTAL CPC,0,0,TOTAL MOT,8,kg,119191712,FALSE,-1,N/A,,FALSE,119191712,FALSE,,FALSE,5459780,,5459780,0,TRUE,FALSE
C,A,19650101,1965,52,1965,890,YUG,Yugoslavia (...1991),M,Import,0,W00,World,0,W00,World,S1,S1,TRUE,5612,Phosphatic fertilizers and materials,4,FALSE,C00,TOTAL CPC,0,0,TOTAL MOT,8,kg,9220000,FALSE,-1,N/A,,FALSE,9220000,FALSE,,FALSE,186745,,186745,0,TRUE,FALSE
C,A,19650101,1965,52,1965,890,YUG,Yugoslavia (...1991),X,Export,0,W00,World,0,W00,World,S1,S1,TRUE,5612,Phosphatic fertilizers and materials,4,FALSE,C00,TOTAL CPC,0,0,TOTAL MOT,8,kg,214153056,FALSE,-1,N/A,,FALSE,214153056,FALSE,,FALSE,,5166081,5166081,0,TRUE,FALSE
C,A,19660101,1966,52,1966,12,DZA,Algeria,M,Import,0,W00,World,0,W00,World,S1,S1,TRUE,5612,Phosphatic fertilizers and materials,4,FALSE,C00,TOTAL CPC,0,0,TOTAL MOT,8,kg,10175812,FALSE,-1,N/A,,FALSE,10175812,FALSE,,FALSE,656321,,656321,0,TRUE,FALSE
C,A,19660101,1966,52,1966,12,DZA,Algeria,X,Export,0,W00,World,0,W00,World,S1,S1,TRUE,5612,Phosphatic fertilizers and materials,4,FALSE,C00,TOTAL CPC,0,0,TOTAL MOT,8,kg,49500,FALSE,-1,N/A,,FALSE,49500,FALSE,,FALSE,,3949,3949,0,TRUE,FALSE
C,A,19660101,1966,52,1966,32,ARG,Argentina,M,Import,0,W00,World,0,W00,World,S1,S1,TRUE,5612,Phosphatic fertilizers and materials,4,FALSE,C00,TOTAL CPC,0,0,TOTAL MOT,8,kg,5557076,FALSE,-1,N/A,,FALSE,5557076,FALSE,,FALSE,495161,,495161,0,TRUE,FALSE
C,A,19660101,1966,52,1966,36,AUS,Australia,M,Import,0,W00,World,0,W00,World,S1,S1,TRUE,5612,Phosphatic fertilizers and materials,4,FALSE,C00,TOTAL CPC,0,0,TOTAL MOT,8,kg,144048,FALSE,-1,N/A,,FALSE,144048,FALSE,,FALSE,8764,,8764,0,TRUE,FALSE
C,A,19660101,1966,52,1966,58,BEL,Belgium-Luxembourg (...1998),M,Import,0,W00,World,0,W00,World,S1,S1,TRUE,5612,Phosphatic fertilizers and materials,4,FALSE,C00,TOTAL CPC,0,0,TOTAL MOT,8,kg,2276937,FALSE,-1,N/A,,FALSE,2276937,FALSE,,FALSE,128596,,128596,0,TRUE,FALSE
C,A,19660101,1966,52,1966,58,BEL,Belgium-Luxembourg (...1998),X,Export,0,W00,World,0,W00,World,S1,S1,TRUE,5612,Phosphatic fertilizers and materials,4,FALSE,C00,TOTAL CPC,0,0,TOTAL MOT,8,kg,1918925824,FALSE,-1,N/A,,FALSE,1918925824,FALSE,,FALSE,,34205528,34205528,0,TRUE,FALSE
C,A,19660101,1966,52,1966,68,BOL,Bolivia (Plurinational State of),M,Import,0,W00,World,0,W00,World,S1,S1,TRUE,5612,Phosphatic fertilizers and materials,4,FALSE,C00,TOTAL CPC,0,0,TOTAL MOT,8,kg,1188000,FALSE,-1,N/A,,FALSE,1188000,FALSE,,FALSE,125800,,125800,0,TRUE,FALSE
C,A,19660101,1966,52,1966,76,BRA,Brazil,M,Import,0,W00,World,0,W00,World,S1,S1,TRUE,5612,Phosphatic fertilizers and materials,4,FALSE,C00,TOTAL CPC,0,0,TOTAL MOT,8,kg,68594576,FALSE,-1,N/A,,FALSE,68594576,FALSE,,FALSE,4291095,,4291095,0,TRUE,FALSE
C,A,19660101,1966,52,1966,96,BRN,Brunei Darussalam,M,Import,0,W00,World,0,W00,World,S1,S1,TRUE,5612,Phosphatic fertilizers and materials,4,FALSE,C00,TOTAL CPC,0,0,TOTAL MOT,-1,N/A,0,FALSE,-1,N/A,,FALSE,,FALSE,,FALSE,236,,236,0,TRUE,FALSE
C,A,19660101,1966,52,1966,116,KHM,Cambodia,M,Import,0,W00,World,0,W00,World,S1,S1,TRUE,5612,Phosphatic fertilizers and materials,4,FALSE,C00,TOTAL CPC,0,0,TOTAL MOT,8,kg,2089750,FALSE,-1,N/A,,FALSE,2089750,FALSE,,FALSE,135592,,135592,0,TRUE,FALSE
C,A,19660101,1966,52,1966,120,CMR,Cameroon,M,Import,0,W00,World,0,W00,World,S1,S1,TRUE,5612,Phosphatic fertilizers and materials,4,FALSE,C00,TOTAL CPC,0,0,TOTAL MOT,8,kg,190000,FALSE,-1,N/A,,FALSE,190000,FALSE,,FALSE,10492,,10492,0,TRUE,FALSE
C,A,19660101,1966,52,1966,120,CMR,Cameroon,X,Export,0,W00,World,0,W00,World,S1,S1,TRUE,5612,Phosphatic fertilizers and materials,4,FALSE,C00,TOTAL CPC,0,0,TOTAL MOT,8,kg,398,FALSE,-1,N/A,,FALSE,398,FALSE,,FALSE,,48,48,0,TRUE,FALSE
C,A,19660101,1966,52,1966,124,CAN,Canada,M,Import,0,W00,World,0,W00,World,S1,S1,TRUE,5612,Phosphatic fertilizers and materials,4,FALSE,C00,TOTAL CPC,0,0,TOTAL MOT,8,kg,105346688,FALSE,-1,N/A,,FALSE,105346688,FALSE,,FALSE,4209837,,4209837,0,TRUE,FALSE
C,A,19660101,1966,52,1966,124,CAN,Canada,X,Export,0,W00,World,0,W00,World,S1,S1,TRUE,5612,Phosphatic fertilizers and materials,4,FALSE,C00,TOTAL CPC,0,0,TOTAL MOT,-1,N/A,0,FALSE,-1,N/A,,FALSE,,FALSE,,FALSE,,2908255,2908255,0,TRUE,FALSE
C,A,19660101,1966,52,1966,140,CAF,Central African Rep.,M,Import,0,W00,World,0,W00,World,S1,S1,TRUE,5612,Phosphatic fertilizers and materials,4,FALSE,C00,TOTAL CPC,0,0,TOTAL MOT,8,kg,29851,FALSE,-1,N/A,,FALSE,29851,FALSE,,FALSE,2479,,2479,0,TRUE,FALSE
C,A,19660101,1966,52,1966,144,LKA,Sri Lanka,M,Import,0,W00,World,0,W00,World,S1,S1,TRUE,5612,Phosphatic fertilizers and materials,4,FALSE,C00,TOTAL CPC,0,0,TOTAL MOT,8,kg,7236099,FALSE,-1,N/A,,FALSE,7236099,FALSE,,FALSE,309328,,309328,0,TRUE,FALSE
C,A,19660101,1966,52,1966,148,TCD,Chad,M,Import,0,W00,World,0,W00,World,S1,S1,TRUE,5612,Phosphatic fertilizers and materials,4,FALSE,C00,TOTAL CPC,0,0,TOTAL MOT,8,kg,1185000,FALSE,-1,N/A,,FALSE,1185000,FALSE,,FALSE,102927,,102927,0,TRUE,FALSE
C,A,19660101,1966,52,1966,152,CHL,Chile,M,Import,0,W00,World,0,W00,World,S1,S1,TRUE,5612,Phosphatic fertilizers and materials,4,FALSE,C00,TOTAL CPC,0,0,TOTAL MOT,8,kg,171276528,FALSE,-1,N/A,,FALSE,171276528,FALSE,,FALSE,11642050,,11642050,0,TRUE,FALSE
C,A,19660101,1966,52,1966,170,COL,Colombia,M,Import,0,W00,World,0,W00,World,S1,S1,TRUE,5612,Phosphatic fertilizers and materials,4,FALSE,C00,TOTAL CPC,0,0,TOTAL MOT,8,kg,45464752,FALSE,-1,N/A,,FALSE,45464752,FALSE,,FALSE,1948160,,1948160,0,TRUE,FALSE
C,A,19660101,1966,52,1966,178,COG,Congo,M,Import,0,W00,World,0,W00,World,S1,S1,TRUE,5612,Phosphatic fertilizers and materials,4,FALSE,C00,TOTAL CPC,0,0,TOTAL MOT,8,kg,1275108,FALSE,-1,N/A,,FALSE,1275108,FALSE,,FALSE,85175,,85175,0,TRUE,FALSE
C,A,19660101,1966,52,1966,188,CRI,Costa Rica,M,Import,0,W00,World,0,W00,World,S1,S1,TRUE,5612,Phosphatic fertilizers and materials,4,FALSE,C00,TOTAL CPC,0,0,TOTAL MOT,8,kg,15511584,FALSE,-1,N/A,,FALSE,15511584,FALSE,,FALSE,1327916,,1327916,0,TRUE,FALSE
C,A,19660101,1966,52,1966,204,BEN,Benin,M,Import,0,W00,World,0,W00,World,S1,S1,TRUE,5612,Phosphatic fertilizers and materials,4,FALSE,C00,TOTAL CPC,0,0,TOTAL MOT,8,kg,385198,FALSE,-1,N/A,,FALSE,385198,FALSE,,FALSE,29271,,29271,0,TRUE,FALSE
C,A,19660101,1966,52,1966,204,BEN,Benin,X,Export,0,W00,World,0,W00,World,S1,S1,TRUE,5612,Phosphatic fertilizers and materials,4,FALSE,C00,TOTAL CPC,0,0,TOTAL MOT,8,kg,398,FALSE,-1,N/A,,FALSE,398,FALSE,,FALSE,,28,28,0,TRUE,FALSE
C,A,19660101,1966,52,1966,208,DNK,Denmark,M,Import,0,W00,World,0,W00,World,S1,S1,TRUE,5612,Phosphatic fertilizers and materials,4,FALSE,C00,TOTAL CPC,0,0,TOTAL MOT,8,kg,42964268,FALSE,-1,N/A,,FALSE,42964268,FALSE,,FALSE,1204352,,1204352,0,TRUE,FALSE
C,A,19660101,1966,52,1966,208,DNK,Denmark,X,Export,0,W00,World,0,W00,World,S1,S1,TRUE,5612,Phosphatic fertilizers and materials,4,FALSE,C00,TOTAL CPC,0,0,TOTAL MOT,8,kg,62396580,FALSE,-1,N/A,,FALSE,62396580,FALSE,,FALSE,,1637510,1637510,0,TRUE,FALSE
C,A,19660101,1966,52,1966,218,ECU,Ecuador,M,Import,0,W00,World,0,W00,World,S1,S1,TRUE,5612,Phosphatic fertilizers and materials,4,FALSE,C00,TOTAL CPC,0,0,TOTAL MOT,8,kg,9768875,FALSE,-1,N/A,,FALSE,9768875,FALSE,,FALSE,787000,,787000,0,TRUE,FALSE
C,A,19660101,1966,52,1966,222,SLV,El Salvador,M,Import,0,W00,World,0,W00,World,S1,S1,TRUE,5612,Phosphatic fertilizers and materials,4,FALSE,C00,TOTAL CPC,0,0,TOTAL MOT,8,kg,24085422,FALSE,-1,N/A,,FALSE,24085422,FALSE,,FALSE,1339458,,1339458,0,TRUE,FALSE
C,A,19660101,1966,52,1966,246,FIN,Finland,M,Import,0,W00,World,0,W00,World,S1,S1,TRUE,5612,Phosphatic fertilizers and materials,4,FALSE,C00,TOTAL CPC,0,0,TOTAL MOT,8,kg,12947300,FALSE,-1,N/A,,FALSE,12947300,FALSE,,FALSE,290333,,290333,0,TRUE,FALSE
C,A,19660101,1966,52,1966,246,FIN,Finland,X,Export,0,W00,World,0,W00,World,S1,S1,TRUE,5612,Phosphatic fertilizers and materials,4,FALSE,C00,TOTAL CPC,0,0,TOTAL MOT,8,kg,100276000,FALSE,-1,N/A,,FALSE,100276000,FALSE,,FALSE,,3274273,3274273,0,TRUE,FALSE
C,A,19660101,1966,52,1966,251,FRA,France,M,Import,0,W00,World,0,W00,World,S1,S1,TRUE,5612,Phosphatic fertilizers and materials,4,FALSE,C00,TOTAL CPC,0,0,TOTAL MOT,8,kg,983569216,FALSE,-1,N/A,,FALSE,983569216,FALSE,,FALSE,19970790,,19970790,0,TRUE,FALSE
C,A,19660101,1966,52,1966,251,FRA,France,X,Export,0,W00,World,0,W00,World,S1,S1,TRUE,5612,Phosphatic fertilizers and materials,4,FALSE,C00,TOTAL CPC,0,0,TOTAL MOT,8,kg,388001440,FALSE,-1,N/A,,FALSE,388001440,FALSE,,FALSE,,7954110,7954110,0,TRUE,FALSE
C,A,19660101,1966,52,1966,266,GAB,Gabon,M,Import,0,W00,World,0,W00,World,S1,S1,TRUE,5612,Phosphatic fertilizers and materials,4,FALSE,C00,TOTAL CPC,0,0,TOTAL MOT,8,kg,1562,FALSE,-1,N/A,,FALSE,1562,FALSE,,FALSE,137,,137,0,TRUE,FALSE
C,A,19660101,1966,52,1966,280,DEU,Fed. Rep. of Germany (...1990),M,Import,0,W00,World,0,W00,World,S1,S1,TRUE,5612,Phosphatic fertilizers and materials,4,FALSE,C00,TOTAL CPC,0,0,TOTAL MOT,8,kg,604418112,FALSE,-1,N/A,,TRUE,604418112,FALSE,-1,TRUE,8951000,,8951000,0,FALSE,FALSE
C,A,19660101,1966,52,1966,280,DEU,Fed. Rep. of Germany (...1990),X,Export,0,W00,World,0,W00,World,S1,S1,TRUE,5612,Phosphatic fertilizers and materials,4,FALSE,C00,TOTAL CPC,0,0,TOTAL MOT,8,kg,259502848,FALSE,-1,N/A,,TRUE,259502848,FALSE,-1,TRUE,,4378000,4378000,0,FALSE,FALSE
C,A,19660101,1966,52,1966,288,GHA,Ghana,M,Import,0,W00,World,0,W00,World,S1,S1,TRUE,5612,Phosphatic fertilizers and materials,4,FALSE,C00,TOTAL CPC,0,0,TOTAL MOT,8,kg,2000,FALSE,-1,N/A,,FALSE,2000,FALSE,,FALSE,844,,844,0,TRUE,FALSE
C,A,19660101,1966,52,1966,300,GRC,Greece,M,Import,0,W00,World,0,W00,World,S1,S1,TRUE,5612,Phosphatic fertilizers and materials,4,FALSE,C00,TOTAL CPC,0,0,TOTAL MOT,8,kg,21026604,FALSE,-1,N/A,,FALSE,21026604,FALSE,,FALSE,1557872,,1557872,0,TRUE,FALSE
C,A,19660101,1966,52,1966,300,GRC,Greece,X,Export,0,W00,World,0,W00,World,S1,S1,TRUE,5612,Phosphatic fertilizers and materials,4,FALSE,C00,TOTAL CPC,0,0,TOTAL MOT,8,kg,10397268,FALSE,-1,N/A,,FALSE,10397268,FALSE,,FALSE,,268421,268421,0,TRUE,FALSE
C,A,19660101,1966,52,1966,312,GLP,Guadeloupe (Overseas France),M,Import,0,W00,World,0,W00,World,S1,S1,TRUE,5612,Phosphatic fertilizers and materials,4,FALSE,C00,TOTAL CPC,0,0,TOTAL MOT,8,kg,476659,FALSE,-1,N/A,,FALSE,476659,FALSE,,FALSE,22562,,22562,0,TRUE,FALSE
C,A,19660101,1966,52,1966,320,GTM,Guatemala,M,Import,0,W00,World,0,W00,World,S1,S1,TRUE,5612,Phosphatic fertilizers and materials,4,FALSE,C00,TOTAL CPC,0,0,TOTAL MOT,8,kg,83607,FALSE,-1,N/A,,FALSE,83607,FALSE,,FALSE,39207,,39207,0,TRUE,FALSE
C,A,19660101,1966,52,1966,340,HND,Honduras,M,Import,0,W00,World,0,W00,World,S1,S1,TRUE,5612,Phosphatic fertilizers and materials,4,FALSE,C00,TOTAL CPC,0,0,TOTAL MOT,8,kg,2077462,FALSE,-1,N/A,,FALSE,2077462,FALSE,,FALSE,263448,,263448,0,TRUE,FALSE
C,A,19660101,1966,52,1966,344,HKG,"China, Hong Kong SAR",M,Import,0,W00,World,0,W00,World,S1,S1,TRUE,5612,Phosphatic fertilizers and materials,4,FALSE,C00,TOTAL CPC,0,0,TOTAL MOT,8,kg,84765,FALSE,-1,N/A,,FALSE,84765,FALSE,,FALSE,4302,,4302,0,TRUE,FALSE
C,A,19660101,1966,52,1966,344,HKG,"China, Hong Kong SAR",X,Export,0,W00,World,0,W00,World,S1,S1,TRUE,5612,Phosphatic fertilizers and materials,4,FALSE,C00,TOTAL CPC,0,0,TOTAL MOT,8,kg,76203,FALSE,-1,N/A,,FALSE,76203,FALSE,,FALSE,,2165,2165,0,TRUE,FALSE
C,A,19660101,1966,52,1966,352,ISL,Iceland,M,Import,0,W00,World,0,W00,World,S1,S1,TRUE,5612,Phosphatic fertilizers and materials,4,FALSE,C00,TOTAL CPC,0,0,TOTAL MOT,8,kg,10447625,FALSE,-1,N/A,,FALSE,10447625,FALSE,,FALSE,826795,,826795,0,TRUE,FALSE
C,A,19660101,1966,52,1966,356,IND,India (...1974),M,Import,0,W00,World,0,W00,World,S1,S1,TRUE,5612,Phosphatic fertilizers and materials,4,FALSE,C00,TOTAL CPC,0,0,TOTAL MOT,8,kg,8793000,FALSE,-1,N/A,,FALSE,8793000,FALSE,,FALSE,580972,,580972,0,TRUE,FALSE
C,A,19660101,1966,52,1966,364,IRN,Iran,M,Import,0,W00,World,0,W00,World,S1,S1,TRUE,5612,Phosphatic fertilizers and materials,4,FALSE,C00,TOTAL CPC,0,0,TOTAL MOT,8,kg,20851464,FALSE,-1,N/A,,FALSE,20851464,FALSE,,FALSE,1937108,,1937108,0,TRUE,FALSE
C,A,19660101,1966,52,1966,372,IRL,Ireland,M,Import,0,W00,World,0,W00,World,S1,S1,TRUE,5612,Phosphatic fertilizers and materials,4,FALSE,C00,TOTAL CPC,0,0,TOTAL MOT,8,kg,98790288,FALSE,-1,N/A,,FALSE,98790288,FALSE,,FALSE,2755720,,2755720,0,TRUE,FALSE
C,A,19660101,1966,52,1966,376,ISR,Israel,X,Export,0,W00,World,0,W00,World,S1,S1,TRUE,5612,Phosphatic fertilizers and materials,4,FALSE,C00,TOTAL CPC,0,0,TOTAL MOT,8,kg,1500000,FALSE,-1,N/A,,FALSE,1500000,FALSE,,FALSE,,107044,107044,0,TRUE,FALSE
C,A,19660101,1966,52,1966,380,ITA,Italy,M,Import,0,W00,World,0,W00,World,S1,S1,TRUE,5612,Phosphatic fertilizers and materials,4,FALSE,C00,TOTAL CPC,0,0,TOTAL MOT,8,kg,155455552,FALSE,-1,N/A,,TRUE,155455552,FALSE,-1,TRUE,5767767,,5767767,0,FALSE,FALSE
C,A,19660101,1966,52,1966,380,ITA,Italy,X,Export,0,W00,World,0,W00,World,S1,S1,TRUE,5612,Phosphatic fertilizers and materials,4,FALSE,C00,TOTAL CPC,0,0,TOTAL MOT,8,kg,2289384,FALSE,-1,N/A,,TRUE,2289384,FALSE,-1,TRUE,,95941,95941,0,FALSE,FALSE
C,A,19660101,1966,52,1966,384,CIV,CÙte d'Ivoire,M,Import,0,W00,World,0,W00,World,S1,S1,TRUE,5612,Phosphatic fertilizers and materials,4,FALSE,C00,TOTAL CPC,0,0,TOTAL MOT,8,kg,4038069,FALSE,-1,N/A,,FALSE,4038069,FALSE,,FALSE,222243,,222243,0,TRUE,FALSE
C,A,19660101,1966,52,1966,384,CIV,CÙte d'Ivoire,X,Export,0,W00,World,0,W00,World,S1,S1,TRUE,5612,Phosphatic fertilizers and materials,4,FALSE,C00,TOTAL CPC,0,0,TOTAL MOT,8,kg,42729,FALSE,-1,N/A,,FALSE,42729,FALSE,,FALSE,,3873,3873,0,TRUE,FALSE
C,A,19660101,1966,52,1966,392,JPN,Japan,M,Import,0,W00,World,0,W00,World,S1,S1,TRUE,5612,Phosphatic fertilizers and materials,4,FALSE,C00,TOTAL CPC,0,0,TOTAL MOT,8,kg,4448000,FALSE,-1,N/A,,FALSE,4448000,FALSE,,FALSE,289653,,289653,0,TRUE,FALSE
C,A,19660101,1966,52,1966,392,JPN,Japan,X,Export,0,W00,World,0,W00,World,S1,S1,TRUE,5612,Phosphatic fertilizers and materials,4,FALSE,C00,TOTAL CPC,0,0,TOTAL MOT,8,kg,37970000,FALSE,-1,N/A,,FALSE,37970000,FALSE,,FALSE,,2204717,2204717,0,TRUE,FALSE
C,A,19660101,1966,52,1966,400,JOR,Jordan,M,Import,0,W00,World,0,W00,World,S1,S1,TRUE,5612,Phosphatic fertilizers and materials,4,FALSE,C00,TOTAL CPC,0,0,TOTAL MOT,8,kg,5106574,FALSE,-1,N/A,,FALSE,5106574,FALSE,,FALSE,211838,,211838,0,TRUE,FALSE
C,A,19660101,1966,52,1966,400,JOR,Jordan,X,Export,0,W00,World,0,W00,World,S1,S1,TRUE,5612,Phosphatic fertilizers and materials,4,FALSE,C00,TOTAL CPC,0,0,TOTAL MOT,8,kg,3000,FALSE,-1,N/A,,FALSE,3000,FALSE,,FALSE,,139,139,0,TRUE,FALSE
C,A,19660101,1966,52,1966,410,KOR,Rep. of Korea,M,Import,0,W00,World,0,W00,World,S1,S1,TRUE,5612,Phosphatic fertilizers and materials,4,FALSE,C00,TOTAL CPC,0,0,TOTAL MOT,8,kg,339045696,FALSE,-1,N/A,,FALSE,339045696,FALSE,,FALSE,34773372,,34773372,0,TRUE,FALSE
C,A,19660101,1966,52,1966,410,KOR,Rep. of Korea,X,Export,0,W00,World,0,W00,World,S1,S1,TRUE,5612,Phosphatic fertilizers and materials,4,FALSE,C00,TOTAL CPC,0,0,TOTAL MOT,8,kg,78,FALSE,-1,N/A,,FALSE,78,FALSE,,FALSE,,5,5,0,TRUE,FALSE
C,A,19660101,1966,52,1966,418,LAO,Lao People's Dem. Rep.,M,Import,0,W00,World,0,W00,World,S1,S1,TRUE,5612,Phosphatic fertilizers and materials,4,FALSE,C00,TOTAL CPC,0,0,TOTAL MOT,8,kg,18062,FALSE,-1,N/A,,FALSE,18062,FALSE,,FALSE,3790,,3790,0,TRUE,FALSE
C,A,19660101,1966,52,1966,450,MDG,Madagascar,M,Import,0,W00,World,0,W00,World,S1,S1,TRUE,5612,Phosphatic fertilizers and materials,4,FALSE,C00,TOTAL CPC,0,0,TOTAL MOT,8,kg,511187,FALSE,-1,N/A,,FALSE,511187,FALSE,,FALSE,36588,,36588,0,TRUE,FALSE
C,A,19660101,1966,52,1966,454,MWI,Malawi,M,Import,0,W00,World,0,W00,World,S1,S1,TRUE,5612,Phosphatic fertilizers and materials,4,FALSE,C00,TOTAL CPC,0,0,TOTAL MOT,8,kg,30863,FALSE,-1,N/A,,FALSE,30863,FALSE,,FALSE,5500,,5500,0,TRUE,FALSE
C,A,19660101,1966,52,1966,458,MYS,Malaysia,M,Import,0,W00,World,0,W00,World,S1,S1,TRUE,5612,Phosphatic fertilizers and materials,4,FALSE,C00,TOTAL CPC,0,0,TOTAL MOT,8,kg,8718947,FALSE,-1,N/A,,FALSE,8718947,FALSE,,FALSE,527231,,527231,0,TRUE,FALSE
C,A,19660101,1966,52,1966,458,MYS,Malaysia,X,Export,0,W00,World,0,W00,World,S1,S1,TRUE,5612,Phosphatic fertilizers and materials,4,FALSE,C00,TOTAL CPC,0,0,TOTAL MOT,8,kg,5812,FALSE,-1,N/A,,FALSE,5812,FALSE,,FALSE,,252,252,0,TRUE,FALSE
C,A,19660101,1966,52,1966,466,MLI,Mali,M,Import,0,W00,World,0,W00,World,S1,S1,TRUE,5612,Phosphatic fertilizers and materials,4,FALSE,C00,TOTAL CPC,0,0,TOTAL MOT,8,kg,45000,FALSE,-1,N/A,,FALSE,45000,FALSE,,FALSE,5704,,5704,0,TRUE,FALSE
C,A,19660101,1966,52,1966,470,MLT,Malta,M,Import,0,W00,World,0,W00,World,S1,S1,TRUE,5612,Phosphatic fertilizers and materials,4,FALSE,C00,TOTAL CPC,0,0,TOTAL MOT,8,kg,24024,FALSE,-1,N/A,,FALSE,24024,FALSE,,FALSE,2353,,2353,0,TRUE,FALSE
C,A,19660101,1966,52,1966,474,MTQ,Martinique (Overseas France),M,Import,0,W00,World,0,W00,World,S1,S1,TRUE,5612,Phosphatic fertilizers and materials,4,FALSE,C00,TOTAL CPC,0,0,TOTAL MOT,8,kg,1036374,FALSE,-1,N/A,,FALSE,1036374,FALSE,,FALSE,79919,,79919,0,TRUE,FALSE
C,A,19660101,1966,52,1966,484,MEX,Mexico,M,Import,0,W00,World,0,W00,World,S1,S1,TRUE,5612,Phosphatic fertilizers and materials,4,FALSE,C00,TOTAL CPC,0,0,TOTAL MOT,8,kg,52146,FALSE,-1,N/A,,FALSE,52146,FALSE,,FALSE,5100,,5100,0,TRUE,FALSE
C,A,19660101,1966,52,1966,484,MEX,Mexico,X,Export,0,W00,World,0,W00,World,S1,S1,TRUE,5612,Phosphatic fertilizers and materials,4,FALSE,C00,TOTAL CPC,0,0,TOTAL MOT,8,kg,642296,FALSE,-1,N/A,,FALSE,642296,FALSE,,FALSE,,332849,332849,0,TRUE,FALSE
C,A,19660101,1966,52,1966,504,MAR,Morocco,X,Export,0,W00,World,0,W00,World,S1,S1,TRUE,5612,Phosphatic fertilizers and materials,4,FALSE,C00,TOTAL CPC,0,0,TOTAL MOT,8,kg,139051328,FALSE,-1,N/A,,FALSE,139051328,FALSE,,FALSE,,7813732,7813732,0,TRUE,FALSE
C,A,19660101,1966,52,1966,528,NLD,Netherlands,M,Import,0,W00,World,0,W00,World,S1,S1,TRUE,5612,Phosphatic fertilizers and materials,4,FALSE,C00,TOTAL CPC,0,0,TOTAL MOT,8,kg,216137936,FALSE,-1,N/A,,FALSE,216137936,FALSE,,FALSE,3789708,,3789708,0,TRUE,FALSE
C,A,19660101,1966,52,1966,528,NLD,Netherlands,X,Export,0,W00,World,0,W00,World,S1,S1,TRUE,5612,Phosphatic fertilizers and materials,4,FALSE,C00,TOTAL CPC,0,0,TOTAL MOT,8,kg,294996448,FALSE,-1,N/A,,FALSE,294996448,FALSE,,FALSE,,14722280,14722280,0,TRUE,FALSE
C,A,19660101,1966,52,1966,532,ANT,Netherlands Antilles and Aruba (...1985),M,Import,0,W00,World,0,W00,World,S1,S1,TRUE,5612,Phosphatic fertilizers and materials,4,FALSE,C00,TOTAL CPC,0,0,TOTAL MOT,8,kg,4000,FALSE,-1,N/A,,FALSE,4000,FALSE,,FALSE,1060,,1060,0,TRUE,FALSE
C,A,19660101,1966,52,1966,554,NZL,New Zealand,M,Import,0,W00,World,0,W00,World,S1,S1,TRUE,5612,Phosphatic fertilizers and materials,4,FALSE,C00,TOTAL CPC,0,0,TOTAL MOT,8,kg,26647872,FALSE,-1,N/A,,FALSE,26647872,FALSE,,FALSE,1452496,,1452496,0,TRUE,FALSE
C,A,19660101,1966,52,1966,554,NZL,New Zealand,X,Export,0,W00,World,0,W00,World,S1,S1,TRUE,5612,Phosphatic fertilizers and materials,4,FALSE,C00,TOTAL CPC,0,0,TOTAL MOT,8,kg,617761,FALSE,-1,N/A,,FALSE,617761,FALSE,,FALSE,,15357,15357,0,TRUE,FALSE
C,A,19660101,1966,52,1966,558,NIC,Nicaragua,M,Import,0,W00,World,0,W00,World,S1,S1,TRUE,5612,Phosphatic fertilizers and materials,4,FALSE,C00,TOTAL CPC,0,0,TOTAL MOT,8,kg,14905104,FALSE,-1,N/A,,FALSE,14905104,FALSE,,FALSE,1442065,,1442065,0,TRUE,FALSE
C,A,19660101,1966,52,1966,562,NER,Niger,M,Import,0,W00,World,0,W00,World,S1,S1,TRUE,5612,Phosphatic fertilizers and materials,4,FALSE,C00,TOTAL CPC,0,0,TOTAL MOT,8,kg,25062,FALSE,-1,N/A,,FALSE,25062,FALSE,,FALSE,4227,,4227,0,TRUE,FALSE
C,A,19660101,1966,52,1966,566,NGA,Nigeria,M,Import,0,W00,World,0,W00,World,S1,S1,TRUE,5612,Phosphatic fertilizers and materials,4,FALSE,C00,TOTAL CPC,0,0,TOTAL MOT,8,kg,16280146,FALSE,-1,N/A,,FALSE,16280146,FALSE,,FALSE,879209,,879209,0,TRUE,FALSE
C,A,19660101,1966,52,1966,579,NOR,Norway,M,Import,0,W00,World,0,W00,World,S1,S1,TRUE,5612,Phosphatic fertilizers and materials,4,FALSE,C00,TOTAL CPC,0,0,TOTAL MOT,8,kg,7832495,FALSE,-1,N/A,,FALSE,7832495,FALSE,,FALSE,243417,,243417,0,TRUE,FALSE
C,A,19660101,1966,52,1966,579,NOR,Norway,X,Export,0,W00,World,0,W00,World,S1,S1,TRUE,5612,Phosphatic fertilizers and materials,4,FALSE,C00,TOTAL CPC,0,0,TOTAL MOT,8,kg,6306625,FALSE,-1,N/A,,FALSE,6306625,FALSE,,FALSE,,380165,380165,0,TRUE,FALSE
C,A,19660101,1966,52,1966,588,PAK,East and West Pakistan (...1971),M,Import,0,W00,World,0,W00,World,S1,S1,TRUE,5612,Phosphatic fertilizers and materials,4,FALSE,C00,TOTAL CPC,0,0,TOTAL MOT,-1,N/A,0,FALSE,-1,N/A,,FALSE,,FALSE,,FALSE,6143468,,6143468,0,TRUE,FALSE
C,A,19660101,1966,52,1966,590,PAN,"Panama, excl.Canal Zone (...1977)",M,Import,0,W00,World,0,W00,World,S1,S1,TRUE,5612,Phosphatic fertilizers and materials,4,FALSE,C00,TOTAL CPC,0,0,TOTAL MOT,8,kg,3789456,FALSE,-1,N/A,,FALSE,3789456,FALSE,,FALSE,392740,,392740,0,TRUE,FALSE
C,A,19660101,1966,52,1966,604,PER,Peru,M,Import,0,W00,World,0,W00,World,S1,S1,TRUE,5612,Phosphatic fertilizers and materials,4,FALSE,C00,TOTAL CPC,0,0,TOTAL MOT,8,kg,224398,FALSE,-1,N/A,,FALSE,224398,FALSE,,FALSE,25399,,25399,0,TRUE,FALSE
C,A,19660101,1966,52,1966,608,PHL,Philippines,M,Import,0,W00,World,0,W00,World,S1,S1,TRUE,5612,Phosphatic fertilizers and materials,4,FALSE,C00,TOTAL CPC,0,0,TOTAL MOT,8,kg,2059206,FALSE,-1,N/A,,FALSE,2059206,FALSE,,FALSE,112175,,112175,0,TRUE,FALSE
C,A,19660101,1966,52,1966,620,PRT,Portugal,M,Import,0,W00,World,0,W00,World,S1,S1,TRUE,5612,Phosphatic fertilizers and materials,4,FALSE,C00,TOTAL CPC,0,0,TOTAL MOT,8,kg,11156480,FALSE,-1,N/A,,FALSE,11156480,FALSE,,FALSE,359645,,359645,0,TRUE,FALSE
C,A,19660101,1966,52,1966,620,PRT,Portugal,X,Export,0,W00,World,0,W00,World,S1,S1,TRUE,5612,Phosphatic fertilizers and materials,4,FALSE,C00,TOTAL CPC,0,0,TOTAL MOT,8,kg,65024968,FALSE,-1,N/A,,FALSE,65024968,FALSE,,FALSE,,2962969,2962969,0,TRUE,FALSE
C,A,19660101,1966,52,1966,638,REU,RÈunion (Overseas France),M,Import,0,W00,World,0,W00,World,S1,S1,TRUE,5612,Phosphatic fertilizers and materials,4,FALSE,C00,TOTAL CPC,0,0,TOTAL MOT,8,kg,286948,FALSE,-1,N/A,,TRUE,286948,FALSE,-1,TRUE,22069,,22069,0,FALSE,FALSE
C,A,19660101,1966,52,1966,686,SEN,Senegal,M,Import,0,W00,World,0,W00,World,S1,S1,TRUE,5612,Phosphatic fertilizers and materials,4,FALSE,C00,TOTAL CPC,0,0,TOTAL MOT,8,kg,6581273,FALSE,-1,N/A,,FALSE,6581273,FALSE,,FALSE,539660,,539660,0,TRUE,FALSE
C,A,19660101,1966,52,1966,686,SEN,Senegal,X,Export,0,W00,World,0,W00,World,S1,S1,TRUE,5612,Phosphatic fertilizers and materials,4,FALSE,C00,TOTAL CPC,0,0,TOTAL MOT,8,kg,21811398,FALSE,-1,N/A,,FALSE,21811398,FALSE,,FALSE,,560122,560122,0,TRUE,FALSE
C,A,19660101,1966,52,1966,702,SGP,Singapore,M,Import,0,W00,World,0,W00,World,S1,S1,TRUE,5612,Phosphatic fertilizers and materials,4,FALSE,C00,TOTAL CPC,0,0,TOTAL MOT,8,kg,3453769,FALSE,-1,N/A,,FALSE,3453769,FALSE,,FALSE,181594,,181594,0,TRUE,FALSE
C,A,19660101,1966,52,1966,702,SGP,Singapore,X,Export,0,W00,World,0,W00,World,S1,S1,TRUE,5612,Phosphatic fertilizers and materials,4,FALSE,C00,TOTAL CPC,0,0,TOTAL MOT,8,kg,2998000,FALSE,-1,N/A,,FALSE,2998000,FALSE,,FALSE,,208158,208158,0,TRUE,FALSE
C,A,19660101,1966,52,1966,724,ESP,Spain,M,Import,0,W00,World,0,W00,World,S1,S1,TRUE,5612,Phosphatic fertilizers and materials,4,FALSE,C00,TOTAL CPC,0,0,TOTAL MOT,8,kg,47691020,FALSE,-1,N/A,,FALSE,47691020,FALSE,,FALSE,1634165,,1634165,0,TRUE,FALSE
C,A,19660101,1966,52,1966,724,ESP,Spain,X,Export,0,W00,World,0,W00,World,S1,S1,TRUE,5612,Phosphatic fertilizers and materials,4,FALSE,C00,TOTAL CPC,0,0,TOTAL MOT,8,kg,66447632,FALSE,-1,N/A,,FALSE,66447632,FALSE,,FALSE,,1583220,1583220,0,TRUE,FALSE
C,A,19660101,1966,52,1966,736,SDN,Sudan (...2011),M,Import,0,W00,World,0,W00,World,S1,S1,TRUE,5612,Phosphatic fertilizers and materials,4,FALSE,C00,TOTAL CPC,0,0,TOTAL MOT,8,kg,164000,FALSE,-1,N/A,,FALSE,164000,FALSE,,FALSE,15530,,15530,0,TRUE,FALSE
C,A,19660101,1966,52,1966,752,SWE,Sweden,M,Import,0,W00,World,0,W00,World,S1,S1,TRUE,5612,Phosphatic fertilizers and materials,4,FALSE,C00,TOTAL CPC,0,0,TOTAL MOT,8,kg,18569000,FALSE,-1,N/A,,FALSE,18569000,FALSE,,FALSE,1326396,,1326396,0,TRUE,FALSE
C,A,19660101,1966,52,1966,752,SWE,Sweden,X,Export,0,W00,World,0,W00,World,S1,S1,TRUE,5612,Phosphatic fertilizers and materials,4,FALSE,C00,TOTAL CPC,0,0,TOTAL MOT,8,kg,22025000,FALSE,-1,N/A,,FALSE,22025000,FALSE,,FALSE,,374191,374191,0,TRUE,FALSE
C,A,19660101,1966,52,1966,757,CHE,Switzerland,M,Import,0,W00,World,0,W00,World,S1,S1,TRUE,5612,Phosphatic fertilizers and materials,4,FALSE,C00,TOTAL CPC,0,0,TOTAL MOT,8,kg,209149088,FALSE,-1,N/A,,FALSE,209149088,FALSE,,FALSE,5244409,,5244409,0,TRUE,FALSE
C,A,19660101,1966,52,1966,757,CHE,Switzerland,X,Export,0,W00,World,0,W00,World,S1,S1,TRUE,5612,Phosphatic fertilizers and materials,4,FALSE,C00,TOTAL CPC,0,0,TOTAL MOT,8,kg,29890,FALSE,-1,N/A,,FALSE,29890,FALSE,,FALSE,,358,358,0,TRUE,FALSE
C,A,19660101,1966,52,1966,764,THA,Thailand,M,Import,0,W00,World,0,W00,World,S1,S1,TRUE,5612,Phosphatic fertilizers and materials,4,FALSE,C00,TOTAL CPC,0,0,TOTAL MOT,8,kg,4740762,FALSE,-1,N/A,,FALSE,4740762,FALSE,,FALSE,305489,,305489,0,TRUE,FALSE
C,A,19660101,1966,52,1966,768,TGO,Togo,M,Import,0,W00,World,0,W00,World,S1,S1,TRUE,5612,Phosphatic fertilizers and materials,4,FALSE,C00,TOTAL CPC,0,0,TOTAL MOT,8,kg,40424,FALSE,-1,N/A,,FALSE,40424,FALSE,,FALSE,5678,,5678,0,TRUE,FALSE
C,A,19660101,1966,52,1966,788,TUN,Tunisia,M,Import,0,W00,World,0,W00,World,S1,S1,TRUE,5612,Phosphatic fertilizers and materials,4,FALSE,C00,TOTAL CPC,0,0,TOTAL MOT,8,kg,440,FALSE,-1,N/A,,FALSE,440,FALSE,,FALSE,1759,,1759,0,TRUE,FALSE
C,A,19660101,1966,52,1966,788,TUN,Tunisia,X,Export,0,W00,World,0,W00,World,S1,S1,TRUE,5612,Phosphatic fertilizers and materials,4,FALSE,C00,TOTAL CPC,0,0,TOTAL MOT,8,kg,169335456,FALSE,-1,N/A,,FALSE,169335456,FALSE,,FALSE,,10018683,10018683,0,TRUE,FALSE
C,A,19660101,1966,52,1966,792,TUR,TÅEkiye,M,Import,0,W00,World,0,W00,World,S1,S1,TRUE,5612,Phosphatic fertilizers and materials,4,FALSE,C00,TOTAL CPC,0,0,TOTAL MOT,8,kg,276507008,FALSE,-1,N/A,,FALSE,276507008,FALSE,,FALSE,15306588,,15306588,0,TRUE,FALSE
C,A,19660101,1966,52,1966,818,EGY,Egypt,M,Import,0,W00,World,0,W00,World,S1,S1,TRUE,5612,Phosphatic fertilizers and materials,4,FALSE,C00,TOTAL CPC,0,0,TOTAL MOT,8,kg,58212088,FALSE,-1,N/A,,FALSE,58212088,FALSE,,FALSE,1451109,,1451109,0,TRUE,FALSE
C,A,19660101,1966,52,1966,818,EGY,Egypt,X,Export,0,W00,World,0,W00,World,S1,S1,TRUE,5612,Phosphatic fertilizers and materials,4,FALSE,C00,TOTAL CPC,0,0,TOTAL MOT,8,kg,38067016,FALSE,-1,N/A,,FALSE,38067016,FALSE,,FALSE,,837198,837198,0,TRUE,FALSE
C,A,19660101,1966,52,1966,826,GBR,United Kingdom,M,Import,0,W00,World,0,W00,World,S1,S1,TRUE,5612,Phosphatic fertilizers and materials,4,FALSE,C00,TOTAL CPC,0,0,TOTAL MOT,8,kg,46052320,FALSE,-1,N/A,,FALSE,46052320,FALSE,,FALSE,1143776,,1143776,0,TRUE,FALSE
C,A,19660101,1966,52,1966,826,GBR,United Kingdom,X,Export,0,W00,World,0,W00,World,S1,S1,TRUE,5612,Phosphatic fertilizers and materials,4,FALSE,C00,TOTAL CPC,0,0,TOTAL MOT,8,kg,44912420,FALSE,-1,N/A,,FALSE,44912420,FALSE,,FALSE,,1227650,1227650,0,TRUE,FALSE
C,A,19660101,1966,52,1966,841,USA,USA and Puerto Rico (...1980),M,Import,0,W00,World,0,W00,World,S1,S1,TRUE,5612,Phosphatic fertilizers and materials,4,FALSE,C00,TOTAL CPC,0,0,TOTAL MOT,8,kg,60494673,FALSE,-1,N/A,,FALSE,60494673,FALSE,,FALSE,3743945,,3743945,0,TRUE,FALSE
C,A,19660101,1966,52,1966,841,USA,USA and Puerto Rico (...1980),X,Export,0,W00,World,0,W00,World,S1,S1,TRUE,5612,Phosphatic fertilizers and materials,4,FALSE,C00,TOTAL CPC,0,0,TOTAL MOT,8,kg,692244684,FALSE,-1,N/A,,FALSE,692244684,FALSE,,FALSE,,40704688,40704688,0,TRUE,FALSE
C,A,19660101,1966,52,1966,854,BFA,Burkina Faso,M,Import,0,W00,World,0,W00,World,S1,S1,TRUE,5612,Phosphatic fertilizers and materials,4,FALSE,C00,TOTAL CPC,0,0,TOTAL MOT,8,kg,361261,FALSE,-1,N/A,,FALSE,361261,FALSE,,FALSE,29494,,29494,0,TRUE,FALSE
C,A,19660101,1966,52,1966,862,VEN,Venezuela,M,Import,0,W00,World,0,W00,World,S1,S1,TRUE,5612,Phosphatic fertilizers and materials,4,FALSE,C00,TOTAL CPC,0,0,TOTAL MOT,8,kg,5329000,FALSE,-1,N/A,,FALSE,5329000,FALSE,,FALSE,300100,,300100,0,TRUE,FALSE
C,A,19660101,1966,52,1966,868,VNM,Rep. of Vietnam (...1974),M,Import,0,W00,World,0,W00,World,S1,S1,TRUE,5612,Phosphatic fertilizers and materials,4,FALSE,C00,TOTAL CPC,0,0,TOTAL MOT,8,kg,6865041,FALSE,-1,N/A,,FALSE,6865041,FALSE,,FALSE,308076,,308076,0,TRUE,FALSE
C,A,19660101,1966,52,1966,890,YUG,Yugoslavia (...1991),M,Import,0,W00,World,0,W00,World,S1,S1,TRUE,5612,Phosphatic fertilizers and materials,4,FALSE,C00,TOTAL CPC,0,0,TOTAL MOT,8,kg,11303000,FALSE,-1,N/A,,FALSE,11303000,FALSE,,FALSE,264262,,264262,0,TRUE,FALSE
C,A,19660101,1966,52,1966,890,YUG,Yugoslavia (...1991),X,Export,0,W00,World,0,W00,World,S1,S1,TRUE,5612,Phosphatic fertilizers and materials,4,FALSE,C00,TOTAL CPC,0,0,TOTAL MOT,8,kg,354481248,FALSE,-1,N/A,,FALSE,354481248,FALSE,,FALSE,,8258701,8258701,0,TRUE,FALSE
C,A,19660101,1966,52,1966,894,ZMB,Zambia,M,Import,0,W00,World,0,W00,World,S1,S1,TRUE,5612,Phosphatic fertilizers and materials,4,FALSE,C00,TOTAL CPC,0,0,TOTAL MOT,8,kg,1795112,FALSE,-1,N/A,,FALSE,1795112,FALSE,,FALSE,163269,,163269,0,TRUE,FALSE
C,A,19670101,1967,52,1967,32,ARG,Argentina,M,Import,0,W00,World,0,W00,World,S1,S1,TRUE,5612,Phosphatic fertilizers and materials,4,FALSE,C00,TOTAL CPC,0,0,TOTAL MOT,8,kg,7727221,FALSE,-1,N/A,,FALSE,7727221,FALSE,,FALSE,537810,,537810,0,TRUE,FALSE
C,A,19670101,1967,52,1967,32,ARG,Argentina,X,Export,0,W00,World,0,W00,World,S1,S1,TRUE,5612,Phosphatic fertilizers and materials,4,FALSE,C00,TOTAL CPC,0,0,TOTAL MOT,8,kg,99250,FALSE,-1,N/A,,FALSE,99250,FALSE,,FALSE,,5028,5028,0,TRUE,FALSE
C,A,19670101,1967,52,1967,36,AUS,Australia,M,Import,0,W00,World,0,W00,World,S1,S1,TRUE,5612,Phosphatic fertilizers and materials,4,FALSE,C00,TOTAL CPC,0,0,TOTAL MOT,8,kg,65062,FALSE,-1,N/A,,FALSE,65062,FALSE,,FALSE,,4730,4730,0,TRUE,FALSE
C,A,19670101,1967,52,1967,52,BRB,Barbados,M,Import,0,W00,World,0,W00,World,S1,S1,TRUE,5612,Phosphatic fertilizers and materials,4,FALSE,C00,TOTAL CPC,0,0,TOTAL MOT,8,kg,146288,FALSE,-1,N/A,,FALSE,146288,FALSE,,FALSE,10889,,10889,0,TRUE,FALSE
C,A,19670101,1967,52,1967,58,BEL,Belgium-Luxembourg (...1998),M,Import,0,W00,World,0,W00,World,S1,S1,TRUE,5612,Phosphatic fertilizers and materials,4,FALSE,C00,TOTAL CPC,0,0,TOTAL MOT,8,kg,1001749,FALSE,-1,N/A,,FALSE,1001749,FALSE,,FALSE,43379,,43379,0,TRUE,FALSE
C,A,19670101,1967,52,1967,58,BEL,Belgium-Luxembourg (...1998),X,Export,0,W00,World,0,W00,World,S1,S1,TRUE,5612,Phosphatic fertilizers and materials,4,FALSE,C00,TOTAL CPC,0,0,TOTAL MOT,8,kg,1951506560,FALSE,-1,N/A,,FALSE,1951506560,FALSE,,FALSE,,33993964,33993964,0,TRUE,FALSE
C,A,19670101,1967,52,1967,68,BOL,Bolivia (Plurinational State of),M,Import,0,W00,World,0,W00,World,S1,S1,TRUE,5612,Phosphatic fertilizers and materials,4,FALSE,C00,TOTAL CPC,0,0,TOTAL MOT,8,kg,1817694,FALSE,-1,N/A,,FALSE,1817694,FALSE,,FALSE,192000,,192000,0,TRUE,FALSE
C,A,19670101,1967,52,1967,76,BRA,Brazil,M,Import,0,W00,World,0,W00,World,S1,S1,TRUE,5612,Phosphatic fertilizers and materials,4,FALSE,C00,TOTAL CPC,0,0,TOTAL MOT,8,kg,175621152,FALSE,-1,N/A,,FALSE,175621152,FALSE,,FALSE,10498483,,10498483,0,TRUE,FALSE
C,A,19670101,1967,52,1967,96,BRN,Brunei Darussalam,M,Import,0,W00,World,0,W00,World,S1,S1,TRUE,5612,Phosphatic fertilizers and materials,4,FALSE,C00,TOTAL CPC,0,0,TOTAL MOT,-1,N/A,0,FALSE,-1,N/A,,FALSE,,FALSE,,FALSE,115,,115,0,TRUE,FALSE
C,A,19670101,1967,52,1967,104,MMR,Myanmar,M,Import,0,W00,World,0,W00,World,S1,S1,TRUE,5612,Phosphatic fertilizers and materials,4,FALSE,C00,TOTAL CPC,0,0,TOTAL MOT,8,kg,660437,FALSE,-1,N/A,,FALSE,660437,FALSE,,FALSE,46153,,46153,0,TRUE,FALSE
C,A,19670101,1967,52,1967,116,KHM,Cambodia,M,Import,0,W00,World,0,W00,World,S1,S1,TRUE,5612,Phosphatic fertilizers and materials,4,FALSE,C00,TOTAL CPC,0,0,TOTAL MOT,8,kg,44875,FALSE,-1,N/A,,FALSE,44875,FALSE,,FALSE,7720,,7720,0,TRUE,FALSE
C,A,19670101,1967,52,1967,120,CMR,Cameroon,M,Import,0,W00,World,0,W00,World,S1,S1,TRUE,5612,Phosphatic fertilizers and materials,4,FALSE,C00,TOTAL CPC,0,0,TOTAL MOT,8,kg,700562,FALSE,-1,N/A,,FALSE,700562,FALSE,,FALSE,48424,,48424,0,TRUE,FALSE
C,A,19670101,1967,52,1967,120,CMR,Cameroon,X,Export,0,W00,World,0,W00,World,S1,S1,TRUE,5612,Phosphatic fertilizers and materials,4,FALSE,C00,TOTAL CPC,0,0,TOTAL MOT,8,kg,0,FALSE,-1,N/A,,FALSE,,FALSE,,FALSE,,3,3,0,TRUE,FALSE
C,A,19670101,1967,52,1967,124,CAN,Canada,M,Import,0,W00,World,0,W00,World,S1,S1,TRUE,5612,Phosphatic fertilizers and materials,4,FALSE,C00,TOTAL CPC,0,0,TOTAL MOT,8,kg,74672560,FALSE,-1,N/A,,FALSE,74672560,FALSE,,FALSE,,3189594,3189594,0,TRUE,FALSE
C,A,19670101,1967,52,1967,124,CAN,Canada,X,Export,0,W00,World,0,W00,World,S1,S1,TRUE,5612,Phosphatic fertilizers and materials,4,FALSE,C00,TOTAL CPC,0,0,TOTAL MOT,-1,N/A,0,FALSE,-1,N/A,,FALSE,,FALSE,,FALSE,,3525092,3525092,0,TRUE,FALSE
C,A,19670101,1967,52,1967,140,CAF,Central African Rep.,M,Import,0,W00,World,0,W00,World,S1,S1,TRUE,5612,Phosphatic fertilizers and materials,4,FALSE,C00,TOTAL CPC,0,0,TOTAL MOT,8,kg,734937,FALSE,-1,N/A,,FALSE,734937,FALSE,,FALSE,63835,,63835,0,TRUE,FALSE
C,A,19670101,1967,52,1967,144,LKA,Sri Lanka,M,Import,0,W00,World,0,W00,World,S1,S1,TRUE,5612,Phosphatic fertilizers and materials,4,FALSE,C00,TOTAL CPC,0,0,TOTAL MOT,8,kg,26337166,FALSE,-1,N/A,,FALSE,26337166,FALSE,,FALSE,929780,,929780,0,TRUE,FALSE
C,A,19670101,1967,52,1967,148,TCD,Chad,M,Import,0,W00,World,0,W00,World,S1,S1,TRUE,5612,Phosphatic fertilizers and materials,4,FALSE,C00,TOTAL CPC,0,0,TOTAL MOT,8,kg,1028523,FALSE,-1,N/A,,FALSE,1028523,FALSE,,FALSE,90985,,90985,0,TRUE,FALSE
C,A,19670101,1967,52,1967,152,CHL,Chile,M,Import,0,W00,World,0,W00,World,S1,S1,TRUE,5612,Phosphatic fertilizers and materials,4,FALSE,C00,TOTAL CPC,0,0,TOTAL MOT,8,kg,153568736,FALSE,-1,N/A,,FALSE,153568736,FALSE,,FALSE,9813379,,9813379,0,TRUE,FALSE
C,A,19670101,1967,52,1967,170,COL,Colombia,M,Import,0,W00,World,0,W00,World,S1,S1,TRUE,5612,Phosphatic fertilizers and materials,4,FALSE,C00,TOTAL CPC,0,0,TOTAL MOT,8,kg,36348624,FALSE,-1,N/A,,FALSE,36348624,FALSE,,FALSE,1215416,,1215416,0,TRUE,FALSE
C,A,19670101,1967,52,1967,178,COG,Congo,M,Import,0,W00,World,0,W00,World,S1,S1,TRUE,5612,Phosphatic fertilizers and materials,4,FALSE,C00,TOTAL CPC,0,0,TOTAL MOT,8,kg,42882,FALSE,-1,N/A,,FALSE,42882,FALSE,,FALSE,3762,,3762,0,TRUE,FALSE
C,A,19670101,1967,52,1967,188,CRI,Costa Rica,M,Import,0,W00,World,0,W00,World,S1,S1,TRUE,5612,Phosphatic fertilizers and materials,4,FALSE,C00,TOTAL CPC,0,0,TOTAL MOT,8,kg,15144521,FALSE,-1,N/A,,FALSE,15144521,FALSE,,FALSE,1019275,,1019275,0,TRUE,FALSE
C,A,19670101,1967,52,1967,204,BEN,Benin,M,Import,0,W00,World,0,W00,World,S1,S1,TRUE,5612,Phosphatic fertilizers and materials,4,FALSE,C00,TOTAL CPC,0,0,TOTAL MOT,8,kg,1153699,FALSE,-1,N/A,,FALSE,1153699,FALSE,,FALSE,99308,,99308,0,TRUE,FALSE
C,A,19670101,1967,52,1967,208,DNK,Denmark,M,Import,0,W00,World,0,W00,World,S1,S1,TRUE,5612,Phosphatic fertilizers and materials,4,FALSE,C00,TOTAL CPC,0,0,TOTAL MOT,8,kg,24171788,FALSE,-1,N/A,,FALSE,24171788,FALSE,,FALSE,612520,,612520,0,TRUE,FALSE
C,A,19670101,1967,52,1967,208,DNK,Denmark,X,Export,0,W00,World,0,W00,World,S1,S1,TRUE,5612,Phosphatic fertilizers and materials,4,FALSE,C00,TOTAL CPC,0,0,TOTAL MOT,8,kg,17179108,FALSE,-1,N/A,,FALSE,17179108,FALSE,,FALSE,,459641,459641,0,TRUE,FALSE
C,A,19670101,1967,52,1967,222,SLV,El Salvador,M,Import,0,W00,World,0,W00,World,S1,S1,TRUE,5612,Phosphatic fertilizers and materials,4,FALSE,C00,TOTAL CPC,0,0,TOTAL MOT,8,kg,16881656,FALSE,-1,N/A,,FALSE,16881656,FALSE,,FALSE,1190839,,1190839,0,TRUE,FALSE
C,A,19670101,1967,52,1967,242,FJI,Fiji,M,Import,0,W00,World,0,W00,World,S1,S1,TRUE,5612,Phosphatic fertilizers and materials,4,FALSE,C00,TOTAL CPC,0,0,TOTAL MOT,8,kg,2759549,FALSE,-1,N/A,,FALSE,2759549,FALSE,,FALSE,124173,,124173,0,TRUE,FALSE
C,A,19670101,1967,52,1967,246,FIN,Finland,M,Import,0,W00,World,0,W00,World,S1,S1,TRUE,5612,Phosphatic fertilizers and materials,4,FALSE,C00,TOTAL CPC,0,0,TOTAL MOT,8,kg,13686300,FALSE,-1,N/A,,FALSE,13686300,FALSE,,FALSE,234793,,234793,0,TRUE,FALSE
C,A,19670101,1967,52,1967,246,FIN,Finland,X,Export,0,W00,World,0,W00,World,S1,S1,TRUE,5612,Phosphatic fertilizers and materials,4,FALSE,C00,TOTAL CPC,0,0,TOTAL MOT,8,kg,2,FALSE,-1,N/A,,FALSE,2,FALSE,,FALSE,,48,48,0,TRUE,FALSE
C,A,19670101,1967,52,1967,251,FRA,France,M,Import,0,W00,World,0,W00,World,S1,S1,TRUE,5612,Phosphatic fertilizers and materials,4,FALSE,C00,TOTAL CPC,0,0,TOTAL MOT,8,kg,1068673280,FALSE,-1,N/A,,FALSE,1068673280,FALSE,,FALSE,21118436,,21118436,0,TRUE,FALSE
C,A,19670101,1967,52,1967,251,FRA,France,X,Export,0,W00,World,0,W00,World,S1,S1,TRUE,5612,Phosphatic fertilizers and materials,4,FALSE,C00,TOTAL CPC,0,0,TOTAL MOT,8,kg,430767360,FALSE,-1,N/A,,FALSE,430767360,FALSE,,FALSE,,10670704,10670704,0,TRUE,FALSE
C,A,19670101,1967,52,1967,266,GAB,Gabon,M,Import,0,W00,World,0,W00,World,S1,S1,TRUE,5612,Phosphatic fertilizers and materials,4,FALSE,C00,TOTAL CPC,0,0,TOTAL MOT,8,kg,5687,FALSE,-1,N/A,,FALSE,5687,FALSE,,FALSE,611,,611,0,TRUE,FALSE
C,A,19670101,1967,52,1967,280,DEU,Fed. Rep. of Germany (...1990),M,Import,0,W00,World,0,W00,World,S1,S1,TRUE,5612,Phosphatic fertilizers and materials,4,FALSE,C00,TOTAL CPC,0,0,TOTAL MOT,8,kg,564495744,FALSE,-1,N/A,,TRUE,564495744,FALSE,-1,TRUE,8294000,,8294000,0,FALSE,FALSE
C,A,19670101,1967,52,1967,280,DEU,Fed. Rep. of Germany (...1990),X,Export,0,W00,World,0,W00,World,S1,S1,TRUE,5612,Phosphatic fertilizers and materials,4,FALSE,C00,TOTAL CPC,0,0,TOTAL MOT,8,kg,213966672,FALSE,-1,N/A,,TRUE,213966672,FALSE,-1,TRUE,,3181000,3181000,0,FALSE,FALSE
C,A,19670101,1967,52,1967,288,GHA,Ghana,M,Import,0,W00,World,0,W00,World,S1,S1,TRUE,5612,Phosphatic fertilizers and materials,4,FALSE,C00,TOTAL CPC,0,0,TOTAL MOT,8,kg,6125,FALSE,-1,N/A,,FALSE,6125,FALSE,,FALSE,771,,771,0,TRUE,FALSE
C,A,19670101,1967,52,1967,300,GRC,Greece,M,Import,0,W00,World,0,W00,World,S1,S1,TRUE,5612,Phosphatic fertilizers and materials,4,FALSE,C00,TOTAL CPC,0,0,TOTAL MOT,8,kg,18478272,FALSE,-1,N/A,,FALSE,18478272,FALSE,,FALSE,1325731,,1325731,0,TRUE,FALSE
C,A,19670101,1967,52,1967,300,GRC,Greece,X,Export,0,W00,World,0,W00,World,S1,S1,TRUE,5612,Phosphatic fertilizers and materials,4,FALSE,C00,TOTAL CPC,0,0,TOTAL MOT,8,kg,40224568,FALSE,-1,N/A,,FALSE,40224568,FALSE,,FALSE,,1018973,1018973,0,TRUE,FALSE
C,A,19670101,1967,52,1967,312,GLP,Guadeloupe (Overseas France),M,Import,0,W00,World,0,W00,World,S1,S1,TRUE,5612,Phosphatic fertilizers and materials,4,FALSE,C00,TOTAL CPC,0,0,TOTAL MOT,8,kg,681554,FALSE,-1,N/A,,FALSE,681554,FALSE,,FALSE,32351,,32351,0,TRUE,FALSE
C,A,19670101,1967,52,1967,320,GTM,Guatemala,M,Import,0,W00,World,0,W00,World,S1,S1,TRUE,5612,Phosphatic fertilizers and materials,4,FALSE,C00,TOTAL CPC,0,0,TOTAL MOT,8,kg,811386,FALSE,-1,N/A,,FALSE,811386,FALSE,,FALSE,116890,,116890,0,TRUE,FALSE
C,A,19670101,1967,52,1967,340,HND,Honduras,M,Import,0,W00,World,0,W00,World,S1,S1,TRUE,5612,Phosphatic fertilizers and materials,4,FALSE,C00,TOTAL CPC,0,0,TOTAL MOT,8,kg,905892,FALSE,-1,N/A,,FALSE,905892,FALSE,,FALSE,89677,,89677,0,TRUE,FALSE
C,A,19670101,1967,52,1967,344,HKG,"China, Hong Kong SAR",M,Import,0,W00,World,0,W00,World,S1,S1,TRUE,5612,Phosphatic fertilizers and materials,4,FALSE,C00,TOTAL CPC,0,0,TOTAL MOT,8,kg,89795,FALSE,-1,N/A,,FALSE,89795,FALSE,,FALSE,4283,,4283,0,TRUE,FALSE
C,A,19670101,1967,52,1967,352,ISL,Iceland,M,Import,0,W00,World,0,W00,World,S1,S1,TRUE,5612,Phosphatic fertilizers and materials,4,FALSE,C00,TOTAL CPC,0,0,TOTAL MOT,8,kg,8656373,FALSE,-1,N/A,,FALSE,8656373,FALSE,,FALSE,616806,,616806,0,TRUE,FALSE
C,A,19670101,1967,52,1967,356,IND,India (...1974),M,Import,0,W00,World,0,W00,World,S1,S1,TRUE,5612,Phosphatic fertilizers and materials,4,FALSE,C00,TOTAL CPC,0,0,TOTAL MOT,8,kg,8915000,FALSE,-1,N/A,,FALSE,8915000,FALSE,,FALSE,664591,,664591,0,TRUE,FALSE
C,A,19670101,1967,52,1967,360,IDN,Indonesia,M,Import,0,W00,World,0,W00,World,S1,S1,TRUE,5612,Phosphatic fertilizers and materials,4,FALSE,C00,TOTAL CPC,0,0,TOTAL MOT,8,kg,38088984,FALSE,-1,N/A,,FALSE,38088984,FALSE,,FALSE,3324304,,3324304,0,TRUE,FALSE
C,A,19670101,1967,52,1967,364,IRN,Iran,M,Import,0,W00,World,0,W00,World,S1,S1,TRUE,5612,Phosphatic fertilizers and materials,4,FALSE,C00,TOTAL CPC,0,0,TOTAL MOT,8,kg,51303064,FALSE,-1,N/A,,FALSE,51303064,FALSE,,FALSE,4233022,,4233022,0,TRUE,FALSE
C,A,19670101,1967,52,1967,372,IRL,Ireland,M,Import,0,W00,World,0,W00,World,S1,S1,TRUE,5612,Phosphatic fertilizers and materials,4,FALSE,C00,TOTAL CPC,0,0,TOTAL MOT,8,kg,129176128,FALSE,-1,N/A,,FALSE,129176128,FALSE,,FALSE,3416546,,3416546,0,TRUE,FALSE
C,A,19670101,1967,52,1967,376,ISR,Israel,M,Import,0,W00,World,0,W00,World,S1,S1,TRUE,5612,Phosphatic fertilizers and materials,4,FALSE,C00,TOTAL CPC,0,0,TOTAL MOT,-1,N/A,0,FALSE,-1,N/A,,FALSE,,FALSE,,FALSE,623,,623,0,TRUE,FALSE
C,A,19670101,1967,52,1967,376,ISR,Israel,X,Export,0,W00,World,0,W00,World,S1,S1,TRUE,5612,Phosphatic fertilizers and materials,4,FALSE,C00,TOTAL CPC,0,0,TOTAL MOT,-1,N/A,0,FALSE,-1,N/A,,FALSE,,FALSE,,FALSE,,96340,96340,0,TRUE,FALSE
C,A,19670101,1967,52,1967,380,ITA,Italy,M,Import,0,W00,World,0,W00,World,S1,S1,TRUE,5612,Phosphatic fertilizers and materials,4,FALSE,C00,TOTAL CPC,0,0,TOTAL MOT,8,kg,143074480,FALSE,-1,N/A,,TRUE,143074480,FALSE,-1,TRUE,4890455,,4890455,0,FALSE,FALSE
C,A,19670101,1967,52,1967,380,ITA,Italy,X,Export,0,W00,World,0,W00,World,S1,S1,TRUE,5612,Phosphatic fertilizers and materials,4,FALSE,C00,TOTAL CPC,0,0,TOTAL MOT,8,kg,1107350,FALSE,-1,N/A,,TRUE,1107350,FALSE,-1,TRUE,,48934,48934,0,FALSE,FALSE
C,A,19670101,1967,52,1967,384,CIV,CÙte d'Ivoire,M,Import,0,W00,World,0,W00,World,S1,S1,TRUE,5612,Phosphatic fertilizers and materials,4,FALSE,C00,TOTAL CPC,0,0,TOTAL MOT,8,kg,5522660,FALSE,-1,N/A,,FALSE,5522660,FALSE,,FALSE,371304,,371304,0,TRUE,FALSE
C,A,19670101,1967,52,1967,384,CIV,CÙte d'Ivoire,X,Export,0,W00,World,0,W00,World,S1,S1,TRUE,5612,Phosphatic fertilizers and materials,4,FALSE,C00,TOTAL CPC,0,0,TOTAL MOT,8,kg,700183,FALSE,-1,N/A,,FALSE,700183,FALSE,,FALSE,,78525,78525,0,TRUE,FALSE
C,A,19670101,1967,52,1967,392,JPN,Japan,M,Import,0,W00,World,0,W00,World,S1,S1,TRUE,5612,Phosphatic fertilizers and materials,4,FALSE,C00,TOTAL CPC,0,0,TOTAL MOT,8,kg,9719000,FALSE,-1,N/A,,FALSE,9719000,FALSE,,FALSE,542046,,542046,0,TRUE,FALSE
C,A,19670101,1967,52,1967,392,JPN,Japan,X,Export,0,W00,World,0,W00,World,S1,S1,TRUE,5612,Phosphatic fertilizers and materials,4,FALSE,C00,TOTAL CPC,0,0,TOTAL MOT,8,kg,28149000,FALSE,-1,N/A,,FALSE,28149000,FALSE,,FALSE,,1583943,1583943,0,TRUE,FALSE
C,A,19670101,1967,52,1967,400,JOR,Jordan,M,Import,0,W00,World,0,W00,World,S1,S1,TRUE,5612,Phosphatic fertilizers and materials,4,FALSE,C00,TOTAL CPC,0,0,TOTAL MOT,8,kg,4258875,FALSE,-1,N/A,,FALSE,4258875,FALSE,,FALSE,190692,,190692,0,TRUE,FALSE
C,A,19670101,1967,52,1967,410,KOR,Rep. of Korea,M,Import,0,W00,World,0,W00,World,S1,S1,TRUE,5612,Phosphatic fertilizers and materials,4,FALSE,C00,TOTAL CPC,0,0,TOTAL MOT,8,kg,312476864,FALSE,-1,N/A,,FALSE,312476864,FALSE,,FALSE,19258212,,19258212,0,TRUE,FALSE
C,A,19670101,1967,52,1967,418,LAO,Lao People's Dem. Rep.,M,Import,0,W00,World,0,W00,World,S1,S1,TRUE,5612,Phosphatic fertilizers and materials,4,FALSE,C00,TOTAL CPC,0,0,TOTAL MOT,8,kg,125608,FALSE,-1,N/A,,FALSE,125608,FALSE,,FALSE,4860,,4860,0,TRUE,FALSE
C,A,19670101,1967,52,1967,422,LBN,Lebanon,M,Import,0,W00,World,0,W00,World,S1,S1,TRUE,5612,Phosphatic fertilizers and materials,4,FALSE,C00,TOTAL CPC,0,0,TOTAL MOT,8,kg,304398,FALSE,-1,N/A,,FALSE,304398,FALSE,,FALSE,28862,,28862,0,TRUE,FALSE
C,A,19670101,1967,52,1967,422,LBN,Lebanon,X,Export,0,W00,World,0,W00,World,S1,S1,TRUE,5612,Phosphatic fertilizers and materials,4,FALSE,C00,TOTAL CPC,0,0,TOTAL MOT,8,kg,17483168,FALSE,-1,N/A,,FALSE,17483168,FALSE,,FALSE,,493038,493038,0,TRUE,FALSE
C,A,19670101,1967,52,1967,450,MDG,Madagascar,M,Import,0,W00,World,0,W00,World,S1,S1,TRUE,5612,Phosphatic fertilizers and materials,4,FALSE,C00,TOTAL CPC,0,0,TOTAL MOT,8,kg,666925,FALSE,-1,N/A,,FALSE,666925,FALSE,,FALSE,46255,,46255,0,TRUE,FALSE
C,A,19670101,1967,52,1967,450,MDG,Madagascar,X,Export,0,W00,World,0,W00,World,S1,S1,TRUE,5612,Phosphatic fertilizers and materials,4,FALSE,C00,TOTAL CPC,0,0,TOTAL MOT,8,kg,597,FALSE,-1,N/A,,FALSE,597,FALSE,,FALSE,,76,76,0,TRUE,FALSE
C,A,19670101,1967,52,1967,454,MWI,Malawi,M,Import,0,W00,World,0,W00,World,S1,S1,TRUE,5612,Phosphatic fertilizers and materials,4,FALSE,C00,TOTAL CPC,0,0,TOTAL MOT,8,kg,1841607,FALSE,-1,N/A,,FALSE,1841607,FALSE,,FALSE,137664,,137664,0,TRUE,FALSE
C,A,19670101,1967,52,1967,454,MWI,Malawi,X,Export,0,W00,World,0,W00,World,S1,S1,TRUE,5612,Phosphatic fertilizers and materials,4,FALSE,C00,TOTAL CPC,0,0,TOTAL MOT,8,kg,0,FALSE,-1,N/A,,FALSE,,FALSE,,FALSE,,33,33,0,TRUE,FALSE
C,A,19670101,1967,52,1967,458,MYS,Malaysia,M,Import,0,W00,World,0,W00,World,S1,S1,TRUE,5612,Phosphatic fertilizers and materials,4,FALSE,C00,TOTAL CPC,0,0,TOTAL MOT,8,kg,6394345,FALSE,-1,N/A,,FALSE,6394345,FALSE,,FALSE,366494,,366494,0,TRUE,FALSE
C,A,19670101,1967,52,1967,458,MYS,Malaysia,X,Export,0,W00,World,0,W00,World,S1,S1,TRUE,5612,Phosphatic fertilizers and materials,4,FALSE,C00,TOTAL CPC,0,0,TOTAL MOT,8,kg,30132,FALSE,-1,N/A,,FALSE,30132,FALSE,,FALSE,,2777,2777,0,TRUE,FALSE
C,A,19670101,1967,52,1967,466,MLI,Mali,M,Import,0,W00,World,0,W00,World,S1,S1,TRUE,5612,Phosphatic fertilizers and materials,4,FALSE,C00,TOTAL CPC,0,0,TOTAL MOT,8,kg,280000,FALSE,-1,N/A,,FALSE,280000,FALSE,,FALSE,79133,,79133,0,TRUE,FALSE
C,A,19670101,1967,52,1967,470,MLT,Malta,M,Import,0,W00,World,0,W00,World,S1,S1,TRUE,5612,Phosphatic fertilizers and materials,4,FALSE,C00,TOTAL CPC,0,0,TOTAL MOT,8,kg,34097,FALSE,-1,N/A,,FALSE,34097,FALSE,,FALSE,3103,,3103,0,TRUE,FALSE
C,A,19670101,1967,52,1967,474,MTQ,Martinique (Overseas France),M,Import,0,W00,World,0,W00,World,S1,S1,TRUE,5612,Phosphatic fertilizers and materials,4,FALSE,C00,TOTAL CPC,0,0,TOTAL MOT,8,kg,1464745,FALSE,-1,N/A,,FALSE,1464745,FALSE,,FALSE,118537,,118537,0,TRUE,FALSE
C,A,19670101,1967,52,1967,484,MEX,Mexico,M,Import,0,W00,World,0,W00,World,S1,S1,TRUE,5612,Phosphatic fertilizers and materials,4,FALSE,C00,TOTAL CPC,0,0,TOTAL MOT,8,kg,14204203,FALSE,-1,N/A,,FALSE,14204203,FALSE,,FALSE,752921,,752921,0,TRUE,FALSE
C,A,19670101,1967,52,1967,484,MEX,Mexico,X,Export,0,W00,World,0,W00,World,S1,S1,TRUE,5612,Phosphatic fertilizers and materials,4,FALSE,C00,TOTAL CPC,0,0,TOTAL MOT,8,kg,590674,FALSE,-1,N/A,,FALSE,590674,FALSE,,FALSE,,80509,80509,0,TRUE,FALSE
C,A,19670101,1967,52,1967,490,S19,"Other Asia, nes",M,Import,0,W00,World,0,W00,World,S1,S1,TRUE,5612,Phosphatic fertilizers and materials,4,FALSE,C00,TOTAL CPC,0,0,TOTAL MOT,8,kg,97,FALSE,-1,N/A,,FALSE,97,FALSE,,FALSE,213,,213,0,TRUE,FALSE
C,A,19670101,1967,52,1967,504,MAR,Morocco,X,Export,0,W00,World,0,W00,World,S1,S1,TRUE,5612,Phosphatic fertilizers and materials,4,FALSE,C00,TOTAL CPC,0,0,TOTAL MOT,8,kg,187088000,FALSE,-1,N/A,,FALSE,187088000,FALSE,,FALSE,,10394805,10394805,0,TRUE,FALSE
C,A,19670101,1967,52,1967,528,NLD,Netherlands,M,Import,0,W00,World,0,W00,World,S1,S1,TRUE,5612,Phosphatic fertilizers and materials,4,FALSE,C00,TOTAL CPC,0,0,TOTAL MOT,8,kg,279414336,FALSE,-1,N/A,,FALSE,279414336,FALSE,,FALSE,7925679,,7925679,0,TRUE,FALSE
C,A,19670101,1967,52,1967,528,NLD,Netherlands,X,Export,0,W00,World,0,W00,World,S1,S1,TRUE,5612,Phosphatic fertilizers and materials,4,FALSE,C00,TOTAL CPC,0,0,TOTAL MOT,8,kg,388986976,FALSE,-1,N/A,,FALSE,388986976,FALSE,,FALSE,,19131196,19131196,0,TRUE,FALSE
C,A,19670101,1967,52,1967,554,NZL,New Zealand,M,Import,0,W00,World,0,W00,World,S1,S1,TRUE,5612,Phosphatic fertilizers and materials,4,FALSE,C00,TOTAL CPC,0,0,TOTAL MOT,8,kg,14918567,FALSE,-1,N/A,,FALSE,14918567,FALSE,,FALSE,829608,,829608,0,TRUE,FALSE
C,A,19670101,1967,52,1967,554,NZL,New Zealand,X,Export,0,W00,World,0,W00,World,S1,S1,TRUE,5612,Phosphatic fertilizers and materials,4,FALSE,C00,TOTAL CPC,0,0,TOTAL MOT,8,kg,416592,FALSE,-1,N/A,,FALSE,416592,FALSE,,FALSE,,22643,22643,0,TRUE,FALSE
C,A,19670101,1967,52,1967,558,NIC,Nicaragua,M,Import,0,W00,World,0,W00,World,S1,S1,TRUE,5612,Phosphatic fertilizers and materials,4,FALSE,C00,TOTAL CPC,0,0,TOTAL MOT,8,kg,24031372,FALSE,-1,N/A,,FALSE,24031372,FALSE,,FALSE,2164781,,2164781,0,TRUE,FALSE
C,A,19670101,1967,52,1967,562,NER,Niger,M,Import,0,W00,World,0,W00,World,S1,S1,TRUE,5612,Phosphatic fertilizers and materials,4,FALSE,C00,TOTAL CPC,0,0,TOTAL MOT,8,kg,713038,FALSE,-1,N/A,,FALSE,713038,FALSE,,FALSE,88687,,88687,0,TRUE,FALSE
C,A,19670101,1967,52,1967,566,NGA,Nigeria,M,Import,0,W00,World,0,W00,World,S1,S1,TRUE,5612,Phosphatic fertilizers and materials,4,FALSE,C00,TOTAL CPC,0,0,TOTAL MOT,8,kg,28844540,FALSE,-1,N/A,,FALSE,28844540,FALSE,,FALSE,1230366,,1230366,0,TRUE,FALSE
C,A,19670101,1967,52,1967,579,NOR,Norway,M,Import,0,W00,World,0,W00,World,S1,S1,TRUE,5612,Phosphatic fertilizers and materials,4,FALSE,C00,TOTAL CPC,0,0,TOTAL MOT,8,kg,6763147,FALSE,-1,N/A,,FALSE,6763147,FALSE,,FALSE,191809,,191809,0,TRUE,FALSE
C,A,19670101,1967,52,1967,579,NOR,Norway,X,Export,0,W00,World,0,W00,World,S1,S1,TRUE,5612,Phosphatic fertilizers and materials,4,FALSE,C00,TOTAL CPC,0,0,TOTAL MOT,8,kg,4281226,FALSE,-1,N/A,,FALSE,4281226,FALSE,,FALSE,,246245,246245,0,TRUE,FALSE
C,A,19670101,1967,52,1967,588,PAK,East and West Pakistan (...1971),M,Import,0,W00,World,0,W00,World,S1,S1,TRUE,5612,Phosphatic fertilizers and materials,4,FALSE,C00,TOTAL CPC,0,0,TOTAL MOT,8,kg,111597568,FALSE,-1,N/A,,FALSE,111597568,FALSE,,FALSE,12016228,,12016228,0,TRUE,FALSE
C,A,19670101,1967,52,1967,590,PAN,"Panama, excl.Canal Zone (...1977)",M,Import,0,W00,World,0,W00,World,S1,S1,TRUE,5612,Phosphatic fertilizers and materials,4,FALSE,C00,TOTAL CPC,0,0,TOTAL MOT,8,kg,1357792,FALSE,-1,N/A,,FALSE,1357792,FALSE,,FALSE,129005,,129005,0,TRUE,FALSE
C,A,19670101,1967,52,1967,604,PER,Peru,M,Import,0,W00,World,0,W00,World,S1,S1,TRUE,5612,Phosphatic fertilizers and materials,4,FALSE,C00,TOTAL CPC,0,0,TOTAL MOT,8,kg,1135187,FALSE,-1,N/A,,FALSE,1135187,FALSE,,FALSE,76699,,76699,0,TRUE,FALSE
C,A,19670101,1967,52,1967,604,PER,Peru,X,Export,0,W00,World,0,W00,World,S1,S1,TRUE,5612,Phosphatic fertilizers and materials,4,FALSE,C00,TOTAL CPC,0,0,TOTAL MOT,8,kg,597,FALSE,-1,N/A,,FALSE,597,FALSE,,FALSE,,99,99,0,TRUE,FALSE
C,A,19670101,1967,52,1967,608,PHL,Philippines,M,Import,0,W00,World,0,W00,World,S1,S1,TRUE,5612,Phosphatic fertilizers and materials,4,FALSE,C00,TOTAL CPC,0,0,TOTAL MOT,8,kg,5394937,FALSE,-1,N/A,,FALSE,5394937,FALSE,,FALSE,318530,,318530,0,TRUE,FALSE
C,A,19670101,1967,52,1967,620,PRT,Portugal,M,Import,0,W00,World,0,W00,World,S1,S1,TRUE,5612,Phosphatic fertilizers and materials,4,FALSE,C00,TOTAL CPC,0,0,TOTAL MOT,8,kg,11291978,FALSE,-1,N/A,,FALSE,11291978,FALSE,,FALSE,360029,,360029,0,TRUE,FALSE
C,A,19670101,1967,52,1967,620,PRT,Portugal,X,Export,0,W00,World,0,W00,World,S1,S1,TRUE,5612,Phosphatic fertilizers and materials,4,FALSE,C00,TOTAL CPC,0,0,TOTAL MOT,8,kg,109498144,FALSE,-1,N/A,,FALSE,109498144,FALSE,,FALSE,,4954903,4954903,0,TRUE,FALSE
C,A,19670101,1967,52,1967,638,REU,RÈunion (Overseas France),M,Import,0,W00,World,0,W00,World,S1,S1,TRUE,5612,Phosphatic fertilizers and materials,4,FALSE,C00,TOTAL CPC,0,0,TOTAL MOT,8,kg,283269,FALSE,-1,N/A,,TRUE,283269,FALSE,-1,TRUE,25720,,25720,0,FALSE,FALSE
C,A,19670101,1967,52,1967,686,SEN,Senegal,M,Import,0,W00,World,0,W00,World,S1,S1,TRUE,5612,Phosphatic fertilizers and materials,4,FALSE,C00,TOTAL CPC,0,0,TOTAL MOT,8,kg,12004601,FALSE,-1,N/A,,FALSE,12004601,FALSE,,FALSE,869635,,869635,0,TRUE,FALSE
C,A,19670101,1967,52,1967,686,SEN,Senegal,X,Export,0,W00,World,0,W00,World,S1,S1,TRUE,5612,Phosphatic fertilizers and materials,4,FALSE,C00,TOTAL CPC,0,0,TOTAL MOT,8,kg,17564300,FALSE,-1,N/A,,FALSE,17564300,FALSE,,FALSE,,421558,421558,0,TRUE,FALSE
C,A,19670101,1967,52,1967,702,SGP,Singapore,M,Import,0,W00,World,0,W00,World,S1,S1,TRUE,5612,Phosphatic fertilizers and materials,4,FALSE,C00,TOTAL CPC,0,0,TOTAL MOT,8,kg,3880565,FALSE,-1,N/A,,FALSE,3880565,FALSE,,FALSE,215505,,215505,0,TRUE,FALSE
C,A,19670101,1967,52,1967,702,SGP,Singapore,X,Export,0,W00,World,0,W00,World,S1,S1,TRUE,5612,Phosphatic fertilizers and materials,4,FALSE,C00,TOTAL CPC,0,0,TOTAL MOT,8,kg,2711398,FALSE,-1,N/A,,FALSE,2711398,FALSE,,FALSE,,159295,159295,0,TRUE,FALSE
C,A,19670101,1967,52,1967,724,ESP,Spain,M,Import,0,W00,World,0,W00,World,S1,S1,TRUE,5612,Phosphatic fertilizers and materials,4,FALSE,C00,TOTAL CPC,0,0,TOTAL MOT,8,kg,44490136,FALSE,-1,N/A,,FALSE,44490136,FALSE,,FALSE,1790121,,1790121,0,TRUE,FALSE
C,A,19670101,1967,52,1967,724,ESP,Spain,X,Export,0,W00,World,0,W00,World,S1,S1,TRUE,5612,Phosphatic fertilizers and materials,4,FALSE,C00,TOTAL CPC,0,0,TOTAL MOT,8,kg,72349728,FALSE,-1,N/A,,FALSE,72349728,FALSE,,FALSE,,1490513,1490513,0,TRUE,FALSE
C,A,19670101,1967,52,1967,736,SDN,Sudan (...2011),M,Import,0,W00,World,0,W00,World,S1,S1,TRUE,5612,Phosphatic fertilizers and materials,4,FALSE,C00,TOTAL CPC,0,0,TOTAL MOT,8,kg,330000,FALSE,-1,N/A,,FALSE,330000,FALSE,,FALSE,27608,,27608,0,TRUE,FALSE
C,A,19670101,1967,52,1967,752,SWE,Sweden,M,Import,0,W00,World,0,W00,World,S1,S1,TRUE,5612,Phosphatic fertilizers and materials,4,FALSE,C00,TOTAL CPC,0,0,TOTAL MOT,8,kg,232000,FALSE,-1,N/A,,FALSE,232000,FALSE,,FALSE,27860,,27860,0,TRUE,FALSE
C,A,19670101,1967,52,1967,752,SWE,Sweden,X,Export,0,W00,World,0,W00,World,S1,S1,TRUE,5612,Phosphatic fertilizers and materials,4,FALSE,C00,TOTAL CPC,0,0,TOTAL MOT,8,kg,41519000,FALSE,-1,N/A,,FALSE,41519000,FALSE,,FALSE,,937785,937785,0,TRUE,FALSE
C,A,19670101,1967,52,1967,757,CHE,Switzerland,M,Import,0,W00,World,0,W00,World,S1,S1,TRUE,5612,Phosphatic fertilizers and materials,4,FALSE,C00,TOTAL CPC,0,0,TOTAL MOT,8,kg,216962288,FALSE,-1,N/A,,FALSE,216962288,FALSE,,FALSE,5395827,,5395827,0,TRUE,FALSE
C,A,19670101,1967,52,1967,757,CHE,Switzerland,X,Export,0,W00,World,0,W00,World,S1,S1,TRUE,5612,Phosphatic fertilizers and materials,4,FALSE,C00,TOTAL CPC,0,0,TOTAL MOT,8,kg,38,FALSE,-1,N/A,,FALSE,38,FALSE,,FALSE,,34,34,0,TRUE,FALSE
C,A,19670101,1967,52,1967,764,THA,Thailand,M,Import,0,W00,World,0,W00,World,S1,S1,TRUE,5612,Phosphatic fertilizers and materials,4,FALSE,C00,TOTAL CPC,0,0,TOTAL MOT,8,kg,4152931,FALSE,-1,N/A,,FALSE,4152931,FALSE,,FALSE,287761,,287761,0,TRUE,FALSE
C,A,19670101,1967,52,1967,768,TGO,Togo,M,Import,0,W00,World,0,W00,World,S1,S1,TRUE,5612,Phosphatic fertilizers and materials,4,FALSE,C00,TOTAL CPC,0,0,TOTAL MOT,8,kg,85370,FALSE,-1,N/A,,FALSE,85370,FALSE,,FALSE,6766,,6766,0,TRUE,FALSE
C,A,19670101,1967,52,1967,788,TUN,Tunisia,M,Import,0,W00,World,0,W00,World,S1,S1,TRUE,5612,Phosphatic fertilizers and materials,4,FALSE,C00,TOTAL CPC,0,0,TOTAL MOT,8,kg,4154628,FALSE,-1,N/A,,FALSE,4154628,FALSE,,FALSE,266059,,266059,0,TRUE,FALSE
C,A,19670101,1967,52,1967,788,TUN,Tunisia,X,Export,0,W00,World,0,W00,World,S1,S1,TRUE,5612,Phosphatic fertilizers and materials,4,FALSE,C00,TOTAL CPC,0,0,TOTAL MOT,8,kg,382304512,FALSE,-1,N/A,,FALSE,382304512,FALSE,,FALSE,,21131234,21131234,0,TRUE,FALSE
C,A,19670101,1967,52,1967,792,TUR,TÅEkiye,M,Import,0,W00,World,0,W00,World,S1,S1,TRUE,5612,Phosphatic fertilizers and materials,4,FALSE,C00,TOTAL CPC,0,0,TOTAL MOT,8,kg,210676400,FALSE,-1,N/A,,FALSE,210676400,FALSE,,FALSE,11919803,,11919803,0,TRUE,FALSE
C,A,19670101,1967,52,1967,818,EGY,Egypt,M,Import,0,W00,World,0,W00,World,S1,S1,TRUE,5612,Phosphatic fertilizers and materials,4,FALSE,C00,TOTAL CPC,0,0,TOTAL MOT,8,kg,41274244,FALSE,-1,N/A,,FALSE,41274244,FALSE,,FALSE,981160,,981160,0,TRUE,FALSE
C,A,19670101,1967,52,1967,818,EGY,Egypt,X,Export,0,W00,World,0,W00,World,S1,S1,TRUE,5612,Phosphatic fertilizers and materials,4,FALSE,C00,TOTAL CPC,0,0,TOTAL MOT,8,kg,34500000,FALSE,-1,N/A,,FALSE,34500000,FALSE,,FALSE,,664434,664434,0,TRUE,FALSE
C,A,19670101,1967,52,1967,826,GBR,United Kingdom,M,Import,0,W00,World,0,W00,World,S1,S1,TRUE,5612,Phosphatic fertilizers and materials,4,FALSE,C00,TOTAL CPC,0,0,TOTAL MOT,8,kg,91305000,FALSE,-1,N/A,,FALSE,91305000,FALSE,,FALSE,3727938,,3727938,0,TRUE,FALSE
C,A,19670101,1967,52,1967,826,GBR,United Kingdom,X,Export,0,W00,World,0,W00,World,S1,S1,TRUE,5612,Phosphatic fertilizers and materials,4,FALSE,C00,TOTAL CPC,0,0,TOTAL MOT,8,kg,55823640,FALSE,-1,N/A,,FALSE,55823640,FALSE,,FALSE,,1352193,1352193,0,TRUE,FALSE
C,A,19670101,1967,52,1967,841,USA,USA and Puerto Rico (...1980),M,Import,0,W00,World,0,W00,World,S1,S1,TRUE,5612,Phosphatic fertilizers and materials,4,FALSE,C00,TOTAL CPC,0,0,TOTAL MOT,8,kg,96118885,FALSE,-1,N/A,,FALSE,96118885,FALSE,,FALSE,,6181844,6181844,0,TRUE,FALSE
C,A,19670101,1967,52,1967,841,USA,USA and Puerto Rico (...1980),X,Export,0,W00,World,0,W00,World,S1,S1,TRUE,5612,Phosphatic fertilizers and materials,4,FALSE,C00,TOTAL CPC,0,0,TOTAL MOT,8,kg,674337905,FALSE,-1,N/A,,FALSE,674337905,FALSE,,FALSE,,35141087,35141087,0,TRUE,FALSE
C,A,19670101,1967,52,1967,854,BFA,Burkina Faso,M,Import,0,W00,World,0,W00,World,S1,S1,TRUE,5612,Phosphatic fertilizers and materials,4,FALSE,C00,TOTAL CPC,0,0,TOTAL MOT,8,kg,626120,FALSE,-1,N/A,,FALSE,626120,FALSE,,FALSE,81408,,81408,0,TRUE,FALSE
C,A,19670101,1967,52,1967,862,VEN,Venezuela,M,Import,0,W00,World,0,W00,World,S1,S1,TRUE,5612,Phosphatic fertilizers and materials,4,FALSE,C00,TOTAL CPC,0,0,TOTAL MOT,8,kg,10752300,FALSE,-1,N/A,,FALSE,10752300,FALSE,,FALSE,,548800,548800,0,TRUE,FALSE
C,A,19670101,1967,52,1967,868,VNM,Rep. of Vietnam (...1974),M,Import,0,W00,World,0,W00,World,S1,S1,TRUE,5612,Phosphatic fertilizers and materials,4,FALSE,C00,TOTAL CPC,0,0,TOTAL MOT,8,kg,1095769,FALSE,-1,N/A,,FALSE,1095769,FALSE,,FALSE,118284,,118284,0,TRUE,FALSE
C,A,19670101,1967,52,1967,890,YUG,Yugoslavia (...1991),M,Import,0,W00,World,0,W00,World,S1,S1,TRUE,5612,Phosphatic fertilizers and materials,4,FALSE,C00,TOTAL CPC,0,0,TOTAL MOT,8,kg,69019832,FALSE,-1,N/A,,FALSE,69019832,FALSE,,FALSE,1819377,,1819377,0,TRUE,FALSE
C,A,19670101,1967,52,1967,890,YUG,Yugoslavia (...1991),X,Export,0,W00,World,0,W00,World,S1,S1,TRUE,5612,Phosphatic fertilizers and materials,4,FALSE,C00,TOTAL CPC,0,0,TOTAL MOT,8,kg,288601824,FALSE,-1,N/A,,FALSE,288601824,FALSE,,FALSE,,6636778,6636778,0,TRUE,FALSE
C,A,19670101,1967,52,1967,894,ZMB,Zambia,M,Import,0,W00,World,0,W00,World,S1,S1,TRUE,5612,Phosphatic fertilizers and materials,4,FALSE,C00,TOTAL CPC,0,0,TOTAL MOT,8,kg,3316904,FALSE,-1,N/A,,FALSE,3316904,FALSE,,FALSE,,181053,181053,0,TRUE,FALSE
C,A,19670101,1967,52,1967,894,ZMB,Zambia,X,Export,0,W00,World,0,W00,World,S1,S1,TRUE,5612,Phosphatic fertilizers and materials,4,FALSE,C00,TOTAL CPC,0,0,TOTAL MOT,8,kg,4562,FALSE,-1,N/A,,FALSE,4562,FALSE,,FALSE,,167,167,0,TRUE,FALSE
C,A,19680101,1968,52,1968,12,DZA,Algeria,M,Import,0,W00,World,0,W00,World,S1,S1,TRUE,5612,Phosphatic fertilizers and materials,4,FALSE,C00,TOTAL CPC,0,0,TOTAL MOT,8,kg,66255696,FALSE,-1,N/A,,FALSE,66255696,FALSE,,FALSE,2357752,,2357752,0,TRUE,FALSE
C,A,19680101,1968,52,1968,32,ARG,Argentina,M,Import,0,W00,World,0,W00,World,S1,S1,TRUE,5612,Phosphatic fertilizers and materials,4,FALSE,C00,TOTAL CPC,0,0,TOTAL MOT,8,kg,7741023,FALSE,-1,N/A,,FALSE,7741023,FALSE,,FALSE,465130,,465130,0,TRUE,FALSE
C,A,19680101,1968,52,1968,32,ARG,Argentina,X,Export,0,W00,World,0,W00,World,S1,S1,TRUE,5612,Phosphatic fertilizers and materials,4,FALSE,C00,TOTAL CPC,0,0,TOTAL MOT,8,kg,1194835,FALSE,-1,N/A,,FALSE,1194835,FALSE,,FALSE,,102030,102030,0,TRUE,FALSE
C,A,19680101,1968,52,1968,36,AUS,Australia,M,Import,0,W00,World,0,W00,World,S1,S1,TRUE,5612,Phosphatic fertilizers and materials,4,FALSE,C00,TOTAL CPC,0,0,TOTAL MOT,8,kg,10029607,FALSE,-1,N/A,,FALSE,10029607,FALSE,,FALSE,,285262,285262,0,TRUE,FALSE
C,A,19680101,1968,52,1968,52,BRB,Barbados,M,Import,0,W00,World,0,W00,World,S1,S1,TRUE,5612,Phosphatic fertilizers and materials,4,FALSE,C00,TOTAL CPC,0,0,TOTAL MOT,8,kg,30507,FALSE,-1,N/A,,FALSE,30507,FALSE,,FALSE,2188,,2188,0,TRUE,FALSE
C,A,19680101,1968,52,1968,58,BEL,Belgium-Luxembourg (...1998),M,Import,0,W00,World,0,W00,World,S1,S1,TRUE,5612,Phosphatic fertilizers and materials,4,FALSE,C00,TOTAL CPC,0,0,TOTAL MOT,8,kg,3229847,FALSE,-1,N/A,,FALSE,3229847,FALSE,,FALSE,164737,,164737,0,TRUE,FALSE
C,A,19680101,1968,52,1968,58,BEL,Belgium-Luxembourg (...1998),X,Export,0,W00,World,0,W00,World,S1,S1,TRUE,5612,Phosphatic fertilizers and materials,4,FALSE,C00,TOTAL CPC,0,0,TOTAL MOT,8,kg,1988090752,FALSE,-1,N/A,,FALSE,1988090752,FALSE,,FALSE,,33963104,33963104,0,TRUE,FALSE
C,A,19680101,1968,52,1968,68,BOL,Bolivia (Plurinational State of),M,Import,0,W00,World,0,W00,World,S1,S1,TRUE,5612,Phosphatic fertilizers and materials,4,FALSE,C00,TOTAL CPC,0,0,TOTAL MOT,8,kg,2270175,FALSE,-1,N/A,,FALSE,2270175,FALSE,,FALSE,236899,,236899,0,TRUE,FALSE
C,A,19680101,1968,52,1968,76,BRA,Brazil,M,Import,0,W00,World,0,W00,World,S1,S1,TRUE,5612,Phosphatic fertilizers and materials,4,FALSE,C00,TOTAL CPC,0,0,TOTAL MOT,8,kg,243788448,FALSE,-1,N/A,,FALSE,243788448,FALSE,,FALSE,14733389,,14733389,0,TRUE,FALSE
C,A,19680101,1968,52,1968,76,BRA,Brazil,X,Export,0,W00,World,0,W00,World,S1,S1,TRUE,5612,Phosphatic fertilizers and materials,4,FALSE,C00,TOTAL CPC,0,0,TOTAL MOT,8,kg,10000,FALSE,-1,N/A,,FALSE,10000,FALSE,,FALSE,,1029,1029,0,TRUE,FALSE
C,A,19680101,1968,52,1968,96,BRN,Brunei Darussalam,M,Import,0,W00,World,0,W00,World,S1,S1,TRUE,5612,Phosphatic fertilizers and materials,4,FALSE,C00,TOTAL CPC,0,0,TOTAL MOT,8,kg,14619,FALSE,-1,N/A,,FALSE,14619,FALSE,,FALSE,1527,,1527,0,TRUE,FALSE
C,A,19680101,1968,52,1968,104,MMR,Myanmar,M,Import,0,W00,World,0,W00,World,S1,S1,TRUE,5612,Phosphatic fertilizers and materials,4,FALSE,C00,TOTAL CPC,0,0,TOTAL MOT,8,kg,224235472,FALSE,-1,N/A,,FALSE,224235472,FALSE,,FALSE,6560524,,6560524,0,TRUE,FALSE
C,A,19680101,1968,52,1968,116,KHM,Cambodia,M,Import,0,W00,World,0,W00,World,S1,S1,TRUE,5612,Phosphatic fertilizers and materials,4,FALSE,C00,TOTAL CPC,0,0,TOTAL MOT,8,kg,10099896,FALSE,-1,N/A,,FALSE,10099896,FALSE,,FALSE,579449,,579449,0,TRUE,FALSE
C,A,19680101,1968,52,1968,120,CMR,Cameroon,M,Import,0,W00,World,0,W00,World,S1,S1,TRUE,5612,Phosphatic fertilizers and materials,4,FALSE,C00,TOTAL CPC,0,0,TOTAL MOT,8,kg,1783000,FALSE,-1,N/A,,FALSE,1783000,FALSE,,FALSE,115427,,115427,0,TRUE,FALSE
C,A,19680101,1968,52,1968,120,CMR,Cameroon,X,Export,0,W00,World,0,W00,World,S1,S1,TRUE,5612,Phosphatic fertilizers and materials,4,FALSE,C00,TOTAL CPC,0,0,TOTAL MOT,8,kg,1000,FALSE,-1,N/A,,FALSE,1000,FALSE,,FALSE,,72,72,0,TRUE,FALSE
C,A,19680101,1968,52,1968,124,CAN,Canada,M,Import,0,W00,World,0,W00,World,S1,S1,TRUE,5612,Phosphatic fertilizers and materials,4,FALSE,C00,TOTAL CPC,0,0,TOTAL MOT,8,kg,40461084,FALSE,-1,N/A,,FALSE,40461084,FALSE,,FALSE,,1802284,1802284,0,TRUE,FALSE
C,A,19680101,1968,52,1968,124,CAN,Canada,X,Export,0,W00,World,0,W00,World,S1,S1,TRUE,5612,Phosphatic fertilizers and materials,4,FALSE,C00,TOTAL CPC,0,0,TOTAL MOT,-1,N/A,0,FALSE,-1,N/A,,FALSE,,FALSE,,FALSE,,2518312,2518312,0,TRUE,FALSE
C,A,19680101,1968,52,1968,140,CAF,Central African Rep.,M,Import,0,W00,World,0,W00,World,S1,S1,TRUE,5612,Phosphatic fertilizers and materials,4,FALSE,C00,TOTAL CPC,0,0,TOTAL MOT,8,kg,2682237,FALSE,-1,N/A,,FALSE,2682237,FALSE,,FALSE,233729,,233729,0,TRUE,FALSE
C,A,19680101,1968,52,1968,144,LKA,Sri Lanka,M,Import,0,W00,World,0,W00,World,S1,S1,TRUE,5612,Phosphatic fertilizers and materials,4,FALSE,C00,TOTAL CPC,0,0,TOTAL MOT,8,kg,32877548,FALSE,-1,N/A,,FALSE,32877548,FALSE,,FALSE,1279329,,1279329,0,TRUE,FALSE
C,A,19680101,1968,52,1968,148,TCD,Chad,M,Import,0,W00,World,0,W00,World,S1,S1,TRUE,5612,Phosphatic fertilizers and materials,4,FALSE,C00,TOTAL CPC,0,0,TOTAL MOT,8,kg,74,FALSE,-1,N/A,,FALSE,74,FALSE,,FALSE,24,,24,0,TRUE,FALSE
C,A,19680101,1968,52,1968,152,CHL,Chile,M,Import,0,W00,World,0,W00,World,S1,S1,TRUE,5612,Phosphatic fertilizers and materials,4,FALSE,C00,TOTAL CPC,0,0,TOTAL MOT,8,kg,151876032,FALSE,-1,N/A,,FALSE,151876032,FALSE,,FALSE,9835298,,9835298,0,TRUE,FALSE
C,A,19680101,1968,52,1968,170,COL,Colombia,M,Import,0,W00,World,0,W00,World,S1,S1,TRUE,5612,Phosphatic fertilizers and materials,4,FALSE,C00,TOTAL CPC,0,0,TOTAL MOT,8,kg,58377460,FALSE,-1,N/A,,FALSE,58377460,FALSE,,FALSE,2293450,,2293450,0,TRUE,FALSE
C,A,19680101,1968,52,1968,178,COG,Congo,M,Import,0,W00,World,0,W00,World,S1,S1,TRUE,5612,Phosphatic fertilizers and materials,4,FALSE,C00,TOTAL CPC,0,0,TOTAL MOT,8,kg,29300,FALSE,-1,N/A,,FALSE,29300,FALSE,,FALSE,2166,,2166,0,TRUE,FALSE
C,A,19680101,1968,52,1968,188,CRI,Costa Rica,M,Import,0,W00,World,0,W00,World,S1,S1,TRUE,5612,Phosphatic fertilizers and materials,4,FALSE,C00,TOTAL CPC,0,0,TOTAL MOT,8,kg,20294510,FALSE,-1,N/A,,FALSE,20294510,FALSE,,FALSE,1038521,,1038521,0,TRUE,FALSE
C,A,19680101,1968,52,1968,204,BEN,Benin,M,Import,0,W00,World,0,W00,World,S1,S1,TRUE,5612,Phosphatic fertilizers and materials,4,FALSE,C00,TOTAL CPC,0,0,TOTAL MOT,8,kg,693625,FALSE,-1,N/A,,FALSE,693625,FALSE,,FALSE,60554,,60554,0,TRUE,FALSE
C,A,19680101,1968,52,1968,208,DNK,Denmark,M,Import,0,W00,World,0,W00,World,S1,S1,TRUE,5612,Phosphatic fertilizers and materials,4,FALSE,C00,TOTAL CPC,0,0,TOTAL MOT,8,kg,49218472,FALSE,-1,N/A,,FALSE,49218472,FALSE,,FALSE,1403821,,1403821,0,TRUE,FALSE
C,A,19680101,1968,52,1968,208,DNK,Denmark,X,Export,0,W00,World,0,W00,World,S1,S1,TRUE,5612,Phosphatic fertilizers and materials,4,FALSE,C00,TOTAL CPC,0,0,TOTAL MOT,8,kg,11467494,FALSE,-1,N/A,,FALSE,11467494,FALSE,,FALSE,,230558,230558,0,TRUE,FALSE
C,A,19680101,1968,52,1968,218,ECU,Ecuador,M,Import,0,W00,World,0,W00,World,S1,S1,TRUE,5612,Phosphatic fertilizers and materials,4,FALSE,C00,TOTAL CPC,0,0,TOTAL MOT,8,kg,15192198,FALSE,-1,N/A,,FALSE,15192198,FALSE,,FALSE,911700,,911700,0,TRUE,FALSE
C,A,19680101,1968,52,1968,222,SLV,El Salvador,M,Import,0,W00,World,0,W00,World,S1,S1,TRUE,5612,Phosphatic fertilizers and materials,4,FALSE,C00,TOTAL CPC,0,0,TOTAL MOT,8,kg,16368342,FALSE,-1,N/A,,FALSE,16368342,FALSE,,FALSE,848607,,848607,0,TRUE,FALSE
C,A,19680101,1968,52,1968,222,SLV,El Salvador,X,Export,0,W00,World,0,W00,World,S1,S1,TRUE,5612,Phosphatic fertilizers and materials,4,FALSE,C00,TOTAL CPC,0,0,TOTAL MOT,8,kg,18546,FALSE,-1,N/A,,FALSE,18546,FALSE,,FALSE,,634,634,0,TRUE,FALSE
C,A,19680101,1968,52,1968,242,FJI,Fiji,M,Import,0,W00,World,0,W00,World,S1,S1,TRUE,5612,Phosphatic fertilizers and materials,4,FALSE,C00,TOTAL CPC,0,0,TOTAL MOT,8,kg,4725643,FALSE,-1,N/A,,FALSE,4725643,FALSE,,FALSE,210728,,210728,0,TRUE,FALSE
C,A,19680101,1968,52,1968,246,FIN,Finland,M,Import,0,W00,World,0,W00,World,S1,S1,TRUE,5612,Phosphatic fertilizers and materials,4,FALSE,C00,TOTAL CPC,0,0,TOTAL MOT,8,kg,11512862,FALSE,-1,N/A,,FALSE,11512862,FALSE,,FALSE,209284,,209284,0,TRUE,FALSE
C,A,19680101,1968,52,1968,251,FRA,France,M,Import,0,W00,World,0,W00,World,S1,S1,TRUE,5612,Phosphatic fertilizers and materials,4,FALSE,C00,TOTAL CPC,0,0,TOTAL MOT,8,kg,1202037120,FALSE,-1,N/A,,FALSE,1202037120,FALSE,,FALSE,25144516,,25144516,0,TRUE,FALSE
C,A,19680101,1968,52,1968,251,FRA,France,X,Export,0,W00,World,0,W00,World,S1,S1,TRUE,5612,Phosphatic fertilizers and materials,4,FALSE,C00,TOTAL CPC,0,0,TOTAL MOT,8,kg,362466240,FALSE,-1,N/A,,FALSE,362466240,FALSE,,FALSE,,8230994,8230994,0,TRUE,FALSE
C,A,19680101,1968,52,1968,254,GUF,French Guiana (Overseas France),M,Import,0,W00,World,0,W00,World,S1,S1,TRUE,5612,Phosphatic fertilizers and materials,4,FALSE,C00,TOTAL CPC,0,0,TOTAL MOT,8,kg,3000,FALSE,-1,N/A,,FALSE,3000,FALSE,,FALSE,435,,435,0,TRUE,FALSE
C,A,19680101,1968,52,1968,266,GAB,Gabon,M,Import,0,W00,World,0,W00,World,S1,S1,TRUE,5612,Phosphatic fertilizers and materials,4,FALSE,C00,TOTAL CPC,0,0,TOTAL MOT,8,kg,50474,FALSE,-1,N/A,,FALSE,50474,FALSE,,FALSE,4807,,4807,0,TRUE,FALSE
C,A,19680101,1968,52,1968,280,DEU,Fed. Rep. of Germany (...1990),M,Import,0,W00,World,0,W00,World,S1,S1,TRUE,5612,Phosphatic fertilizers and materials,4,FALSE,C00,TOTAL CPC,0,0,TOTAL MOT,8,kg,544938112,FALSE,-1,N/A,,TRUE,544938112,FALSE,-1,TRUE,8244000,,8244000,0,FALSE,FALSE
C,A,19680101,1968,52,1968,280,DEU,Fed. Rep. of Germany (...1990),X,Export,0,W00,World,0,W00,World,S1,S1,TRUE,5612,Phosphatic fertilizers and materials,4,FALSE,C00,TOTAL CPC,0,0,TOTAL MOT,8,kg,257154064,FALSE,-1,N/A,,TRUE,257154064,FALSE,-1,TRUE,,5159000,5159000,0,FALSE,FALSE
C,A,19680101,1968,52,1968,288,GHA,Ghana,M,Import,0,W00,World,0,W00,World,S1,S1,TRUE,5612,Phosphatic fertilizers and materials,4,FALSE,C00,TOTAL CPC,0,0,TOTAL MOT,8,kg,393248,FALSE,-1,N/A,,FALSE,393248,FALSE,,FALSE,38584,,38584,0,TRUE,FALSE
C,A,19680101,1968,52,1968,300,GRC,Greece,M,Import,0,W00,World,0,W00,World,S1,S1,TRUE,5612,Phosphatic fertilizers and materials,4,FALSE,C00,TOTAL CPC,0,0,TOTAL MOT,8,kg,6000,FALSE,-1,N/A,,FALSE,6000,FALSE,,FALSE,1071,,1071,0,TRUE,FALSE
C,A,19680101,1968,52,1968,300,GRC,Greece,X,Export,0,W00,World,0,W00,World,S1,S1,TRUE,5612,Phosphatic fertilizers and materials,4,FALSE,C00,TOTAL CPC,0,0,TOTAL MOT,8,kg,84357504,FALSE,-1,N/A,,FALSE,84357504,FALSE,,FALSE,,2085730,2085730,0,TRUE,FALSE
C,A,19680101,1968,52,1968,312,GLP,Guadeloupe (Overseas France),M,Import,0,W00,World,0,W00,World,S1,S1,TRUE,5612,Phosphatic fertilizers and materials,4,FALSE,C00,TOTAL CPC,0,0,TOTAL MOT,8,kg,466855,FALSE,-1,N/A,,FALSE,466855,FALSE,,FALSE,34477,,34477,0,TRUE,FALSE
C,A,19680101,1968,52,1968,320,GTM,Guatemala,M,Import,0,W00,World,0,W00,World,S1,S1,TRUE,5612,Phosphatic fertilizers and materials,4,FALSE,C00,TOTAL CPC,0,0,TOTAL MOT,8,kg,6308200,FALSE,-1,N/A,,FALSE,6308200,FALSE,,FALSE,687754,,687754,0,TRUE,FALSE
C,A,19680101,1968,52,1968,340,HND,Honduras,M,Import,0,W00,World,0,W00,World,S1,S1,TRUE,5612,Phosphatic fertilizers and materials,4,FALSE,C00,TOTAL CPC,0,0,TOTAL MOT,8,kg,476448,FALSE,-1,N/A,,FALSE,476448,FALSE,,FALSE,36958,,36958,0,TRUE,FALSE
C,A,19680101,1968,52,1968,344,HKG,"China, Hong Kong SAR",M,Import,0,W00,World,0,W00,World,S1,S1,TRUE,5612,Phosphatic fertilizers and materials,4,FALSE,C00,TOTAL CPC,0,0,TOTAL MOT,8,kg,10062,FALSE,-1,N/A,,FALSE,10062,FALSE,,FALSE,514,,514,0,TRUE,FALSE
C,A,19680101,1968,52,1968,352,ISL,Iceland,M,Import,0,W00,World,0,W00,World,S1,S1,TRUE,5612,Phosphatic fertilizers and materials,4,FALSE,C00,TOTAL CPC,0,0,TOTAL MOT,8,kg,9871199,FALSE,-1,N/A,,FALSE,9871199,FALSE,,FALSE,623146,,623146,0,TRUE,FALSE
C,A,19680101,1968,52,1968,356,IND,India (...1974),M,Import,0,W00,World,0,W00,World,S1,S1,TRUE,5612,Phosphatic fertilizers and materials,4,FALSE,C00,TOTAL CPC,0,0,TOTAL MOT,8,kg,14763000,FALSE,-1,N/A,,FALSE,14763000,FALSE,,FALSE,2279460,,2279460,0,TRUE,FALSE
C,A,19680101,1968,52,1968,360,IDN,Indonesia,M,Import,0,W00,World,0,W00,World,S1,S1,TRUE,5612,Phosphatic fertilizers and materials,4,FALSE,C00,TOTAL CPC,0,0,TOTAL MOT,8,kg,67775496,FALSE,-1,N/A,,FALSE,67775496,FALSE,,FALSE,5321924,,5321924,0,TRUE,FALSE
C,A,19680101,1968,52,1968,364,IRN,Iran,M,Import,0,W00,World,0,W00,World,S1,S1,TRUE,5612,Phosphatic fertilizers and materials,4,FALSE,C00,TOTAL CPC,0,0,TOTAL MOT,8,kg,28715184,FALSE,-1,N/A,,FALSE,28715184,FALSE,,FALSE,2609443,,2609443,0,TRUE,FALSE
C,A,19680101,1968,52,1968,364,IRN,Iran,X,Export,0,W00,World,0,W00,World,S1,S1,TRUE,5612,Phosphatic fertilizers and materials,4,FALSE,C00,TOTAL CPC,0,0,TOTAL MOT,8,kg,1187,FALSE,-1,N/A,,FALSE,1187,FALSE,,FALSE,,47,47,0,TRUE,FALSE
C,A,19680101,1968,52,1968,372,IRL,Ireland,M,Import,0,W00,World,0,W00,World,S1,S1,TRUE,5612,Phosphatic fertilizers and materials,4,FALSE,C00,TOTAL CPC,0,0,TOTAL MOT,8,kg,152784000,FALSE,-1,N/A,,FALSE,152784000,FALSE,,FALSE,3536870,,3536870,0,TRUE,FALSE
C,A,19680101,1968,52,1968,376,ISR,Israel,M,Import,0,W00,World,0,W00,World,S1,S1,TRUE,5612,Phosphatic fertilizers and materials,4,FALSE,C00,TOTAL CPC,0,0,TOTAL MOT,-1,N/A,0,FALSE,-1,N/A,,FALSE,,FALSE,,FALSE,887,,887,0,TRUE,FALSE
C,A,19680101,1968,52,1968,376,ISR,Israel,X,Export,0,W00,World,0,W00,World,S1,S1,TRUE,5612,Phosphatic fertilizers and materials,4,FALSE,C00,TOTAL CPC,0,0,TOTAL MOT,8,kg,13866373,FALSE,-1,N/A,,FALSE,13866373,FALSE,,FALSE,,307893,307893,0,TRUE,FALSE
C,A,19680101,1968,52,1968,380,ITA,Italy,M,Import,0,W00,World,0,W00,World,S1,S1,TRUE,5612,Phosphatic fertilizers and materials,4,FALSE,C00,TOTAL CPC,0,0,TOTAL MOT,8,kg,141830592,FALSE,-1,N/A,,TRUE,141830592,FALSE,-1,TRUE,5321153,,5321153,0,FALSE,FALSE
C,A,19680101,1968,52,1968,380,ITA,Italy,X,Export,0,W00,World,0,W00,World,S1,S1,TRUE,5612,Phosphatic fertilizers and materials,4,FALSE,C00,TOTAL CPC,0,0,TOTAL MOT,8,kg,19272456,FALSE,-1,N/A,,TRUE,19272456,FALSE,-1,TRUE,,996697,996697,0,FALSE,FALSE
C,A,19680101,1968,52,1968,384,CIV,CÙte d'Ivoire,M,Import,0,W00,World,0,W00,World,S1,S1,TRUE,5612,Phosphatic fertilizers and materials,4,FALSE,C00,TOTAL CPC,0,0,TOTAL MOT,8,kg,5640607,FALSE,-1,N/A,,FALSE,5640607,FALSE,,FALSE,326384,,326384,0,TRUE,FALSE
C,A,19680101,1968,52,1968,384,CIV,CÙte d'Ivoire,X,Export,0,W00,World,0,W00,World,S1,S1,TRUE,5612,Phosphatic fertilizers and materials,4,FALSE,C00,TOTAL CPC,0,0,TOTAL MOT,8,kg,36659,FALSE,-1,N/A,,FALSE,36659,FALSE,,FALSE,,4154,4154,0,TRUE,FALSE
C,A,19680101,1968,52,1968,392,JPN,Japan,M,Import,0,W00,World,0,W00,World,S1,S1,TRUE,5612,Phosphatic fertilizers and materials,4,FALSE,C00,TOTAL CPC,0,0,TOTAL MOT,8,kg,19271000,FALSE,-1,N/A,,FALSE,19271000,FALSE,,FALSE,1001405,,1001405,0,TRUE,FALSE
C,A,19680101,1968,52,1968,392,JPN,Japan,X,Export,0,W00,World,0,W00,World,S1,S1,TRUE,5612,Phosphatic fertilizers and materials,4,FALSE,C00,TOTAL CPC,0,0,TOTAL MOT,8,kg,34920000,FALSE,-1,N/A,,FALSE,34920000,FALSE,,FALSE,,2005646,2005646,0,TRUE,FALSE
C,A,19680101,1968,52,1968,400,JOR,Jordan,M,Import,0,W00,World,0,W00,World,S1,S1,TRUE,5612,Phosphatic fertilizers and materials,4,FALSE,C00,TOTAL CPC,0,0,TOTAL MOT,8,kg,6131503,FALSE,-1,N/A,,FALSE,6131503,FALSE,,FALSE,303192,,303192,0,TRUE,FALSE
C,A,19680101,1968,52,1968,410,KOR,Rep. of Korea,M,Import,0,W00,World,0,W00,World,S1,S1,TRUE,5612,Phosphatic fertilizers and materials,4,FALSE,C00,TOTAL CPC,0,0,TOTAL MOT,8,kg,140366048,FALSE,-1,N/A,,FALSE,140366048,FALSE,,FALSE,6764669,,6764669,0,TRUE,FALSE
C,A,19680101,1968,52,1968,422,LBN,Lebanon,M,Import,0,W00,World,0,W00,World,S1,S1,TRUE,5612,Phosphatic fertilizers and materials,4,FALSE,C00,TOTAL CPC,0,0,TOTAL MOT,8,kg,3194062,FALSE,-1,N/A,,FALSE,3194062,FALSE,,FALSE,186926,,186926,0,TRUE,FALSE
C,A,19680101,1968,52,1968,422,LBN,Lebanon,X,Export,0,W00,World,0,W00,World,S1,S1,TRUE,5612,Phosphatic fertilizers and materials,4,FALSE,C00,TOTAL CPC,0,0,TOTAL MOT,8,kg,38116072,FALSE,-1,N/A,,FALSE,38116072,FALSE,,FALSE,,1319014,1319014,0,TRUE,FALSE
C,A,19680101,1968,52,1968,434,LBY,Libya,M,Import,0,W00,World,0,W00,World,S1,S1,TRUE,5612,Phosphatic fertilizers and materials,4,FALSE,C00,TOTAL CPC,0,0,TOTAL MOT,8,kg,400000,FALSE,-1,N/A,,FALSE,400000,FALSE,,FALSE,43755,,43755,0,TRUE,FALSE
C,A,19680101,1968,52,1968,450,MDG,Madagascar,M,Import,0,W00,World,0,W00,World,S1,S1,TRUE,5612,Phosphatic fertilizers and materials,4,FALSE,C00,TOTAL CPC,0,0,TOTAL MOT,8,kg,3129205,FALSE,-1,N/A,,FALSE,3129205,FALSE,,FALSE,171545,,171545,0,TRUE,FALSE
C,A,19680101,1968,52,1968,450,MDG,Madagascar,X,Export,0,W00,World,0,W00,World,S1,S1,TRUE,5612,Phosphatic fertilizers and materials,4,FALSE,C00,TOTAL CPC,0,0,TOTAL MOT,8,kg,3125,FALSE,-1,N/A,,FALSE,3125,FALSE,,FALSE,,357,357,0,TRUE,FALSE
C,A,19680101,1968,52,1968,454,MWI,Malawi,M,Import,0,W00,World,0,W00,World,S1,S1,TRUE,5612,Phosphatic fertilizers and materials,4,FALSE,C00,TOTAL CPC,0,0,TOTAL MOT,8,kg,196858,FALSE,-1,N/A,,FALSE,196858,FALSE,,FALSE,14481,,14481,0,TRUE,FALSE
C,A,19680101,1968,52,1968,458,MYS,Malaysia,M,Import,0,W00,World,0,W00,World,S1,S1,TRUE,5612,Phosphatic fertilizers and materials,4,FALSE,C00,TOTAL CPC,0,0,TOTAL MOT,8,kg,4159292,FALSE,-1,N/A,,FALSE,4159292,FALSE,,FALSE,254948,,254948,0,TRUE,FALSE
C,A,19680101,1968,52,1968,458,MYS,Malaysia,X,Export,0,W00,World,0,W00,World,S1,S1,TRUE,5612,Phosphatic fertilizers and materials,4,FALSE,C00,TOTAL CPC,0,0,TOTAL MOT,8,kg,6913,FALSE,-1,N/A,,FALSE,6913,FALSE,,FALSE,,789,789,0,TRUE,FALSE
C,A,19680101,1968,52,1968,466,MLI,Mali,M,Import,0,W00,World,0,W00,World,S1,S1,TRUE,5612,Phosphatic fertilizers and materials,4,FALSE,C00,TOTAL CPC,0,0,TOTAL MOT,8,kg,448000,FALSE,-1,N/A,,FALSE,448000,FALSE,,FALSE,181417,,181417,0,TRUE,FALSE
C,A,19680101,1968,52,1968,470,MLT,Malta,M,Import,0,W00,World,0,W00,World,S1,S1,TRUE,5612,Phosphatic fertilizers and materials,4,FALSE,C00,TOTAL CPC,0,0,TOTAL MOT,8,kg,80050,FALSE,-1,N/A,,FALSE,80050,FALSE,,FALSE,4249,,4249,0,TRUE,FALSE
C,A,19680101,1968,52,1968,474,MTQ,Martinique (Overseas France),M,Import,0,W00,World,0,W00,World,S1,S1,TRUE,5612,Phosphatic fertilizers and materials,4,FALSE,C00,TOTAL CPC,0,0,TOTAL MOT,8,kg,1022500,FALSE,-1,N/A,,FALSE,1022500,FALSE,,FALSE,76383,,76383,0,TRUE,FALSE
C,A,19680101,1968,52,1968,484,MEX,Mexico,M,Import,0,W00,World,0,W00,World,S1,S1,TRUE,5612,Phosphatic fertilizers and materials,4,FALSE,C00,TOTAL CPC,0,0,TOTAL MOT,8,kg,34842616,FALSE,-1,N/A,,FALSE,34842616,FALSE,,FALSE,2394952,,2394952,0,TRUE,FALSE
C,A,19680101,1968,52,1968,484,MEX,Mexico,X,Export,0,W00,World,0,W00,World,S1,S1,TRUE,5612,Phosphatic fertilizers and materials,4,FALSE,C00,TOTAL CPC,0,0,TOTAL MOT,8,kg,1292999,FALSE,-1,N/A,,FALSE,1292999,FALSE,,FALSE,,105769,105769,0,TRUE,FALSE
C,A,19680101,1968,52,1968,490,S19,"Other Asia, nes",M,Import,0,W00,World,0,W00,World,S1,S1,TRUE,5612,Phosphatic fertilizers and materials,4,FALSE,C00,TOTAL CPC,0,0,TOTAL MOT,8,kg,199,FALSE,-1,N/A,,FALSE,199,FALSE,,FALSE,16,,16,0,TRUE,FALSE
C,A,19680101,1968,52,1968,504,MAR,Morocco,X,Export,0,W00,World,0,W00,World,S1,S1,TRUE,5612,Phosphatic fertilizers and materials,4,FALSE,C00,TOTAL CPC,0,0,TOTAL MOT,8,kg,239415312,FALSE,-1,N/A,,FALSE,239415312,FALSE,,FALSE,,13629554,13629554,0,TRUE,FALSE
C,A,19680101,1968,52,1968,528,NLD,Netherlands,M,Import,0,W00,World,0,W00,World,S1,S1,TRUE,5612,Phosphatic fertilizers and materials,4,FALSE,C00,TOTAL CPC,0,0,TOTAL MOT,8,kg,220649264,FALSE,-1,N/A,,FALSE,220649264,FALSE,,FALSE,5333792,,5333792,0,TRUE,FALSE
C,A,19680101,1968,52,1968,528,NLD,Netherlands,X,Export,0,W00,World,0,W00,World,S1,S1,TRUE,5612,Phosphatic fertilizers and materials,4,FALSE,C00,TOTAL CPC,0,0,TOTAL MOT,8,kg,308715648,FALSE,-1,N/A,,FALSE,308715648,FALSE,,FALSE,,15232679,15232679,0,TRUE,FALSE
C,A,19680101,1968,52,1968,554,NZL,New Zealand,M,Import,0,W00,World,0,W00,World,S1,S1,TRUE,5612,Phosphatic fertilizers and materials,4,FALSE,C00,TOTAL CPC,0,0,TOTAL MOT,8,kg,19694032,FALSE,-1,N/A,,FALSE,19694032,FALSE,,FALSE,1354800,,1354800,0,TRUE,FALSE
C,A,19680101,1968,52,1968,554,NZL,New Zealand,X,Export,0,W00,World,0,W00,World,S1,S1,TRUE,5612,Phosphatic fertilizers and materials,4,FALSE,C00,TOTAL CPC,0,0,TOTAL MOT,8,kg,682770,FALSE,-1,N/A,,FALSE,682770,FALSE,,FALSE,,24015,24015,0,TRUE,FALSE
C,A,19680101,1968,52,1968,558,NIC,Nicaragua,M,Import,0,W00,World,0,W00,World,S1,S1,TRUE,5612,Phosphatic fertilizers and materials,4,FALSE,C00,TOTAL CPC,0,0,TOTAL MOT,8,kg,14669682,FALSE,-1,N/A,,FALSE,14669682,FALSE,,FALSE,1284192,,1284192,0,TRUE,FALSE
C,A,19680101,1968,52,1968,558,NIC,Nicaragua,X,Export,0,W00,World,0,W00,World,S1,S1,TRUE,5612,Phosphatic fertilizers and materials,4,FALSE,C00,TOTAL CPC,0,0,TOTAL MOT,8,kg,126515,FALSE,-1,N/A,,FALSE,126515,FALSE,,FALSE,,10060,10060,0,TRUE,FALSE
C,A,19680101,1968,52,1968,562,NER,Niger,M,Import,0,W00,World,0,W00,World,S1,S1,TRUE,5612,Phosphatic fertilizers and materials,4,FALSE,C00,TOTAL CPC,0,0,TOTAL MOT,8,kg,543187,FALSE,-1,N/A,,FALSE,543187,FALSE,,FALSE,83932,,83932,0,TRUE,FALSE
C,A,19680101,1968,52,1968,566,NGA,Nigeria,M,Import,0,W00,World,0,W00,World,S1,S1,TRUE,5612,Phosphatic fertilizers and materials,4,FALSE,C00,TOTAL CPC,0,0,TOTAL MOT,8,kg,24347520,FALSE,-1,N/A,,FALSE,24347520,FALSE,,FALSE,1007719,,1007719,0,TRUE,FALSE
C,A,19680101,1968,52,1968,579,NOR,Norway,M,Import,0,W00,World,0,W00,World,S1,S1,TRUE,5612,Phosphatic fertilizers and materials,4,FALSE,C00,TOTAL CPC,0,0,TOTAL MOT,8,kg,9409812,FALSE,-1,N/A,,FALSE,9409812,FALSE,,FALSE,276232,,276232,0,TRUE,FALSE
C,A,19680101,1968,52,1968,579,NOR,Norway,X,Export,0,W00,World,0,W00,World,S1,S1,TRUE,5612,Phosphatic fertilizers and materials,4,FALSE,C00,TOTAL CPC,0,0,TOTAL MOT,8,kg,8427800,FALSE,-1,N/A,,FALSE,8427800,FALSE,,FALSE,,449224,449224,0,TRUE,FALSE
C,A,19680101,1968,52,1968,588,PAK,East and West Pakistan (...1971),M,Import,0,W00,World,0,W00,World,S1,S1,TRUE,5612,Phosphatic fertilizers and materials,4,FALSE,C00,TOTAL CPC,0,0,TOTAL MOT,-1,N/A,0,FALSE,-1,N/A,,FALSE,,FALSE,,FALSE,10717822,,10717822,0,TRUE,FALSE
C,A,19680101,1968,52,1968,590,PAN,"Panama, excl.Canal Zone (...1977)",M,Import,0,W00,World,0,W00,World,S1,S1,TRUE,5612,Phosphatic fertilizers and materials,4,FALSE,C00,TOTAL CPC,0,0,TOTAL MOT,8,kg,789190,FALSE,-1,N/A,,FALSE,789190,FALSE,,FALSE,68188,,68188,0,TRUE,FALSE
C,A,19680101,1968,52,1968,604,PER,Peru,M,Import,0,W00,World,0,W00,World,S1,S1,TRUE,5612,Phosphatic fertilizers and materials,4,FALSE,C00,TOTAL CPC,0,0,TOTAL MOT,8,kg,53901,FALSE,-1,N/A,,FALSE,53901,FALSE,,FALSE,4822,,4822,0,TRUE,FALSE
C,A,19680101,1968,52,1968,608,PHL,Philippines,M,Import,0,W00,World,0,W00,World,S1,S1,TRUE,5612,Phosphatic fertilizers and materials,4,FALSE,C00,TOTAL CPC,0,0,TOTAL MOT,8,kg,34059300,FALSE,-1,N/A,,FALSE,34059300,FALSE,,FALSE,1596507,,1596507,0,TRUE,FALSE
C,A,19680101,1968,52,1968,620,PRT,Portugal,M,Import,0,W00,World,0,W00,World,S1,S1,TRUE,5612,Phosphatic fertilizers and materials,4,FALSE,C00,TOTAL CPC,0,0,TOTAL MOT,8,kg,11527679,FALSE,-1,N/A,,FALSE,11527679,FALSE,,FALSE,365026,,365026,0,TRUE,FALSE
C,A,19680101,1968,52,1968,620,PRT,Portugal,X,Export,0,W00,World,0,W00,World,S1,S1,TRUE,5612,Phosphatic fertilizers and materials,4,FALSE,C00,TOTAL CPC,0,0,TOTAL MOT,8,kg,98479144,FALSE,-1,N/A,,FALSE,98479144,FALSE,,FALSE,,4268792,4268792,0,TRUE,FALSE
C,A,19680101,1968,52,1968,638,REU,RÈunion (Overseas France),M,Import,0,W00,World,0,W00,World,S1,S1,TRUE,5612,Phosphatic fertilizers and materials,4,FALSE,C00,TOTAL CPC,0,0,TOTAL MOT,8,kg,1316737,FALSE,-1,N/A,,TRUE,1316737,FALSE,-1,TRUE,56644,,56644,0,FALSE,FALSE
C,A,19680101,1968,52,1968,682,SAU,Saudi Arabia,M,Import,0,W00,World,0,W00,World,S1,S1,TRUE,5612,Phosphatic fertilizers and materials,4,FALSE,C00,TOTAL CPC,0,0,TOTAL MOT,8,kg,1074701,FALSE,-1,N/A,,FALSE,1074701,FALSE,,FALSE,69502,,69502,0,TRUE,FALSE
C,A,19680101,1968,52,1968,686,SEN,Senegal,M,Import,0,W00,World,0,W00,World,S1,S1,TRUE,5612,Phosphatic fertilizers and materials,4,FALSE,C00,TOTAL CPC,0,0,TOTAL MOT,8,kg,6352077,FALSE,-1,N/A,,FALSE,6352077,FALSE,,FALSE,392091,,392091,0,TRUE,FALSE
C,A,19680101,1968,52,1968,686,SEN,Senegal,X,Export,0,W00,World,0,W00,World,S1,S1,TRUE,5612,Phosphatic fertilizers and materials,4,FALSE,C00,TOTAL CPC,0,0,TOTAL MOT,8,kg,26316108,FALSE,-1,N/A,,FALSE,26316108,FALSE,,FALSE,,530347,530347,0,TRUE,FALSE
C,A,19680101,1968,52,1968,702,SGP,Singapore,M,Import,0,W00,World,0,W00,World,S1,S1,TRUE,5612,Phosphatic fertilizers and materials,4,FALSE,C00,TOTAL CPC,0,0,TOTAL MOT,8,kg,47142604,FALSE,-1,N/A,,FALSE,47142604,FALSE,,FALSE,2991900,,2991900,0,TRUE,FALSE
C,A,19680101,1968,52,1968,702,SGP,Singapore,X,Export,0,W00,World,0,W00,World,S1,S1,TRUE,5612,Phosphatic fertilizers and materials,4,FALSE,C00,TOTAL CPC,0,0,TOTAL MOT,8,kg,46217544,FALSE,-1,N/A,,FALSE,46217544,FALSE,,FALSE,,3380081,3380081,0,TRUE,FALSE
C,A,19680101,1968,52,1968,724,ESP,Spain,M,Import,0,W00,World,0,W00,World,S1,S1,TRUE,5612,Phosphatic fertilizers and materials,4,FALSE,C00,TOTAL CPC,0,0,TOTAL MOT,8,kg,43361660,FALSE,-1,N/A,,FALSE,43361660,FALSE,,FALSE,1450630,,1450630,0,TRUE,FALSE
C,A,19680101,1968,52,1968,724,ESP,Spain,X,Export,0,W00,World,0,W00,World,S1,S1,TRUE,5612,Phosphatic fertilizers and materials,4,FALSE,C00,TOTAL CPC,0,0,TOTAL MOT,8,kg,44133712,FALSE,-1,N/A,,FALSE,44133712,FALSE,,FALSE,,1007359,1007359,0,TRUE,FALSE
C,A,19680101,1968,52,1968,736,SDN,Sudan (...2011),M,Import,0,W00,World,0,W00,World,S1,S1,TRUE,5612,Phosphatic fertilizers and materials,4,FALSE,C00,TOTAL CPC,0,0,TOTAL MOT,8,kg,145000,FALSE,-1,N/A,,FALSE,145000,FALSE,,FALSE,22881,,22881,0,TRUE,FALSE
C,A,19680101,1968,52,1968,752,SWE,Sweden,M,Import,0,W00,World,0,W00,World,S1,S1,TRUE,5612,Phosphatic fertilizers and materials,4,FALSE,C00,TOTAL CPC,0,0,TOTAL MOT,8,kg,18638000,FALSE,-1,N/A,,FALSE,18638000,FALSE,,FALSE,1129106,,1129106,0,TRUE,FALSE
C,A,19680101,1968,52,1968,752,SWE,Sweden,X,Export,0,W00,World,0,W00,World,S1,S1,TRUE,5612,Phosphatic fertilizers and materials,4,FALSE,C00,TOTAL CPC,0,0,TOTAL MOT,8,kg,46340000,FALSE,-1,N/A,,FALSE,46340000,FALSE,,FALSE,,727345,727345,0,TRUE,FALSE
C,A,19680101,1968,52,1968,757,CHE,Switzerland,M,Import,0,W00,World,0,W00,World,S1,S1,TRUE,5612,Phosphatic fertilizers and materials,4,FALSE,C00,TOTAL CPC,0,0,TOTAL MOT,8,kg,216669248,FALSE,-1,N/A,,FALSE,216669248,FALSE,,FALSE,5449065,,5449065,0,TRUE,FALSE
C,A,19680101,1968,52,1968,757,CHE,Switzerland,X,Export,0,W00,World,0,W00,World,S1,S1,TRUE,5612,Phosphatic fertilizers and materials,4,FALSE,C00,TOTAL CPC,0,0,TOTAL MOT,8,kg,6248,FALSE,-1,N/A,,FALSE,6248,FALSE,,FALSE,,130,130,0,TRUE,FALSE
C,A,19680101,1968,52,1968,764,THA,Thailand,M,Import,0,W00,World,0,W00,World,S1,S1,TRUE,5612,Phosphatic fertilizers and materials,4,FALSE,C00,TOTAL CPC,0,0,TOTAL MOT,8,kg,6792627,FALSE,-1,N/A,,FALSE,6792627,FALSE,,FALSE,550517,,550517,0,TRUE,FALSE
C,A,19680101,1968,52,1968,768,TGO,Togo,M,Import,0,W00,World,0,W00,World,S1,S1,TRUE,5612,Phosphatic fertilizers and materials,4,FALSE,C00,TOTAL CPC,0,0,TOTAL MOT,8,kg,752621,FALSE,-1,N/A,,FALSE,752621,FALSE,,FALSE,57041,,57041,0,TRUE,FALSE
C,A,19680101,1968,52,1968,780,TTO,Trinidad and Tobago,M,Import,0,W00,World,0,W00,World,S1,S1,TRUE,5612,Phosphatic fertilizers and materials,4,FALSE,C00,TOTAL CPC,0,0,TOTAL MOT,8,kg,2332823,FALSE,-1,N/A,,FALSE,2332823,FALSE,,FALSE,167217,,167217,0,TRUE,FALSE
C,A,19680101,1968,52,1968,780,TTO,Trinidad and Tobago,X,Export,0,W00,World,0,W00,World,S1,S1,TRUE,5612,Phosphatic fertilizers and materials,4,FALSE,C00,TOTAL CPC,0,0,TOTAL MOT,8,kg,821999,FALSE,-1,N/A,,FALSE,821999,FALSE,,FALSE,,48707,48707,0,TRUE,FALSE
C,A,19680101,1968,52,1968,788,TUN,Tunisia,M,Import,0,W00,World,0,W00,World,S1,S1,TRUE,5612,Phosphatic fertilizers and materials,4,FALSE,C00,TOTAL CPC,0,0,TOTAL MOT,8,kg,82804,FALSE,-1,N/A,,FALSE,82804,FALSE,,FALSE,3325,,3325,0,TRUE,FALSE
C,A,19680101,1968,52,1968,788,TUN,Tunisia,X,Export,0,W00,World,0,W00,World,S1,S1,TRUE,5612,Phosphatic fertilizers and materials,4,FALSE,C00,TOTAL CPC,0,0,TOTAL MOT,8,kg,347314144,FALSE,-1,N/A,,FALSE,347314144,FALSE,,FALSE,,19095756,19095756,0,TRUE,FALSE
C,A,19680101,1968,52,1968,792,TUR,TÅEkiye,M,Import,0,W00,World,0,W00,World,S1,S1,TRUE,5612,Phosphatic fertilizers and materials,4,FALSE,C00,TOTAL CPC,0,0,TOTAL MOT,8,kg,303326016,FALSE,-1,N/A,,FALSE,303326016,FALSE,,FALSE,16276916,,16276916,0,TRUE,FALSE
C,A,19680101,1968,52,1968,818,EGY,Egypt,M,Import,0,W00,World,0,W00,World,S1,S1,TRUE,5612,Phosphatic fertilizers and materials,4,FALSE,C00,TOTAL CPC,0,0,TOTAL MOT,8,kg,24,FALSE,-1,N/A,,FALSE,24,FALSE,,FALSE,50,,50,0,TRUE,FALSE
C,A,19680101,1968,52,1968,818,EGY,Egypt,X,Export,0,W00,World,0,W00,World,S1,S1,TRUE,5612,Phosphatic fertilizers and materials,4,FALSE,C00,TOTAL CPC,0,0,TOTAL MOT,8,kg,29700000,FALSE,-1,N/A,,FALSE,29700000,FALSE,,FALSE,,578946,578946,0,TRUE,FALSE
C,A,19680101,1968,52,1968,826,GBR,United Kingdom,M,Import,0,W00,World,0,W00,World,S1,S1,TRUE,5612,Phosphatic fertilizers and materials,4,FALSE,C00,TOTAL CPC,0,0,TOTAL MOT,8,kg,75212856,FALSE,-1,N/A,,FALSE,75212856,FALSE,,FALSE,2805879,,2805879,0,TRUE,FALSE
C,A,19680101,1968,52,1968,826,GBR,United Kingdom,X,Export,0,W00,World,0,W00,World,S1,S1,TRUE,5612,Phosphatic fertilizers and materials,4,FALSE,C00,TOTAL CPC,0,0,TOTAL MOT,8,kg,63174816,FALSE,-1,N/A,,FALSE,63174816,FALSE,,FALSE,,1363671,1363671,0,TRUE,FALSE
C,A,19680101,1968,52,1968,841,USA,USA and Puerto Rico (...1980),M,Import,0,W00,World,0,W00,World,S1,S1,TRUE,5612,Phosphatic fertilizers and materials,4,FALSE,C00,TOTAL CPC,0,0,TOTAL MOT,8,kg,40241800,FALSE,-1,N/A,,FALSE,40241800,FALSE,,FALSE,,2222148,2222148,0,TRUE,FALSE
C,A,19680101,1968,52,1968,841,USA,USA and Puerto Rico (...1980),X,Export,0,W00,World,0,W00,World,S1,S1,TRUE,5612,Phosphatic fertilizers and materials,4,FALSE,C00,TOTAL CPC,0,0,TOTAL MOT,8,kg,1169949239,FALSE,-1,N/A,,FALSE,1169949239,FALSE,,FALSE,,56359114,56359114,0,TRUE,FALSE
C,A,19680101,1968,52,1968,854,BFA,Burkina Faso,M,Import,0,W00,World,0,W00,World,S1,S1,TRUE,5612,Phosphatic fertilizers and materials,4,FALSE,C00,TOTAL CPC,0,0,TOTAL MOT,8,kg,347339,FALSE,-1,N/A,,FALSE,347339,FALSE,,FALSE,26205,,26205,0,TRUE,FALSE
C,A,19680101,1968,52,1968,862,VEN,Venezuela,M,Import,0,W00,World,0,W00,World,S1,S1,TRUE,5612,Phosphatic fertilizers and materials,4,FALSE,C00,TOTAL CPC,0,0,TOTAL MOT,8,kg,393,FALSE,-1,N/A,,FALSE,393,FALSE,,FALSE,,868,868,0,TRUE,FALSE
C,A,19680101,1968,52,1968,868,VNM,Rep. of Vietnam (...1974),M,Import,0,W00,World,0,W00,World,S1,S1,TRUE,5612,Phosphatic fertilizers and materials,4,FALSE,C00,TOTAL CPC,0,0,TOTAL MOT,8,kg,14100000,FALSE,-1,N/A,,FALSE,14100000,FALSE,,FALSE,721510,,721510,0,TRUE,FALSE
C,A,19680101,1968,52,1968,890,YUG,Yugoslavia (...1991),M,Import,0,W00,World,0,W00,World,S1,S1,TRUE,5612,Phosphatic fertilizers and materials,4,FALSE,C00,TOTAL CPC,0,0,TOTAL MOT,8,kg,24100000,FALSE,-1,N/A,,FALSE,24100000,FALSE,,FALSE,771845,,771845,0,TRUE,FALSE
C,A,19680101,1968,52,1968,890,YUG,Yugoslavia (...1991),X,Export,0,W00,World,0,W00,World,S1,S1,TRUE,5612,Phosphatic fertilizers and materials,4,FALSE,C00,TOTAL CPC,0,0,TOTAL MOT,8,kg,346067328,FALSE,-1,N/A,,FALSE,346067328,FALSE,,FALSE,,7991248,7991248,0,TRUE,FALSE
C,A,19690101,1969,52,1969,12,DZA,Algeria,M,Import,0,W00,World,0,W00,World,S1,S1,TRUE,5612,Phosphatic fertilizers and materials,4,FALSE,C00,TOTAL CPC,0,0,TOTAL MOT,8,kg,80871088,FALSE,-1,N/A,,FALSE,80871088,FALSE,,FALSE,2458612,,2458612,0,TRUE,FALSE
C,A,19690101,1969,52,1969,24,AGO,Angola,M,Import,0,W00,World,0,W00,World,S1,S1,TRUE,5612,Phosphatic fertilizers and materials,4,FALSE,C00,TOTAL CPC,0,0,TOTAL MOT,8,kg,6086788,FALSE,-1,N/A,,FALSE,6086788,FALSE,,FALSE,385407,,385407,0,TRUE,FALSE
C,A,19690101,1969,52,1969,32,ARG,Argentina,M,Import,0,W00,World,0,W00,World,S1,S1,TRUE,5612,Phosphatic fertilizers and materials,4,FALSE,C00,TOTAL CPC,0,0,TOTAL MOT,8,kg,9756324,FALSE,-1,N/A,,FALSE,9756324,FALSE,,FALSE,498799,,498799,0,TRUE,FALSE
C,A,19690101,1969,52,1969,32,ARG,Argentina,X,Export,0,W00,World,0,W00,World,S1,S1,TRUE,5612,Phosphatic fertilizers and materials,4,FALSE,C00,TOTAL CPC,0,0,TOTAL MOT,8,kg,100000,FALSE,-1,N/A,,FALSE,100000,FALSE,,FALSE,,10300,10300,0,TRUE,FALSE
C,A,19690101,1969,52,1969,36,AUS,Australia,M,Import,0,W00,World,0,W00,World,S1,S1,TRUE,5612,Phosphatic fertilizers and materials,4,FALSE,C00,TOTAL CPC,0,0,TOTAL MOT,8,kg,5121436,FALSE,-1,N/A,,FALSE,5121436,FALSE,,FALSE,,229697,229697,0,TRUE,FALSE
C,A,19690101,1969,52,1969,52,BRB,Barbados,M,Import,0,W00,World,0,W00,World,S1,S1,TRUE,5612,Phosphatic fertilizers and materials,4,FALSE,C00,TOTAL CPC,0,0,TOTAL MOT,8,kg,10187,FALSE,-1,N/A,,FALSE,10187,FALSE,,FALSE,812,,812,0,TRUE,FALSE
C,A,19690101,1969,52,1969,58,BEL,Belgium-Luxembourg (...1998),M,Import,0,W00,World,0,W00,World,S1,S1,TRUE,5612,Phosphatic fertilizers and materials,4,FALSE,C00,TOTAL CPC,0,0,TOTAL MOT,8,kg,19512000,FALSE,-1,N/A,,FALSE,19512000,FALSE,,FALSE,896577,,896577,0,TRUE,FALSE
C,A,19690101,1969,52,1969,58,BEL,Belgium-Luxembourg (...1998),X,Export,0,W00,World,0,W00,World,S1,S1,TRUE,5612,Phosphatic fertilizers and materials,4,FALSE,C00,TOTAL CPC,0,0,TOTAL MOT,8,kg,1948403456,FALSE,-1,N/A,,FALSE,1948403456,FALSE,,FALSE,,31455372,31455372,0,TRUE,FALSE
C,A,19690101,1969,52,1969,68,BOL,Bolivia (Plurinational State of),M,Import,0,W00,World,0,W00,World,S1,S1,TRUE,5612,Phosphatic fertilizers and materials,4,FALSE,C00,TOTAL CPC,0,0,TOTAL MOT,8,kg,630921,FALSE,-1,N/A,,FALSE,630921,FALSE,,FALSE,67597,,67597,0,TRUE,FALSE
C,A,19690101,1969,52,1969,76,BRA,Brazil,M,Import,0,W00,World,0,W00,World,S1,S1,TRUE,5612,Phosphatic fertilizers and materials,4,FALSE,C00,TOTAL CPC,0,0,TOTAL MOT,8,kg,268978240,FALSE,-1,N/A,,FALSE,268978240,FALSE,,FALSE,16157005,,16157005,0,TRUE,FALSE
C,A,19690101,1969,52,1969,76,BRA,Brazil,X,Export,0,W00,World,0,W00,World,S1,S1,TRUE,5612,Phosphatic fertilizers and materials,4,FALSE,C00,TOTAL CPC,0,0,TOTAL MOT,8,kg,89000,FALSE,-1,N/A,,FALSE,89000,FALSE,,FALSE,,6173,6173,0,TRUE,FALSE
C,A,19690101,1969,52,1969,96,BRN,Brunei Darussalam,M,Import,0,W00,World,0,W00,World,S1,S1,TRUE,5612,Phosphatic fertilizers and materials,4,FALSE,C00,TOTAL CPC,0,0,TOTAL MOT,8,kg,19475,FALSE,-1,N/A,,FALSE,19475,FALSE,,FALSE,2538,,2538,0,TRUE,FALSE
C,A,19690101,1969,52,1969,104,MMR,Myanmar,M,Import,0,W00,World,0,W00,World,S1,S1,TRUE,5612,Phosphatic fertilizers and materials,4,FALSE,C00,TOTAL CPC,0,0,TOTAL MOT,8,kg,17983054,FALSE,-1,N/A,,FALSE,17983054,FALSE,,FALSE,1404626,,1404626,0,TRUE,FALSE
C,A,19690101,1969,52,1969,116,KHM,Cambodia,M,Import,0,W00,World,0,W00,World,S1,S1,TRUE,5612,Phosphatic fertilizers and materials,4,FALSE,C00,TOTAL CPC,0,0,TOTAL MOT,8,kg,17777256,FALSE,-1,N/A,,FALSE,17777256,FALSE,,FALSE,890594,,890594,0,TRUE,FALSE
C,A,19690101,1969,52,1969,120,CMR,Cameroon,M,Import,0,W00,World,0,W00,World,S1,S1,TRUE,5612,Phosphatic fertilizers and materials,4,FALSE,C00,TOTAL CPC,0,0,TOTAL MOT,8,kg,681199,FALSE,-1,N/A,,FALSE,681199,FALSE,,FALSE,37053,,37053,0,TRUE,FALSE
C,A,19690101,1969,52,1969,120,CMR,Cameroon,X,Export,0,W00,World,0,W00,World,S1,S1,TRUE,5612,Phosphatic fertilizers and materials,4,FALSE,C00,TOTAL CPC,0,0,TOTAL MOT,8,kg,3807,FALSE,-1,N/A,,FALSE,3807,FALSE,,FALSE,,401,401,0,TRUE,FALSE
C,A,19690101,1969,52,1969,124,CAN,Canada,M,Import,0,W00,World,0,W00,World,S1,S1,TRUE,5612,Phosphatic fertilizers and materials,4,FALSE,C00,TOTAL CPC,0,0,TOTAL MOT,8,kg,56841792,FALSE,-1,N/A,,FALSE,56841792,FALSE,,FALSE,,3460693,3460693,0,TRUE,FALSE
C,A,19690101,1969,52,1969,124,CAN,Canada,X,Export,0,W00,World,0,W00,World,S1,S1,TRUE,5612,Phosphatic fertilizers and materials,4,FALSE,C00,TOTAL CPC,0,0,TOTAL MOT,-1,N/A,0,FALSE,-1,N/A,,FALSE,,FALSE,,FALSE,,2629669,2629669,0,TRUE,FALSE
C,A,19690101,1969,52,1969,140,CAF,Central African Rep.,M,Import,0,W00,World,0,W00,World,S1,S1,TRUE,5612,Phosphatic fertilizers and materials,4,FALSE,C00,TOTAL CPC,0,0,TOTAL MOT,8,kg,228000,FALSE,-1,N/A,,FALSE,228000,FALSE,,FALSE,25158,,25158,0,TRUE,FALSE
C,A,19690101,1969,52,1969,140,CAF,Central African Rep.,X,Export,0,W00,World,0,W00,World,S1,S1,TRUE,5612,Phosphatic fertilizers and materials,4,FALSE,C00,TOTAL CPC,0,0,TOTAL MOT,8,kg,96351,FALSE,-1,N/A,,FALSE,96351,FALSE,,FALSE,,14001,14001,0,TRUE,FALSE
C,A,19690101,1969,52,1969,144,LKA,Sri Lanka,M,Import,0,W00,World,0,W00,World,S1,S1,TRUE,5612,Phosphatic fertilizers and materials,4,FALSE,C00,TOTAL CPC,0,0,TOTAL MOT,8,kg,39498844,FALSE,-1,N/A,,FALSE,39498844,FALSE,,FALSE,1464975,,1464975,0,TRUE,FALSE
C,A,19690101,1969,52,1969,148,TCD,Chad,M,Import,0,W00,World,0,W00,World,S1,S1,TRUE,5612,Phosphatic fertilizers and materials,4,FALSE,C00,TOTAL CPC,0,0,TOTAL MOT,8,kg,16054,FALSE,-1,N/A,,FALSE,16054,FALSE,,FALSE,3474,,3474,0,TRUE,FALSE
C,A,19690101,1969,52,1969,152,CHL,Chile,M,Import,0,W00,World,0,W00,World,S1,S1,TRUE,5612,Phosphatic fertilizers and materials,4,FALSE,C00,TOTAL CPC,0,0,TOTAL MOT,8,kg,160724256,FALSE,-1,N/A,,FALSE,160724256,FALSE,,FALSE,10375297,,10375297,0,TRUE,FALSE
C,A,19690101,1969,52,1969,170,COL,Colombia,M,Import,0,W00,World,0,W00,World,S1,S1,TRUE,5612,Phosphatic fertilizers and materials,4,FALSE,C00,TOTAL CPC,0,0,TOTAL MOT,8,kg,62855096,FALSE,-1,N/A,,FALSE,62855096,FALSE,,FALSE,2330289,,2330289,0,TRUE,FALSE
C,A,19690101,1969,52,1969,188,CRI,Costa Rica,M,Import,0,W00,World,0,W00,World,S1,S1,TRUE,5612,Phosphatic fertilizers and materials,4,FALSE,C00,TOTAL CPC,0,0,TOTAL MOT,8,kg,13115329,FALSE,-1,N/A,,FALSE,13115329,FALSE,,FALSE,880855,,880855,0,TRUE,FALSE
C,A,19690101,1969,52,1969,204,BEN,Benin,M,Import,0,W00,World,0,W00,World,S1,S1,TRUE,5612,Phosphatic fertilizers and materials,4,FALSE,C00,TOTAL CPC,0,0,TOTAL MOT,8,kg,282198,FALSE,-1,N/A,,FALSE,282198,FALSE,,FALSE,25265,,25265,0,TRUE,FALSE
C,A,19690101,1969,52,1969,208,DNK,Denmark,M,Import,0,W00,World,0,W00,World,S1,S1,TRUE,5612,Phosphatic fertilizers and materials,4,FALSE,C00,TOTAL CPC,0,0,TOTAL MOT,8,kg,39419412,FALSE,-1,N/A,,FALSE,39419412,FALSE,,FALSE,1194341,,1194341,0,TRUE,FALSE
C,A,19690101,1969,52,1969,208,DNK,Denmark,X,Export,0,W00,World,0,W00,World,S1,S1,TRUE,5612,Phosphatic fertilizers and materials,4,FALSE,C00,TOTAL CPC,0,0,TOTAL MOT,8,kg,59129488,FALSE,-1,N/A,,FALSE,59129488,FALSE,,FALSE,,1370370,1370370,0,TRUE,FALSE
C,A,19690101,1969,52,1969,218,ECU,Ecuador,M,Import,0,W00,World,0,W00,World,S1,S1,TRUE,5612,Phosphatic fertilizers and materials,4,FALSE,C00,TOTAL CPC,0,0,TOTAL MOT,8,kg,12491370,FALSE,-1,N/A,,FALSE,12491370,FALSE,,FALSE,454298,,454298,0,TRUE,FALSE
C,A,19690101,1969,52,1969,222,SLV,El Salvador,M,Import,0,W00,World,0,W00,World,S1,S1,TRUE,5612,Phosphatic fertilizers and materials,4,FALSE,C00,TOTAL CPC,0,0,TOTAL MOT,8,kg,32077380,FALSE,-1,N/A,,FALSE,32077380,FALSE,,FALSE,1373022,,1373022,0,TRUE,FALSE
C,A,19690101,1969,52,1969,222,SLV,El Salvador,X,Export,0,W00,World,0,W00,World,S1,S1,TRUE,5612,Phosphatic fertilizers and materials,4,FALSE,C00,TOTAL CPC,0,0,TOTAL MOT,8,kg,2335,FALSE,-1,N/A,,FALSE,2335,FALSE,,FALSE,,260,260,0,TRUE,FALSE
C,A,19690101,1969,52,1969,242,FJI,Fiji,M,Import,0,W00,World,0,W00,World,S1,S1,TRUE,5612,Phosphatic fertilizers and materials,4,FALSE,C00,TOTAL CPC,0,0,TOTAL MOT,8,kg,4681991,FALSE,-1,N/A,,FALSE,4681991,FALSE,,FALSE,202363,,202363,0,TRUE,FALSE
C,A,19690101,1969,52,1969,246,FIN,Finland,M,Import,0,W00,World,0,W00,World,S1,S1,TRUE,5612,Phosphatic fertilizers and materials,4,FALSE,C00,TOTAL CPC,0,0,TOTAL MOT,8,kg,11429824,FALSE,-1,N/A,,FALSE,11429824,FALSE,,FALSE,234791,,234791,0,TRUE,FALSE
C,A,19690101,1969,52,1969,246,FIN,Finland,X,Export,0,W00,World,0,W00,World,S1,S1,TRUE,5612,Phosphatic fertilizers and materials,4,FALSE,C00,TOTAL CPC,0,0,TOTAL MOT,8,kg,31717000,FALSE,-1,N/A,,FALSE,31717000,FALSE,,FALSE,,957791,957791,0,TRUE,FALSE
C,A,19690101,1969,52,1969,251,FRA,France,M,Import,0,W00,World,0,W00,World,S1,S1,TRUE,5612,Phosphatic fertilizers and materials,4,FALSE,C00,TOTAL CPC,0,0,TOTAL MOT,8,kg,1324303872,FALSE,-1,N/A,,FALSE,1324303872,FALSE,,FALSE,26077544,,26077544,0,TRUE,FALSE
C,A,19690101,1969,52,1969,251,FRA,France,X,Export,0,W00,World,0,W00,World,S1,S1,TRUE,5612,Phosphatic fertilizers and materials,4,FALSE,C00,TOTAL CPC,0,0,TOTAL MOT,8,kg,332651424,FALSE,-1,N/A,,FALSE,332651424,FALSE,,FALSE,,7079034,7079034,0,TRUE,FALSE
C,A,19690101,1969,52,1969,254,GUF,French Guiana (Overseas France),M,Import,0,W00,World,0,W00,World,S1,S1,TRUE,5612,Phosphatic fertilizers and materials,4,FALSE,C00,TOTAL CPC,0,0,TOTAL MOT,8,kg,16296,FALSE,-1,N/A,,FALSE,16296,FALSE,,FALSE,1891,,1891,0,TRUE,FALSE
C,A,19690101,1969,52,1969,266,GAB,Gabon,M,Import,0,W00,World,0,W00,World,S1,S1,TRUE,5612,Phosphatic fertilizers and materials,4,FALSE,C00,TOTAL CPC,0,0,TOTAL MOT,8,kg,44979,FALSE,-1,N/A,,FALSE,44979,FALSE,,FALSE,4178,,4178,0,TRUE,FALSE
C,A,19690101,1969,52,1969,280,DEU,Fed. Rep. of Germany (...1990),M,Import,0,W00,World,0,W00,World,S1,S1,TRUE,5612,Phosphatic fertilizers and materials,4,FALSE,C00,TOTAL CPC,0,0,TOTAL MOT,8,kg,454518336,FALSE,-1,N/A,,TRUE,454518336,FALSE,-1,TRUE,7277000,,7277000,0,FALSE,FALSE
C,A,19690101,1969,52,1969,280,DEU,Fed. Rep. of Germany (...1990),X,Export,0,W00,World,0,W00,World,S1,S1,TRUE,5612,Phosphatic fertilizers and materials,4,FALSE,C00,TOTAL CPC,0,0,TOTAL MOT,8,kg,248079152,FALSE,-1,N/A,,TRUE,248079152,FALSE,-1,TRUE,,3610000,3610000,0,FALSE,FALSE
C,A,19690101,1969,52,1969,288,GHA,Ghana,M,Import,0,W00,World,0,W00,World,S1,S1,TRUE,5612,Phosphatic fertilizers and materials,4,FALSE,C00,TOTAL CPC,0,0,TOTAL MOT,8,kg,959167,FALSE,-1,N/A,,FALSE,959167,FALSE,,FALSE,87184,,87184,0,TRUE,FALSE
C,A,19690101,1969,52,1969,300,GRC,Greece,X,Export,0,W00,World,0,W00,World,S1,S1,TRUE,5612,Phosphatic fertilizers and materials,4,FALSE,C00,TOTAL CPC,0,0,TOTAL MOT,8,kg,29105,FALSE,-1,N/A,,FALSE,29105,FALSE,,FALSE,,2100,2100,0,TRUE,FALSE
C,A,19690101,1969,52,1969,312,GLP,Guadeloupe (Overseas France),M,Import,0,W00,World,0,W00,World,S1,S1,TRUE,5612,Phosphatic fertilizers and materials,4,FALSE,C00,TOTAL CPC,0,0,TOTAL MOT,8,kg,624687,FALSE,-1,N/A,,FALSE,624687,FALSE,,FALSE,35887,,35887,0,TRUE,FALSE
C,A,19690101,1969,52,1969,320,GTM,Guatemala,M,Import,0,W00,World,0,W00,World,S1,S1,TRUE,5612,Phosphatic fertilizers and materials,4,FALSE,C00,TOTAL CPC,0,0,TOTAL MOT,8,kg,8738340,FALSE,-1,N/A,,FALSE,8738340,FALSE,,FALSE,775230,,775230,0,TRUE,FALSE
C,A,19690101,1969,52,1969,340,HND,Honduras,M,Import,0,W00,World,0,W00,World,S1,S1,TRUE,5612,Phosphatic fertilizers and materials,4,FALSE,C00,TOTAL CPC,0,0,TOTAL MOT,8,kg,442531,FALSE,-1,N/A,,FALSE,442531,FALSE,,FALSE,33448,,33448,0,TRUE,FALSE
C,A,19690101,1969,52,1969,352,ISL,Iceland,M,Import,0,W00,World,0,W00,World,S1,S1,TRUE,5612,Phosphatic fertilizers and materials,4,FALSE,C00,TOTAL CPC,0,0,TOTAL MOT,8,kg,9492187,FALSE,-1,N/A,,FALSE,9492187,FALSE,,FALSE,604558,,604558,0,TRUE,FALSE
C,A,19690101,1969,52,1969,356,IND,India (...1974),M,Import,0,W00,World,0,W00,World,S1,S1,TRUE,5612,Phosphatic fertilizers and materials,4,FALSE,C00,TOTAL CPC,0,0,TOTAL MOT,8,kg,2009000,FALSE,-1,N/A,,FALSE,2009000,FALSE,,FALSE,268203,,268203,0,TRUE,FALSE
C,A,19690101,1969,52,1969,360,IDN,Indonesia,M,Import,0,W00,World,0,W00,World,S1,S1,TRUE,5612,Phosphatic fertilizers and materials,4,FALSE,C00,TOTAL CPC,0,0,TOTAL MOT,8,kg,58145360,FALSE,-1,N/A,,FALSE,58145360,FALSE,,FALSE,5363129,,5363129,0,TRUE,FALSE
C,A,19690101,1969,52,1969,364,IRN,Iran,M,Import,0,W00,World,0,W00,World,S1,S1,TRUE,5612,Phosphatic fertilizers and materials,4,FALSE,C00,TOTAL CPC,0,0,TOTAL MOT,8,kg,61471248,FALSE,-1,N/A,,FALSE,61471248,FALSE,,FALSE,3160325,,3160325,0,TRUE,FALSE
C,A,19690101,1969,52,1969,364,IRN,Iran,X,Export,0,W00,World,0,W00,World,S1,S1,TRUE,5612,Phosphatic fertilizers and materials,4,FALSE,C00,TOTAL CPC,0,0,TOTAL MOT,8,kg,12125,FALSE,-1,N/A,,FALSE,12125,FALSE,,FALSE,,691,691,0,TRUE,FALSE
C,A,19690101,1969,52,1969,372,IRL,Ireland,M,Import,0,W00,World,0,W00,World,S1,S1,TRUE,5612,Phosphatic fertilizers and materials,4,FALSE,C00,TOTAL CPC,0,0,TOTAL MOT,8,kg,169431856,FALSE,-1,N/A,,FALSE,169431856,FALSE,,FALSE,4325031,,4325031,0,TRUE,FALSE
C,A,19690101,1969,52,1969,376,ISR,Israel,X,Export,0,W00,World,0,W00,World,S1,S1,TRUE,5612,Phosphatic fertilizers and materials,4,FALSE,C00,TOTAL CPC,0,0,TOTAL MOT,8,kg,50718812,FALSE,-1,N/A,,FALSE,50718812,FALSE,,FALSE,,1421557,1421557,0,TRUE,FALSE
C,A,19690101,1969,52,1969,380,ITA,Italy,M,Import,0,W00,World,0,W00,World,S1,S1,TRUE,5612,Phosphatic fertilizers and materials,4,FALSE,C00,TOTAL CPC,0,0,TOTAL MOT,8,kg,178812016,FALSE,-1,N/A,,TRUE,178812016,FALSE,-1,TRUE,7038340,,7038340,0,FALSE,FALSE
C,A,19690101,1969,52,1969,380,ITA,Italy,X,Export,0,W00,World,0,W00,World,S1,S1,TRUE,5612,Phosphatic fertilizers and materials,4,FALSE,C00,TOTAL CPC,0,0,TOTAL MOT,8,kg,6986172,FALSE,-1,N/A,,TRUE,6986172,FALSE,-1,TRUE,,455466,455466,0,FALSE,FALSE
C,A,19690101,1969,52,1969,384,CIV,CÙte d'Ivoire,M,Import,0,W00,World,0,W00,World,S1,S1,TRUE,5612,Phosphatic fertilizers and materials,4,FALSE,C00,TOTAL CPC,0,0,TOTAL MOT,8,kg,3873902,FALSE,-1,N/A,,FALSE,3873902,FALSE,,FALSE,201405,,201405,0,TRUE,FALSE
C,A,19690101,1969,52,1969,384,CIV,CÙte d'Ivoire,X,Export,0,W00,World,0,W00,World,S1,S1,TRUE,5612,Phosphatic fertilizers and materials,4,FALSE,C00,TOTAL CPC,0,0,TOTAL MOT,8,kg,24558,FALSE,-1,N/A,,FALSE,24558,FALSE,,FALSE,,2294,2294,0,TRUE,FALSE
C,A,19690101,1969,52,1969,392,JPN,Japan,M,Import,0,W00,World,0,W00,World,S1,S1,TRUE,5612,Phosphatic fertilizers and materials,4,FALSE,C00,TOTAL CPC,0,0,TOTAL MOT,8,kg,17124000,FALSE,-1,N/A,,FALSE,17124000,FALSE,,FALSE,893346,,893346,0,TRUE,FALSE
C,A,19690101,1969,52,1969,392,JPN,Japan,X,Export,0,W00,World,0,W00,World,S1,S1,TRUE,5612,Phosphatic fertilizers and materials,4,FALSE,C00,TOTAL CPC,0,0,TOTAL MOT,8,kg,37309000,FALSE,-1,N/A,,FALSE,37309000,FALSE,,FALSE,,2071769,2071769,0,TRUE,FALSE
C,A,19690101,1969,52,1969,400,JOR,Jordan,M,Import,0,W00,World,0,W00,World,S1,S1,TRUE,5612,Phosphatic fertilizers and materials,4,FALSE,C00,TOTAL CPC,0,0,TOTAL MOT,8,kg,7460698,FALSE,-1,N/A,,FALSE,7460698,FALSE,,FALSE,370109,,370109,0,TRUE,FALSE
C,A,19690101,1969,52,1969,410,KOR,Rep. of Korea,M,Import,0,W00,World,0,W00,World,S1,S1,TRUE,5612,Phosphatic fertilizers and materials,4,FALSE,C00,TOTAL CPC,0,0,TOTAL MOT,8,kg,15625,FALSE,-1,N/A,,FALSE,15625,FALSE,,FALSE,1154,,1154,0,TRUE,FALSE
C,A,19690101,1969,52,1969,422,LBN,Lebanon,M,Import,0,W00,World,0,W00,World,S1,S1,TRUE,5612,Phosphatic fertilizers and materials,4,FALSE,C00,TOTAL CPC,0,0,TOTAL MOT,8,kg,99621,FALSE,-1,N/A,,FALSE,99621,FALSE,,FALSE,3294,,3294,0,TRUE,FALSE
C,A,19690101,1969,52,1969,422,LBN,Lebanon,X,Export,0,W00,World,0,W00,World,S1,S1,TRUE,5612,Phosphatic fertilizers and materials,4,FALSE,C00,TOTAL CPC,0,0,TOTAL MOT,8,kg,57021172,FALSE,-1,N/A,,FALSE,57021172,FALSE,,FALSE,,3151614,3151614,0,TRUE,FALSE
C,A,19690101,1969,52,1969,434,LBY,Libya,M,Import,0,W00,World,0,W00,World,S1,S1,TRUE,5612,Phosphatic fertilizers and materials,4,FALSE,C00,TOTAL CPC,0,0,TOTAL MOT,8,kg,15187,FALSE,-1,N/A,,FALSE,15187,FALSE,,FALSE,909,,909,0,TRUE,FALSE
C,A,19690101,1969,52,1969,450,MDG,Madagascar,M,Import,0,W00,World,0,W00,World,S1,S1,TRUE,5612,Phosphatic fertilizers and materials,4,FALSE,C00,TOTAL CPC,0,0,TOTAL MOT,8,kg,957216,FALSE,-1,N/A,,FALSE,957216,FALSE,,FALSE,50486,,50486,0,TRUE,FALSE
C,A,19690101,1969,52,1969,450,MDG,Madagascar,X,Export,0,W00,World,0,W00,World,S1,S1,TRUE,5612,Phosphatic fertilizers and materials,4,FALSE,C00,TOTAL CPC,0,0,TOTAL MOT,8,kg,28855,FALSE,-1,N/A,,FALSE,28855,FALSE,,FALSE,,3131,3131,0,TRUE,FALSE
C,A,19690101,1969,52,1969,454,MWI,Malawi,M,Import,0,W00,World,0,W00,World,S1,S1,TRUE,5612,Phosphatic fertilizers and materials,4,FALSE,C00,TOTAL CPC,0,0,TOTAL MOT,8,kg,85264,FALSE,-1,N/A,,FALSE,85264,FALSE,,FALSE,6269,,6269,0,TRUE,FALSE
C,A,19690101,1969,52,1969,458,MYS,Malaysia,M,Import,0,W00,World,0,W00,World,S1,S1,TRUE,5612,Phosphatic fertilizers and materials,4,FALSE,C00,TOTAL CPC,0,0,TOTAL MOT,8,kg,7564967,FALSE,-1,N/A,,FALSE,7564967,FALSE,,FALSE,483020,,483020,0,TRUE,FALSE
C,A,19690101,1969,52,1969,458,MYS,Malaysia,X,Export,0,W00,World,0,W00,World,S1,S1,TRUE,5612,Phosphatic fertilizers and materials,4,FALSE,C00,TOTAL CPC,0,0,TOTAL MOT,8,kg,38823,FALSE,-1,N/A,,FALSE,38823,FALSE,,FALSE,,1854,1854,0,TRUE,FALSE
C,A,19690101,1969,52,1969,466,MLI,Mali,M,Import,0,W00,World,0,W00,World,S1,S1,TRUE,5612,Phosphatic fertilizers and materials,4,FALSE,C00,TOTAL CPC,0,0,TOTAL MOT,8,kg,2030206,FALSE,-1,N/A,,FALSE,2030206,FALSE,,FALSE,141708,,141708,0,TRUE,FALSE
C,A,19690101,1969,52,1969,470,MLT,Malta,M,Import,0,W00,World,0,W00,World,S1,S1,TRUE,5612,Phosphatic fertilizers and materials,4,FALSE,C00,TOTAL CPC,0,0,TOTAL MOT,8,kg,25000,FALSE,-1,N/A,,FALSE,25000,FALSE,,FALSE,3023,,3023,0,TRUE,FALSE
C,A,19690101,1969,52,1969,474,MTQ,Martinique (Overseas France),M,Import,0,W00,World,0,W00,World,S1,S1,TRUE,5612,Phosphatic fertilizers and materials,4,FALSE,C00,TOTAL CPC,0,0,TOTAL MOT,8,kg,566812,FALSE,-1,N/A,,FALSE,566812,FALSE,,FALSE,43977,,43977,0,TRUE,FALSE
C,A,19690101,1969,52,1969,484,MEX,Mexico,M,Import,0,W00,World,0,W00,World,S1,S1,TRUE,5612,Phosphatic fertilizers and materials,4,FALSE,C00,TOTAL CPC,0,0,TOTAL MOT,8,kg,14588696,FALSE,-1,N/A,,FALSE,14588696,FALSE,,FALSE,1228560,,1228560,0,TRUE,FALSE
C,A,19690101,1969,52,1969,484,MEX,Mexico,X,Export,0,W00,World,0,W00,World,S1,S1,TRUE,5612,Phosphatic fertilizers and materials,4,FALSE,C00,TOTAL CPC,0,0,TOTAL MOT,8,kg,61035536,FALSE,-1,N/A,,FALSE,61035536,FALSE,,FALSE,,2508164,2508164,0,TRUE,FALSE
C,A,19690101,1969,52,1969,528,NLD,Netherlands,M,Import,0,W00,World,0,W00,World,S1,S1,TRUE,5612,Phosphatic fertilizers and materials,4,FALSE,C00,TOTAL CPC,0,0,TOTAL MOT,8,kg,215255872,FALSE,-1,N/A,,FALSE,215255872,FALSE,,FALSE,5149268,,5149268,0,TRUE,FALSE
C,A,19690101,1969,52,1969,528,NLD,Netherlands,X,Export,0,W00,World,0,W00,World,S1,S1,TRUE,5612,Phosphatic fertilizers and materials,4,FALSE,C00,TOTAL CPC,0,0,TOTAL MOT,8,kg,283299008,FALSE,-1,N/A,,FALSE,283299008,FALSE,,FALSE,,11966732,11966732,0,TRUE,FALSE
C,A,19690101,1969,52,1969,554,NZL,New Zealand,M,Import,0,W00,World,0,W00,World,S1,S1,TRUE,5612,Phosphatic fertilizers and materials,4,FALSE,C00,TOTAL CPC,0,0,TOTAL MOT,8,kg,15880829,FALSE,-1,N/A,,FALSE,15880829,FALSE,,FALSE,1020783,,1020783,0,TRUE,FALSE
C,A,19690101,1969,52,1969,554,NZL,New Zealand,X,Export,0,W00,World,0,W00,World,S1,S1,TRUE,5612,Phosphatic fertilizers and materials,4,FALSE,C00,TOTAL CPC,0,0,TOTAL MOT,8,kg,392249,FALSE,-1,N/A,,FALSE,392249,FALSE,,FALSE,,22952,22952,0,TRUE,FALSE
C,A,19690101,1969,52,1969,558,NIC,Nicaragua,M,Import,0,W00,World,0,W00,World,S1,S1,TRUE,5612,Phosphatic fertilizers and materials,4,FALSE,C00,TOTAL CPC,0,0,TOTAL MOT,8,kg,8668940,FALSE,-1,N/A,,FALSE,8668940,FALSE,,FALSE,658404,,658404,0,TRUE,FALSE
C,A,19690101,1969,52,1969,558,NIC,Nicaragua,X,Export,0,W00,World,0,W00,World,S1,S1,TRUE,5612,Phosphatic fertilizers and materials,4,FALSE,C00,TOTAL CPC,0,0,TOTAL MOT,8,kg,9187,FALSE,-1,N/A,,FALSE,9187,FALSE,,FALSE,,534,534,0,TRUE,FALSE
C,A,19690101,1969,52,1969,562,NER,Niger,M,Import,0,W00,World,0,W00,World,S1,S1,TRUE,5612,Phosphatic fertilizers and materials,4,FALSE,C00,TOTAL CPC,0,0,TOTAL MOT,8,kg,374625,FALSE,-1,N/A,,FALSE,374625,FALSE,,FALSE,27945,,27945,0,TRUE,FALSE
C,A,19690101,1969,52,1969,566,NGA,Nigeria,M,Import,0,W00,World,0,W00,World,S1,S1,TRUE,5612,Phosphatic fertilizers and materials,4,FALSE,C00,TOTAL CPC,0,0,TOTAL MOT,8,kg,26511736,FALSE,-1,N/A,,FALSE,26511736,FALSE,,FALSE,1207733,,1207733,0,TRUE,FALSE
C,A,19690101,1969,52,1969,579,NOR,Norway,M,Import,0,W00,World,0,W00,World,S1,S1,TRUE,5612,Phosphatic fertilizers and materials,4,FALSE,C00,TOTAL CPC,0,0,TOTAL MOT,8,kg,6683324,FALSE,-1,N/A,,FALSE,6683324,FALSE,,FALSE,187197,,187197,0,TRUE,FALSE
C,A,19690101,1969,52,1969,579,NOR,Norway,X,Export,0,W00,World,0,W00,World,S1,S1,TRUE,5612,Phosphatic fertilizers and materials,4,FALSE,C00,TOTAL CPC,0,0,TOTAL MOT,8,kg,5375,FALSE,-1,N/A,,FALSE,5375,FALSE,,FALSE,,238,238,0,TRUE,FALSE
C,A,19690101,1969,52,1969,588,PAK,East and West Pakistan (...1971),M,Import,0,W00,World,0,W00,World,S1,S1,TRUE,5612,Phosphatic fertilizers and materials,4,FALSE,C00,TOTAL CPC,0,0,TOTAL MOT,-1,N/A,0,FALSE,-1,N/A,,FALSE,,FALSE,,FALSE,2218677,,2218677,0,TRUE,FALSE
C,A,19690101,1969,52,1969,590,PAN,"Panama, excl.Canal Zone (...1977)",M,Import,0,W00,World,0,W00,World,S1,S1,TRUE,5612,Phosphatic fertilizers and materials,4,FALSE,C00,TOTAL CPC,0,0,TOTAL MOT,8,kg,564327,FALSE,-1,N/A,,FALSE,564327,FALSE,,FALSE,59838,,59838,0,TRUE,FALSE
C,A,19690101,1969,52,1969,604,PER,Peru,M,Import,0,W00,World,0,W00,World,S1,S1,TRUE,5612,Phosphatic fertilizers and materials,4,FALSE,C00,TOTAL CPC,0,0,TOTAL MOT,8,kg,85241,FALSE,-1,N/A,,FALSE,85241,FALSE,,FALSE,5945,,5945,0,TRUE,FALSE
C,A,19690101,1969,52,1969,608,PHL,Philippines,M,Import,0,W00,World,0,W00,World,S1,S1,TRUE,5612,Phosphatic fertilizers and materials,4,FALSE,C00,TOTAL CPC,0,0,TOTAL MOT,8,kg,12294640,FALSE,-1,N/A,,FALSE,12294640,FALSE,,FALSE,446649,,446649,0,TRUE,FALSE
C,A,19690101,1969,52,1969,608,PHL,Philippines,X,Export,0,W00,World,0,W00,World,S1,S1,TRUE,5612,Phosphatic fertilizers and materials,4,FALSE,C00,TOTAL CPC,0,0,TOTAL MOT,8,kg,8000000,FALSE,-1,N/A,,FALSE,8000000,FALSE,,FALSE,,566800,566800,0,TRUE,FALSE
C,A,19690101,1969,52,1969,620,PRT,Portugal,M,Import,0,W00,World,0,W00,World,S1,S1,TRUE,5612,Phosphatic fertilizers and materials,4,FALSE,C00,TOTAL CPC,0,0,TOTAL MOT,8,kg,13439815,FALSE,-1,N/A,,FALSE,13439815,FALSE,,FALSE,449857,,449857,0,TRUE,FALSE
C,A,19690101,1969,52,1969,620,PRT,Portugal,X,Export,0,W00,World,0,W00,World,S1,S1,TRUE,5612,Phosphatic fertilizers and materials,4,FALSE,C00,TOTAL CPC,0,0,TOTAL MOT,8,kg,44868176,FALSE,-1,N/A,,FALSE,44868176,FALSE,,FALSE,,1601788,1601788,0,TRUE,FALSE
C,A,19690101,1969,52,1969,638,REU,RÈunion (Overseas France),M,Import,0,W00,World,0,W00,World,S1,S1,TRUE,5612,Phosphatic fertilizers and materials,4,FALSE,C00,TOTAL CPC,0,0,TOTAL MOT,8,kg,648272,FALSE,-1,N/A,,TRUE,648272,FALSE,-1,TRUE,51252,,51252,0,FALSE,FALSE
C,A,19690101,1969,52,1969,682,SAU,Saudi Arabia,M,Import,0,W00,World,0,W00,World,S1,S1,TRUE,5612,Phosphatic fertilizers and materials,4,FALSE,C00,TOTAL CPC,0,0,TOTAL MOT,8,kg,6220836,FALSE,-1,N/A,,FALSE,6220836,FALSE,,FALSE,505401,,505401,0,TRUE,FALSE
C,A,19690101,1969,52,1969,686,SEN,Senegal,M,Import,0,W00,World,0,W00,World,S1,S1,TRUE,5612,Phosphatic fertilizers and materials,4,FALSE,C00,TOTAL CPC,0,0,TOTAL MOT,8,kg,1,FALSE,-1,N/A,,FALSE,1,FALSE,,FALSE,5,,5,0,TRUE,FALSE
C,A,19690101,1969,52,1969,686,SEN,Senegal,X,Export,0,W00,World,0,W00,World,S1,S1,TRUE,5612,Phosphatic fertilizers and materials,4,FALSE,C00,TOTAL CPC,0,0,TOTAL MOT,8,kg,46456096,FALSE,-1,N/A,,FALSE,46456096,FALSE,,FALSE,,1240171,1240171,0,TRUE,FALSE
C,A,19690101,1969,52,1969,702,SGP,Singapore,M,Import,0,W00,World,0,W00,World,S1,S1,TRUE,5612,Phosphatic fertilizers and materials,4,FALSE,C00,TOTAL CPC,0,0,TOTAL MOT,8,kg,47640927,FALSE,-1,N/A,,FALSE,47640927,FALSE,,FALSE,2840275,,2840275,0,TRUE,FALSE
C,A,19690101,1969,52,1969,702,SGP,Singapore,X,Export,0,W00,World,0,W00,World,S1,S1,TRUE,5612,Phosphatic fertilizers and materials,4,FALSE,C00,TOTAL CPC,0,0,TOTAL MOT,8,kg,24774917,FALSE,-1,N/A,,FALSE,24774917,FALSE,,FALSE,,2061151,2061151,0,TRUE,FALSE
C,A,19690101,1969,52,1969,724,ESP,Spain,M,Import,0,W00,World,0,W00,World,S1,S1,TRUE,5612,Phosphatic fertilizers and materials,4,FALSE,C00,TOTAL CPC,0,0,TOTAL MOT,8,kg,95471384,FALSE,-1,N/A,,FALSE,95471384,FALSE,,FALSE,3913507,,3913507,0,TRUE,FALSE
C,A,19690101,1969,52,1969,724,ESP,Spain,X,Export,0,W00,World,0,W00,World,S1,S1,TRUE,5612,Phosphatic fertilizers and materials,4,FALSE,C00,TOTAL CPC,0,0,TOTAL MOT,8,kg,69811712,FALSE,-1,N/A,,FALSE,69811712,FALSE,,FALSE,,1472135,1472135,0,TRUE,FALSE
C,A,19690101,1969,52,1969,736,SDN,Sudan (...2011),M,Import,0,W00,World,0,W00,World,S1,S1,TRUE,5612,Phosphatic fertilizers and materials,4,FALSE,C00,TOTAL CPC,0,0,TOTAL MOT,8,kg,30000,FALSE,-1,N/A,,FALSE,30000,FALSE,,FALSE,2613,,2613,0,TRUE,FALSE
C,A,19690101,1969,52,1969,752,SWE,Sweden,M,Import,0,W00,World,0,W00,World,S1,S1,TRUE,5612,Phosphatic fertilizers and materials,4,FALSE,C00,TOTAL CPC,0,0,TOTAL MOT,8,kg,42522872,FALSE,-1,N/A,,FALSE,42522872,FALSE,,FALSE,2282046,,2282046,0,TRUE,FALSE
C,A,19690101,1969,52,1969,752,SWE,Sweden,X,Export,0,W00,World,0,W00,World,S1,S1,TRUE,5612,Phosphatic fertilizers and materials,4,FALSE,C00,TOTAL CPC,0,0,TOTAL MOT,8,kg,50500800,FALSE,-1,N/A,,FALSE,50500800,FALSE,,FALSE,,850188,850188,0,TRUE,FALSE
C,A,19690101,1969,52,1969,757,CHE,Switzerland,M,Import,0,W00,World,0,W00,World,S1,S1,TRUE,5612,Phosphatic fertilizers and materials,4,FALSE,C00,TOTAL CPC,0,0,TOTAL MOT,8,kg,210786624,FALSE,-1,N/A,,FALSE,210786624,FALSE,,FALSE,5281265,,5281265,0,TRUE,FALSE
C,A,19690101,1969,52,1969,757,CHE,Switzerland,X,Export,0,W00,World,0,W00,World,S1,S1,TRUE,5612,Phosphatic fertilizers and materials,4,FALSE,C00,TOTAL CPC,0,0,TOTAL MOT,8,kg,29765,FALSE,-1,N/A,,FALSE,29765,FALSE,,FALSE,,76,76,0,TRUE,FALSE
C,A,19690101,1969,52,1969,764,THA,Thailand,M,Import,0,W00,World,0,W00,World,S1,S1,TRUE,5612,Phosphatic fertilizers and materials,4,FALSE,C00,TOTAL CPC,0,0,TOTAL MOT,8,kg,9446072,FALSE,-1,N/A,,FALSE,9446072,FALSE,,FALSE,675765,,675765,0,TRUE,FALSE
C,A,19690101,1969,52,1969,768,TGO,Togo,M,Import,0,W00,World,0,W00,World,S1,S1,TRUE,5612,Phosphatic fertilizers and materials,4,FALSE,C00,TOTAL CPC,0,0,TOTAL MOT,8,kg,67409,FALSE,-1,N/A,,FALSE,67409,FALSE,,FALSE,4869,,4869,0,TRUE,FALSE
C,A,19690101,1969,52,1969,780,TTO,Trinidad and Tobago,M,Import,0,W00,World,0,W00,World,S1,S1,TRUE,5612,Phosphatic fertilizers and materials,4,FALSE,C00,TOTAL CPC,0,0,TOTAL MOT,8,kg,497860,FALSE,-1,N/A,,FALSE,497860,FALSE,,FALSE,41762,,41762,0,TRUE,FALSE
C,A,19690101,1969,52,1969,780,TTO,Trinidad and Tobago,X,Export,0,W00,World,0,W00,World,S1,S1,TRUE,5612,Phosphatic fertilizers and materials,4,FALSE,C00,TOTAL CPC,0,0,TOTAL MOT,8,kg,6515,FALSE,-1,N/A,,FALSE,6515,FALSE,,FALSE,,732,732,0,TRUE,FALSE
C,A,19690101,1969,52,1969,788,TUN,Tunisia,M,Import,0,W00,World,0,W00,World,S1,S1,TRUE,5612,Phosphatic fertilizers and materials,4,FALSE,C00,TOTAL CPC,0,0,TOTAL MOT,8,kg,958,FALSE,-1,N/A,,FALSE,958,FALSE,,FALSE,245,,245,0,TRUE,FALSE
C,A,19690101,1969,52,1969,788,TUN,Tunisia,X,Export,0,W00,World,0,W00,World,S1,S1,TRUE,5612,Phosphatic fertilizers and materials,4,FALSE,C00,TOTAL CPC,0,0,TOTAL MOT,8,kg,301768096,FALSE,-1,N/A,,FALSE,301768096,FALSE,,FALSE,,15545656,15545656,0,TRUE,FALSE
C,A,19690101,1969,52,1969,792,TUR,TÅEkiye,M,Import,0,W00,World,0,W00,World,S1,S1,TRUE,5612,Phosphatic fertilizers and materials,4,FALSE,C00,TOTAL CPC,0,0,TOTAL MOT,8,kg,185160064,FALSE,-1,N/A,,FALSE,185160064,FALSE,,FALSE,8086675,,8086675,0,TRUE,FALSE
C,A,19690101,1969,52,1969,818,EGY,Egypt,X,Export,0,W00,World,0,W00,World,S1,S1,TRUE,5612,Phosphatic fertilizers and materials,4,FALSE,C00,TOTAL CPC,0,0,TOTAL MOT,8,kg,39101896,FALSE,-1,N/A,,FALSE,39101896,FALSE,,FALSE,,808460,808460,0,TRUE,FALSE
C,A,19690101,1969,52,1969,826,GBR,United Kingdom,M,Import,0,W00,World,0,W00,World,S1,S1,TRUE,5612,Phosphatic fertilizers and materials,4,FALSE,C00,TOTAL CPC,0,0,TOTAL MOT,8,kg,52315232,FALSE,-1,N/A,,FALSE,52315232,FALSE,,FALSE,1419001,,1419001,0,TRUE,FALSE
C,A,19690101,1969,52,1969,826,GBR,United Kingdom,X,Export,0,W00,World,0,W00,World,S1,S1,TRUE,5612,Phosphatic fertilizers and materials,4,FALSE,C00,TOTAL CPC,0,0,TOTAL MOT,8,kg,49295540,FALSE,-1,N/A,,FALSE,49295540,FALSE,,FALSE,,1355914,1355914,0,TRUE,FALSE
C,A,19690101,1969,52,1969,841,USA,USA and Puerto Rico (...1980),M,Import,0,W00,World,0,W00,World,S1,S1,TRUE,5612,Phosphatic fertilizers and materials,4,FALSE,C00,TOTAL CPC,0,0,TOTAL MOT,8,kg,77751112,FALSE,-1,N/A,,FALSE,77751112,FALSE,,FALSE,,4180518,4180518,0,TRUE,FALSE
C,A,19690101,1969,52,1969,841,USA,USA and Puerto Rico (...1980),X,Export,0,W00,World,0,W00,World,S1,S1,TRUE,5612,Phosphatic fertilizers and materials,4,FALSE,C00,TOTAL CPC,0,0,TOTAL MOT,8,kg,769294592,FALSE,-1,N/A,,FALSE,769294592,FALSE,,FALSE,,33933336,33933336,0,TRUE,FALSE
C,A,19690101,1969,52,1969,854,BFA,Burkina Faso,M,Import,0,W00,World,0,W00,World,S1,S1,TRUE,5612,Phosphatic fertilizers and materials,4,FALSE,C00,TOTAL CPC,0,0,TOTAL MOT,8,kg,1110226,FALSE,-1,N/A,,FALSE,1110226,FALSE,,FALSE,123701,,123701,0,TRUE,FALSE
C,A,19690101,1969,52,1969,868,VNM,Rep. of Vietnam (...1974),M,Import,0,W00,World,0,W00,World,S1,S1,TRUE,5612,Phosphatic fertilizers and materials,4,FALSE,C00,TOTAL CPC,0,0,TOTAL MOT,8,kg,16222000,FALSE,-1,N/A,,FALSE,16222000,FALSE,,FALSE,1315165,,1315165,0,TRUE,FALSE
C,A,19690101,1969,52,1969,890,YUG,Yugoslavia (...1991),M,Import,0,W00,World,0,W00,World,S1,S1,TRUE,5612,Phosphatic fertilizers and materials,4,FALSE,C00,TOTAL CPC,0,0,TOTAL MOT,8,kg,55552896,FALSE,-1,N/A,,FALSE,55552896,FALSE,,FALSE,2145568,,2145568,0,TRUE,FALSE
C,A,19690101,1969,52,1969,890,YUG,Yugoslavia (...1991),X,Export,0,W00,World,0,W00,World,S1,S1,TRUE,5612,Phosphatic fertilizers and materials,4,FALSE,C00,TOTAL CPC,0,0,TOTAL MOT,8,kg,110913424,FALSE,-1,N/A,,FALSE,110913424,FALSE,,FALSE,,3172427,3172427,0,TRUE,FALSE
C,A,19700101,1970,52,1970,12,DZA,Algeria,M,Import,0,W00,World,0,W00,World,S1,S1,TRUE,5612,Phosphatic fertilizers and materials,4,FALSE,C00,TOTAL CPC,0,0,TOTAL MOT,8,kg,100707312,FALSE,-1,N/A,,FALSE,100707312,FALSE,,FALSE,2714197,,2714197,0,TRUE,FALSE
C,A,19700101,1970,52,1970,24,AGO,Angola,M,Import,0,W00,World,0,W00,World,S1,S1,TRUE,5612,Phosphatic fertilizers and materials,4,FALSE,C00,TOTAL CPC,0,0,TOTAL MOT,8,kg,5990778,FALSE,-1,N/A,,FALSE,5990778,FALSE,,FALSE,334584,,334584,0,TRUE,FALSE
C,A,19700101,1970,52,1970,32,ARG,Argentina,M,Import,0,W00,World,0,W00,World,S1,S1,TRUE,5612,Phosphatic fertilizers and materials,4,FALSE,C00,TOTAL CPC,0,0,TOTAL MOT,8,kg,16436875,FALSE,-1,N/A,,FALSE,16436875,FALSE,,FALSE,910198,,910198,0,TRUE,FALSE
C,A,19700101,1970,52,1970,32,ARG,Argentina,X,Export,0,W00,World,0,W00,World,S1,S1,TRUE,5612,Phosphatic fertilizers and materials,4,FALSE,C00,TOTAL CPC,0,0,TOTAL MOT,8,kg,235000,FALSE,-1,N/A,,FALSE,235000,FALSE,,FALSE,,6699,6699,0,TRUE,FALSE
C,A,19700101,1970,52,1970,36,AUS,Australia,M,Import,0,W00,World,0,W00,World,S1,S1,TRUE,5612,Phosphatic fertilizers and materials,4,FALSE,C00,TOTAL CPC,0,0,TOTAL MOT,8,kg,2878599,FALSE,-1,N/A,,FALSE,2878599,FALSE,,FALSE,,128552,128552,0,TRUE,FALSE
C,A,19700101,1970,52,1970,36,AUS,Australia,X,Export,0,W00,World,0,W00,World,S1,S1,TRUE,5612,Phosphatic fertilizers and materials,4,FALSE,C00,TOTAL CPC,0,0,TOTAL MOT,8,kg,4612,FALSE,-1,N/A,,FALSE,4612,FALSE,,FALSE,,300,300,0,TRUE,FALSE
C,A,19700101,1970,52,1970,48,BHR,Bahrain,M,Import,0,W00,World,0,W00,World,S1,S1,TRUE,5612,Phosphatic fertilizers and materials,4,FALSE,C00,TOTAL CPC,0,0,TOTAL MOT,8,kg,71121,FALSE,-1,N/A,,FALSE,71121,FALSE,,FALSE,12822,,12822,0,TRUE,FALSE
C,A,19700101,1970,52,1970,52,BRB,Barbados,M,Import,0,W00,World,0,W00,World,S1,S1,TRUE,5612,Phosphatic fertilizers and materials,4,FALSE,C00,TOTAL CPC,0,0,TOTAL MOT,8,kg,32569,FALSE,-1,N/A,,FALSE,32569,FALSE,,FALSE,2938,,2938,0,TRUE,FALSE
C,A,19700101,1970,52,1970,58,BEL,Belgium-Luxembourg (...1998),M,Import,0,W00,World,0,W00,World,S1,S1,TRUE,5612,Phosphatic fertilizers and materials,4,FALSE,C00,TOTAL CPC,0,0,TOTAL MOT,8,kg,10124225,FALSE,-1,N/A,,FALSE,10124225,FALSE,,FALSE,417497,,417497,0,TRUE,FALSE
C,A,19700101,1970,52,1970,58,BEL,Belgium-Luxembourg (...1998),X,Export,0,W00,World,0,W00,World,S1,S1,TRUE,5612,Phosphatic fertilizers and materials,4,FALSE,C00,TOTAL CPC,0,0,TOTAL MOT,8,kg,1843854592,FALSE,-1,N/A,,FALSE,1843854592,FALSE,,FALSE,,28978058,28978058,0,TRUE,FALSE
C,A,19700101,1970,52,1970,68,BOL,Bolivia (Plurinational State of),M,Import,0,W00,World,0,W00,World,S1,S1,TRUE,5612,Phosphatic fertilizers and materials,4,FALSE,C00,TOTAL CPC,0,0,TOTAL MOT,8,kg,515348,FALSE,-1,N/A,,FALSE,515348,FALSE,,FALSE,64049,,64049,0,TRUE,FALSE
C,A,19700101,1970,52,1970,76,BRA,Brazil,M,Import,0,W00,World,0,W00,World,S1,S1,TRUE,5612,Phosphatic fertilizers and materials,4,FALSE,C00,TOTAL CPC,0,0,TOTAL MOT,8,kg,485118880,FALSE,-1,N/A,,FALSE,485118880,FALSE,,FALSE,27408074,,27408074,0,TRUE,FALSE
C,A,19700101,1970,52,1970,76,BRA,Brazil,X,Export,0,W00,World,0,W00,World,S1,S1,TRUE,5612,Phosphatic fertilizers and materials,4,FALSE,C00,TOTAL CPC,0,0,TOTAL MOT,8,kg,18000,FALSE,-1,N/A,,FALSE,18000,FALSE,,FALSE,,1278,1278,0,TRUE,FALSE
C,A,19700101,1970,52,1970,96,BRN,Brunei Darussalam,M,Import,0,W00,World,0,W00,World,S1,S1,TRUE,5612,Phosphatic fertilizers and materials,4,FALSE,C00,TOTAL CPC,0,0,TOTAL MOT,8,kg,8124,FALSE,-1,N/A,,FALSE,8124,FALSE,,FALSE,371,,371,0,TRUE,FALSE
C,A,19700101,1970,52,1970,104,MMR,Myanmar,M,Import,0,W00,World,0,W00,World,S1,S1,TRUE,5612,Phosphatic fertilizers and materials,4,FALSE,C00,TOTAL CPC,0,0,TOTAL MOT,8,kg,1016062,FALSE,-1,N/A,,FALSE,1016062,FALSE,,FALSE,70047,,70047,0,TRUE,FALSE
C,A,19700101,1970,52,1970,116,KHM,Cambodia,M,Import,0,W00,World,0,W00,World,S1,S1,TRUE,5612,Phosphatic fertilizers and materials,4,FALSE,C00,TOTAL CPC,0,0,TOTAL MOT,8,kg,20040360,FALSE,-1,N/A,,FALSE,20040360,FALSE,,FALSE,931331,,931331,0,TRUE,FALSE
C,A,19700101,1970,52,1970,120,CMR,Cameroon,M,Import,0,W00,World,0,W00,World,S1,S1,TRUE,5612,Phosphatic fertilizers and materials,4,FALSE,C00,TOTAL CPC,0,0,TOTAL MOT,8,kg,6991875,FALSE,-1,N/A,,FALSE,6991875,FALSE,,FALSE,502786,,502786,0,TRUE,FALSE
C,A,19700101,1970,52,1970,120,CMR,Cameroon,X,Export,0,W00,World,0,W00,World,S1,S1,TRUE,5612,Phosphatic fertilizers and materials,4,FALSE,C00,TOTAL CPC,0,0,TOTAL MOT,8,kg,199,FALSE,-1,N/A,,FALSE,199,FALSE,,FALSE,,39,39,0,TRUE,FALSE
C,A,19700101,1970,52,1970,124,CAN,Canada,M,Import,0,W00,World,0,W00,World,S1,S1,TRUE,5612,Phosphatic fertilizers and materials,4,FALSE,C00,TOTAL CPC,0,0,TOTAL MOT,8,kg,113954176,FALSE,-1,N/A,,FALSE,113954176,FALSE,,FALSE,,6269797,6269797,0,TRUE,FALSE
C,A,19700101,1970,52,1970,124,CAN,Canada,X,Export,0,W00,World,0,W00,World,S1,S1,TRUE,5612,Phosphatic fertilizers and materials,4,FALSE,C00,TOTAL CPC,0,0,TOTAL MOT,8,kg,35540948,FALSE,-1,N/A,,FALSE,35540948,FALSE,,FALSE,,1946348,1946348,0,TRUE,FALSE
C,A,19700101,1970,52,1970,140,CAF,Central African Rep.,M,Import,0,W00,World,0,W00,World,S1,S1,TRUE,5612,Phosphatic fertilizers and materials,4,FALSE,C00,TOTAL CPC,0,0,TOTAL MOT,8,kg,453038,FALSE,-1,N/A,,FALSE,453038,FALSE,,FALSE,43718,,43718,0,TRUE,FALSE
C,A,19700101,1970,52,1970,140,CAF,Central African Rep.,X,Export,0,W00,World,0,W00,World,S1,S1,TRUE,5612,Phosphatic fertilizers and materials,4,FALSE,C00,TOTAL CPC,0,0,TOTAL MOT,8,kg,27660,FALSE,-1,N/A,,FALSE,27660,FALSE,,FALSE,,4668,4668,0,TRUE,FALSE
C,A,19700101,1970,52,1970,144,LKA,Sri Lanka,M,Import,0,W00,World,0,W00,World,S1,S1,TRUE,5612,Phosphatic fertilizers and materials,4,FALSE,C00,TOTAL CPC,0,0,TOTAL MOT,8,kg,49203402,FALSE,-1,N/A,,FALSE,49203402,FALSE,,FALSE,2153755,,2153755,0,TRUE,FALSE
C,A,19700101,1970,52,1970,148,TCD,Chad,M,Import,0,W00,World,0,W00,World,S1,S1,TRUE,5612,Phosphatic fertilizers and materials,4,FALSE,C00,TOTAL CPC,0,0,TOTAL MOT,8,kg,6875,FALSE,-1,N/A,,FALSE,6875,FALSE,,FALSE,2416,,2416,0,TRUE,FALSE
C,A,19700101,1970,52,1970,152,CHL,Chile,M,Import,0,W00,World,0,W00,World,S1,S1,TRUE,5612,Phosphatic fertilizers and materials,4,FALSE,C00,TOTAL CPC,0,0,TOTAL MOT,8,kg,191689200,FALSE,-1,N/A,,FALSE,191689200,FALSE,,FALSE,9976246,,9976246,0,TRUE,FALSE
C,A,19700101,1970,52,1970,170,COL,Colombia,M,Import,0,W00,World,0,W00,World,S1,S1,TRUE,5612,Phosphatic fertilizers and materials,4,FALSE,C00,TOTAL CPC,0,0,TOTAL MOT,8,kg,38218760,FALSE,-1,N/A,,FALSE,38218760,FALSE,,FALSE,1491593,,1491593,0,TRUE,FALSE
C,A,19700101,1970,52,1970,178,COG,Congo,M,Import,0,W00,World,0,W00,World,S1,S1,TRUE,5612,Phosphatic fertilizers and materials,4,FALSE,C00,TOTAL CPC,0,0,TOTAL MOT,8,kg,19750,FALSE,-1,N/A,,FALSE,19750,FALSE,,FALSE,1028,,1028,0,TRUE,FALSE
C,A,19700101,1970,52,1970,180,COD,Dem. Rep. of the Congo,M,Import,0,W00,World,0,W00,World,S1,S1,TRUE,5612,Phosphatic fertilizers and materials,4,FALSE,C00,TOTAL CPC,0,0,TOTAL MOT,8,kg,1544092,FALSE,-1,N/A,,FALSE,1544092,FALSE,,FALSE,172515,,172515,0,TRUE,FALSE
C,A,19700101,1970,52,1970,188,CRI,Costa Rica,M,Import,0,W00,World,0,W00,World,S1,S1,TRUE,5612,Phosphatic fertilizers and materials,4,FALSE,C00,TOTAL CPC,0,0,TOTAL MOT,8,kg,23909732,FALSE,-1,N/A,,FALSE,23909732,FALSE,,FALSE,1386235,,1386235,0,TRUE,FALSE
C,A,19700101,1970,52,1970,188,CRI,Costa Rica,X,Export,0,W00,World,0,W00,World,S1,S1,TRUE,5612,Phosphatic fertilizers and materials,4,FALSE,C00,TOTAL CPC,0,0,TOTAL MOT,8,kg,19640,FALSE,-1,N/A,,FALSE,19640,FALSE,,FALSE,,1958,1958,0,TRUE,FALSE
C,A,19700101,1970,52,1970,196,CYP,Cyprus,M,Import,0,W00,World,0,W00,World,S1,S1,TRUE,5612,Phosphatic fertilizers and materials,4,FALSE,C00,TOTAL CPC,0,0,TOTAL MOT,8,kg,12567039,FALSE,-1,N/A,,FALSE,12567039,FALSE,,FALSE,385756,,385756,0,TRUE,FALSE
C,A,19700101,1970,52,1970,204,BEN,Benin,M,Import,0,W00,World,0,W00,World,S1,S1,TRUE,5612,Phosphatic fertilizers and materials,4,FALSE,C00,TOTAL CPC,0,0,TOTAL MOT,8,kg,877624,FALSE,-1,N/A,,FALSE,877624,FALSE,,FALSE,73315,,73315,0,TRUE,FALSE
C,A,19700101,1970,52,1970,208,DNK,Denmark,M,Import,0,W00,World,0,W00,World,S1,S1,TRUE,5612,Phosphatic fertilizers and materials,4,FALSE,C00,TOTAL CPC,0,0,TOTAL MOT,8,kg,25454820,FALSE,-1,N/A,,FALSE,25454820,FALSE,,FALSE,852702,,852702,0,TRUE,FALSE
C,A,19700101,1970,52,1970,208,DNK,Denmark,X,Export,0,W00,World,0,W00,World,S1,S1,TRUE,5612,Phosphatic fertilizers and materials,4,FALSE,C00,TOTAL CPC,0,0,TOTAL MOT,8,kg,34525084,FALSE,-1,N/A,,FALSE,34525084,FALSE,,FALSE,,940891,940891,0,TRUE,FALSE
C,A,19700101,1970,52,1970,218,ECU,Ecuador,M,Import,0,W00,World,0,W00,World,S1,S1,TRUE,5612,Phosphatic fertilizers and materials,4,FALSE,C00,TOTAL CPC,0,0,TOTAL MOT,8,kg,37316928,FALSE,-1,N/A,,FALSE,37316928,FALSE,,FALSE,2415199,,2415199,0,TRUE,FALSE
C,A,19700101,1970,52,1970,222,SLV,El Salvador,M,Import,0,W00,World,0,W00,World,S1,S1,TRUE,5612,Phosphatic fertilizers and materials,4,FALSE,C00,TOTAL CPC,0,0,TOTAL MOT,8,kg,11627788,FALSE,-1,N/A,,FALSE,11627788,FALSE,,FALSE,594967,,594967,0,TRUE,FALSE
C,A,19700101,1970,52,1970,230,ETH,Ethiopia (...1992),M,Import,0,W00,World,0,W00,World,S1,S1,TRUE,5612,Phosphatic fertilizers and materials,4,FALSE,C00,TOTAL CPC,0,0,TOTAL MOT,8,kg,3580000,FALSE,-1,N/A,,FALSE,3580000,FALSE,,FALSE,289137,,289137,0,TRUE,FALSE
C,A,19700101,1970,52,1970,242,FJI,Fiji,M,Import,0,W00,World,0,W00,World,S1,S1,TRUE,5612,Phosphatic fertilizers and materials,4,FALSE,C00,TOTAL CPC,0,0,TOTAL MOT,8,kg,3243190,FALSE,-1,N/A,,FALSE,3243190,FALSE,,FALSE,141434,,141434,0,TRUE,FALSE
C,A,19700101,1970,52,1970,246,FIN,Finland,M,Import,0,W00,World,0,W00,World,S1,S1,TRUE,5612,Phosphatic fertilizers and materials,4,FALSE,C00,TOTAL CPC,0,0,TOTAL MOT,8,kg,9589038,FALSE,-1,N/A,,FALSE,9589038,FALSE,,FALSE,187774,,187774,0,TRUE,FALSE
C,A,19700101,1970,52,1970,246,FIN,Finland,X,Export,0,W00,World,0,W00,World,S1,S1,TRUE,5612,Phosphatic fertilizers and materials,4,FALSE,C00,TOTAL CPC,0,0,TOTAL MOT,8,kg,3223000,FALSE,-1,N/A,,FALSE,3223000,FALSE,,FALSE,,66393,66393,0,TRUE,FALSE
C,A,19700101,1970,52,1970,251,FRA,France,M,Import,0,W00,World,0,W00,World,S1,S1,TRUE,5612,Phosphatic fertilizers and materials,4,FALSE,C00,TOTAL CPC,0,0,TOTAL MOT,8,kg,1273489920,FALSE,-1,N/A,,FALSE,1273489920,FALSE,,FALSE,24500560,,24500560,0,TRUE,FALSE
C,A,19700101,1970,52,1970,251,FRA,France,X,Export,0,W00,World,0,W00,World,S1,S1,TRUE,5612,Phosphatic fertilizers and materials,4,FALSE,C00,TOTAL CPC,0,0,TOTAL MOT,8,kg,366424768,FALSE,-1,N/A,,FALSE,366424768,FALSE,,FALSE,,6834636,6834636,0,TRUE,FALSE
C,A,19700101,1970,52,1970,280,DEU,Fed. Rep. of Germany (...1990),M,Import,0,W00,World,0,W00,World,S1,S1,TRUE,5612,Phosphatic fertilizers and materials,4,FALSE,C00,TOTAL CPC,0,0,TOTAL MOT,8,kg,448973824,FALSE,-1,N/A,,TRUE,448973824,FALSE,-1,TRUE,7183000,,7183000,0,FALSE,FALSE
C,A,19700101,1970,52,1970,280,DEU,Fed. Rep. of Germany (...1990),X,Export,0,W00,World,0,W00,World,S1,S1,TRUE,5612,Phosphatic fertilizers and materials,4,FALSE,C00,TOTAL CPC,0,0,TOTAL MOT,8,kg,286455456,FALSE,-1,N/A,,TRUE,286455456,FALSE,-1,TRUE,,3526008,3526008,0,FALSE,FALSE
C,A,19700101,1970,52,1970,288,GHA,Ghana,M,Import,0,W00,World,0,W00,World,S1,S1,TRUE,5612,Phosphatic fertilizers and materials,4,FALSE,C00,TOTAL CPC,0,0,TOTAL MOT,8,kg,1062760,FALSE,-1,N/A,,FALSE,1062760,FALSE,,FALSE,59499,,59499,0,TRUE,FALSE
C,A,19700101,1970,52,1970,300,GRC,Greece,M,Import,0,W00,World,0,W00,World,S1,S1,TRUE,5612,Phosphatic fertilizers and materials,4,FALSE,C00,TOTAL CPC,0,0,TOTAL MOT,8,kg,50,FALSE,-1,N/A,,FALSE,50,FALSE,,FALSE,163,,163,0,TRUE,FALSE
C,A,19700101,1970,52,1970,300,GRC,Greece,X,Export,0,W00,World,0,W00,World,S1,S1,TRUE,5612,Phosphatic fertilizers and materials,4,FALSE,C00,TOTAL CPC,0,0,TOTAL MOT,8,kg,43601352,FALSE,-1,N/A,,FALSE,43601352,FALSE,,FALSE,,1042944,1042944,0,TRUE,FALSE
C,A,19700101,1970,52,1970,312,GLP,Guadeloupe (Overseas France),M,Import,0,W00,World,0,W00,World,S1,S1,TRUE,5612,Phosphatic fertilizers and materials,4,FALSE,C00,TOTAL CPC,0,0,TOTAL MOT,8,kg,97038,FALSE,-1,N/A,,FALSE,97038,FALSE,,FALSE,7734,,7734,0,TRUE,FALSE
C,A,19700101,1970,52,1970,320,GTM,Guatemala,M,Import,0,W00,World,0,W00,World,S1,S1,TRUE,5612,Phosphatic fertilizers and materials,4,FALSE,C00,TOTAL CPC,0,0,TOTAL MOT,8,kg,11708066,FALSE,-1,N/A,,FALSE,11708066,FALSE,,FALSE,938536,,938536,0,TRUE,FALSE
C,A,19700101,1970,52,1970,320,GTM,Guatemala,X,Export,0,W00,World,0,W00,World,S1,S1,TRUE,5612,Phosphatic fertilizers and materials,4,FALSE,C00,TOTAL CPC,0,0,TOTAL MOT,8,kg,2437,FALSE,-1,N/A,,FALSE,2437,FALSE,,FALSE,,317,317,0,TRUE,FALSE
C,A,19700101,1970,52,1970,328,GUY,Guyana,M,Import,0,W00,World,0,W00,World,S1,S1,TRUE,5612,Phosphatic fertilizers and materials,4,FALSE,C00,TOTAL CPC,0,0,TOTAL MOT,8,kg,3626291,FALSE,-1,N/A,,FALSE,3626291,FALSE,,FALSE,222602,,222602,0,TRUE,FALSE
C,A,19700101,1970,52,1970,340,HND,Honduras,M,Import,0,W00,World,0,W00,World,S1,S1,TRUE,5612,Phosphatic fertilizers and materials,4,FALSE,C00,TOTAL CPC,0,0,TOTAL MOT,8,kg,458842,FALSE,-1,N/A,,FALSE,458842,FALSE,,FALSE,50616,,50616,0,TRUE,FALSE
C,A,19700101,1970,52,1970,352,ISL,Iceland,M,Import,0,W00,World,0,W00,World,S1,S1,TRUE,5612,Phosphatic fertilizers and materials,4,FALSE,C00,TOTAL CPC,0,0,TOTAL MOT,8,kg,9587636,FALSE,-1,N/A,,FALSE,9587636,FALSE,,FALSE,600891,,600891,0,TRUE,FALSE
C,A,19700101,1970,52,1970,356,IND,India (...1974),M,Import,0,W00,World,0,W00,World,S1,S1,TRUE,5612,Phosphatic fertilizers and materials,4,FALSE,C00,TOTAL CPC,0,0,TOTAL MOT,8,kg,754000,FALSE,-1,N/A,,FALSE,754000,FALSE,,FALSE,63609,,63609,0,TRUE,FALSE
C,A,19700101,1970,52,1970,360,IDN,Indonesia,M,Import,0,W00,World,0,W00,World,S1,S1,TRUE,5612,Phosphatic fertilizers and materials,4,FALSE,C00,TOTAL CPC,0,0,TOTAL MOT,8,kg,32415208,FALSE,-1,N/A,,FALSE,32415208,FALSE,,FALSE,2634158,,2634158,0,TRUE,FALSE
C,A,19700101,1970,52,1970,364,IRN,Iran,M,Import,0,W00,World,0,W00,World,S1,S1,TRUE,5612,Phosphatic fertilizers and materials,4,FALSE,C00,TOTAL CPC,0,0,TOTAL MOT,8,kg,42199936,FALSE,-1,N/A,,FALSE,42199936,FALSE,,FALSE,3677344,,3677344,0,TRUE,FALSE
C,A,19700101,1970,52,1970,372,IRL,Ireland,M,Import,0,W00,World,0,W00,World,S1,S1,TRUE,5612,Phosphatic fertilizers and materials,4,FALSE,C00,TOTAL CPC,0,0,TOTAL MOT,8,kg,172127536,FALSE,-1,N/A,,FALSE,172127536,FALSE,,FALSE,4517200,,4517200,0,TRUE,FALSE
C,A,19700101,1970,52,1970,376,ISR,Israel,M,Import,0,W00,World,0,W00,World,S1,S1,TRUE,5612,Phosphatic fertilizers and materials,4,FALSE,C00,TOTAL CPC,0,0,TOTAL MOT,-1,N/A,0,FALSE,-1,N/A,,FALSE,,FALSE,,FALSE,1194,,1194,0,TRUE,FALSE
C,A,19700101,1970,52,1970,376,ISR,Israel,X,Export,0,W00,World,0,W00,World,S1,S1,TRUE,5612,Phosphatic fertilizers and materials,4,FALSE,C00,TOTAL CPC,0,0,TOTAL MOT,8,kg,211970224,FALSE,-1,N/A,,FALSE,211970224,FALSE,,FALSE,,4124526,4124526,0,TRUE,FALSE
C,A,19700101,1970,52,1970,380,ITA,Italy,M,Import,0,W00,World,0,W00,World,S1,S1,TRUE,5612,Phosphatic fertilizers and materials,4,FALSE,C00,TOTAL CPC,0,0,TOTAL MOT,8,kg,205989200,FALSE,-1,N/A,,TRUE,205989200,FALSE,-1,TRUE,7978968,,7978968,0,FALSE,FALSE
C,A,19700101,1970,52,1970,380,ITA,Italy,X,Export,0,W00,World,0,W00,World,S1,S1,TRUE,5612,Phosphatic fertilizers and materials,4,FALSE,C00,TOTAL CPC,0,0,TOTAL MOT,8,kg,7951373,FALSE,-1,N/A,,TRUE,7951373,FALSE,-1,TRUE,,432329,432329,0,FALSE,FALSE
C,A,19700101,1970,52,1970,384,CIV,CÙte d'Ivoire,M,Import,0,W00,World,0,W00,World,S1,S1,TRUE,5612,Phosphatic fertilizers and materials,4,FALSE,C00,TOTAL CPC,0,0,TOTAL MOT,8,kg,4583775,FALSE,-1,N/A,,FALSE,4583775,FALSE,,FALSE,217823,,217823,0,TRUE,FALSE
C,A,19700101,1970,52,1970,384,CIV,CÙte d'Ivoire,X,Export,0,W00,World,0,W00,World,S1,S1,TRUE,5612,Phosphatic fertilizers and materials,4,FALSE,C00,TOTAL CPC,0,0,TOTAL MOT,8,kg,199944,FALSE,-1,N/A,,FALSE,199944,FALSE,,FALSE,,20690,20690,0,TRUE,FALSE
C,A,19700101,1970,52,1970,392,JPN,Japan,M,Import,0,W00,World,0,W00,World,S1,S1,TRUE,5612,Phosphatic fertilizers and materials,4,FALSE,C00,TOTAL CPC,0,0,TOTAL MOT,8,kg,13343000,FALSE,-1,N/A,,FALSE,13343000,FALSE,,FALSE,670064,,670064,0,TRUE,FALSE
C,A,19700101,1970,52,1970,392,JPN,Japan,X,Export,0,W00,World,0,W00,World,S1,S1,TRUE,5612,Phosphatic fertilizers and materials,4,FALSE,C00,TOTAL CPC,0,0,TOTAL MOT,8,kg,39770000,FALSE,-1,N/A,,FALSE,39770000,FALSE,,FALSE,,2519909,2519909,0,TRUE,FALSE
C,A,19700101,1970,52,1970,400,JOR,Jordan,M,Import,0,W00,World,0,W00,World,S1,S1,TRUE,5612,Phosphatic fertilizers and materials,4,FALSE,C00,TOTAL CPC,0,0,TOTAL MOT,8,kg,6453788,FALSE,-1,N/A,,FALSE,6453788,FALSE,,FALSE,307100,,307100,0,TRUE,FALSE
C,A,19700101,1970,52,1970,410,KOR,Rep. of Korea,M,Import,0,W00,World,0,W00,World,S1,S1,TRUE,5612,Phosphatic fertilizers and materials,4,FALSE,C00,TOTAL CPC,0,0,TOTAL MOT,8,kg,441,FALSE,-1,N/A,,FALSE,441,FALSE,,FALSE,105,,105,0,TRUE,FALSE
C,A,19700101,1970,52,1970,410,KOR,Rep. of Korea,X,Export,0,W00,World,0,W00,World,S1,S1,TRUE,5612,Phosphatic fertilizers and materials,4,FALSE,C00,TOTAL CPC,0,0,TOTAL MOT,8,kg,1,FALSE,-1,N/A,,FALSE,1,FALSE,,FALSE,,2,2,0,TRUE,FALSE
C,A,19700101,1970,52,1970,418,LAO,Lao People's Dem. Rep.,M,Import,0,W00,World,0,W00,World,S1,S1,TRUE,5612,Phosphatic fertilizers and materials,4,FALSE,C00,TOTAL CPC,0,0,TOTAL MOT,8,kg,388866,FALSE,-1,N/A,,FALSE,388866,FALSE,,FALSE,,81124,81124,0,TRUE,FALSE
C,A,19700101,1970,52,1970,422,LBN,Lebanon,M,Import,0,W00,World,0,W00,World,S1,S1,TRUE,5612,Phosphatic fertilizers and materials,4,FALSE,C00,TOTAL CPC,0,0,TOTAL MOT,8,kg,152199,FALSE,-1,N/A,,FALSE,152199,FALSE,,FALSE,6833,,6833,0,TRUE,FALSE
C,A,19700101,1970,52,1970,422,LBN,Lebanon,X,Export,0,W00,World,0,W00,World,S1,S1,TRUE,5612,Phosphatic fertilizers and materials,4,FALSE,C00,TOTAL CPC,0,0,TOTAL MOT,8,kg,52013376,FALSE,-1,N/A,,FALSE,52013376,FALSE,,FALSE,,2859976,2859976,0,TRUE,FALSE
C,A,19700101,1970,52,1970,430,LBR,Liberia,M,Import,0,W00,World,0,W00,World,S1,S1,TRUE,5612,Phosphatic fertilizers and materials,4,FALSE,C00,TOTAL CPC,0,0,TOTAL MOT,8,kg,339312,FALSE,-1,N/A,,FALSE,339312,FALSE,,FALSE,25966,,25966,0,TRUE,FALSE
C,A,19700101,1970,52,1970,434,LBY,Libya,M,Import,0,W00,World,0,W00,World,S1,S1,TRUE,5612,Phosphatic fertilizers and materials,4,FALSE,C00,TOTAL CPC,0,0,TOTAL MOT,8,kg,968000,FALSE,-1,N/A,,FALSE,968000,FALSE,,FALSE,70131,,70131,0,TRUE,FALSE
C,A,19700101,1970,52,1970,450,MDG,Madagascar,M,Import,0,W00,World,0,W00,World,S1,S1,TRUE,5612,Phosphatic fertilizers and materials,4,FALSE,C00,TOTAL CPC,0,0,TOTAL MOT,8,kg,5246532,FALSE,-1,N/A,,FALSE,5246532,FALSE,,FALSE,404187,,404187,0,TRUE,FALSE
C,A,19700101,1970,52,1970,450,MDG,Madagascar,X,Export,0,W00,World,0,W00,World,S1,S1,TRUE,5612,Phosphatic fertilizers and materials,4,FALSE,C00,TOTAL CPC,0,0,TOTAL MOT,8,kg,18718,FALSE,-1,N/A,,FALSE,18718,FALSE,,FALSE,,1466,1466,0,TRUE,FALSE
C,A,19700101,1970,52,1970,454,MWI,Malawi,M,Import,0,W00,World,0,W00,World,S1,S1,TRUE,5612,Phosphatic fertilizers and materials,4,FALSE,C00,TOTAL CPC,0,0,TOTAL MOT,8,kg,1950476,FALSE,-1,N/A,,FALSE,1950476,FALSE,,FALSE,121775,,121775,0,TRUE,FALSE
C,A,19700101,1970,52,1970,458,MYS,Malaysia,M,Import,0,W00,World,0,W00,World,S1,S1,TRUE,5612,Phosphatic fertilizers and materials,4,FALSE,C00,TOTAL CPC,0,0,TOTAL MOT,8,kg,8715688,FALSE,-1,N/A,,FALSE,8715688,FALSE,,FALSE,607686,,607686,0,TRUE,FALSE
C,A,19700101,1970,52,1970,458,MYS,Malaysia,X,Export,0,W00,World,0,W00,World,S1,S1,TRUE,5612,Phosphatic fertilizers and materials,4,FALSE,C00,TOTAL CPC,0,0,TOTAL MOT,8,kg,2492,FALSE,-1,N/A,,FALSE,2492,FALSE,,FALSE,,284,284,0,TRUE,FALSE
C,A,19700101,1970,52,1970,466,MLI,Mali,M,Import,0,W00,World,0,W00,World,S1,S1,TRUE,5612,Phosphatic fertilizers and materials,4,FALSE,C00,TOTAL CPC,0,0,TOTAL MOT,8,kg,5000000,FALSE,-1,N/A,,FALSE,5000000,FALSE,,FALSE,608242,,608242,0,TRUE,FALSE
C,A,19700101,1970,52,1970,470,MLT,Malta,M,Import,0,W00,World,0,W00,World,S1,S1,TRUE,5612,Phosphatic fertilizers and materials,4,FALSE,C00,TOTAL CPC,0,0,TOTAL MOT,8,kg,16000,FALSE,-1,N/A,,FALSE,16000,FALSE,,FALSE,1256,,1256,0,TRUE,FALSE
C,A,19700101,1970,52,1970,474,MTQ,Martinique (Overseas France),M,Import,0,W00,World,0,W00,World,S1,S1,TRUE,5612,Phosphatic fertilizers and materials,4,FALSE,C00,TOTAL CPC,0,0,TOTAL MOT,8,kg,702148,FALSE,-1,N/A,,FALSE,702148,FALSE,,FALSE,38910,,38910,0,TRUE,FALSE
C,A,19700101,1970,52,1970,478,MRT,Mauritania,M,Import,0,W00,World,0,W00,World,S1,S1,TRUE,5612,Phosphatic fertilizers and materials,4,FALSE,C00,TOTAL CPC,0,0,TOTAL MOT,8,kg,51,FALSE,-1,N/A,,FALSE,51,FALSE,,FALSE,22,,22,0,TRUE,FALSE
C,A,19700101,1970,52,1970,480,MUS,Mauritius,M,Import,0,W00,World,0,W00,World,S1,S1,TRUE,5612,Phosphatic fertilizers and materials,4,FALSE,C00,TOTAL CPC,0,0,TOTAL MOT,8,kg,3591249,FALSE,-1,N/A,,FALSE,3591249,FALSE,,FALSE,222506,,222506,0,TRUE,FALSE
C,A,19700101,1970,52,1970,484,MEX,Mexico,M,Import,0,W00,World,0,W00,World,S1,S1,TRUE,5612,Phosphatic fertilizers and materials,4,FALSE,C00,TOTAL CPC,0,0,TOTAL MOT,8,kg,13021855,FALSE,-1,N/A,,FALSE,13021855,FALSE,,FALSE,972106,,972106,0,TRUE,FALSE
C,A,19700101,1970,52,1970,484,MEX,Mexico,X,Export,0,W00,World,0,W00,World,S1,S1,TRUE,5612,Phosphatic fertilizers and materials,4,FALSE,C00,TOTAL CPC,0,0,TOTAL MOT,8,kg,148741183,FALSE,-1,N/A,,FALSE,148741183,FALSE,,FALSE,,6146102,6146102,0,TRUE,FALSE
C,A,19700101,1970,52,1970,490,S19,"Other Asia, nes",X,Export,0,W00,World,0,W00,World,S1,S1,TRUE,5612,Phosphatic fertilizers and materials,4,FALSE,C00,TOTAL CPC,0,0,TOTAL MOT,8,kg,1000,FALSE,-1,N/A,,FALSE,1000,FALSE,,FALSE,,89,89,0,TRUE,FALSE
C,A,19700101,1970,52,1970,504,MAR,Morocco,X,Export,0,W00,World,0,W00,World,S1,S1,TRUE,5612,Phosphatic fertilizers and materials,4,FALSE,C00,TOTAL CPC,0,0,TOTAL MOT,8,kg,105282000,FALSE,-1,N/A,,FALSE,105282000,FALSE,,FALSE,,5372361,5372361,0,TRUE,FALSE
C,A,19700101,1970,52,1970,528,NLD,Netherlands,M,Import,0,W00,World,0,W00,World,S1,S1,TRUE,5612,Phosphatic fertilizers and materials,4,FALSE,C00,TOTAL CPC,0,0,TOTAL MOT,8,kg,184423968,FALSE,-1,N/A,,FALSE,184423968,FALSE,,FALSE,4070830,,4070830,0,TRUE,FALSE
C,A,19700101,1970,52,1970,528,NLD,Netherlands,X,Export,0,W00,World,0,W00,World,S1,S1,TRUE,5612,Phosphatic fertilizers and materials,4,FALSE,C00,TOTAL CPC,0,0,TOTAL MOT,8,kg,246120960,FALSE,-1,N/A,,FALSE,246120960,FALSE,,FALSE,,10475099,10475099,0,TRUE,FALSE
C,A,19700101,1970,52,1970,554,NZL,New Zealand,M,Import,0,W00,World,0,W00,World,S1,S1,TRUE,5612,Phosphatic fertilizers and materials,4,FALSE,C00,TOTAL CPC,0,0,TOTAL MOT,8,kg,11357374,FALSE,-1,N/A,,FALSE,11357374,FALSE,,FALSE,628341,,628341,0,TRUE,FALSE
C,A,19700101,1970,52,1970,554,NZL,New Zealand,X,Export,0,W00,World,0,W00,World,S1,S1,TRUE,5612,Phosphatic fertilizers and materials,4,FALSE,C00,TOTAL CPC,0,0,TOTAL MOT,8,kg,258132,FALSE,-1,N/A,,FALSE,258132,FALSE,,FALSE,,12461,12461,0,TRUE,FALSE
C,A,19700101,1970,52,1970,558,NIC,Nicaragua,M,Import,0,W00,World,0,W00,World,S1,S1,TRUE,5612,Phosphatic fertilizers and materials,4,FALSE,C00,TOTAL CPC,0,0,TOTAL MOT,8,kg,11864601,FALSE,-1,N/A,,FALSE,11864601,FALSE,,FALSE,908051,,908051,0,TRUE,FALSE
C,A,19700101,1970,52,1970,558,NIC,Nicaragua,X,Export,0,W00,World,0,W00,World,S1,S1,TRUE,5612,Phosphatic fertilizers and materials,4,FALSE,C00,TOTAL CPC,0,0,TOTAL MOT,8,kg,163370,FALSE,-1,N/A,,FALSE,163370,FALSE,,FALSE,,20952,20952,0,TRUE,FALSE
C,A,19700101,1970,52,1970,562,NER,Niger,M,Import,0,W00,World,0,W00,World,S1,S1,TRUE,5612,Phosphatic fertilizers and materials,4,FALSE,C00,TOTAL CPC,0,0,TOTAL MOT,8,kg,1265870,FALSE,-1,N/A,,FALSE,1265870,FALSE,,FALSE,149236,,149236,0,TRUE,FALSE
C,A,19700101,1970,52,1970,566,NGA,Nigeria,M,Import,0,W00,World,0,W00,World,S1,S1,TRUE,5612,Phosphatic fertilizers and materials,4,FALSE,C00,TOTAL CPC,0,0,TOTAL MOT,8,kg,14559242,FALSE,-1,N/A,,FALSE,14559242,FALSE,,FALSE,881037,,881037,0,TRUE,FALSE
C,A,19700101,1970,52,1970,579,NOR,Norway,M,Import,0,W00,World,0,W00,World,S1,S1,TRUE,5612,Phosphatic fertilizers and materials,4,FALSE,C00,TOTAL CPC,0,0,TOTAL MOT,8,kg,33299326,FALSE,-1,N/A,,FALSE,33299326,FALSE,,FALSE,1062881,,1062881,0,TRUE,FALSE
C,A,19700101,1970,52,1970,579,NOR,Norway,X,Export,0,W00,World,0,W00,World,S1,S1,TRUE,5612,Phosphatic fertilizers and materials,4,FALSE,C00,TOTAL CPC,0,0,TOTAL MOT,8,kg,31000,FALSE,-1,N/A,,FALSE,31000,FALSE,,FALSE,,917,917,0,TRUE,FALSE
C,A,19700101,1970,52,1970,588,PAK,East and West Pakistan (...1971),M,Import,0,W00,World,0,W00,World,S1,S1,TRUE,5612,Phosphatic fertilizers and materials,4,FALSE,C00,TOTAL CPC,0,0,TOTAL MOT,-1,N/A,0,FALSE,-1,N/A,,FALSE,,FALSE,,FALSE,9096067,,9096067,0,TRUE,FALSE
C,A,19700101,1970,52,1970,590,PAN,"Panama, excl.Canal Zone (...1977)",M,Import,0,W00,World,0,W00,World,S1,S1,TRUE,5612,Phosphatic fertilizers and materials,4,FALSE,C00,TOTAL CPC,0,0,TOTAL MOT,8,kg,269706,FALSE,-1,N/A,,FALSE,269706,FALSE,,FALSE,27944,,27944,0,TRUE,FALSE
C,A,19700101,1970,52,1970,604,PER,Peru,M,Import,0,W00,World,0,W00,World,S1,S1,TRUE,5612,Phosphatic fertilizers and materials,4,FALSE,C00,TOTAL CPC,0,0,TOTAL MOT,8,kg,285312,FALSE,-1,N/A,,FALSE,285312,FALSE,,FALSE,18944,,18944,0,TRUE,FALSE
C,A,19700101,1970,52,1970,608,PHL,Philippines,M,Import,0,W00,World,0,W00,World,S1,S1,TRUE,5612,Phosphatic fertilizers and materials,4,FALSE,C00,TOTAL CPC,0,0,TOTAL MOT,8,kg,20589988,FALSE,-1,N/A,,FALSE,20589988,FALSE,,FALSE,750189,,750189,0,TRUE,FALSE
C,A,19700101,1970,52,1970,620,PRT,Portugal,M,Import,0,W00,World,0,W00,World,S1,S1,TRUE,5612,Phosphatic fertilizers and materials,4,FALSE,C00,TOTAL CPC,0,0,TOTAL MOT,8,kg,13183689,FALSE,-1,N/A,,FALSE,13183689,FALSE,,FALSE,444126,,444126,0,TRUE,FALSE
C,A,19700101,1970,52,1970,620,PRT,Portugal,X,Export,0,W00,World,0,W00,World,S1,S1,TRUE,5612,Phosphatic fertilizers and materials,4,FALSE,C00,TOTAL CPC,0,0,TOTAL MOT,8,kg,96258864,FALSE,-1,N/A,,FALSE,96258864,FALSE,,FALSE,,3251742,3251742,0,TRUE,FALSE
C,A,19700101,1970,52,1970,624,GNB,Guinea-Bissau,M,Import,0,W00,World,0,W00,World,S1,S1,TRUE,5612,Phosphatic fertilizers and materials,4,FALSE,C00,TOTAL CPC,0,0,TOTAL MOT,8,kg,5437,FALSE,-1,N/A,,FALSE,5437,FALSE,,FALSE,404,,404,0,TRUE,FALSE
C,A,19700101,1970,52,1970,638,REU,RÈunion (Overseas France),M,Import,0,W00,World,0,W00,World,S1,S1,TRUE,5612,Phosphatic fertilizers and materials,4,FALSE,C00,TOTAL CPC,0,0,TOTAL MOT,8,kg,544562,FALSE,-1,N/A,,TRUE,544562,FALSE,-1,TRUE,39411,,39411,0,FALSE,FALSE
C,A,19700101,1970,52,1970,686,SEN,Senegal,M,Import,0,W00,World,0,W00,World,S1,S1,TRUE,5612,Phosphatic fertilizers and materials,4,FALSE,C00,TOTAL CPC,0,0,TOTAL MOT,8,kg,7062,FALSE,-1,N/A,,FALSE,7062,FALSE,,FALSE,1253,,1253,0,TRUE,FALSE
C,A,19700101,1970,52,1970,686,SEN,Senegal,X,Export,0,W00,World,0,W00,World,S1,S1,TRUE,5612,Phosphatic fertilizers and materials,4,FALSE,C00,TOTAL CPC,0,0,TOTAL MOT,8,kg,48887896,FALSE,-1,N/A,,FALSE,48887896,FALSE,,FALSE,,1215024,1215024,0,TRUE,FALSE
C,A,19700101,1970,52,1970,702,SGP,Singapore,M,Import,0,W00,World,0,W00,World,S1,S1,TRUE,5612,Phosphatic fertilizers and materials,4,FALSE,C00,TOTAL CPC,0,0,TOTAL MOT,8,kg,1755529,FALSE,-1,N/A,,FALSE,1755529,FALSE,,FALSE,124200,,124200,0,TRUE,FALSE
C,A,19700101,1970,52,1970,702,SGP,Singapore,X,Export,0,W00,World,0,W00,World,S1,S1,TRUE,5612,Phosphatic fertilizers and materials,4,FALSE,C00,TOTAL CPC,0,0,TOTAL MOT,8,kg,2431952,FALSE,-1,N/A,,FALSE,2431952,FALSE,,FALSE,,180864,180864,0,TRUE,FALSE
C,A,19700101,1970,52,1970,724,ESP,Spain,M,Import,0,W00,World,0,W00,World,S1,S1,TRUE,5612,Phosphatic fertilizers and materials,4,FALSE,C00,TOTAL CPC,0,0,TOTAL MOT,8,kg,60968864,FALSE,-1,N/A,,FALSE,60968864,FALSE,,FALSE,2666580,,2666580,0,TRUE,FALSE
C,A,19700101,1970,52,1970,724,ESP,Spain,X,Export,0,W00,World,0,W00,World,S1,S1,TRUE,5612,Phosphatic fertilizers and materials,4,FALSE,C00,TOTAL CPC,0,0,TOTAL MOT,8,kg,91072200,FALSE,-1,N/A,,FALSE,91072200,FALSE,,FALSE,,1964840,1964840,0,TRUE,FALSE
C,A,19700101,1970,52,1970,736,SDN,Sudan (...2011),M,Import,0,W00,World,0,W00,World,S1,S1,TRUE,5612,Phosphatic fertilizers and materials,4,FALSE,C00,TOTAL CPC,0,0,TOTAL MOT,8,kg,550000,FALSE,-1,N/A,,FALSE,550000,FALSE,,FALSE,43849,,43849,0,TRUE,FALSE
C,A,19700101,1970,52,1970,752,SWE,Sweden,M,Import,0,W00,World,0,W00,World,S1,S1,TRUE,5612,Phosphatic fertilizers and materials,4,FALSE,C00,TOTAL CPC,0,0,TOTAL MOT,8,kg,32226372,FALSE,-1,N/A,,FALSE,32226372,FALSE,,FALSE,1539137,,1539137,0,TRUE,FALSE
C,A,19700101,1970,52,1970,752,SWE,Sweden,X,Export,0,W00,World,0,W00,World,S1,S1,TRUE,5612,Phosphatic fertilizers and materials,4,FALSE,C00,TOTAL CPC,0,0,TOTAL MOT,8,kg,58880676,FALSE,-1,N/A,,FALSE,58880676,FALSE,,FALSE,,959952,959952,0,TRUE,FALSE
C,A,19700101,1970,52,1970,757,CHE,Switzerland,M,Import,0,W00,World,0,W00,World,S1,S1,TRUE,5612,Phosphatic fertilizers and materials,4,FALSE,C00,TOTAL CPC,0,0,TOTAL MOT,8,kg,203000896,FALSE,-1,N/A,,FALSE,203000896,FALSE,,FALSE,5143305,,5143305,0,TRUE,FALSE
C,A,19700101,1970,52,1970,757,CHE,Switzerland,X,Export,0,W00,World,0,W00,World,S1,S1,TRUE,5612,Phosphatic fertilizers and materials,4,FALSE,C00,TOTAL CPC,0,0,TOTAL MOT,8,kg,199,FALSE,-1,N/A,,FALSE,199,FALSE,,FALSE,,10,10,0,TRUE,FALSE
C,A,19700101,1970,52,1970,764,THA,Thailand,M,Import,0,W00,World,0,W00,World,S1,S1,TRUE,5612,Phosphatic fertilizers and materials,4,FALSE,C00,TOTAL CPC,0,0,TOTAL MOT,8,kg,6351547,FALSE,-1,N/A,,FALSE,6351547,FALSE,,FALSE,419541,,419541,0,TRUE,FALSE
C,A,19700101,1970,52,1970,768,TGO,Togo,M,Import,0,W00,World,0,W00,World,S1,S1,TRUE,5612,Phosphatic fertilizers and materials,4,FALSE,C00,TOTAL CPC,0,0,TOTAL MOT,8,kg,298080,FALSE,-1,N/A,,FALSE,298080,FALSE,,FALSE,17120,,17120,0,TRUE,FALSE
C,A,19700101,1970,52,1970,780,TTO,Trinidad and Tobago,M,Import,0,W00,World,0,W00,World,S1,S1,TRUE,5612,Phosphatic fertilizers and materials,4,FALSE,C00,TOTAL CPC,0,0,TOTAL MOT,8,kg,896183,FALSE,-1,N/A,,FALSE,896183,FALSE,,FALSE,66994,,66994,0,TRUE,FALSE
C,A,19700101,1970,52,1970,780,TTO,Trinidad and Tobago,X,Export,0,W00,World,0,W00,World,S1,S1,TRUE,5612,Phosphatic fertilizers and materials,4,FALSE,C00,TOTAL CPC,0,0,TOTAL MOT,-1,N/A,0,FALSE,-1,N/A,,FALSE,,FALSE,,FALSE,,157,157,0,TRUE,FALSE
C,A,19700101,1970,52,1970,788,TUN,Tunisia,M,Import,0,W00,World,0,W00,World,S1,S1,TRUE,5612,Phosphatic fertilizers and materials,4,FALSE,C00,TOTAL CPC,0,0,TOTAL MOT,8,kg,14554,FALSE,-1,N/A,,FALSE,14554,FALSE,,FALSE,2577,,2577,0,TRUE,FALSE
C,A,19700101,1970,52,1970,788,TUN,Tunisia,X,Export,0,W00,World,0,W00,World,S1,S1,TRUE,5612,Phosphatic fertilizers and materials,4,FALSE,C00,TOTAL CPC,0,0,TOTAL MOT,8,kg,373741920,FALSE,-1,N/A,,FALSE,373741920,FALSE,,FALSE,,16401429,16401429,0,TRUE,FALSE
C,A,19700101,1970,52,1970,792,TUR,TÅEkiye,M,Import,0,W00,World,0,W00,World,S1,S1,TRUE,5612,Phosphatic fertilizers and materials,4,FALSE,C00,TOTAL CPC,0,0,TOTAL MOT,8,kg,58121488,FALSE,-1,N/A,,FALSE,58121488,FALSE,,FALSE,2558202,,2558202,0,TRUE,FALSE
C,A,19700101,1970,52,1970,818,EGY,Egypt,X,Export,0,W00,World,0,W00,World,S1,S1,TRUE,5612,Phosphatic fertilizers and materials,4,FALSE,C00,TOTAL CPC,0,0,TOTAL MOT,8,kg,93016384,FALSE,-1,N/A,,FALSE,93016384,FALSE,,FALSE,,1805476,1805476,0,TRUE,FALSE
C,A,19700101,1970,52,1970,826,GBR,United Kingdom,M,Import,0,W00,World,0,W00,World,S1,S1,TRUE,5612,Phosphatic fertilizers and materials,4,FALSE,C00,TOTAL CPC,0,0,TOTAL MOT,8,kg,76898504,FALSE,-1,N/A,,FALSE,76898504,FALSE,,FALSE,2201953,,2201953,0,TRUE,FALSE
C,A,19700101,1970,52,1970,826,GBR,United Kingdom,X,Export,0,W00,World,0,W00,World,S1,S1,TRUE,5612,Phosphatic fertilizers and materials,4,FALSE,C00,TOTAL CPC,0,0,TOTAL MOT,8,kg,46305348,FALSE,-1,N/A,,FALSE,46305348,FALSE,,FALSE,,2215310,2215310,0,TRUE,FALSE
C,A,19700101,1970,52,1970,841,USA,USA and Puerto Rico (...1980),M,Import,0,W00,World,0,W00,World,S1,S1,TRUE,5612,Phosphatic fertilizers and materials,4,FALSE,C00,TOTAL CPC,0,0,TOTAL MOT,8,kg,99376562,FALSE,-1,N/A,,FALSE,99376562,FALSE,,FALSE,,5678689,5678689,0,TRUE,FALSE
C,A,19700101,1970,52,1970,841,USA,USA and Puerto Rico (...1980),X,Export,0,W00,World,0,W00,World,S1,S1,TRUE,5612,Phosphatic fertilizers and materials,4,FALSE,C00,TOTAL CPC,0,0,TOTAL MOT,8,kg,702160278,FALSE,-1,N/A,,FALSE,702160278,FALSE,,FALSE,,28644920,28644920,0,TRUE,FALSE
C,A,19700101,1970,52,1970,854,BFA,Burkina Faso,M,Import,0,W00,World,0,W00,World,S1,S1,TRUE,5612,Phosphatic fertilizers and materials,4,FALSE,C00,TOTAL CPC,0,0,TOTAL MOT,8,kg,321151,FALSE,-1,N/A,,FALSE,321151,FALSE,,FALSE,30222,,30222,0,TRUE,FALSE
C,A,19700101,1970,52,1970,858,URY,Uruguay,M,Import,0,W00,World,0,W00,World,S1,S1,TRUE,5612,Phosphatic fertilizers and materials,4,FALSE,C00,TOTAL CPC,0,0,TOTAL MOT,-1,N/A,0,FALSE,-1,N/A,,FALSE,,FALSE,,FALSE,4485934,,4485934,0,TRUE,FALSE
C,A,19700101,1970,52,1970,858,URY,Uruguay,X,Export,0,W00,World,0,W00,World,S1,S1,TRUE,5612,Phosphatic fertilizers and materials,4,FALSE,C00,TOTAL CPC,0,0,TOTAL MOT,-1,N/A,0,FALSE,-1,N/A,,FALSE,,FALSE,,FALSE,,227184,227184,0,TRUE,FALSE
C,A,19700101,1970,52,1970,862,VEN,Venezuela,M,Import,0,W00,World,0,W00,World,S1,S1,TRUE,5612,Phosphatic fertilizers and materials,4,FALSE,C00,TOTAL CPC,0,0,TOTAL MOT,8,kg,14233698,FALSE,-1,N/A,,FALSE,14233698,FALSE,,FALSE,,8770521,8770521,0,TRUE,FALSE
C,A,19700101,1970,52,1970,868,VNM,Rep. of Vietnam (...1974),M,Import,0,W00,World,0,W00,World,S1,S1,TRUE,5612,Phosphatic fertilizers and materials,4,FALSE,C00,TOTAL CPC,0,0,TOTAL MOT,8,kg,57471312,FALSE,-1,N/A,,FALSE,57471312,FALSE,,FALSE,3733105,,3733105,0,TRUE,FALSE
C,A,19700101,1970,52,1970,890,YUG,Yugoslavia (...1991),M,Import,0,W00,World,0,W00,World,S1,S1,TRUE,5612,Phosphatic fertilizers and materials,4,FALSE,C00,TOTAL CPC,0,0,TOTAL MOT,8,kg,7850000,FALSE,-1,N/A,,FALSE,7850000,FALSE,,FALSE,189582,,189582,0,TRUE,FALSE
C,A,19700101,1970,52,1970,890,YUG,Yugoslavia (...1991),X,Export,0,W00,World,0,W00,World,S1,S1,TRUE,5612,Phosphatic fertilizers and materials,4,FALSE,C00,TOTAL CPC,0,0,TOTAL MOT,8,kg,33127516,FALSE,-1,N/A,,FALSE,33127516,FALSE,,FALSE,,805756,805756,0,TRUE,FALSE
C,A,19700101,1970,52,1970,894,ZMB,Zambia,M,Import,0,W00,World,0,W00,World,S1,S1,TRUE,5612,Phosphatic fertilizers and materials,4,FALSE,C00,TOTAL CPC,0,0,TOTAL MOT,8,kg,4187529,FALSE,-1,N/A,,FALSE,4187529,FALSE,,FALSE,,312917,312917,0,TRUE,FALSE
C,A,19710101,1971,52,1971,12,DZA,Algeria,M,Import,0,W00,World,0,W00,World,S1,S1,TRUE,5612,Phosphatic fertilizers and materials,4,FALSE,C00,TOTAL CPC,0,0,TOTAL MOT,8,kg,214465632,FALSE,-1,N/A,,FALSE,214465632,FALSE,,FALSE,7634544,,7634544,0,TRUE,FALSE
C,A,19710101,1971,52,1971,24,AGO,Angola,M,Import,0,W00,World,0,W00,World,S1,S1,TRUE,5612,Phosphatic fertilizers and materials,4,FALSE,C00,TOTAL CPC,0,0,TOTAL MOT,8,kg,6750413,FALSE,-1,N/A,,FALSE,6750413,FALSE,,FALSE,378902,,378902,0,TRUE,FALSE
C,A,19710101,1971,52,1971,32,ARG,Argentina,M,Import,0,W00,World,0,W00,World,S1,S1,TRUE,5612,Phosphatic fertilizers and materials,4,FALSE,C00,TOTAL CPC,0,0,TOTAL MOT,8,kg,19337166,FALSE,-1,N/A,,FALSE,19337166,FALSE,,FALSE,1060147,,1060147,0,TRUE,FALSE
C,A,19710101,1971,52,1971,32,ARG,Argentina,X,Export,0,W00,World,0,W00,World,S1,S1,TRUE,5612,Phosphatic fertilizers and materials,4,FALSE,C00,TOTAL CPC,0,0,TOTAL MOT,8,kg,625500,FALSE,-1,N/A,,FALSE,625500,FALSE,,FALSE,,35386,35386,0,TRUE,FALSE
C,A,19710101,1971,52,1971,36,AUS,Australia,M,Import,0,W00,World,0,W00,World,S1,S1,TRUE,5612,Phosphatic fertilizers and materials,4,FALSE,C00,TOTAL CPC,0,0,TOTAL MOT,8,kg,1543909,FALSE,-1,N/A,,FALSE,1543909,FALSE,,FALSE,,109257,109257,0,TRUE,FALSE
C,A,19710101,1971,52,1971,36,AUS,Australia,X,Export,0,W00,World,0,W00,World,S1,S1,TRUE,5612,Phosphatic fertilizers and materials,4,FALSE,C00,TOTAL CPC,0,0,TOTAL MOT,-1,N/A,0,FALSE,-1,N/A,,FALSE,,FALSE,,FALSE,,22331,22331,0,TRUE,FALSE
C,A,19710101,1971,52,1971,52,BRB,Barbados,M,Import,0,W00,World,0,W00,World,S1,S1,TRUE,5612,Phosphatic fertilizers and materials,4,FALSE,C00,TOTAL CPC,0,0,TOTAL MOT,8,kg,380964,FALSE,-1,N/A,,FALSE,380964,FALSE,,FALSE,32857,,32857,0,TRUE,FALSE
C,A,19710101,1971,52,1971,58,BEL,Belgium-Luxembourg (...1998),M,Import,0,W00,World,0,W00,World,S1,S1,TRUE,5612,Phosphatic fertilizers and materials,4,FALSE,C00,TOTAL CPC,0,0,TOTAL MOT,8,kg,33642188,FALSE,-1,N/A,,FALSE,33642188,FALSE,,FALSE,1489277,,1489277,0,TRUE,FALSE
C,A,19710101,1971,52,1971,58,BEL,Belgium-Luxembourg (...1998),X,Export,0,W00,World,0,W00,World,S1,S1,TRUE,5612,Phosphatic fertilizers and materials,4,FALSE,C00,TOTAL CPC,0,0,TOTAL MOT,8,kg,1922344576,FALSE,-1,N/A,,FALSE,1922344576,FALSE,,FALSE,,30956178,30956178,0,TRUE,FALSE
C,A,19710101,1971,52,1971,60,BMU,Bermuda,M,Import,0,W00,World,0,W00,World,S1,S1,TRUE,5612,Phosphatic fertilizers and materials,4,FALSE,C00,TOTAL CPC,0,0,TOTAL MOT,8,kg,1437,FALSE,-1,N/A,,FALSE,1437,FALSE,,FALSE,579,,579,0,TRUE,FALSE
C,A,19710101,1971,52,1971,68,BOL,Bolivia (Plurinational State of),M,Import,0,W00,World,0,W00,World,S1,S1,TRUE,5612,Phosphatic fertilizers and materials,4,FALSE,C00,TOTAL CPC,0,0,TOTAL MOT,8,kg,1718850,FALSE,-1,N/A,,FALSE,1718850,FALSE,,FALSE,169737,,169737,0,TRUE,FALSE
C,A,19710101,1971,52,1971,76,BRA,Brazil,M,Import,0,W00,World,0,W00,World,S1,S1,TRUE,5612,Phosphatic fertilizers and materials,4,FALSE,C00,TOTAL CPC,0,0,TOTAL MOT,8,kg,286576448,FALSE,-1,N/A,,FALSE,286576448,FALSE,,FALSE,14199346,,14199346,0,TRUE,FALSE
C,A,19710101,1971,52,1971,96,BRN,Brunei Darussalam,M,Import,0,W00,World,0,W00,World,S1,S1,TRUE,5612,Phosphatic fertilizers and materials,4,FALSE,C00,TOTAL CPC,0,0,TOTAL MOT,8,kg,4062,FALSE,-1,N/A,,FALSE,4062,FALSE,,FALSE,184,,184,0,TRUE,FALSE
C,A,19710101,1971,52,1971,104,MMR,Myanmar,M,Import,0,W00,World,0,W00,World,S1,S1,TRUE,5612,Phosphatic fertilizers and materials,4,FALSE,C00,TOTAL CPC,0,0,TOTAL MOT,8,kg,50800,FALSE,-1,N/A,,FALSE,50800,FALSE,,FALSE,3093,,3093,0,TRUE,FALSE
C,A,19710101,1971,52,1971,116,KHM,Cambodia,M,Import,0,W00,World,0,W00,World,S1,S1,TRUE,5612,Phosphatic fertilizers and materials,4,FALSE,C00,TOTAL CPC,0,0,TOTAL MOT,8,kg,64500,FALSE,-1,N/A,,FALSE,64500,FALSE,,FALSE,3158,,3158,0,TRUE,FALSE
C,A,19710101,1971,52,1971,120,CMR,Cameroon,M,Import,0,W00,World,0,W00,World,S1,S1,TRUE,5612,Phosphatic fertilizers and materials,4,FALSE,C00,TOTAL CPC,0,0,TOTAL MOT,8,kg,889987,FALSE,-1,N/A,,FALSE,889987,FALSE,,FALSE,67205,,67205,0,TRUE,FALSE
C,A,19710101,1971,52,1971,124,CAN,Canada,M,Import,0,W00,World,0,W00,World,S1,S1,TRUE,5612,Phosphatic fertilizers and materials,4,FALSE,C00,TOTAL CPC,0,0,TOTAL MOT,8,kg,92680744,FALSE,-1,N/A,,FALSE,92680744,FALSE,,FALSE,,4974312,4974312,0,TRUE,FALSE
C,A,19710101,1971,52,1971,124,CAN,Canada,X,Export,0,W00,World,0,W00,World,S1,S1,TRUE,5612,Phosphatic fertilizers and materials,4,FALSE,C00,TOTAL CPC,0,0,TOTAL MOT,8,kg,41945816,FALSE,-1,N/A,,FALSE,41945816,FALSE,,FALSE,,2336496,2336496,0,TRUE,FALSE
C,A,19710101,1971,52,1971,140,CAF,Central African Rep.,M,Import,0,W00,World,0,W00,World,S1,S1,TRUE,5612,Phosphatic fertilizers and materials,4,FALSE,C00,TOTAL CPC,0,0,TOTAL MOT,8,kg,27750,FALSE,-1,N/A,,FALSE,27750,FALSE,,FALSE,2777,,2777,0,TRUE,FALSE
C,A,19710101,1971,52,1971,140,CAF,Central African Rep.,X,Export,0,W00,World,0,W00,World,S1,S1,TRUE,5612,Phosphatic fertilizers and materials,4,FALSE,C00,TOTAL CPC,0,0,TOTAL MOT,8,kg,5187,FALSE,-1,N/A,,FALSE,5187,FALSE,,FALSE,,928,928,0,TRUE,FALSE
C,A,19710101,1971,52,1971,144,LKA,Sri Lanka,M,Import,0,W00,World,0,W00,World,S1,S1,TRUE,5612,Phosphatic fertilizers and materials,4,FALSE,C00,TOTAL CPC,0,0,TOTAL MOT,8,kg,79191774,FALSE,-1,N/A,,FALSE,79191774,FALSE,,FALSE,3913929,,3913929,0,TRUE,FALSE
C,A,19710101,1971,52,1971,148,TCD,Chad,M,Import,0,W00,World,0,W00,World,S1,S1,TRUE,5612,Phosphatic fertilizers and materials,4,FALSE,C00,TOTAL CPC,0,0,TOTAL MOT,8,kg,514625,FALSE,-1,N/A,,FALSE,514625,FALSE,,FALSE,444104,,444104,0,TRUE,FALSE
C,A,19710101,1971,52,1971,152,CHL,Chile,M,Import,0,W00,World,0,W00,World,S1,S1,TRUE,5612,Phosphatic fertilizers and materials,4,FALSE,C00,TOTAL CPC,0,0,TOTAL MOT,8,kg,106199824,FALSE,-1,N/A,,FALSE,106199824,FALSE,,FALSE,6168782,,6168782,0,TRUE,FALSE
C,A,19710101,1971,52,1971,170,COL,Colombia,M,Import,0,W00,World,0,W00,World,S1,S1,TRUE,5612,Phosphatic fertilizers and materials,4,FALSE,C00,TOTAL CPC,0,0,TOTAL MOT,8,kg,64794112,FALSE,-1,N/A,,FALSE,64794112,FALSE,,FALSE,2289799,,2289799,0,TRUE,FALSE
C,A,19710101,1971,52,1971,178,COG,Congo,M,Import,0,W00,World,0,W00,World,S1,S1,TRUE,5612,Phosphatic fertilizers and materials,4,FALSE,C00,TOTAL CPC,0,0,TOTAL MOT,8,kg,58839,FALSE,-1,N/A,,FALSE,58839,FALSE,,FALSE,6196,,6196,0,TRUE,FALSE
C,A,19710101,1971,52,1971,188,CRI,Costa Rica,M,Import,0,W00,World,0,W00,World,S1,S1,TRUE,5612,Phosphatic fertilizers and materials,4,FALSE,C00,TOTAL CPC,0,0,TOTAL MOT,8,kg,19742158,FALSE,-1,N/A,,FALSE,19742158,FALSE,,FALSE,1065806,,1065806,0,TRUE,FALSE
C,A,19710101,1971,52,1971,196,CYP,Cyprus,M,Import,0,W00,World,0,W00,World,S1,S1,TRUE,5612,Phosphatic fertilizers and materials,4,FALSE,C00,TOTAL CPC,0,0,TOTAL MOT,8,kg,14624050,FALSE,-1,N/A,,FALSE,14624050,FALSE,,FALSE,495163,,495163,0,TRUE,FALSE
C,A,19710101,1971,52,1971,204,BEN,Benin,M,Import,0,W00,World,0,W00,World,S1,S1,TRUE,5612,Phosphatic fertilizers and materials,4,FALSE,C00,TOTAL CPC,0,0,TOTAL MOT,8,kg,59898,FALSE,-1,N/A,,FALSE,59898,FALSE,,FALSE,6133,,6133,0,TRUE,FALSE
C,A,19710101,1971,52,1971,204,BEN,Benin,X,Export,0,W00,World,0,W00,World,S1,S1,TRUE,5612,Phosphatic fertilizers and materials,4,FALSE,C00,TOTAL CPC,0,0,TOTAL MOT,8,kg,199,FALSE,-1,N/A,,FALSE,199,FALSE,,FALSE,,229,229,0,TRUE,FALSE
C,A,19710101,1971,52,1971,208,DNK,Denmark,M,Import,0,W00,World,0,W00,World,S1,S1,TRUE,5612,Phosphatic fertilizers and materials,4,FALSE,C00,TOTAL CPC,0,0,TOTAL MOT,8,kg,22302026,FALSE,-1,N/A,,FALSE,22302026,FALSE,,FALSE,733644,,733644,0,TRUE,FALSE
C,A,19710101,1971,52,1971,208,DNK,Denmark,X,Export,0,W00,World,0,W00,World,S1,S1,TRUE,5612,Phosphatic fertilizers and materials,4,FALSE,C00,TOTAL CPC,0,0,TOTAL MOT,8,kg,276710,FALSE,-1,N/A,,FALSE,276710,FALSE,,FALSE,,18962,18962,0,TRUE,FALSE
C,A,19710101,1971,52,1971,218,ECU,Ecuador,M,Import,0,W00,World,0,W00,World,S1,S1,TRUE,5612,Phosphatic fertilizers and materials,4,FALSE,C00,TOTAL CPC,0,0,TOTAL MOT,8,kg,5785826,FALSE,-1,N/A,,FALSE,5785826,FALSE,,FALSE,491803,,491803,0,TRUE,FALSE
C,A,19710101,1971,52,1971,222,SLV,El Salvador,M,Import,0,W00,World,0,W00,World,S1,S1,TRUE,5612,Phosphatic fertilizers and materials,4,FALSE,C00,TOTAL CPC,0,0,TOTAL MOT,8,kg,22730810,FALSE,-1,N/A,,FALSE,22730810,FALSE,,FALSE,1202679,,1202679,0,TRUE,FALSE
C,A,19710101,1971,52,1971,222,SLV,El Salvador,X,Export,0,W00,World,0,W00,World,S1,S1,TRUE,5612,Phosphatic fertilizers and materials,4,FALSE,C00,TOTAL CPC,0,0,TOTAL MOT,8,kg,1619687,FALSE,-1,N/A,,FALSE,1619687,FALSE,,FALSE,,49671,49671,0,TRUE,FALSE
C,A,19710101,1971,52,1971,242,FJI,Fiji,M,Import,0,W00,World,0,W00,World,S1,S1,TRUE,5612,Phosphatic fertilizers and materials,4,FALSE,C00,TOTAL CPC,0,0,TOTAL MOT,8,kg,1551553,FALSE,-1,N/A,,FALSE,1551553,FALSE,,FALSE,85340,,85340,0,TRUE,FALSE
C,A,19710101,1971,52,1971,242,FJI,Fiji,X,Export,0,W00,World,0,W00,World,S1,S1,TRUE,5612,Phosphatic fertilizers and materials,4,FALSE,C00,TOTAL CPC,0,0,TOTAL MOT,-1,N/A,0,FALSE,-1,N/A,,FALSE,,FALSE,,FALSE,,32,32,0,TRUE,FALSE
C,A,19710101,1971,52,1971,246,FIN,Finland,M,Import,0,W00,World,0,W00,World,S1,S1,TRUE,5612,Phosphatic fertilizers and materials,4,FALSE,C00,TOTAL CPC,0,0,TOTAL MOT,8,kg,6550049,FALSE,-1,N/A,,FALSE,6550049,FALSE,,FALSE,130789,,130789,0,TRUE,FALSE
C,A,19710101,1971,52,1971,246,FIN,Finland,X,Export,0,W00,World,0,W00,World,S1,S1,TRUE,5612,Phosphatic fertilizers and materials,4,FALSE,C00,TOTAL CPC,0,0,TOTAL MOT,8,kg,699,FALSE,-1,N/A,,FALSE,699,FALSE,,FALSE,,195,195,0,TRUE,FALSE
C,A,19710101,1971,52,1971,251,FRA,France,M,Import,0,W00,World,0,W00,World,S1,S1,TRUE,5612,Phosphatic fertilizers and materials,4,FALSE,C00,TOTAL CPC,0,0,TOTAL MOT,8,kg,1350225792,FALSE,-1,N/A,,FALSE,1350225792,FALSE,,FALSE,28339588,,28339588,0,TRUE,FALSE
C,A,19710101,1971,52,1971,251,FRA,France,X,Export,0,W00,World,0,W00,World,S1,S1,TRUE,5612,Phosphatic fertilizers and materials,4,FALSE,C00,TOTAL CPC,0,0,TOTAL MOT,8,kg,311992544,FALSE,-1,N/A,,FALSE,311992544,FALSE,,FALSE,,6197604,6197604,0,TRUE,FALSE
C,A,19710101,1971,52,1971,266,GAB,Gabon,M,Import,0,W00,World,0,W00,World,S1,S1,TRUE,5612,Phosphatic fertilizers and materials,4,FALSE,C00,TOTAL CPC,0,0,TOTAL MOT,8,kg,137199,FALSE,-1,N/A,,FALSE,137199,FALSE,,FALSE,11757,,11757,0,TRUE,FALSE
C,A,19710101,1971,52,1971,280,DEU,Fed. Rep. of Germany (...1990),M,Import,0,W00,World,0,W00,World,S1,S1,TRUE,5612,Phosphatic fertilizers and materials,4,FALSE,C00,TOTAL CPC,0,0,TOTAL MOT,8,kg,455363520,FALSE,-1,N/A,,TRUE,455363520,FALSE,-1,TRUE,7968000,,7968000,0,FALSE,FALSE
C,A,19710101,1971,52,1971,280,DEU,Fed. Rep. of Germany (...1990),X,Export,0,W00,World,0,W00,World,S1,S1,TRUE,5612,Phosphatic fertilizers and materials,4,FALSE,C00,TOTAL CPC,0,0,TOTAL MOT,8,kg,199593664,FALSE,-1,N/A,,TRUE,199593664,FALSE,-1,TRUE,,2289002,2289002,0,FALSE,FALSE
C,A,19710101,1971,52,1971,288,GHA,Ghana,M,Import,0,W00,World,0,W00,World,S1,S1,TRUE,5612,Phosphatic fertilizers and materials,4,FALSE,C00,TOTAL CPC,0,0,TOTAL MOT,8,kg,659000,FALSE,-1,N/A,,FALSE,659000,FALSE,,FALSE,62139,,62139,0,TRUE,FALSE
C,A,19710101,1971,52,1971,300,GRC,Greece,X,Export,0,W00,World,0,W00,World,S1,S1,TRUE,5612,Phosphatic fertilizers and materials,4,FALSE,C00,TOTAL CPC,0,0,TOTAL MOT,8,kg,15150000,FALSE,-1,N/A,,FALSE,15150000,FALSE,,FALSE,,339738,339738,0,TRUE,FALSE
C,A,19710101,1971,52,1971,312,GLP,Guadeloupe (Overseas France),M,Import,0,W00,World,0,W00,World,S1,S1,TRUE,5612,Phosphatic fertilizers and materials,4,FALSE,C00,TOTAL CPC,0,0,TOTAL MOT,8,kg,1224187,FALSE,-1,N/A,,FALSE,1224187,FALSE,,FALSE,58738,,58738,0,TRUE,FALSE
C,A,19710101,1971,52,1971,320,GTM,Guatemala,M,Import,0,W00,World,0,W00,World,S1,S1,TRUE,5612,Phosphatic fertilizers and materials,4,FALSE,C00,TOTAL CPC,0,0,TOTAL MOT,8,kg,14394421,FALSE,-1,N/A,,FALSE,14394421,FALSE,,FALSE,1106711,,1106711,0,TRUE,FALSE
C,A,19710101,1971,52,1971,320,GTM,Guatemala,X,Export,0,W00,World,0,W00,World,S1,S1,TRUE,5612,Phosphatic fertilizers and materials,4,FALSE,C00,TOTAL CPC,0,0,TOTAL MOT,8,kg,12500,FALSE,-1,N/A,,FALSE,12500,FALSE,,FALSE,,1000,1000,0,TRUE,FALSE
C,A,19710101,1971,52,1971,328,GUY,Guyana,M,Import,0,W00,World,0,W00,World,S1,S1,TRUE,5612,Phosphatic fertilizers and materials,4,FALSE,C00,TOTAL CPC,0,0,TOTAL MOT,8,kg,5765048,FALSE,-1,N/A,,FALSE,5765048,FALSE,,FALSE,393020,,393020,0,TRUE,FALSE
C,A,19710101,1971,52,1971,340,HND,Honduras,M,Import,0,W00,World,0,W00,World,S1,S1,TRUE,5612,Phosphatic fertilizers and materials,4,FALSE,C00,TOTAL CPC,0,0,TOTAL MOT,8,kg,212789,FALSE,-1,N/A,,FALSE,212789,FALSE,,FALSE,22999,,22999,0,TRUE,FALSE
C,A,19710101,1971,52,1971,344,HKG,"China, Hong Kong SAR",M,Import,0,W00,World,0,W00,World,S1,S1,TRUE,5612,Phosphatic fertilizers and materials,4,FALSE,C00,TOTAL CPC,0,0,TOTAL MOT,8,kg,70359,FALSE,-1,N/A,,FALSE,70359,FALSE,,FALSE,3404,,3404,0,TRUE,FALSE
C,A,19710101,1971,52,1971,352,ISL,Iceland,M,Import,0,W00,World,0,W00,World,S1,S1,TRUE,5612,Phosphatic fertilizers and materials,4,FALSE,C00,TOTAL CPC,0,0,TOTAL MOT,8,kg,10061495,FALSE,-1,N/A,,FALSE,10061495,FALSE,,FALSE,674194,,674194,0,TRUE,FALSE
C,A,19710101,1971,52,1971,356,IND,India (...1974),M,Import,0,W00,World,0,W00,World,S1,S1,TRUE,5612,Phosphatic fertilizers and materials,4,FALSE,C00,TOTAL CPC,0,0,TOTAL MOT,8,kg,59000,FALSE,-1,N/A,,FALSE,59000,FALSE,,FALSE,7257,,7257,0,TRUE,FALSE
C,A,19710101,1971,52,1971,360,IDN,Indonesia,M,Import,0,W00,World,0,W00,World,S1,S1,TRUE,5612,Phosphatic fertilizers and materials,4,FALSE,C00,TOTAL CPC,0,0,TOTAL MOT,8,kg,19522656,FALSE,-1,N/A,,FALSE,19522656,FALSE,,FALSE,1184181,,1184181,0,TRUE,FALSE
C,A,19710101,1971,52,1971,364,IRN,Iran,M,Import,0,W00,World,0,W00,World,S1,S1,TRUE,5612,Phosphatic fertilizers and materials,4,FALSE,C00,TOTAL CPC,0,0,TOTAL MOT,8,kg,146734768,FALSE,-1,N/A,,FALSE,146734768,FALSE,,FALSE,9270843,,9270843,0,TRUE,FALSE
C,A,19710101,1971,52,1971,364,IRN,Iran,X,Export,0,W00,World,0,W00,World,S1,S1,TRUE,5612,Phosphatic fertilizers and materials,4,FALSE,C00,TOTAL CPC,0,0,TOTAL MOT,8,kg,7187000,FALSE,-1,N/A,,FALSE,7187000,FALSE,,FALSE,,785054,785054,0,TRUE,FALSE
C,A,19710101,1971,52,1971,372,IRL,Ireland,M,Import,0,W00,World,0,W00,World,S1,S1,TRUE,5612,Phosphatic fertilizers and materials,4,FALSE,C00,TOTAL CPC,0,0,TOTAL MOT,8,kg,192283856,FALSE,-1,N/A,,FALSE,192283856,FALSE,,FALSE,5082210,,5082210,0,TRUE,FALSE
C,A,19710101,1971,52,1971,376,ISR,Israel,M,Import,0,W00,World,0,W00,World,S1,S1,TRUE,5612,Phosphatic fertilizers and materials,4,FALSE,C00,TOTAL CPC,0,0,TOTAL MOT,-1,N/A,0,FALSE,-1,N/A,,FALSE,,FALSE,,FALSE,2943,,2943,0,TRUE,FALSE
C,A,19710101,1971,52,1971,376,ISR,Israel,X,Export,0,W00,World,0,W00,World,S1,S1,TRUE,5612,Phosphatic fertilizers and materials,4,FALSE,C00,TOTAL CPC,0,0,TOTAL MOT,8,kg,185879712,FALSE,-1,N/A,,FALSE,185879712,FALSE,,FALSE,,3182667,3182667,0,TRUE,FALSE
C,A,19710101,1971,52,1971,380,ITA,Italy,M,Import,0,W00,World,0,W00,World,S1,S1,TRUE,5612,Phosphatic fertilizers and materials,4,FALSE,C00,TOTAL CPC,0,0,TOTAL MOT,8,kg,264234336,FALSE,-1,N/A,,TRUE,264234336,FALSE,-1,TRUE,10665317,,10665317,0,FALSE,FALSE
C,A,19710101,1971,52,1971,380,ITA,Italy,X,Export,0,W00,World,0,W00,World,S1,S1,TRUE,5612,Phosphatic fertilizers and materials,4,FALSE,C00,TOTAL CPC,0,0,TOTAL MOT,8,kg,3798142,FALSE,-1,N/A,,TRUE,3798142,FALSE,-1,TRUE,,161686,161686,0,FALSE,FALSE
C,A,19710101,1971,52,1971,384,CIV,CÙte d'Ivoire,M,Import,0,W00,World,0,W00,World,S1,S1,TRUE,5612,Phosphatic fertilizers and materials,4,FALSE,C00,TOTAL CPC,0,0,TOTAL MOT,8,kg,3618113,FALSE,-1,N/A,,FALSE,3618113,FALSE,,FALSE,177742,,177742,0,TRUE,FALSE
C,A,19710101,1971,52,1971,384,CIV,CÙte d'Ivoire,X,Export,0,W00,World,0,W00,World,S1,S1,TRUE,5612,Phosphatic fertilizers and materials,4,FALSE,C00,TOTAL CPC,0,0,TOTAL MOT,8,kg,2236125,FALSE,-1,N/A,,FALSE,2236125,FALSE,,FALSE,,276469,276469,0,TRUE,FALSE
C,A,19710101,1971,52,1971,392,JPN,Japan,M,Import,0,W00,World,0,W00,World,S1,S1,TRUE,5612,Phosphatic fertilizers and materials,4,FALSE,C00,TOTAL CPC,0,0,TOTAL MOT,8,kg,9627000,FALSE,-1,N/A,,FALSE,9627000,FALSE,,FALSE,518008,,518008,0,TRUE,FALSE
C,A,19710101,1971,52,1971,392,JPN,Japan,X,Export,0,W00,World,0,W00,World,S1,S1,TRUE,5612,Phosphatic fertilizers and materials,4,FALSE,C00,TOTAL CPC,0,0,TOTAL MOT,8,kg,32068000,FALSE,-1,N/A,,FALSE,32068000,FALSE,,FALSE,,2133068,2133068,0,TRUE,FALSE
C,A,19710101,1971,52,1971,400,JOR,Jordan,M,Import,0,W00,World,0,W00,World,S1,S1,TRUE,5612,Phosphatic fertilizers and materials,4,FALSE,C00,TOTAL CPC,0,0,TOTAL MOT,8,kg,3956750,FALSE,-1,N/A,,FALSE,3956750,FALSE,,FALSE,185825,,185825,0,TRUE,FALSE
C,A,19710101,1971,52,1971,410,KOR,Rep. of Korea,M,Import,0,W00,World,0,W00,World,S1,S1,TRUE,5612,Phosphatic fertilizers and materials,4,FALSE,C00,TOTAL CPC,0,0,TOTAL MOT,8,kg,2534125,FALSE,-1,N/A,,FALSE,2534125,FALSE,,FALSE,160348,,160348,0,TRUE,FALSE
C,A,19710101,1971,52,1971,418,LAO,Lao People's Dem. Rep.,M,Import,0,W00,World,0,W00,World,S1,S1,TRUE,5612,Phosphatic fertilizers and materials,4,FALSE,C00,TOTAL CPC,0,0,TOTAL MOT,8,kg,44929,FALSE,-1,N/A,,FALSE,44929,FALSE,,FALSE,,20775,20775,0,TRUE,FALSE
C,A,19710101,1971,52,1971,422,LBN,Lebanon,M,Import,0,W00,World,0,W00,World,S1,S1,TRUE,5612,Phosphatic fertilizers and materials,4,FALSE,C00,TOTAL CPC,0,0,TOTAL MOT,8,kg,331000,FALSE,-1,N/A,,FALSE,331000,FALSE,,FALSE,10995,,10995,0,TRUE,FALSE
C,A,19710101,1971,52,1971,422,LBN,Lebanon,X,Export,0,W00,World,0,W00,World,S1,S1,TRUE,5612,Phosphatic fertilizers and materials,4,FALSE,C00,TOTAL CPC,0,0,TOTAL MOT,8,kg,70167136,FALSE,-1,N/A,,FALSE,70167136,FALSE,,FALSE,,3804292,3804292,0,TRUE,FALSE
C,A,19710101,1971,52,1971,430,LBR,Liberia,M,Import,0,W00,World,0,W00,World,S1,S1,TRUE,5612,Phosphatic fertilizers and materials,4,FALSE,C00,TOTAL CPC,0,0,TOTAL MOT,8,kg,175757,FALSE,-1,N/A,,FALSE,175757,FALSE,,FALSE,14805,,14805,0,TRUE,FALSE
C,A,19710101,1971,52,1971,434,LBY,Libya,M,Import,0,W00,World,0,W00,World,S1,S1,TRUE,5612,Phosphatic fertilizers and materials,4,FALSE,C00,TOTAL CPC,0,0,TOTAL MOT,8,kg,3053312,FALSE,-1,N/A,,FALSE,3053312,FALSE,,FALSE,246839,,246839,0,TRUE,FALSE
C,A,19710101,1971,52,1971,450,MDG,Madagascar,M,Import,0,W00,World,0,W00,World,S1,S1,TRUE,5612,Phosphatic fertilizers and materials,4,FALSE,C00,TOTAL CPC,0,0,TOTAL MOT,8,kg,1628243,FALSE,-1,N/A,,FALSE,1628243,FALSE,,FALSE,122691,,122691,0,TRUE,FALSE
C,A,19710101,1971,52,1971,454,MWI,Malawi,M,Import,0,W00,World,0,W00,World,S1,S1,TRUE,5612,Phosphatic fertilizers and materials,4,FALSE,C00,TOTAL CPC,0,0,TOTAL MOT,8,kg,944375,FALSE,-1,N/A,,FALSE,944375,FALSE,,FALSE,82473,,82473,0,TRUE,FALSE
C,A,19710101,1971,52,1971,458,MYS,Malaysia,M,Import,0,W00,World,0,W00,World,S1,S1,TRUE,5612,Phosphatic fertilizers and materials,4,FALSE,C00,TOTAL CPC,0,0,TOTAL MOT,8,kg,8993946,FALSE,-1,N/A,,FALSE,8993946,FALSE,,FALSE,618831,,618831,0,TRUE,FALSE
C,A,19710101,1971,52,1971,458,MYS,Malaysia,X,Export,0,W00,World,0,W00,World,S1,S1,TRUE,5612,Phosphatic fertilizers and materials,4,FALSE,C00,TOTAL CPC,0,0,TOTAL MOT,8,kg,18917,FALSE,-1,N/A,,FALSE,18917,FALSE,,FALSE,,918,918,0,TRUE,FALSE
C,A,19710101,1971,52,1971,466,MLI,Mali,M,Import,0,W00,World,0,W00,World,S1,S1,TRUE,5612,Phosphatic fertilizers and materials,4,FALSE,C00,TOTAL CPC,0,0,TOTAL MOT,8,kg,3033000,FALSE,-1,N/A,,FALSE,3033000,FALSE,,FALSE,142928,,142928,0,TRUE,FALSE
C,A,19710101,1971,52,1971,470,MLT,Malta,M,Import,0,W00,World,0,W00,World,S1,S1,TRUE,5612,Phosphatic fertilizers and materials,4,FALSE,C00,TOTAL CPC,0,0,TOTAL MOT,8,kg,5000,FALSE,-1,N/A,,FALSE,5000,FALSE,,FALSE,467,,467,0,TRUE,FALSE
C,A,19710101,1971,52,1971,474,MTQ,Martinique (Overseas France),M,Import,0,W00,World,0,W00,World,S1,S1,TRUE,5612,Phosphatic fertilizers and materials,4,FALSE,C00,TOTAL CPC,0,0,TOTAL MOT,8,kg,808375,FALSE,-1,N/A,,FALSE,808375,FALSE,,FALSE,43544,,43544,0,TRUE,FALSE
C,A,19710101,1971,52,1971,478,MRT,Mauritania,M,Import,0,W00,World,0,W00,World,S1,S1,TRUE,5612,Phosphatic fertilizers and materials,4,FALSE,C00,TOTAL CPC,0,0,TOTAL MOT,8,kg,61999,FALSE,-1,N/A,,FALSE,61999,FALSE,,FALSE,3885,,3885,0,TRUE,FALSE
C,A,19710101,1971,52,1971,480,MUS,Mauritius,M,Import,0,W00,World,0,W00,World,S1,S1,TRUE,5612,Phosphatic fertilizers and materials,4,FALSE,C00,TOTAL CPC,0,0,TOTAL MOT,8,kg,4667456,FALSE,-1,N/A,,FALSE,4667456,FALSE,,FALSE,315348,,315348,0,TRUE,FALSE
C,A,19710101,1971,52,1971,484,MEX,Mexico,M,Import,0,W00,World,0,W00,World,S1,S1,TRUE,5612,Phosphatic fertilizers and materials,4,FALSE,C00,TOTAL CPC,0,0,TOTAL MOT,8,kg,8719300,FALSE,-1,N/A,,FALSE,8719300,FALSE,,FALSE,745761,,745761,0,TRUE,FALSE
C,A,19710101,1971,52,1971,484,MEX,Mexico,X,Export,0,W00,World,0,W00,World,S1,S1,TRUE,5612,Phosphatic fertilizers and materials,4,FALSE,C00,TOTAL CPC,0,0,TOTAL MOT,8,kg,99527264,FALSE,-1,N/A,,FALSE,99527264,FALSE,,FALSE,,5335518,5335518,0,TRUE,FALSE
C,A,19710101,1971,52,1971,490,S19,"Other Asia, nes",X,Export,0,W00,World,0,W00,World,S1,S1,TRUE,5612,Phosphatic fertilizers and materials,4,FALSE,C00,TOTAL CPC,0,0,TOTAL MOT,8,kg,701000,FALSE,-1,N/A,,FALSE,701000,FALSE,,FALSE,,38235,38235,0,TRUE,FALSE
C,A,19710101,1971,52,1971,504,MAR,Morocco,X,Export,0,W00,World,0,W00,World,S1,S1,TRUE,5612,Phosphatic fertilizers and materials,4,FALSE,C00,TOTAL CPC,0,0,TOTAL MOT,8,kg,197096144,FALSE,-1,N/A,,FALSE,197096144,FALSE,,FALSE,,9739447,9739447,0,TRUE,FALSE
C,A,19710101,1971,52,1971,528,NLD,Netherlands,M,Import,0,W00,World,0,W00,World,S1,S1,TRUE,5612,Phosphatic fertilizers and materials,4,FALSE,C00,TOTAL CPC,0,0,TOTAL MOT,8,kg,141039104,FALSE,-1,N/A,,FALSE,141039104,FALSE,,FALSE,3043566,,3043566,0,TRUE,FALSE
C,A,19710101,1971,52,1971,528,NLD,Netherlands,X,Export,0,W00,World,0,W00,World,S1,S1,TRUE,5612,Phosphatic fertilizers and materials,4,FALSE,C00,TOTAL CPC,0,0,TOTAL MOT,8,kg,199656080,FALSE,-1,N/A,,FALSE,199656080,FALSE,,FALSE,,8295133,8295133,0,TRUE,FALSE
C,A,19710101,1971,52,1971,532,ANT,Netherlands Antilles and Aruba (...1985),M,Import,0,W00,World,0,W00,World,S1,S1,TRUE,5612,Phosphatic fertilizers and materials,4,FALSE,C00,TOTAL CPC,0,0,TOTAL MOT,8,kg,2000,FALSE,-1,N/A,,FALSE,2000,FALSE,,FALSE,,530,530,0,TRUE,FALSE
C,A,19710101,1971,52,1971,554,NZL,New Zealand,M,Import,0,W00,World,0,W00,World,S1,S1,TRUE,5612,Phosphatic fertilizers and materials,4,FALSE,C00,TOTAL CPC,0,0,TOTAL MOT,8,kg,10288520,FALSE,-1,N/A,,FALSE,10288520,FALSE,,FALSE,525545,,525545,0,TRUE,FALSE
C,A,19710101,1971,52,1971,554,NZL,New Zealand,X,Export,0,W00,World,0,W00,World,S1,S1,TRUE,5612,Phosphatic fertilizers and materials,4,FALSE,C00,TOTAL CPC,0,0,TOTAL MOT,8,kg,312949,FALSE,-1,N/A,,FALSE,312949,FALSE,,FALSE,,21297,21297,0,TRUE,FALSE
C,A,19710101,1971,52,1971,558,NIC,Nicaragua,M,Import,0,W00,World,0,W00,World,S1,S1,TRUE,5612,Phosphatic fertilizers and materials,4,FALSE,C00,TOTAL CPC,0,0,TOTAL MOT,8,kg,15527471,FALSE,-1,N/A,,FALSE,15527471,FALSE,,FALSE,1325986,,1325986,0,TRUE,FALSE
C,A,19710101,1971,52,1971,558,NIC,Nicaragua,X,Export,0,W00,World,0,W00,World,S1,S1,TRUE,5612,Phosphatic fertilizers and materials,4,FALSE,C00,TOTAL CPC,0,0,TOTAL MOT,8,kg,19917,FALSE,-1,N/A,,FALSE,19917,FALSE,,FALSE,,2083,2083,0,TRUE,FALSE
C,A,19710101,1971,52,1971,562,NER,Niger,M,Import,0,W00,World,0,W00,World,S1,S1,TRUE,5612,Phosphatic fertilizers and materials,4,FALSE,C00,TOTAL CPC,0,0,TOTAL MOT,8,kg,247500,FALSE,-1,N/A,,FALSE,247500,FALSE,,FALSE,30503,,30503,0,TRUE,FALSE
C,A,19710101,1971,52,1971,566,NGA,Nigeria,M,Import,0,W00,World,0,W00,World,S1,S1,TRUE,5612,Phosphatic fertilizers and materials,4,FALSE,C00,TOTAL CPC,0,0,TOTAL MOT,8,kg,14760099,FALSE,-1,N/A,,FALSE,14760099,FALSE,,FALSE,1027368,,1027368,0,TRUE,FALSE
C,A,19710101,1971,52,1971,579,NOR,Norway,M,Import,0,W00,World,0,W00,World,S1,S1,TRUE,5612,Phosphatic fertilizers and materials,4,FALSE,C00,TOTAL CPC,0,0,TOTAL MOT,8,kg,17588132,FALSE,-1,N/A,,FALSE,17588132,FALSE,,FALSE,660181,,660181,0,TRUE,FALSE
C,A,19710101,1971,52,1971,579,NOR,Norway,X,Export,0,W00,World,0,W00,World,S1,S1,TRUE,5612,Phosphatic fertilizers and materials,4,FALSE,C00,TOTAL CPC,0,0,TOTAL MOT,8,kg,29029,FALSE,-1,N/A,,FALSE,29029,FALSE,,FALSE,,1587,1587,0,TRUE,FALSE
C,A,19710101,1971,52,1971,588,PAK,East and West Pakistan (...1971),M,Import,0,W00,World,0,W00,World,S1,S1,TRUE,5612,Phosphatic fertilizers and materials,4,FALSE,C00,TOTAL CPC,0,0,TOTAL MOT,-1,N/A,0,FALSE,-1,N/A,,FALSE,,FALSE,,FALSE,3684006,,3684006,0,TRUE,FALSE
C,A,19710101,1971,52,1971,590,PAN,"Panama, excl.Canal Zone (...1977)",M,Import,0,W00,World,0,W00,World,S1,S1,TRUE,5612,Phosphatic fertilizers and materials,4,FALSE,C00,TOTAL CPC,0,0,TOTAL MOT,8,kg,1618796,FALSE,-1,N/A,,FALSE,1618796,FALSE,,FALSE,96391,,96391,0,TRUE,FALSE
C,A,19710101,1971,52,1971,598,PNG,Papua New Guinea,M,Import,0,W00,World,0,W00,World,S1,S1,TRUE,5612,Phosphatic fertilizers and materials,4,FALSE,C00,TOTAL CPC,0,0,TOTAL MOT,8,kg,611800,FALSE,-1,N/A,,FALSE,611800,FALSE,,FALSE,38479,,38479,0,TRUE,FALSE
C,A,19710101,1971,52,1971,604,PER,Peru,M,Import,0,W00,World,0,W00,World,S1,S1,TRUE,5612,Phosphatic fertilizers and materials,4,FALSE,C00,TOTAL CPC,0,0,TOTAL MOT,8,kg,1643199,FALSE,-1,N/A,,FALSE,1643199,FALSE,,FALSE,112448,,112448,0,TRUE,FALSE
C,A,19710101,1971,52,1971,608,PHL,Philippines,M,Import,0,W00,World,0,W00,World,S1,S1,TRUE,5612,Phosphatic fertilizers and materials,4,FALSE,C00,TOTAL CPC,0,0,TOTAL MOT,8,kg,1083831,FALSE,-1,N/A,,FALSE,1083831,FALSE,,FALSE,79214,,79214,0,TRUE,FALSE
C,A,19710101,1971,52,1971,620,PRT,Portugal,M,Import,0,W00,World,0,W00,World,S1,S1,TRUE,5612,Phosphatic fertilizers and materials,4,FALSE,C00,TOTAL CPC,0,0,TOTAL MOT,8,kg,11419042,FALSE,-1,N/A,,FALSE,11419042,FALSE,,FALSE,430686,,430686,0,TRUE,FALSE
C,A,19710101,1971,52,1971,620,PRT,Portugal,X,Export,0,W00,World,0,W00,World,S1,S1,TRUE,5612,Phosphatic fertilizers and materials,4,FALSE,C00,TOTAL CPC,0,0,TOTAL MOT,8,kg,108639696,FALSE,-1,N/A,,FALSE,108639696,FALSE,,FALSE,,4047925,4047925,0,TRUE,FALSE
C,A,19710101,1971,52,1971,624,GNB,Guinea-Bissau,M,Import,0,W00,World,0,W00,World,S1,S1,TRUE,5612,Phosphatic fertilizers and materials,4,FALSE,C00,TOTAL CPC,0,0,TOTAL MOT,8,kg,593,FALSE,-1,N/A,,FALSE,593,FALSE,,FALSE,52,,52,0,TRUE,FALSE
C,A,19710101,1971,52,1971,638,REU,RÈunion (Overseas France),M,Import,0,W00,World,0,W00,World,S1,S1,TRUE,5612,Phosphatic fertilizers and materials,4,FALSE,C00,TOTAL CPC,0,0,TOTAL MOT,8,kg,272671,FALSE,-1,N/A,,TRUE,272671,FALSE,-1,TRUE,18083,,18083,0,FALSE,FALSE
C,A,19710101,1971,52,1971,686,SEN,Senegal,M,Import,0,W00,World,0,W00,World,S1,S1,TRUE,5612,Phosphatic fertilizers and materials,4,FALSE,C00,TOTAL CPC,0,0,TOTAL MOT,8,kg,77031,FALSE,-1,N/A,,FALSE,77031,FALSE,,FALSE,5924,,5924,0,TRUE,FALSE
C,A,19710101,1971,52,1971,686,SEN,Senegal,X,Export,0,W00,World,0,W00,World,S1,S1,TRUE,5612,Phosphatic fertilizers and materials,4,FALSE,C00,TOTAL CPC,0,0,TOTAL MOT,8,kg,88577088,FALSE,-1,N/A,,FALSE,88577088,FALSE,,FALSE,,3156372,3156372,0,TRUE,FALSE
C,A,19710101,1971,52,1971,690,SYC,Seychelles,M,Import,0,W00,World,0,W00,World,S1,S1,TRUE,5612,Phosphatic fertilizers and materials,4,FALSE,C00,TOTAL CPC,0,0,TOTAL MOT,-1,N/A,0,FALSE,-1,N/A,,FALSE,,FALSE,,FALSE,313,,313,0,TRUE,FALSE
C,A,19710101,1971,52,1971,702,SGP,Singapore,M,Import,0,W00,World,0,W00,World,S1,S1,TRUE,5612,Phosphatic fertilizers and materials,4,FALSE,C00,TOTAL CPC,0,0,TOTAL MOT,8,kg,5040194,FALSE,-1,N/A,,FALSE,5040194,FALSE,,FALSE,357768,,357768,0,TRUE,FALSE
C,A,19710101,1971,52,1971,702,SGP,Singapore,X,Export,0,W00,World,0,W00,World,S1,S1,TRUE,5612,Phosphatic fertilizers and materials,4,FALSE,C00,TOTAL CPC,0,0,TOTAL MOT,8,kg,13602533,FALSE,-1,N/A,,FALSE,13602533,FALSE,,FALSE,,886661,886661,0,TRUE,FALSE
C,A,19710101,1971,52,1971,724,ESP,Spain,M,Import,0,W00,World,0,W00,World,S1,S1,TRUE,5612,Phosphatic fertilizers and materials,4,FALSE,C00,TOTAL CPC,0,0,TOTAL MOT,8,kg,58470864,FALSE,-1,N/A,,FALSE,58470864,FALSE,,FALSE,2485034,,2485034,0,TRUE,FALSE
C,A,19710101,1971,52,1971,724,ESP,Spain,X,Export,0,W00,World,0,W00,World,S1,S1,TRUE,5612,Phosphatic fertilizers and materials,4,FALSE,C00,TOTAL CPC,0,0,TOTAL MOT,8,kg,71582984,FALSE,-1,N/A,,FALSE,71582984,FALSE,,FALSE,,1265586,1265586,0,TRUE,FALSE
C,A,19710101,1971,52,1971,736,SDN,Sudan (...2011),M,Import,0,W00,World,0,W00,World,S1,S1,TRUE,5612,Phosphatic fertilizers and materials,4,FALSE,C00,TOTAL CPC,0,0,TOTAL MOT,8,kg,350000,FALSE,-1,N/A,,FALSE,350000,FALSE,,FALSE,28860,,28860,0,TRUE,FALSE
C,A,19710101,1971,52,1971,752,SWE,Sweden,M,Import,0,W00,World,0,W00,World,S1,S1,TRUE,5612,Phosphatic fertilizers and materials,4,FALSE,C00,TOTAL CPC,0,0,TOTAL MOT,8,kg,13768725,FALSE,-1,N/A,,FALSE,13768725,FALSE,,FALSE,626854,,626854,0,TRUE,FALSE
C,A,19710101,1971,52,1971,752,SWE,Sweden,X,Export,0,W00,World,0,W00,World,S1,S1,TRUE,5612,Phosphatic fertilizers and materials,4,FALSE,C00,TOTAL CPC,0,0,TOTAL MOT,8,kg,16158500,FALSE,-1,N/A,,FALSE,16158500,FALSE,,FALSE,,230477,230477,0,TRUE,FALSE
C,A,19710101,1971,52,1971,757,CHE,Switzerland,M,Import,0,W00,World,0,W00,World,S1,S1,TRUE,5612,Phosphatic fertilizers and materials,4,FALSE,C00,TOTAL CPC,0,0,TOTAL MOT,8,kg,198172944,FALSE,-1,N/A,,FALSE,198172944,FALSE,,FALSE,5182214,,5182214,0,TRUE,FALSE
C,A,19710101,1971,52,1971,757,CHE,Switzerland,X,Export,0,W00,World,0,W00,World,S1,S1,TRUE,5612,Phosphatic fertilizers and materials,4,FALSE,C00,TOTAL CPC,0,0,TOTAL MOT,8,kg,8812,FALSE,-1,N/A,,FALSE,8812,FALSE,,FALSE,,1573,1573,0,TRUE,FALSE
C,A,19710101,1971,52,1971,764,THA,Thailand,M,Import,0,W00,World,0,W00,World,S1,S1,TRUE,5612,Phosphatic fertilizers and materials,4,FALSE,C00,TOTAL CPC,0,0,TOTAL MOT,8,kg,5013618,FALSE,-1,N/A,,FALSE,5013618,FALSE,,FALSE,310712,,310712,0,TRUE,FALSE
C,A,19710101,1971,52,1971,768,TGO,Togo,M,Import,0,W00,World,0,W00,World,S1,S1,TRUE,5612,Phosphatic fertilizers and materials,4,FALSE,C00,TOTAL CPC,0,0,TOTAL MOT,8,kg,711378,FALSE,-1,N/A,,FALSE,711378,FALSE,,FALSE,58119,,58119,0,TRUE,FALSE
C,A,19710101,1971,52,1971,768,TGO,Togo,X,Export,0,W00,World,0,W00,World,S1,S1,TRUE,5612,Phosphatic fertilizers and materials,4,FALSE,C00,TOTAL CPC,0,0,TOTAL MOT,8,kg,304000,FALSE,-1,N/A,,FALSE,304000,FALSE,,FALSE,,23084,23084,0,TRUE,FALSE
C,A,19710101,1971,52,1971,780,TTO,Trinidad and Tobago,M,Import,0,W00,World,0,W00,World,S1,S1,TRUE,5612,Phosphatic fertilizers and materials,4,FALSE,C00,TOTAL CPC,0,0,TOTAL MOT,8,kg,1245678,FALSE,-1,N/A,,FALSE,1245678,FALSE,,FALSE,106709,,106709,0,TRUE,FALSE
C,A,19710101,1971,52,1971,780,TTO,Trinidad and Tobago,X,Export,0,W00,World,0,W00,World,S1,S1,TRUE,5612,Phosphatic fertilizers and materials,4,FALSE,C00,TOTAL CPC,0,0,TOTAL MOT,8,kg,2062,FALSE,-1,N/A,,FALSE,2062,FALSE,,FALSE,,148,148,0,TRUE,FALSE
C,A,19710101,1971,52,1971,788,TUN,Tunisia,M,Import,0,W00,World,0,W00,World,S1,S1,TRUE,5612,Phosphatic fertilizers and materials,4,FALSE,C00,TOTAL CPC,0,0,TOTAL MOT,8,kg,141125,FALSE,-1,N/A,,FALSE,141125,FALSE,,FALSE,11039,,11039,0,TRUE,FALSE
C,A,19710101,1971,52,1971,788,TUN,Tunisia,X,Export,0,W00,World,0,W00,World,S1,S1,TRUE,5612,Phosphatic fertilizers and materials,4,FALSE,C00,TOTAL CPC,0,0,TOTAL MOT,8,kg,415336384,FALSE,-1,N/A,,FALSE,415336384,FALSE,,FALSE,,18351380,18351380,0,TRUE,FALSE
C,A,19710101,1971,52,1971,792,TUR,TÅEkiye,M,Import,0,W00,World,0,W00,World,S1,S1,TRUE,5612,Phosphatic fertilizers and materials,4,FALSE,C00,TOTAL CPC,0,0,TOTAL MOT,8,kg,7854562,FALSE,-1,N/A,,FALSE,7854562,FALSE,,FALSE,203033,,203033,0,TRUE,FALSE
C,A,19710101,1971,52,1971,818,EGY,Egypt,M,Import,0,W00,World,0,W00,World,S1,S1,TRUE,5612,Phosphatic fertilizers and materials,4,FALSE,C00,TOTAL CPC,0,0,TOTAL MOT,8,kg,269,FALSE,-1,N/A,,FALSE,269,FALSE,,FALSE,413,,413,0,TRUE,FALSE
C,A,19710101,1971,52,1971,818,EGY,Egypt,X,Export,0,W00,World,0,W00,World,S1,S1,TRUE,5612,Phosphatic fertilizers and materials,4,FALSE,C00,TOTAL CPC,0,0,TOTAL MOT,8,kg,78754752,FALSE,-1,N/A,,FALSE,78754752,FALSE,,FALSE,,1442634,1442634,0,TRUE,FALSE
C,A,19710101,1971,52,1971,826,GBR,United Kingdom,M,Import,0,W00,World,0,W00,World,S1,S1,TRUE,5612,Phosphatic fertilizers and materials,4,FALSE,C00,TOTAL CPC,0,0,TOTAL MOT,8,kg,121815968,FALSE,-1,N/A,,FALSE,121815968,FALSE,,FALSE,3759332,,3759332,0,TRUE,FALSE
C,A,19710101,1971,52,1971,826,GBR,United Kingdom,X,Export,0,W00,World,0,W00,World,S1,S1,TRUE,5612,Phosphatic fertilizers and materials,4,FALSE,C00,TOTAL CPC,0,0,TOTAL MOT,8,kg,33013500,FALSE,-1,N/A,,FALSE,33013500,FALSE,,FALSE,,2040837,2040837,0,TRUE,FALSE
C,A,19710101,1971,52,1971,841,USA,USA and Puerto Rico (...1980),M,Import,0,W00,World,0,W00,World,S1,S1,TRUE,5612,Phosphatic fertilizers and materials,4,FALSE,C00,TOTAL CPC,0,0,TOTAL MOT,8,kg,83772085,FALSE,-1,N/A,,FALSE,83772085,FALSE,,FALSE,,6971754,6971754,0,TRUE,FALSE
C,A,19710101,1971,52,1971,841,USA,USA and Puerto Rico (...1980),X,Export,0,W00,World,0,W00,World,S1,S1,TRUE,5612,Phosphatic fertilizers and materials,4,FALSE,C00,TOTAL CPC,0,0,TOTAL MOT,8,kg,678431017,FALSE,-1,N/A,,FALSE,678431017,FALSE,,FALSE,,30390967,30390967,0,TRUE,FALSE
C,A,19710101,1971,52,1971,850,VIR,US Virgin Isds (...1980),M,Import,0,W00,World,0,W00,World,S1,S1,TRUE,5612,Phosphatic fertilizers and materials,4,FALSE,C00,TOTAL CPC,0,0,TOTAL MOT,8,kg,59875,FALSE,-1,N/A,,FALSE,59875,FALSE,,FALSE,,1303,1303,0,TRUE,FALSE
C,A,19710101,1971,52,1971,854,BFA,Burkina Faso,M,Import,0,W00,World,0,W00,World,S1,S1,TRUE,5612,Phosphatic fertilizers and materials,4,FALSE,C00,TOTAL CPC,0,0,TOTAL MOT,8,kg,2164323,FALSE,-1,N/A,,FALSE,2164323,FALSE,,FALSE,302903,,302903,0,TRUE,FALSE
C,A,19710101,1971,52,1971,858,URY,Uruguay,M,Import,0,W00,World,0,W00,World,S1,S1,TRUE,5612,Phosphatic fertilizers and materials,4,FALSE,C00,TOTAL CPC,0,0,TOTAL MOT,-1,N/A,0,FALSE,-1,N/A,,FALSE,,FALSE,,FALSE,4938335,,4938335,0,TRUE,FALSE
C,A,19710101,1971,52,1971,858,URY,Uruguay,X,Export,0,W00,World,0,W00,World,S1,S1,TRUE,5612,Phosphatic fertilizers and materials,4,FALSE,C00,TOTAL CPC,0,0,TOTAL MOT,-1,N/A,0,FALSE,-1,N/A,,FALSE,,FALSE,,FALSE,,548354,548354,0,TRUE,FALSE
C,A,19710101,1971,52,1971,862,VEN,Venezuela,M,Import,0,W00,World,0,W00,World,S1,S1,TRUE,5612,Phosphatic fertilizers and materials,4,FALSE,C00,TOTAL CPC,0,0,TOTAL MOT,8,kg,19152818,FALSE,-1,N/A,,FALSE,19152818,FALSE,,FALSE,,1343819,1343819,0,TRUE,FALSE
C,A,19710101,1971,52,1971,862,VEN,Venezuela,X,Export,0,W00,World,0,W00,World,S1,S1,TRUE,5612,Phosphatic fertilizers and materials,4,FALSE,C00,TOTAL CPC,0,0,TOTAL MOT,8,kg,1575000,FALSE,-1,N/A,,FALSE,1575000,FALSE,,FALSE,,38272,38272,0,TRUE,FALSE
C,A,19710101,1971,52,1971,868,VNM,Rep. of Vietnam (...1974),M,Import,0,W00,World,0,W00,World,S1,S1,TRUE,5612,Phosphatic fertilizers and materials,4,FALSE,C00,TOTAL CPC,0,0,TOTAL MOT,8,kg,12519757,FALSE,-1,N/A,,FALSE,12519757,FALSE,,FALSE,596175,,596175,0,TRUE,FALSE
C,A,19710101,1971,52,1971,890,YUG,Yugoslavia (...1991),M,Import,0,W00,World,0,W00,World,S1,S1,TRUE,5612,Phosphatic fertilizers and materials,4,FALSE,C00,TOTAL CPC,0,0,TOTAL MOT,8,kg,17115000,FALSE,-1,N/A,,FALSE,17115000,FALSE,,FALSE,769208,,769208,0,TRUE,FALSE
C,A,19710101,1971,52,1971,890,YUG,Yugoslavia (...1991),X,Export,0,W00,World,0,W00,World,S1,S1,TRUE,5612,Phosphatic fertilizers and materials,4,FALSE,C00,TOTAL CPC,0,0,TOTAL MOT,8,kg,97490752,FALSE,-1,N/A,,FALSE,97490752,FALSE,,FALSE,,2338385,2338385,0,TRUE,FALSE
C,A,19710101,1971,52,1971,894,ZMB,Zambia,M,Import,0,W00,World,0,W00,World,S1,S1,TRUE,5612,Phosphatic fertilizers and materials,4,FALSE,C00,TOTAL CPC,0,0,TOTAL MOT,8,kg,22670248,FALSE,-1,N/A,,FALSE,22670248,FALSE,,FALSE,,1261522,1261522,0,TRUE,FALSE
C,A,19720101,1972,52,1972,24,AGO,Angola,M,Import,0,W00,World,0,W00,World,S1,S1,TRUE,5612,Phosphatic fertilizers and materials,4,FALSE,C00,TOTAL CPC,0,0,TOTAL MOT,8,kg,8841546,FALSE,-1,N/A,,FALSE,8841546,FALSE,,FALSE,604001,,604001,0,TRUE,FALSE
C,A,19720101,1972,52,1972,32,ARG,Argentina,M,Import,0,W00,World,0,W00,World,S1,S1,TRUE,5612,Phosphatic fertilizers and materials,4,FALSE,C00,TOTAL CPC,0,0,TOTAL MOT,8,kg,41251364,FALSE,-1,N/A,,FALSE,41251364,FALSE,,FALSE,2357210,,2357210,0,TRUE,FALSE
C,A,19720101,1972,52,1972,32,ARG,Argentina,X,Export,0,W00,World,0,W00,World,S1,S1,TRUE,5612,Phosphatic fertilizers and materials,4,FALSE,C00,TOTAL CPC,0,0,TOTAL MOT,8,kg,98148,FALSE,-1,N/A,,FALSE,98148,FALSE,,FALSE,,4685,4685,0,TRUE,FALSE
C,A,19720101,1972,52,1972,36,AUS,Australia,M,Import,0,W00,World,0,W00,World,S1,S1,TRUE,5612,Phosphatic fertilizers and materials,4,FALSE,C00,TOTAL CPC,0,0,TOTAL MOT,8,kg,3313366,FALSE,-1,N/A,,FALSE,3313366,FALSE,,FALSE,,316139,316139,0,TRUE,FALSE
C,A,19720101,1972,52,1972,36,AUS,Australia,X,Export,0,W00,World,0,W00,World,S1,S1,TRUE,5612,Phosphatic fertilizers and materials,4,FALSE,C00,TOTAL CPC,0,0,TOTAL MOT,8,kg,15728054,FALSE,-1,N/A,,FALSE,15728054,FALSE,,FALSE,,1185938,1185938,0,TRUE,FALSE
C,A,19720101,1972,52,1972,52,BRB,Barbados,M,Import,0,W00,World,0,W00,World,S1,S1,TRUE,5612,Phosphatic fertilizers and materials,4,FALSE,C00,TOTAL CPC,0,0,TOTAL MOT,8,kg,38605,FALSE,-1,N/A,,FALSE,38605,FALSE,,FALSE,1605,,1605,0,TRUE,FALSE
C,A,19720101,1972,52,1972,58,BEL,Belgium-Luxembourg (...1998),M,Import,0,W00,World,0,W00,World,S1,S1,TRUE,5612,Phosphatic fertilizers and materials,4,FALSE,C00,TOTAL CPC,0,0,TOTAL MOT,8,kg,41982824,FALSE,-1,N/A,,FALSE,41982824,FALSE,,FALSE,1597670,,1597670,0,TRUE,FALSE
C,A,19720101,1972,52,1972,58,BEL,Belgium-Luxembourg (...1998),X,Export,0,W00,World,0,W00,World,S1,S1,TRUE,5612,Phosphatic fertilizers and materials,4,FALSE,C00,TOTAL CPC,0,0,TOTAL MOT,8,kg,2077868928,FALSE,-1,N/A,,FALSE,2077868928,FALSE,,FALSE,,38339024,38339024,0,TRUE,FALSE
C,A,19720101,1972,52,1972,68,BOL,Bolivia (Plurinational State of),M,Import,0,W00,World,0,W00,World,S1,S1,TRUE,5612,Phosphatic fertilizers and materials,4,FALSE,C00,TOTAL CPC,0,0,TOTAL MOT,8,kg,464597,FALSE,-1,N/A,,FALSE,464597,FALSE,,FALSE,57057,,57057,0,TRUE,FALSE
C,A,19720101,1972,52,1972,76,BRA,Brazil,M,Import,0,W00,World,0,W00,World,S1,S1,TRUE,5612,Phosphatic fertilizers and materials,4,FALSE,C00,TOTAL CPC,0,0,TOTAL MOT,8,kg,709936896,FALSE,-1,N/A,,FALSE,709936896,FALSE,,FALSE,45319924,,45319924,0,TRUE,FALSE
C,A,19720101,1972,52,1972,76,BRA,Brazil,X,Export,0,W00,World,0,W00,World,S1,S1,TRUE,5612,Phosphatic fertilizers and materials,4,FALSE,C00,TOTAL CPC,0,0,TOTAL MOT,8,kg,30058,FALSE,-1,N/A,,FALSE,30058,FALSE,,FALSE,,2456,2456,0,TRUE,FALSE
C,A,19720101,1972,52,1972,96,BRN,Brunei Darussalam,M,Import,0,W00,World,0,W00,World,S1,S1,TRUE,5612,Phosphatic fertilizers and materials,4,FALSE,C00,TOTAL CPC,0,0,TOTAL MOT,8,kg,25381,FALSE,-1,N/A,,FALSE,25381,FALSE,,FALSE,2159,,2159,0,TRUE,FALSE
C,A,19720101,1972,52,1972,104,MMR,Myanmar,M,Import,0,W00,World,0,W00,World,S1,S1,TRUE,5612,Phosphatic fertilizers and materials,4,FALSE,C00,TOTAL CPC,0,0,TOTAL MOT,8,kg,30114616,FALSE,-1,N/A,,FALSE,30114616,FALSE,,FALSE,2335549,,2335549,0,TRUE,FALSE
C,A,19720101,1972,52,1972,116,KHM,Cambodia,M,Import,0,W00,World,0,W00,World,S1,S1,TRUE,5612,Phosphatic fertilizers and materials,4,FALSE,C00,TOTAL CPC,0,0,TOTAL MOT,8,kg,3700000,FALSE,-1,N/A,,FALSE,3700000,FALSE,,FALSE,259156,,259156,0,TRUE,FALSE
C,A,19720101,1972,52,1972,120,CMR,Cameroon,M,Import,0,W00,World,0,W00,World,S1,S1,TRUE,5612,Phosphatic fertilizers and materials,4,FALSE,C00,TOTAL CPC,0,0,TOTAL MOT,8,kg,4622750,FALSE,-1,N/A,,FALSE,4622750,FALSE,,FALSE,426522,,426522,0,TRUE,FALSE
C,A,19720101,1972,52,1972,120,CMR,Cameroon,X,Export,0,W00,World,0,W00,World,S1,S1,TRUE,5612,Phosphatic fertilizers and materials,4,FALSE,C00,TOTAL CPC,0,0,TOTAL MOT,8,kg,597,FALSE,-1,N/A,,FALSE,597,FALSE,,FALSE,,5097,5097,0,TRUE,FALSE
C,A,19720101,1972,52,1972,124,CAN,Canada,M,Import,0,W00,World,0,W00,World,S1,S1,TRUE,5612,Phosphatic fertilizers and materials,4,FALSE,C00,TOTAL CPC,0,0,TOTAL MOT,8,kg,96586000,FALSE,-1,N/A,,FALSE,96586000,FALSE,,FALSE,,5505925,5505925,0,TRUE,FALSE
C,A,19720101,1972,52,1972,124,CAN,Canada,X,Export,0,W00,World,0,W00,World,S1,S1,TRUE,5612,Phosphatic fertilizers and materials,4,FALSE,C00,TOTAL CPC,0,0,TOTAL MOT,8,kg,79168328,FALSE,-1,N/A,,FALSE,79168328,FALSE,,FALSE,,4240225,4240225,0,TRUE,FALSE
C,A,19720101,1972,52,1972,144,LKA,Sri Lanka,M,Import,0,W00,World,0,W00,World,S1,S1,TRUE,5612,Phosphatic fertilizers and materials,4,FALSE,C00,TOTAL CPC,0,0,TOTAL MOT,8,kg,58647388,FALSE,-1,N/A,,FALSE,58647388,FALSE,,FALSE,3294739,,3294739,0,TRUE,FALSE
C,A,19720101,1972,52,1972,148,TCD,Chad,M,Import,0,W00,World,0,W00,World,S1,S1,TRUE,5612,Phosphatic fertilizers and materials,4,FALSE,C00,TOTAL CPC,0,0,TOTAL MOT,8,kg,62514,FALSE,-1,N/A,,FALSE,62514,FALSE,,FALSE,67335,,67335,0,TRUE,FALSE
C,A,19720101,1972,52,1972,152,CHL,Chile,M,Import,0,W00,World,0,W00,World,S1,S1,TRUE,5612,Phosphatic fertilizers and materials,4,FALSE,C00,TOTAL CPC,0,0,TOTAL MOT,8,kg,61764888,FALSE,-1,N/A,,FALSE,61764888,FALSE,,FALSE,5550023,,5550023,0,TRUE,FALSE
C,A,19720101,1972,52,1972,170,COL,Colombia,M,Import,0,W00,World,0,W00,World,S1,S1,TRUE,5612,Phosphatic fertilizers and materials,4,FALSE,C00,TOTAL CPC,0,0,TOTAL MOT,8,kg,45887184,FALSE,-1,N/A,,FALSE,45887184,FALSE,,FALSE,1707312,,1707312,0,TRUE,FALSE
C,A,19720101,1972,52,1972,178,COG,Congo,M,Import,0,W00,World,0,W00,World,S1,S1,TRUE,5612,Phosphatic fertilizers and materials,4,FALSE,C00,TOTAL CPC,0,0,TOTAL MOT,8,kg,10312,FALSE,-1,N/A,,FALSE,10312,FALSE,,FALSE,1081,,1081,0,TRUE,FALSE
C,A,19720101,1972,52,1972,180,COD,Dem. Rep. of the Congo,M,Import,0,W00,World,0,W00,World,S1,S1,TRUE,5612,Phosphatic fertilizers and materials,4,FALSE,C00,TOTAL CPC,0,0,TOTAL MOT,8,kg,2378115,FALSE,-1,N/A,,FALSE,2378115,FALSE,,FALSE,243348,,243348,0,TRUE,FALSE
C,A,19720101,1972,52,1972,188,CRI,Costa Rica,M,Import,0,W00,World,0,W00,World,S1,S1,TRUE,5612,Phosphatic fertilizers and materials,4,FALSE,C00,TOTAL CPC,0,0,TOTAL MOT,8,kg,29432060,FALSE,-1,N/A,,FALSE,29432060,FALSE,,FALSE,2267037,,2267037,0,TRUE,FALSE
C,A,19720101,1972,52,1972,196,CYP,Cyprus,M,Import,0,W00,World,0,W00,World,S1,S1,TRUE,5612,Phosphatic fertilizers and materials,4,FALSE,C00,TOTAL CPC,0,0,TOTAL MOT,8,kg,9138773,FALSE,-1,N/A,,FALSE,9138773,FALSE,,FALSE,460579,,460579,0,TRUE,FALSE
C,A,19720101,1972,52,1972,204,BEN,Benin,M,Import,0,W00,World,0,W00,World,S1,S1,TRUE,5612,Phosphatic fertilizers and materials,4,FALSE,C00,TOTAL CPC,0,0,TOTAL MOT,8,kg,225000,FALSE,-1,N/A,,FALSE,225000,FALSE,,FALSE,13186,,13186,0,TRUE,FALSE
C,A,19720101,1972,52,1972,208,DNK,Denmark,M,Import,0,W00,World,0,W00,World,S1,S1,TRUE,5612,Phosphatic fertilizers and materials,4,FALSE,C00,TOTAL CPC,0,0,TOTAL MOT,8,kg,15597972,FALSE,-1,N/A,,FALSE,15597972,FALSE,,FALSE,593422,,593422,0,TRUE,FALSE
C,A,19720101,1972,52,1972,208,DNK,Denmark,X,Export,0,W00,World,0,W00,World,S1,S1,TRUE,5612,Phosphatic fertilizers and materials,4,FALSE,C00,TOTAL CPC,0,0,TOTAL MOT,8,kg,49569620,FALSE,-1,N/A,,FALSE,49569620,FALSE,,FALSE,,1327642,1327642,0,TRUE,FALSE
C,A,19720101,1972,52,1972,214,DOM,Dominican Rep.,M,Import,0,W00,World,0,W00,World,S1,S1,TRUE,5612,Phosphatic fertilizers and materials,4,FALSE,C00,TOTAL CPC,0,0,TOTAL MOT,8,kg,4898350,FALSE,-1,N/A,,FALSE,4898350,FALSE,,FALSE,,774018,774018,0,TRUE,FALSE
C,A,19720101,1972,52,1972,218,ECU,Ecuador,M,Import,0,W00,World,0,W00,World,S1,S1,TRUE,5612,Phosphatic fertilizers and materials,4,FALSE,C00,TOTAL CPC,0,0,TOTAL MOT,8,kg,13548067,FALSE,-1,N/A,,FALSE,13548067,FALSE,,FALSE,1014678,,1014678,0,TRUE,FALSE
C,A,19720101,1972,52,1972,222,SLV,El Salvador,M,Import,0,W00,World,0,W00,World,S1,S1,TRUE,5612,Phosphatic fertilizers and materials,4,FALSE,C00,TOTAL CPC,0,0,TOTAL MOT,8,kg,15109506,FALSE,-1,N/A,,FALSE,15109506,FALSE,,FALSE,1387493,,1387493,0,TRUE,FALSE
C,A,19720101,1972,52,1972,222,SLV,El Salvador,X,Export,0,W00,World,0,W00,World,S1,S1,TRUE,5612,Phosphatic fertilizers and materials,4,FALSE,C00,TOTAL CPC,0,0,TOTAL MOT,8,kg,1142312,FALSE,-1,N/A,,FALSE,1142312,FALSE,,FALSE,,39742,39742,0,TRUE,FALSE
C,A,19720101,1972,52,1972,230,ETH,Ethiopia (...1992),M,Import,0,W00,World,0,W00,World,S1,S1,TRUE,5612,Phosphatic fertilizers and materials,4,FALSE,C00,TOTAL CPC,0,0,TOTAL MOT,8,kg,391437,FALSE,-1,N/A,,FALSE,391437,FALSE,,FALSE,39849,,39849,0,TRUE,FALSE
C,A,19720101,1972,52,1972,242,FJI,Fiji,M,Import,0,W00,World,0,W00,World,S1,S1,TRUE,5612,Phosphatic fertilizers and materials,4,FALSE,C00,TOTAL CPC,0,0,TOTAL MOT,8,kg,5628924,FALSE,-1,N/A,,FALSE,5628924,FALSE,,FALSE,292015,,292015,0,TRUE,FALSE
C,A,19720101,1972,52,1972,242,FJI,Fiji,X,Export,0,W00,World,0,W00,World,S1,S1,TRUE,5612,Phosphatic fertilizers and materials,4,FALSE,C00,TOTAL CPC,0,0,TOTAL MOT,8,kg,27433,FALSE,-1,N/A,,FALSE,27433,FALSE,,FALSE,,6518,6518,0,TRUE,FALSE
C,A,19720101,1972,52,1972,246,FIN,Finland,M,Import,0,W00,World,0,W00,World,S1,S1,TRUE,5612,Phosphatic fertilizers and materials,4,FALSE,C00,TOTAL CPC,0,0,TOTAL MOT,8,kg,4706931,FALSE,-1,N/A,,FALSE,4706931,FALSE,,FALSE,137421,,137421,0,TRUE,FALSE
C,A,19720101,1972,52,1972,246,FIN,Finland,X,Export,0,W00,World,0,W00,World,S1,S1,TRUE,5612,Phosphatic fertilizers and materials,4,FALSE,C00,TOTAL CPC,0,0,TOTAL MOT,8,kg,77823808,FALSE,-1,N/A,,FALSE,77823808,FALSE,,FALSE,,2504048,2504048,0,TRUE,FALSE
C,A,19720101,1972,52,1972,251,FRA,France,M,Import,0,W00,World,0,W00,World,S1,S1,TRUE,5612,Phosphatic fertilizers and materials,4,FALSE,C00,TOTAL CPC,0,0,TOTAL MOT,8,kg,1298687872,FALSE,-1,N/A,,FALSE,1298687872,FALSE,,FALSE,29343012,,29343012,0,TRUE,FALSE
C,A,19720101,1972,52,1972,251,FRA,France,X,Export,0,W00,World,0,W00,World,S1,S1,TRUE,5612,Phosphatic fertilizers and materials,4,FALSE,C00,TOTAL CPC,0,0,TOTAL MOT,8,kg,360647392,FALSE,-1,N/A,,FALSE,360647392,FALSE,,FALSE,,8623713,8623713,0,TRUE,FALSE
C,A,19720101,1972,52,1972,270,GMB,Gambia,M,Import,0,W00,World,0,W00,World,S1,S1,TRUE,5612,Phosphatic fertilizers and materials,4,FALSE,C00,TOTAL CPC,0,0,TOTAL MOT,8,kg,863625,FALSE,-1,N/A,,FALSE,863625,FALSE,,FALSE,58539,,58539,0,TRUE,FALSE
C,A,19720101,1972,52,1972,280,DEU,Fed. Rep. of Germany (...1990),M,Import,0,W00,World,0,W00,World,S1,S1,TRUE,5612,Phosphatic fertilizers and materials,4,FALSE,C00,TOTAL CPC,0,0,TOTAL MOT,8,kg,525169408,FALSE,-1,N/A,,TRUE,525169408,FALSE,-1,TRUE,10208000,,10208000,0,FALSE,FALSE
C,A,19720101,1972,52,1972,280,DEU,Fed. Rep. of Germany (...1990),X,Export,0,W00,World,0,W00,World,S1,S1,TRUE,5612,Phosphatic fertilizers and materials,4,FALSE,C00,TOTAL CPC,0,0,TOTAL MOT,8,kg,70640176,FALSE,-1,N/A,,TRUE,70640176,FALSE,-1,TRUE,,2239001,2239001,0,FALSE,FALSE
C,A,19720101,1972,52,1972,288,GHA,Ghana,M,Import,0,W00,World,0,W00,World,S1,S1,TRUE,5612,Phosphatic fertilizers and materials,4,FALSE,C00,TOTAL CPC,0,0,TOTAL MOT,8,kg,160128,FALSE,-1,N/A,,FALSE,160128,FALSE,,FALSE,17516,,17516,0,TRUE,FALSE
C,A,19720101,1972,52,1972,300,GRC,Greece,X,Export,0,W00,World,0,W00,World,S1,S1,TRUE,5612,Phosphatic fertilizers and materials,4,FALSE,C00,TOTAL CPC,0,0,TOTAL MOT,8,kg,10050000,FALSE,-1,N/A,,FALSE,10050000,FALSE,,FALSE,,532500,532500,0,TRUE,FALSE
C,A,19720101,1972,52,1972,312,GLP,Guadeloupe (Overseas France),M,Import,0,W00,World,0,W00,World,S1,S1,TRUE,5612,Phosphatic fertilizers and materials,4,FALSE,C00,TOTAL CPC,0,0,TOTAL MOT,8,kg,1117772,FALSE,-1,N/A,,FALSE,1117772,FALSE,,FALSE,72402,,72402,0,TRUE,FALSE
C,A,19720101,1972,52,1972,320,GTM,Guatemala,M,Import,0,W00,World,0,W00,World,S1,S1,TRUE,5612,Phosphatic fertilizers and materials,4,FALSE,C00,TOTAL CPC,0,0,TOTAL MOT,8,kg,7253990,FALSE,-1,N/A,,FALSE,7253990,FALSE,,FALSE,583794,,583794,0,TRUE,FALSE
C,A,19720101,1972,52,1972,328,GUY,Guyana,M,Import,0,W00,World,0,W00,World,S1,S1,TRUE,5612,Phosphatic fertilizers and materials,4,FALSE,C00,TOTAL CPC,0,0,TOTAL MOT,8,kg,8481923,FALSE,-1,N/A,,FALSE,8481923,FALSE,,FALSE,648536,,648536,0,TRUE,FALSE
C,A,19720101,1972,52,1972,340,HND,Honduras,M,Import,0,W00,World,0,W00,World,S1,S1,TRUE,5612,Phosphatic fertilizers and materials,4,FALSE,C00,TOTAL CPC,0,0,TOTAL MOT,8,kg,384792,FALSE,-1,N/A,,FALSE,384792,FALSE,,FALSE,41015,,41015,0,TRUE,FALSE
C,A,19720101,1972,52,1972,344,HKG,"China, Hong Kong SAR",M,Import,0,W00,World,0,W00,World,S1,S1,TRUE,5612,Phosphatic fertilizers and materials,4,FALSE,C00,TOTAL CPC,0,0,TOTAL MOT,8,kg,386480,FALSE,-1,N/A,,FALSE,386480,FALSE,,FALSE,28119,,28119,0,TRUE,FALSE
C,A,19720101,1972,52,1972,344,HKG,"China, Hong Kong SAR",X,Export,0,W00,World,0,W00,World,S1,S1,TRUE,5612,Phosphatic fertilizers and materials,4,FALSE,C00,TOTAL CPC,0,0,TOTAL MOT,8,kg,286500,FALSE,-1,N/A,,FALSE,286500,FALSE,,FALSE,,5793,5793,0,TRUE,FALSE
C,A,19720101,1972,52,1972,352,ISL,Iceland,M,Import,0,W00,World,0,W00,World,S1,S1,TRUE,5612,Phosphatic fertilizers and materials,4,FALSE,C00,TOTAL CPC,0,0,TOTAL MOT,8,kg,9944238,FALSE,-1,N/A,,FALSE,9944238,FALSE,,FALSE,715888,,715888,0,TRUE,FALSE
C,A,19720101,1972,52,1972,360,IDN,Indonesia,M,Import,0,W00,World,0,W00,World,S1,S1,TRUE,5612,Phosphatic fertilizers and materials,4,FALSE,C00,TOTAL CPC,0,0,TOTAL MOT,8,kg,120500216,FALSE,-1,N/A,,FALSE,120500216,FALSE,,FALSE,10273748,,10273748,0,TRUE,FALSE
C,A,19720101,1972,52,1972,364,IRN,Iran,M,Import,0,W00,World,0,W00,World,S1,S1,TRUE,5612,Phosphatic fertilizers and materials,4,FALSE,C00,TOTAL CPC,0,0,TOTAL MOT,8,kg,68890624,FALSE,-1,N/A,,FALSE,68890624,FALSE,,FALSE,1037731,,1037731,0,TRUE,FALSE
C,A,19720101,1972,52,1972,364,IRN,Iran,X,Export,0,W00,World,0,W00,World,S1,S1,TRUE,5612,Phosphatic fertilizers and materials,4,FALSE,C00,TOTAL CPC,0,0,TOTAL MOT,8,kg,17000000,FALSE,-1,N/A,,FALSE,17000000,FALSE,,FALSE,,2371725,2371725,0,TRUE,FALSE
C,A,19720101,1972,52,1972,368,IRQ,Iraq,M,Import,0,W00,World,0,W00,World,S1,S1,TRUE,5612,Phosphatic fertilizers and materials,4,FALSE,C00,TOTAL CPC,0,0,TOTAL MOT,8,kg,17000101,FALSE,-1,N/A,,FALSE,17000101,FALSE,,FALSE,1662479,,1662479,0,TRUE,FALSE
C,A,19720101,1972,52,1972,372,IRL,Ireland,M,Import,0,W00,World,0,W00,World,S1,S1,TRUE,5612,Phosphatic fertilizers and materials,4,FALSE,C00,TOTAL CPC,0,0,TOTAL MOT,8,kg,197997152,FALSE,-1,N/A,,FALSE,197997152,FALSE,,FALSE,6399957,,6399957,0,TRUE,FALSE
C,A,19720101,1972,52,1972,376,ISR,Israel,M,Import,0,W00,World,0,W00,World,S1,S1,TRUE,5612,Phosphatic fertilizers and materials,4,FALSE,C00,TOTAL CPC,0,0,TOTAL MOT,-1,N/A,0,FALSE,-1,N/A,,FALSE,,FALSE,,FALSE,774,,774,0,TRUE,FALSE
C,A,19720101,1972,52,1972,376,ISR,Israel,X,Export,0,W00,World,0,W00,World,S1,S1,TRUE,5612,Phosphatic fertilizers and materials,4,FALSE,C00,TOTAL CPC,0,0,TOTAL MOT,8,kg,162985264,FALSE,-1,N/A,,FALSE,162985264,FALSE,,FALSE,,3464387,3464387,0,TRUE,FALSE
C,A,19720101,1972,52,1972,380,ITA,Italy,M,Import,0,W00,World,0,W00,World,S1,S1,TRUE,5612,Phosphatic fertilizers and materials,4,FALSE,C00,TOTAL CPC,0,0,TOTAL MOT,8,kg,208539632,FALSE,-1,N/A,,TRUE,208539632,FALSE,-1,TRUE,10534759,,10534759,0,FALSE,FALSE
C,A,19720101,1972,52,1972,380,ITA,Italy,X,Export,0,W00,World,0,W00,World,S1,S1,TRUE,5612,Phosphatic fertilizers and materials,4,FALSE,C00,TOTAL CPC,0,0,TOTAL MOT,8,kg,2908529,FALSE,-1,N/A,,TRUE,2908529,FALSE,-1,TRUE,,101228,101228,0,FALSE,FALSE
C,A,19720101,1972,52,1972,384,CIV,CÙte d'Ivoire,M,Import,0,W00,World,0,W00,World,S1,S1,TRUE,5612,Phosphatic fertilizers and materials,4,FALSE,C00,TOTAL CPC,0,0,TOTAL MOT,8,kg,6075011,FALSE,-1,N/A,,FALSE,6075011,FALSE,,FALSE,345704,,345704,0,TRUE,FALSE
C,A,19720101,1972,52,1972,384,CIV,CÙte d'Ivoire,X,Export,0,W00,World,0,W00,World,S1,S1,TRUE,5612,Phosphatic fertilizers and materials,4,FALSE,C00,TOTAL CPC,0,0,TOTAL MOT,8,kg,473375,FALSE,-1,N/A,,FALSE,473375,FALSE,,FALSE,,49102,49102,0,TRUE,FALSE
C,A,19720101,1972,52,1972,388,JAM,Jamaica,M,Import,0,W00,World,0,W00,World,S1,S1,TRUE,5612,Phosphatic fertilizers and materials,4,FALSE,C00,TOTAL CPC,0,0,TOTAL MOT,8,kg,5365769,FALSE,-1,N/A,,FALSE,5365769,FALSE,,FALSE,342014,,342014,0,TRUE,FALSE
C,A,19720101,1972,52,1972,388,JAM,Jamaica,X,Export,0,W00,World,0,W00,World,S1,S1,TRUE,5612,Phosphatic fertilizers and materials,4,FALSE,C00,TOTAL CPC,0,0,TOTAL MOT,8,kg,6125,FALSE,-1,N/A,,FALSE,6125,FALSE,,FALSE,,1815,1815,0,TRUE,FALSE
C,A,19720101,1972,52,1972,392,JPN,Japan,M,Import,0,W00,World,0,W00,World,S1,S1,TRUE,5612,Phosphatic fertilizers and materials,4,FALSE,C00,TOTAL CPC,0,0,TOTAL MOT,8,kg,16317000,FALSE,-1,N/A,,FALSE,16317000,FALSE,,FALSE,1138540,,1138540,0,TRUE,FALSE
C,A,19720101,1972,52,1972,392,JPN,Japan,X,Export,0,W00,World,0,W00,World,S1,S1,TRUE,5612,Phosphatic fertilizers and materials,4,FALSE,C00,TOTAL CPC,0,0,TOTAL MOT,8,kg,87209000,FALSE,-1,N/A,,FALSE,87209000,FALSE,,FALSE,,5172403,5172403,0,TRUE,FALSE
C,A,19720101,1972,52,1972,400,JOR,Jordan,M,Import,0,W00,World,0,W00,World,S1,S1,TRUE,5612,Phosphatic fertilizers and materials,4,FALSE,C00,TOTAL CPC,0,0,TOTAL MOT,8,kg,503750,FALSE,-1,N/A,,FALSE,503750,FALSE,,FALSE,38244,,38244,0,TRUE,FALSE
C,A,19720101,1972,52,1972,410,KOR,Rep. of Korea,M,Import,0,W00,World,0,W00,World,S1,S1,TRUE,5612,Phosphatic fertilizers and materials,4,FALSE,C00,TOTAL CPC,0,0,TOTAL MOT,8,kg,3000001,FALSE,-1,N/A,,FALSE,3000001,FALSE,,FALSE,268635,,268635,0,TRUE,FALSE
C,A,19720101,1972,52,1972,410,KOR,Rep. of Korea,X,Export,0,W00,World,0,W00,World,S1,S1,TRUE,5612,Phosphatic fertilizers and materials,4,FALSE,C00,TOTAL CPC,0,0,TOTAL MOT,8,kg,10,FALSE,-1,N/A,,FALSE,10,FALSE,,FALSE,,1,1,0,TRUE,FALSE
C,A,19720101,1972,52,1972,418,LAO,Lao People's Dem. Rep.,M,Import,0,W00,World,0,W00,World,S1,S1,TRUE,5612,Phosphatic fertilizers and materials,4,FALSE,C00,TOTAL CPC,0,0,TOTAL MOT,8,kg,1000,FALSE,-1,N/A,,FALSE,1000,FALSE,,FALSE,,69,69,0,TRUE,FALSE
C,A,19720101,1972,52,1972,422,LBN,Lebanon,X,Export,0,W00,World,0,W00,World,S1,S1,TRUE,5612,Phosphatic fertilizers and materials,4,FALSE,C00,TOTAL CPC,0,0,TOTAL MOT,8,kg,105070936,FALSE,-1,N/A,,FALSE,105070936,FALSE,,FALSE,,7032508,7032508,0,TRUE,FALSE
C,A,19720101,1972,52,1972,430,LBR,Liberia,M,Import,0,W00,World,0,W00,World,S1,S1,TRUE,5612,Phosphatic fertilizers and materials,4,FALSE,C00,TOTAL CPC,0,0,TOTAL MOT,8,kg,1696894,FALSE,-1,N/A,,FALSE,1696894,FALSE,,FALSE,161371,,161371,0,TRUE,FALSE
C,A,19720101,1972,52,1972,434,LBY,Libya,M,Import,0,W00,World,0,W00,World,S1,S1,TRUE,5612,Phosphatic fertilizers and materials,4,FALSE,C00,TOTAL CPC,0,0,TOTAL MOT,8,kg,1040238,FALSE,-1,N/A,,FALSE,1040238,FALSE,,FALSE,158113,,158113,0,TRUE,FALSE
C,A,19720101,1972,52,1972,450,MDG,Madagascar,M,Import,0,W00,World,0,W00,World,S1,S1,TRUE,5612,Phosphatic fertilizers and materials,4,FALSE,C00,TOTAL CPC,0,0,TOTAL MOT,8,kg,452626,FALSE,-1,N/A,,FALSE,452626,FALSE,,FALSE,40966,,40966,0,TRUE,FALSE
C,A,19720101,1972,52,1972,450,MDG,Madagascar,X,Export,0,W00,World,0,W00,World,S1,S1,TRUE,5612,Phosphatic fertilizers and materials,4,FALSE,C00,TOTAL CPC,0,0,TOTAL MOT,8,kg,20406,FALSE,-1,N/A,,FALSE,20406,FALSE,,FALSE,,2446,2446,0,TRUE,FALSE
C,A,19720101,1972,52,1972,454,MWI,Malawi,M,Import,0,W00,World,0,W00,World,S1,S1,TRUE,5612,Phosphatic fertilizers and materials,4,FALSE,C00,TOTAL CPC,0,0,TOTAL MOT,8,kg,117933,FALSE,-1,N/A,,FALSE,117933,FALSE,,FALSE,6193,,6193,0,TRUE,FALSE
C,A,19720101,1972,52,1972,458,MYS,Malaysia,M,Import,0,W00,World,0,W00,World,S1,S1,TRUE,5612,Phosphatic fertilizers and materials,4,FALSE,C00,TOTAL CPC,0,0,TOTAL MOT,8,kg,12087079,FALSE,-1,N/A,,FALSE,12087079,FALSE,,FALSE,987018,,987018,0,TRUE,FALSE
C,A,19720101,1972,52,1972,458,MYS,Malaysia,X,Export,0,W00,World,0,W00,World,S1,S1,TRUE,5612,Phosphatic fertilizers and materials,4,FALSE,C00,TOTAL CPC,0,0,TOTAL MOT,8,kg,20273,FALSE,-1,N/A,,FALSE,20273,FALSE,,FALSE,,1071,1071,0,TRUE,FALSE
C,A,19720101,1972,52,1972,466,MLI,Mali,M,Import,0,W00,World,0,W00,World,S1,S1,TRUE,5612,Phosphatic fertilizers and materials,4,FALSE,C00,TOTAL CPC,0,0,TOTAL MOT,8,kg,9276488,FALSE,-1,N/A,,FALSE,9276488,FALSE,,FALSE,674640,,674640,0,TRUE,FALSE
C,A,19720101,1972,52,1972,470,MLT,Malta,M,Import,0,W00,World,0,W00,World,S1,S1,TRUE,5612,Phosphatic fertilizers and materials,4,FALSE,C00,TOTAL CPC,0,0,TOTAL MOT,-1,N/A,0,FALSE,-1,N/A,,FALSE,,FALSE,,FALSE,1383,,1383,0,TRUE,FALSE
C,A,19720101,1972,52,1972,474,MTQ,Martinique (Overseas France),M,Import,0,W00,World,0,W00,World,S1,S1,TRUE,5612,Phosphatic fertilizers and materials,4,FALSE,C00,TOTAL CPC,0,0,TOTAL MOT,8,kg,1289648,FALSE,-1,N/A,,FALSE,1289648,FALSE,,FALSE,79543,,79543,0,TRUE,FALSE
C,A,19720101,1972,52,1972,478,MRT,Mauritania,M,Import,0,W00,World,0,W00,World,S1,S1,TRUE,5612,Phosphatic fertilizers and materials,4,FALSE,C00,TOTAL CPC,0,0,TOTAL MOT,8,kg,13932,FALSE,-1,N/A,,FALSE,13932,FALSE,,FALSE,853,,853,0,TRUE,FALSE
C,A,19720101,1972,52,1972,480,MUS,Mauritius,M,Import,0,W00,World,0,W00,World,S1,S1,TRUE,5612,Phosphatic fertilizers and materials,4,FALSE,C00,TOTAL CPC,0,0,TOTAL MOT,8,kg,5015437,FALSE,-1,N/A,,FALSE,5015437,FALSE,,FALSE,335775,,335775,0,TRUE,FALSE
C,A,19720101,1972,52,1972,484,MEX,Mexico,M,Import,0,W00,World,0,W00,World,S1,S1,TRUE,5612,Phosphatic fertilizers and materials,4,FALSE,C00,TOTAL CPC,0,0,TOTAL MOT,8,kg,1520831,FALSE,-1,N/A,,FALSE,1520831,FALSE,,FALSE,143358,,143358,0,TRUE,FALSE
C,A,19720101,1972,52,1972,484,MEX,Mexico,X,Export,0,W00,World,0,W00,World,S1,S1,TRUE,5612,Phosphatic fertilizers and materials,4,FALSE,C00,TOTAL CPC,0,0,TOTAL MOT,8,kg,124625240,FALSE,-1,N/A,,FALSE,124625240,FALSE,,FALSE,,7615255,7615255,0,TRUE,FALSE
C,A,19720101,1972,52,1972,504,MAR,Morocco,X,Export,0,W00,World,0,W00,World,S1,S1,TRUE,5612,Phosphatic fertilizers and materials,4,FALSE,C00,TOTAL CPC,0,0,TOTAL MOT,8,kg,260318400,FALSE,-1,N/A,,FALSE,260318400,FALSE,,FALSE,,14288129,14288129,0,TRUE,FALSE
C,A,19720101,1972,52,1972,528,NLD,Netherlands,M,Import,0,W00,World,0,W00,World,S1,S1,TRUE,5612,Phosphatic fertilizers and materials,4,FALSE,C00,TOTAL CPC,0,0,TOTAL MOT,8,kg,188294848,FALSE,-1,N/A,,FALSE,188294848,FALSE,,FALSE,5155772,,5155772,0,TRUE,FALSE
C,A,19720101,1972,52,1972,528,NLD,Netherlands,X,Export,0,W00,World,0,W00,World,S1,S1,TRUE,5612,Phosphatic fertilizers and materials,4,FALSE,C00,TOTAL CPC,0,0,TOTAL MOT,8,kg,387901312,FALSE,-1,N/A,,FALSE,387901312,FALSE,,FALSE,,16382979,16382979,0,TRUE,FALSE
C,A,19720101,1972,52,1972,532,ANT,Netherlands Antilles and Aruba (...1985),M,Import,0,W00,World,0,W00,World,S1,S1,TRUE,5612,Phosphatic fertilizers and materials,4,FALSE,C00,TOTAL CPC,0,0,TOTAL MOT,8,kg,5000,FALSE,-1,N/A,,FALSE,5000,FALSE,,FALSE,,2792,2792,0,TRUE,FALSE
C,A,19720101,1972,52,1972,554,NZL,New Zealand,M,Import,0,W00,World,0,W00,World,S1,S1,TRUE,5612,Phosphatic fertilizers and materials,4,FALSE,C00,TOTAL CPC,0,0,TOTAL MOT,8,kg,5017228,FALSE,-1,N/A,,FALSE,5017228,FALSE,,FALSE,325871,,325871,0,TRUE,FALSE
C,A,19720101,1972,52,1972,554,NZL,New Zealand,X,Export,0,W00,World,0,W00,World,S1,S1,TRUE,5612,Phosphatic fertilizers and materials,4,FALSE,C00,TOTAL CPC,0,0,TOTAL MOT,8,kg,392245,FALSE,-1,N/A,,FALSE,392245,FALSE,,FALSE,,23720,23720,0,TRUE,FALSE
C,A,19720101,1972,52,1972,558,NIC,Nicaragua,M,Import,0,W00,World,0,W00,World,S1,S1,TRUE,5612,Phosphatic fertilizers and materials,4,FALSE,C00,TOTAL CPC,0,0,TOTAL MOT,8,kg,24190340,FALSE,-1,N/A,,FALSE,24190340,FALSE,,FALSE,2436786,,2436786,0,TRUE,FALSE
C,A,19720101,1972,52,1972,566,NGA,Nigeria,M,Import,0,W00,World,0,W00,World,S1,S1,TRUE,5612,Phosphatic fertilizers and materials,4,FALSE,C00,TOTAL CPC,0,0,TOTAL MOT,8,kg,25908188,FALSE,-1,N/A,,FALSE,25908188,FALSE,,FALSE,1824198,,1824198,0,TRUE,FALSE
C,A,19720101,1972,52,1972,579,NOR,Norway,M,Import,0,W00,World,0,W00,World,S1,S1,TRUE,5612,Phosphatic fertilizers and materials,4,FALSE,C00,TOTAL CPC,0,0,TOTAL MOT,8,kg,29116624,FALSE,-1,N/A,,FALSE,29116624,FALSE,,FALSE,1007959,,1007959,0,TRUE,FALSE
C,A,19720101,1972,52,1972,579,NOR,Norway,X,Export,0,W00,World,0,W00,World,S1,S1,TRUE,5612,Phosphatic fertilizers and materials,4,FALSE,C00,TOTAL CPC,0,0,TOTAL MOT,8,kg,39823,FALSE,-1,N/A,,FALSE,39823,FALSE,,FALSE,,1833,1833,0,TRUE,FALSE
C,A,19720101,1972,52,1972,586,PAK,Pakistan,M,Import,0,W00,World,0,W00,World,S1,S1,TRUE,5612,Phosphatic fertilizers and materials,4,FALSE,C00,TOTAL CPC,0,0,TOTAL MOT,-1,N/A,0,FALSE,-1,N/A,,FALSE,,FALSE,,FALSE,7020814,,7020814,0,TRUE,FALSE
C,A,19720101,1972,52,1972,586,PAK,Pakistan,X,Export,0,W00,World,0,W00,World,S1,S1,TRUE,5612,Phosphatic fertilizers and materials,4,FALSE,C00,TOTAL CPC,0,0,TOTAL MOT,-1,N/A,0,FALSE,-1,N/A,,FALSE,,FALSE,,FALSE,,3359,3359,0,TRUE,FALSE
C,A,19720101,1972,52,1972,590,PAN,"Panama, excl.Canal Zone (...1977)",M,Import,0,W00,World,0,W00,World,S1,S1,TRUE,5612,Phosphatic fertilizers and materials,4,FALSE,C00,TOTAL CPC,0,0,TOTAL MOT,8,kg,134506,FALSE,-1,N/A,,FALSE,134506,FALSE,,FALSE,18498,,18498,0,TRUE,FALSE
C,A,19720101,1972,52,1972,598,PNG,Papua New Guinea,M,Import,0,W00,World,0,W00,World,S1,S1,TRUE,5612,Phosphatic fertilizers and materials,4,FALSE,C00,TOTAL CPC,0,0,TOTAL MOT,8,kg,482800,FALSE,-1,N/A,,FALSE,482800,FALSE,,FALSE,42897,,42897,0,TRUE,FALSE
C,A,19720101,1972,52,1972,600,PRY,Paraguay,M,Import,0,W00,World,0,W00,World,S1,S1,TRUE,5612,Phosphatic fertilizers and materials,4,FALSE,C00,TOTAL CPC,0,0,TOTAL MOT,8,kg,100359,FALSE,-1,N/A,,FALSE,100359,FALSE,,FALSE,3860,,3860,0,TRUE,FALSE
C,A,19720101,1972,52,1972,604,PER,Peru,M,Import,0,W00,World,0,W00,World,S1,S1,TRUE,5612,Phosphatic fertilizers and materials,4,FALSE,C00,TOTAL CPC,0,0,TOTAL MOT,8,kg,592375,FALSE,-1,N/A,,FALSE,592375,FALSE,,FALSE,42401,,42401,0,TRUE,FALSE
C,A,19720101,1972,52,1972,604,PER,Peru,X,Export,0,W00,World,0,W00,World,S1,S1,TRUE,5612,Phosphatic fertilizers and materials,4,FALSE,C00,TOTAL CPC,0,0,TOTAL MOT,8,kg,5750,FALSE,-1,N/A,,FALSE,5750,FALSE,,FALSE,,1486,1486,0,TRUE,FALSE
C,A,19720101,1972,52,1972,608,PHL,Philippines,M,Import,0,W00,World,0,W00,World,S1,S1,TRUE,5612,Phosphatic fertilizers and materials,4,FALSE,C00,TOTAL CPC,0,0,TOTAL MOT,8,kg,3661000,FALSE,-1,N/A,,FALSE,3661000,FALSE,,FALSE,136128,,136128,0,TRUE,FALSE
C,A,19720101,1972,52,1972,620,PRT,Portugal,M,Import,0,W00,World,0,W00,World,S1,S1,TRUE,5612,Phosphatic fertilizers and materials,4,FALSE,C00,TOTAL CPC,0,0,TOTAL MOT,8,kg,9182569,FALSE,-1,N/A,,FALSE,9182569,FALSE,,FALSE,409819,,409819,0,TRUE,FALSE
C,A,19720101,1972,52,1972,620,PRT,Portugal,X,Export,0,W00,World,0,W00,World,S1,S1,TRUE,5612,Phosphatic fertilizers and materials,4,FALSE,C00,TOTAL CPC,0,0,TOTAL MOT,8,kg,65474512,FALSE,-1,N/A,,FALSE,65474512,FALSE,,FALSE,,2598278,2598278,0,TRUE,FALSE
C,A,19720101,1972,52,1972,624,GNB,Guinea-Bissau,M,Import,0,W00,World,0,W00,World,S1,S1,TRUE,5612,Phosphatic fertilizers and materials,4,FALSE,C00,TOTAL CPC,0,0,TOTAL MOT,8,kg,3000,FALSE,-1,N/A,,FALSE,3000,FALSE,,FALSE,192,,192,0,TRUE,FALSE
C,A,19720101,1972,52,1972,638,REU,RÈunion (Overseas France),M,Import,0,W00,World,0,W00,World,S1,S1,TRUE,5612,Phosphatic fertilizers and materials,4,FALSE,C00,TOTAL CPC,0,0,TOTAL MOT,8,kg,162761,FALSE,-1,N/A,,TRUE,162761,FALSE,-1,TRUE,12628,,12628,0,FALSE,FALSE
C,A,19720101,1972,52,1972,686,SEN,Senegal,M,Import,0,W00,World,0,W00,World,S1,S1,TRUE,5612,Phosphatic fertilizers and materials,4,FALSE,C00,TOTAL CPC,0,0,TOTAL MOT,8,kg,125001,FALSE,-1,N/A,,FALSE,125001,FALSE,,FALSE,11893,,11893,0,TRUE,FALSE
C,A,19720101,1972,52,1972,686,SEN,Senegal,X,Export,0,W00,World,0,W00,World,S1,S1,TRUE,5612,Phosphatic fertilizers and materials,4,FALSE,C00,TOTAL CPC,0,0,TOTAL MOT,8,kg,67195120,FALSE,-1,N/A,,FALSE,67195120,FALSE,,FALSE,,3735110,3735110,0,TRUE,FALSE
C,A,19720101,1972,52,1972,694,SLE,Sierra Leone,M,Import,0,W00,World,0,W00,World,S1,S1,TRUE,5612,Phosphatic fertilizers and materials,4,FALSE,C00,TOTAL CPC,0,0,TOTAL MOT,8,kg,114808,FALSE,-1,N/A,,FALSE,114808,FALSE,,FALSE,4181,,4181,0,TRUE,FALSE
C,A,19720101,1972,52,1972,702,SGP,Singapore,M,Import,0,W00,World,0,W00,World,S1,S1,TRUE,5612,Phosphatic fertilizers and materials,4,FALSE,C00,TOTAL CPC,0,0,TOTAL MOT,8,kg,52296808,FALSE,-1,N/A,,FALSE,52296808,FALSE,,FALSE,5241971,,5241971,0,TRUE,FALSE
C,A,19720101,1972,52,1972,702,SGP,Singapore,X,Export,0,W00,World,0,W00,World,S1,S1,TRUE,5612,Phosphatic fertilizers and materials,4,FALSE,C00,TOTAL CPC,0,0,TOTAL MOT,8,kg,18162588,FALSE,-1,N/A,,FALSE,18162588,FALSE,,FALSE,,1979653,1979653,0,TRUE,FALSE
C,A,19720101,1972,52,1972,724,ESP,Spain,M,Import,0,W00,World,0,W00,World,S1,S1,TRUE,5612,Phosphatic fertilizers and materials,4,FALSE,C00,TOTAL CPC,0,0,TOTAL MOT,8,kg,64190732,FALSE,-1,N/A,,FALSE,64190732,FALSE,,FALSE,2918587,,2918587,0,TRUE,FALSE
C,A,19720101,1972,52,1972,724,ESP,Spain,X,Export,0,W00,World,0,W00,World,S1,S1,TRUE,5612,Phosphatic fertilizers and materials,4,FALSE,C00,TOTAL CPC,0,0,TOTAL MOT,8,kg,105844288,FALSE,-1,N/A,,FALSE,105844288,FALSE,,FALSE,,2524773,2524773,0,TRUE,FALSE
C,A,19720101,1972,52,1972,736,SDN,Sudan (...2011),M,Import,0,W00,World,0,W00,World,S1,S1,TRUE,5612,Phosphatic fertilizers and materials,4,FALSE,C00,TOTAL CPC,0,0,TOTAL MOT,8,kg,300000,FALSE,-1,N/A,,FALSE,300000,FALSE,,FALSE,25812,,25812,0,TRUE,FALSE
C,A,19720101,1972,52,1972,752,SWE,Sweden,M,Import,0,W00,World,0,W00,World,S1,S1,TRUE,5612,Phosphatic fertilizers and materials,4,FALSE,C00,TOTAL CPC,0,0,TOTAL MOT,8,kg,39250324,FALSE,-1,N/A,,FALSE,39250324,FALSE,,FALSE,2198361,,2198361,0,TRUE,FALSE
C,A,19720101,1972,52,1972,757,CHE,Switzerland,M,Import,0,W00,World,0,W00,World,S1,S1,TRUE,5612,Phosphatic fertilizers and materials,4,FALSE,C00,TOTAL CPC,0,0,TOTAL MOT,8,kg,199974944,FALSE,-1,N/A,,FALSE,199974944,FALSE,,FALSE,5673264,,5673264,0,TRUE,FALSE
C,A,19720101,1972,52,1972,757,CHE,Switzerland,X,Export,0,W00,World,0,W00,World,S1,S1,TRUE,5612,Phosphatic fertilizers and materials,4,FALSE,C00,TOTAL CPC,0,0,TOTAL MOT,8,kg,10498,FALSE,-1,N/A,,FALSE,10498,FALSE,,FALSE,,2393,2393,0,TRUE,FALSE
C,A,19720101,1972,52,1972,764,THA,Thailand,M,Import,0,W00,World,0,W00,World,S1,S1,TRUE,5612,Phosphatic fertilizers and materials,4,FALSE,C00,TOTAL CPC,0,0,TOTAL MOT,8,kg,5547006,FALSE,-1,N/A,,FALSE,5547006,FALSE,,FALSE,381797,,381797,0,TRUE,FALSE
C,A,19720101,1972,52,1972,768,TGO,Togo,M,Import,0,W00,World,0,W00,World,S1,S1,TRUE,5612,Phosphatic fertilizers and materials,4,FALSE,C00,TOTAL CPC,0,0,TOTAL MOT,8,kg,368320,FALSE,-1,N/A,,FALSE,368320,FALSE,,FALSE,33952,,33952,0,TRUE,FALSE
C,A,19720101,1972,52,1972,768,TGO,Togo,X,Export,0,W00,World,0,W00,World,S1,S1,TRUE,5612,Phosphatic fertilizers and materials,4,FALSE,C00,TOTAL CPC,0,0,TOTAL MOT,8,kg,10000,FALSE,-1,N/A,,FALSE,10000,FALSE,,FALSE,,296,296,0,TRUE,FALSE
C,A,19720101,1972,52,1972,780,TTO,Trinidad and Tobago,M,Import,0,W00,World,0,W00,World,S1,S1,TRUE,5612,Phosphatic fertilizers and materials,4,FALSE,C00,TOTAL CPC,0,0,TOTAL MOT,8,kg,747812,FALSE,-1,N/A,,FALSE,747812,FALSE,,FALSE,233412,,233412,0,TRUE,FALSE
C,A,19720101,1972,52,1972,780,TTO,Trinidad and Tobago,X,Export,0,W00,World,0,W00,World,S1,S1,TRUE,5612,Phosphatic fertilizers and materials,4,FALSE,C00,TOTAL CPC,0,0,TOTAL MOT,8,kg,29444,FALSE,-1,N/A,,FALSE,29444,FALSE,,FALSE,,2672,2672,0,TRUE,FALSE
C,A,19720101,1972,52,1972,788,TUN,Tunisia,M,Import,0,W00,World,0,W00,World,S1,S1,TRUE,5612,Phosphatic fertilizers and materials,4,FALSE,C00,TOTAL CPC,0,0,TOTAL MOT,8,kg,131788,FALSE,-1,N/A,,FALSE,131788,FALSE,,FALSE,13548,,13548,0,TRUE,FALSE
C,A,19720101,1972,52,1972,788,TUN,Tunisia,X,Export,0,W00,World,0,W00,World,S1,S1,TRUE,5612,Phosphatic fertilizers and materials,4,FALSE,C00,TOTAL CPC,0,0,TOTAL MOT,8,kg,406621536,FALSE,-1,N/A,,FALSE,406621536,FALSE,,FALSE,,19943924,19943924,0,TRUE,FALSE
C,A,19720101,1972,52,1972,792,TUR,TÅEkiye,M,Import,0,W00,World,0,W00,World,S1,S1,TRUE,5612,Phosphatic fertilizers and materials,4,FALSE,C00,TOTAL CPC,0,0,TOTAL MOT,8,kg,2595937,FALSE,-1,N/A,,FALSE,2595937,FALSE,,FALSE,223043,,223043,0,TRUE,FALSE
C,A,19720101,1972,52,1972,818,EGY,Egypt,M,Import,0,W00,World,0,W00,World,S1,S1,TRUE,5612,Phosphatic fertilizers and materials,4,FALSE,C00,TOTAL CPC,0,0,TOTAL MOT,8,kg,14,FALSE,-1,N/A,,FALSE,14,FALSE,,FALSE,11,,11,0,TRUE,FALSE
C,A,19720101,1972,52,1972,818,EGY,Egypt,X,Export,0,W00,World,0,W00,World,S1,S1,TRUE,5612,Phosphatic fertilizers and materials,4,FALSE,C00,TOTAL CPC,0,0,TOTAL MOT,8,kg,117247000,FALSE,-1,N/A,,FALSE,117247000,FALSE,,FALSE,,2087114,2087114,0,TRUE,FALSE
C,A,19720101,1972,52,1972,826,GBR,United Kingdom,M,Import,0,W00,World,0,W00,World,S1,S1,TRUE,5612,Phosphatic fertilizers and materials,4,FALSE,C00,TOTAL CPC,0,0,TOTAL MOT,8,kg,125610000,FALSE,-1,N/A,,FALSE,125610000,FALSE,,FALSE,3858316,,3858316,0,TRUE,FALSE
C,A,19720101,1972,52,1972,826,GBR,United Kingdom,X,Export,0,W00,World,0,W00,World,S1,S1,TRUE,5612,Phosphatic fertilizers and materials,4,FALSE,C00,TOTAL CPC,0,0,TOTAL MOT,8,kg,57290000,FALSE,-1,N/A,,FALSE,57290000,FALSE,,FALSE,,2435429,2435429,0,TRUE,FALSE
C,A,19720101,1972,52,1972,841,USA,USA and Puerto Rico (...1980),M,Import,0,W00,World,0,W00,World,S1,S1,TRUE,5612,Phosphatic fertilizers and materials,4,FALSE,C00,TOTAL CPC,0,0,TOTAL MOT,8,kg,156219756,FALSE,-1,N/A,,FALSE,156219756,FALSE,,FALSE,,11076806,11076806,0,TRUE,FALSE
C,A,19720101,1972,52,1972,841,USA,USA and Puerto Rico (...1980),X,Export,0,W00,World,0,W00,World,S1,S1,TRUE,5612,Phosphatic fertilizers and materials,4,FALSE,C00,TOTAL CPC,0,0,TOTAL MOT,8,kg,876999382,FALSE,-1,N/A,,FALSE,876999382,FALSE,,FALSE,,52464566,52464566,0,TRUE,FALSE
C,A,19720101,1972,52,1972,854,BFA,Burkina Faso,M,Import,0,W00,World,0,W00,World,S1,S1,TRUE,5612,Phosphatic fertilizers and materials,4,FALSE,C00,TOTAL CPC,0,0,TOTAL MOT,8,kg,341888,FALSE,-1,N/A,,FALSE,341888,FALSE,,FALSE,46254,,46254,0,TRUE,FALSE
C,A,19720101,1972,52,1972,858,URY,Uruguay,M,Import,0,W00,World,0,W00,World,S1,S1,TRUE,5612,Phosphatic fertilizers and materials,4,FALSE,C00,TOTAL CPC,0,0,TOTAL MOT,-1,N/A,0,FALSE,-1,N/A,,FALSE,,FALSE,,FALSE,8307902,,8307902,0,TRUE,FALSE
C,A,19720101,1972,52,1972,858,URY,Uruguay,X,Export,0,W00,World,0,W00,World,S1,S1,TRUE,5612,Phosphatic fertilizers and materials,4,FALSE,C00,TOTAL CPC,0,0,TOTAL MOT,-1,N/A,0,FALSE,-1,N/A,,FALSE,,FALSE,,FALSE,,677298,677298,0,TRUE,FALSE
C,A,19720101,1972,52,1972,862,VEN,Venezuela,X,Export,0,W00,World,0,W00,World,S1,S1,TRUE,5612,Phosphatic fertilizers and materials,4,FALSE,C00,TOTAL CPC,0,0,TOTAL MOT,8,kg,7382441,FALSE,-1,N/A,,FALSE,7382441,FALSE,,FALSE,,172764,172764,0,TRUE,FALSE
C,A,19720101,1972,52,1972,868,VNM,Rep. of Vietnam (...1974),M,Import,0,W00,World,0,W00,World,S1,S1,TRUE,5612,Phosphatic fertilizers and materials,4,FALSE,C00,TOTAL CPC,0,0,TOTAL MOT,8,kg,10245937,FALSE,-1,N/A,,FALSE,10245937,FALSE,,FALSE,1095633,,1095633,0,TRUE,FALSE
C,A,19720101,1972,52,1972,890,YUG,Yugoslavia (...1991),M,Import,0,W00,World,0,W00,World,S1,S1,TRUE,5612,Phosphatic fertilizers and materials,4,FALSE,C00,TOTAL CPC,0,0,TOTAL MOT,8,kg,38989308,FALSE,-1,N/A,,FALSE,38989308,FALSE,,FALSE,2216634,,2216634,0,TRUE,FALSE
C,A,19720101,1972,52,1972,890,YUG,Yugoslavia (...1991),X,Export,0,W00,World,0,W00,World,S1,S1,TRUE,5612,Phosphatic fertilizers and materials,4,FALSE,C00,TOTAL CPC,0,0,TOTAL MOT,8,kg,177489968,FALSE,-1,N/A,,FALSE,177489968,FALSE,,FALSE,,5351875,5351875,0,TRUE,FALSE
C,A,19720101,1972,52,1972,894,ZMB,Zambia,M,Import,0,W00,World,0,W00,World,S1,S1,TRUE,5612,Phosphatic fertilizers and materials,4,FALSE,C00,TOTAL CPC,0,0,TOTAL MOT,8,kg,47648500,FALSE,-1,N/A,,FALSE,47648500,FALSE,,FALSE,,3957539,3957539,0,TRUE,FALSE
C,A,19730101,1973,52,1973,12,DZA,Algeria,M,Import,0,W00,World,0,W00,World,S1,S1,TRUE,5612,Phosphatic fertilizers and materials,4,FALSE,C00,TOTAL CPC,0,0,TOTAL MOT,8,kg,51970000,FALSE,-1,N/A,,FALSE,51970000,FALSE,,FALSE,4948148,,4948148,0,TRUE,FALSE
C,A,19730101,1973,52,1973,24,AGO,Angola,M,Import,0,W00,World,0,W00,World,S1,S1,TRUE,5612,Phosphatic fertilizers and materials,4,FALSE,C00,TOTAL CPC,0,0,TOTAL MOT,8,kg,6166108,FALSE,-1,N/A,,FALSE,6166108,FALSE,,FALSE,583270,,583270,0,TRUE,FALSE
C,A,19730101,1973,52,1973,28,ATG,Antigua and Barbuda,X,Export,0,W00,World,0,W00,World,S1,S1,TRUE,5612,Phosphatic fertilizers and materials,4,FALSE,C00,TOTAL CPC,0,0,TOTAL MOT,-1,N/A,0,FALSE,-1,N/A,,FALSE,,FALSE,,FALSE,,1933,1933,0,TRUE,FALSE
C,A,19730101,1973,52,1973,32,ARG,Argentina,M,Import,0,W00,World,0,W00,World,S1,S1,TRUE,5612,Phosphatic fertilizers and materials,4,FALSE,C00,TOTAL CPC,0,0,TOTAL MOT,8,kg,41048836,FALSE,-1,N/A,,FALSE,41048836,FALSE,,FALSE,3176066,,3176066,0,TRUE,FALSE
C,A,19730101,1973,52,1973,32,ARG,Argentina,X,Export,0,W00,World,0,W00,World,S1,S1,TRUE,5612,Phosphatic fertilizers and materials,4,FALSE,C00,TOTAL CPC,0,0,TOTAL MOT,8,kg,30000,FALSE,-1,N/A,,FALSE,30000,FALSE,,FALSE,,1199,1199,0,TRUE,FALSE
C,A,19730101,1973,52,1973,36,AUS,Australia,M,Import,0,W00,World,0,W00,World,S1,S1,TRUE,5612,Phosphatic fertilizers and materials,4,FALSE,C00,TOTAL CPC,0,0,TOTAL MOT,8,kg,2027241,FALSE,-1,N/A,,FALSE,2027241,FALSE,,FALSE,,218294,218294,0,TRUE,FALSE
C,A,19730101,1973,52,1973,36,AUS,Australia,X,Export,0,W00,World,0,W00,World,S1,S1,TRUE,5612,Phosphatic fertilizers and materials,4,FALSE,C00,TOTAL CPC,0,0,TOTAL MOT,8,kg,74795,FALSE,-1,N/A,,FALSE,74795,FALSE,,FALSE,,11306,11306,0,TRUE,FALSE
C,A,19730101,1973,52,1973,48,BHR,Bahrain,M,Import,0,W00,World,0,W00,World,S1,S1,TRUE,5612,Phosphatic fertilizers and materials,4,FALSE,C00,TOTAL CPC,0,0,TOTAL MOT,8,kg,8125,FALSE,-1,N/A,,FALSE,8125,FALSE,,FALSE,27555,,27555,0,TRUE,FALSE
C,A,19730101,1973,52,1973,52,BRB,Barbados,M,Import,0,W00,World,0,W00,World,S1,S1,TRUE,5612,Phosphatic fertilizers and materials,4,FALSE,C00,TOTAL CPC,0,0,TOTAL MOT,8,kg,10187,FALSE,-1,N/A,,FALSE,10187,FALSE,,FALSE,1289,,1289,0,TRUE,FALSE
C,A,19730101,1973,52,1973,58,BEL,Belgium-Luxembourg (...1998),M,Import,0,W00,World,0,W00,World,S1,S1,TRUE,5612,Phosphatic fertilizers and materials,4,FALSE,C00,TOTAL CPC,0,0,TOTAL MOT,8,kg,25846324,FALSE,-1,N/A,,FALSE,25846324,FALSE,,FALSE,1493434,,1493434,0,TRUE,FALSE
C,A,19730101,1973,52,1973,58,BEL,Belgium-Luxembourg (...1998),X,Export,0,W00,World,0,W00,World,S1,S1,TRUE,5612,Phosphatic fertilizers and materials,4,FALSE,C00,TOTAL CPC,0,0,TOTAL MOT,8,kg,1982077184,FALSE,-1,N/A,,FALSE,1982077184,FALSE,,FALSE,,45816224,45816224,0,TRUE,FALSE
C,A,19730101,1973,52,1973,76,BRA,Brazil,M,Import,0,W00,World,0,W00,World,S1,S1,TRUE,5612,Phosphatic fertilizers and materials,4,FALSE,C00,TOTAL CPC,0,0,TOTAL MOT,8,kg,538711168,FALSE,-1,N/A,,FALSE,538711168,FALSE,,FALSE,47321348,,47321348,0,TRUE,FALSE
C,A,19730101,1973,52,1973,76,BRA,Brazil,X,Export,0,W00,World,0,W00,World,S1,S1,TRUE,5612,Phosphatic fertilizers and materials,4,FALSE,C00,TOTAL CPC,0,0,TOTAL MOT,8,kg,8640949,FALSE,-1,N/A,,FALSE,8640949,FALSE,,FALSE,,971437,971437,0,TRUE,FALSE
C,A,19730101,1973,52,1973,96,BRN,Brunei Darussalam,M,Import,0,W00,World,0,W00,World,S1,S1,TRUE,5612,Phosphatic fertilizers and materials,4,FALSE,C00,TOTAL CPC,0,0,TOTAL MOT,8,kg,1000,FALSE,-1,N/A,,FALSE,1000,FALSE,,FALSE,303,,303,0,TRUE,FALSE
C,A,19730101,1973,52,1973,104,MMR,Myanmar,M,Import,0,W00,World,0,W00,World,S1,S1,TRUE,5612,Phosphatic fertilizers and materials,4,FALSE,C00,TOTAL CPC,0,0,TOTAL MOT,8,kg,11247640,FALSE,-1,N/A,,FALSE,11247640,FALSE,,FALSE,1970145,,1970145,0,TRUE,FALSE
C,A,19730101,1973,52,1973,120,CMR,Cameroon,M,Import,0,W00,World,0,W00,World,S1,S1,TRUE,5612,Phosphatic fertilizers and materials,4,FALSE,C00,TOTAL CPC,0,0,TOTAL MOT,8,kg,817699,FALSE,-1,N/A,,FALSE,817699,FALSE,,FALSE,88150,,88150,0,TRUE,FALSE
C,A,19730101,1973,52,1973,124,CAN,Canada,M,Import,0,W00,World,0,W00,World,S1,S1,TRUE,5612,Phosphatic fertilizers and materials,4,FALSE,C00,TOTAL CPC,0,0,TOTAL MOT,8,kg,57934000,FALSE,-1,N/A,,FALSE,57934000,FALSE,,FALSE,,4503394,4503394,0,TRUE,FALSE
C,A,19730101,1973,52,1973,124,CAN,Canada,X,Export,0,W00,World,0,W00,World,S1,S1,TRUE,5612,Phosphatic fertilizers and materials,4,FALSE,C00,TOTAL CPC,0,0,TOTAL MOT,8,kg,71919216,FALSE,-1,N/A,,FALSE,71919216,FALSE,,FALSE,,4150119,4150119,0,TRUE,FALSE
C,A,19730101,1973,52,1973,140,CAF,Central African Rep.,M,Import,0,W00,World,0,W00,World,S1,S1,TRUE,5612,Phosphatic fertilizers and materials,4,FALSE,C00,TOTAL CPC,0,0,TOTAL MOT,8,kg,628687,FALSE,-1,N/A,,FALSE,628687,FALSE,,FALSE,136327,,136327,0,TRUE,FALSE
C,A,19730101,1973,52,1973,148,TCD,Chad,M,Import,0,W00,World,0,W00,World,S1,S1,TRUE,5612,Phosphatic fertilizers and materials,4,FALSE,C00,TOTAL CPC,0,0,TOTAL MOT,8,kg,30000,FALSE,-1,N/A,,FALSE,30000,FALSE,,FALSE,8004,,8004,0,TRUE,FALSE
C,A,19730101,1973,52,1973,152,CHL,Chile,M,Import,0,W00,World,0,W00,World,S1,S1,TRUE,5612,Phosphatic fertilizers and materials,4,FALSE,C00,TOTAL CPC,0,0,TOTAL MOT,8,kg,115190120,FALSE,-1,N/A,,FALSE,115190120,FALSE,,FALSE,10452365,,10452365,0,TRUE,FALSE
C,A,19730101,1973,52,1973,170,COL,Colombia,M,Import,0,W00,World,0,W00,World,S1,S1,TRUE,5612,Phosphatic fertilizers and materials,4,FALSE,C00,TOTAL CPC,0,0,TOTAL MOT,8,kg,88958648,FALSE,-1,N/A,,FALSE,88958648,FALSE,,FALSE,5900482,,5900482,0,TRUE,FALSE
C,A,19730101,1973,52,1973,178,COG,Congo,M,Import,0,W00,World,0,W00,World,S1,S1,TRUE,5612,Phosphatic fertilizers and materials,4,FALSE,C00,TOTAL CPC,0,0,TOTAL MOT,8,kg,2937,FALSE,-1,N/A,,FALSE,2937,FALSE,,FALSE,346,,346,0,TRUE,FALSE
C,A,19730101,1973,52,1973,180,COD,Dem. Rep. of the Congo,M,Import,0,W00,World,0,W00,World,S1,S1,TRUE,5612,Phosphatic fertilizers and materials,4,FALSE,C00,TOTAL CPC,0,0,TOTAL MOT,8,kg,1117315,FALSE,-1,N/A,,FALSE,1117315,FALSE,,FALSE,189197,,189197,0,TRUE,FALSE
C,A,19730101,1973,52,1973,188,CRI,Costa Rica,M,Import,0,W00,World,0,W00,World,S1,S1,TRUE,5612,Phosphatic fertilizers and materials,4,FALSE,C00,TOTAL CPC,0,0,TOTAL MOT,8,kg,39946552,FALSE,-1,N/A,,FALSE,39946552,FALSE,,FALSE,3748170,,3748170,0,TRUE,FALSE
C,A,19730101,1973,52,1973,196,CYP,Cyprus,M,Import,0,W00,World,0,W00,World,S1,S1,TRUE,5612,Phosphatic fertilizers and materials,4,FALSE,C00,TOTAL CPC,0,0,TOTAL MOT,8,kg,4465750,FALSE,-1,N/A,,FALSE,4465750,FALSE,,FALSE,421952,,421952,0,TRUE,FALSE
C,A,19730101,1973,52,1973,204,BEN,Benin,M,Import,0,W00,World,0,W00,World,S1,S1,TRUE,5612,Phosphatic fertilizers and materials,4,FALSE,C00,TOTAL CPC,0,0,TOTAL MOT,8,kg,220398,FALSE,-1,N/A,,FALSE,220398,FALSE,,FALSE,31336,,31336,0,TRUE,FALSE
C,A,19730101,1973,52,1973,208,DNK,Denmark,M,Import,0,W00,World,0,W00,World,S1,S1,TRUE,5612,Phosphatic fertilizers and materials,4,FALSE,C00,TOTAL CPC,0,0,TOTAL MOT,8,kg,8663632,FALSE,-1,N/A,,FALSE,8663632,FALSE,,FALSE,386623,,386623,0,TRUE,FALSE
C,A,19730101,1973,52,1973,208,DNK,Denmark,X,Export,0,W00,World,0,W00,World,S1,S1,TRUE,5612,Phosphatic fertilizers and materials,4,FALSE,C00,TOTAL CPC,0,0,TOTAL MOT,8,kg,3741748,FALSE,-1,N/A,,FALSE,3741748,FALSE,,FALSE,,291294,291294,0,TRUE,FALSE
C,A,19730101,1973,52,1973,214,DOM,Dominican Rep.,M,Import,0,W00,World,0,W00,World,S1,S1,TRUE,5612,Phosphatic fertilizers and materials,4,FALSE,C00,TOTAL CPC,0,0,TOTAL MOT,8,kg,15858694,FALSE,-1,N/A,,FALSE,15858694,FALSE,,FALSE,,1525522,1525522,0,TRUE,FALSE
C,A,19730101,1973,52,1973,218,ECU,Ecuador,M,Import,0,W00,World,0,W00,World,S1,S1,TRUE,5612,Phosphatic fertilizers and materials,4,FALSE,C00,TOTAL CPC,0,0,TOTAL MOT,8,kg,12560105,FALSE,-1,N/A,,FALSE,12560105,FALSE,,FALSE,906466,,906466,0,TRUE,FALSE
C,A,19730101,1973,52,1973,222,SLV,El Salvador,M,Import,0,W00,World,0,W00,World,S1,S1,TRUE,5612,Phosphatic fertilizers and materials,4,FALSE,C00,TOTAL CPC,0,0,TOTAL MOT,8,kg,39808576,FALSE,-1,N/A,,FALSE,39808576,FALSE,,FALSE,4341097,,4341097,0,TRUE,FALSE
C,A,19730101,1973,52,1973,222,SLV,El Salvador,X,Export,0,W00,World,0,W00,World,S1,S1,TRUE,5612,Phosphatic fertilizers and materials,4,FALSE,C00,TOTAL CPC,0,0,TOTAL MOT,8,kg,1492374,FALSE,-1,N/A,,FALSE,1492374,FALSE,,FALSE,,62652,62652,0,TRUE,FALSE
C,A,19730101,1973,52,1973,230,ETH,Ethiopia (...1992),M,Import,0,W00,World,0,W00,World,S1,S1,TRUE,5612,Phosphatic fertilizers and materials,4,FALSE,C00,TOTAL CPC,0,0,TOTAL MOT,8,kg,3377273,FALSE,-1,N/A,,FALSE,3377273,FALSE,,FALSE,347858,,347858,0,TRUE,FALSE
C,A,19730101,1973,52,1973,242,FJI,Fiji,M,Import,0,W00,World,0,W00,World,S1,S1,TRUE,5612,Phosphatic fertilizers and materials,4,FALSE,C00,TOTAL CPC,0,0,TOTAL MOT,8,kg,8670936,FALSE,-1,N/A,,FALSE,8670936,FALSE,,FALSE,523975,,523975,0,TRUE,FALSE
C,A,19730101,1973,52,1973,246,FIN,Finland,M,Import,0,W00,World,0,W00,World,S1,S1,TRUE,5612,Phosphatic fertilizers and materials,4,FALSE,C00,TOTAL CPC,0,0,TOTAL MOT,8,kg,712874,FALSE,-1,N/A,,FALSE,712874,FALSE,,FALSE,91163,,91163,0,TRUE,FALSE
C,A,19730101,1973,52,1973,251,FRA,France,M,Import,0,W00,World,0,W00,World,S1,S1,TRUE,5612,Phosphatic fertilizers and materials,4,FALSE,C00,TOTAL CPC,0,0,TOTAL MOT,8,kg,1215599872,FALSE,-1,N/A,,FALSE,1215599872,FALSE,,FALSE,36684524,,36684524,0,TRUE,FALSE
C,A,19730101,1973,52,1973,251,FRA,France,X,Export,0,W00,World,0,W00,World,S1,S1,TRUE,5612,Phosphatic fertilizers and materials,4,FALSE,C00,TOTAL CPC,0,0,TOTAL MOT,8,kg,307170112,FALSE,-1,N/A,,FALSE,307170112,FALSE,,FALSE,,10699248,10699248,0,TRUE,FALSE
C,A,19730101,1973,52,1973,258,PYF,French Polynesia,M,Import,0,W00,World,0,W00,World,S1,S1,TRUE,5612,Phosphatic fertilizers and materials,4,FALSE,C00,TOTAL CPC,0,0,TOTAL MOT,8,kg,34398,FALSE,-1,N/A,,FALSE,34398,FALSE,,FALSE,3866,,3866,0,TRUE,FALSE
C,A,19730101,1973,52,1973,270,GMB,Gambia,M,Import,0,W00,World,0,W00,World,S1,S1,TRUE,5612,Phosphatic fertilizers and materials,4,FALSE,C00,TOTAL CPC,0,0,TOTAL MOT,8,kg,1529125,FALSE,-1,N/A,,FALSE,1529125,FALSE,,FALSE,123613,,123613,0,TRUE,FALSE
C,A,19730101,1973,52,1973,280,DEU,Fed. Rep. of Germany (...1990),M,Import,0,W00,World,0,W00,World,S1,S1,TRUE,5612,Phosphatic fertilizers and materials,4,FALSE,C00,TOTAL CPC,0,0,TOTAL MOT,8,kg,697918592,FALSE,-1,N/A,,TRUE,697918592,FALSE,-1,TRUE,18774000,,18774000,0,FALSE,FALSE
C,A,19730101,1973,52,1973,280,DEU,Fed. Rep. of Germany (...1990),X,Export,0,W00,World,0,W00,World,S1,S1,TRUE,5612,Phosphatic fertilizers and materials,4,FALSE,C00,TOTAL CPC,0,0,TOTAL MOT,8,kg,37961624,FALSE,-1,N/A,,TRUE,37961624,FALSE,-1,TRUE,,1534000,1534000,0,FALSE,FALSE
C,A,19730101,1973,52,1973,288,GHA,Ghana,M,Import,0,W00,World,0,W00,World,S1,S1,TRUE,5612,Phosphatic fertilizers and materials,4,FALSE,C00,TOTAL CPC,0,0,TOTAL MOT,8,kg,2291999,FALSE,-1,N/A,,FALSE,2291999,FALSE,,FALSE,342812,,342812,0,TRUE,FALSE
C,A,19730101,1973,52,1973,300,GRC,Greece,X,Export,0,W00,World,0,W00,World,S1,S1,TRUE,5612,Phosphatic fertilizers and materials,4,FALSE,C00,TOTAL CPC,0,0,TOTAL MOT,8,kg,42730208,FALSE,-1,N/A,,FALSE,42730208,FALSE,,FALSE,,1574840,1574840,0,TRUE,FALSE
C,A,19730101,1973,52,1973,312,GLP,Guadeloupe (Overseas France),M,Import,0,W00,World,0,W00,World,S1,S1,TRUE,5612,Phosphatic fertilizers and materials,4,FALSE,C00,TOTAL CPC,0,0,TOTAL MOT,8,kg,629187,FALSE,-1,N/A,,FALSE,629187,FALSE,,FALSE,45798,,45798,0,TRUE,FALSE
C,A,19730101,1973,52,1973,320,GTM,Guatemala,M,Import,0,W00,World,0,W00,World,S1,S1,TRUE,5612,Phosphatic fertilizers and materials,4,FALSE,C00,TOTAL CPC,0,0,TOTAL MOT,8,kg,2797378,FALSE,-1,N/A,,FALSE,2797378,FALSE,,FALSE,204382,,204382,0,TRUE,FALSE
C,A,19730101,1973,52,1973,320,GTM,Guatemala,X,Export,0,W00,World,0,W00,World,S1,S1,TRUE,5612,Phosphatic fertilizers and materials,4,FALSE,C00,TOTAL CPC,0,0,TOTAL MOT,8,kg,10875,FALSE,-1,N/A,,FALSE,10875,FALSE,,FALSE,,1327,1327,0,TRUE,FALSE
C,A,19730101,1973,52,1973,328,GUY,Guyana,M,Import,0,W00,World,0,W00,World,S1,S1,TRUE,5612,Phosphatic fertilizers and materials,4,FALSE,C00,TOTAL CPC,0,0,TOTAL MOT,8,kg,7795106,FALSE,-1,N/A,,FALSE,7795106,FALSE,,FALSE,855662,,855662,0,TRUE,FALSE
C,A,19730101,1973,52,1973,340,HND,Honduras,M,Import,0,W00,World,0,W00,World,S1,S1,TRUE,5612,Phosphatic fertilizers and materials,4,FALSE,C00,TOTAL CPC,0,0,TOTAL MOT,8,kg,368294,FALSE,-1,N/A,,FALSE,368294,FALSE,,FALSE,56792,,56792,0,TRUE,FALSE
C,A,19730101,1973,52,1973,344,HKG,"China, Hong Kong SAR",M,Import,0,W00,World,0,W00,World,S1,S1,TRUE,5612,Phosphatic fertilizers and materials,4,FALSE,C00,TOTAL CPC,0,0,TOTAL MOT,8,kg,358562,FALSE,-1,N/A,,FALSE,358562,FALSE,,FALSE,81187,,81187,0,TRUE,FALSE
C,A,19730101,1973,52,1973,352,ISL,Iceland,M,Import,0,W00,World,0,W00,World,S1,S1,TRUE,5612,Phosphatic fertilizers and materials,4,FALSE,C00,TOTAL CPC,0,0,TOTAL MOT,8,kg,1949000,FALSE,-1,N/A,,FALSE,1949000,FALSE,,FALSE,180624,,180624,0,TRUE,FALSE
C,A,19730101,1973,52,1973,360,IDN,Indonesia,M,Import,0,W00,World,0,W00,World,S1,S1,TRUE,5612,Phosphatic fertilizers and materials,4,FALSE,C00,TOTAL CPC,0,0,TOTAL MOT,8,kg,215292476,FALSE,-1,N/A,,FALSE,215292476,FALSE,,FALSE,22880184,,22880184,0,TRUE,FALSE
C,A,19730101,1973,52,1973,364,IRN,Iran,M,Import,0,W00,World,0,W00,World,S1,S1,TRUE,5612,Phosphatic fertilizers and materials,4,FALSE,C00,TOTAL CPC,0,0,TOTAL MOT,8,kg,232524800,FALSE,-1,N/A,,FALSE,232524800,FALSE,,FALSE,7016081,,7016081,0,TRUE,FALSE
C,A,19730101,1973,52,1973,364,IRN,Iran,X,Export,0,W00,World,0,W00,World,S1,S1,TRUE,5612,Phosphatic fertilizers and materials,4,FALSE,C00,TOTAL CPC,0,0,TOTAL MOT,8,kg,16002937,FALSE,-1,N/A,,FALSE,16002937,FALSE,,FALSE,,1950219,1950219,0,TRUE,FALSE
C,A,19730101,1973,52,1973,368,IRQ,Iraq,M,Import,0,W00,World,0,W00,World,S1,S1,TRUE,5612,Phosphatic fertilizers and materials,4,FALSE,C00,TOTAL CPC,0,0,TOTAL MOT,8,kg,15051000,FALSE,-1,N/A,,FALSE,15051000,FALSE,,FALSE,1713032,,1713032,0,TRUE,FALSE
C,A,19730101,1973,52,1973,372,IRL,Ireland,M,Import,0,W00,World,0,W00,World,S1,S1,TRUE,5612,Phosphatic fertilizers and materials,4,FALSE,C00,TOTAL CPC,0,0,TOTAL MOT,8,kg,333780992,FALSE,-1,N/A,,FALSE,333780992,FALSE,,FALSE,11885377,,11885377,0,TRUE,FALSE
C,A,19730101,1973,52,1973,372,IRL,Ireland,X,Export,0,W00,World,0,W00,World,S1,S1,TRUE,5612,Phosphatic fertilizers and materials,4,FALSE,C00,TOTAL CPC,0,0,TOTAL MOT,8,kg,6299000,FALSE,-1,N/A,,FALSE,6299000,FALSE,,FALSE,,239018,239018,0,TRUE,FALSE
C,A,19730101,1973,52,1973,376,ISR,Israel,M,Import,0,W00,World,0,W00,World,S1,S1,TRUE,5612,Phosphatic fertilizers and materials,4,FALSE,C00,TOTAL CPC,0,0,TOTAL MOT,-1,N/A,0,FALSE,-1,N/A,,FALSE,,FALSE,,FALSE,618,,618,0,TRUE,FALSE
C,A,19730101,1973,52,1973,376,ISR,Israel,X,Export,0,W00,World,0,W00,World,S1,S1,TRUE,5612,Phosphatic fertilizers and materials,4,FALSE,C00,TOTAL CPC,0,0,TOTAL MOT,8,kg,243581760,FALSE,-1,N/A,,FALSE,243581760,FALSE,,FALSE,,4503069,4503069,0,TRUE,FALSE
C,A,19730101,1973,52,1973,380,ITA,Italy,M,Import,0,W00,World,0,W00,World,S1,S1,TRUE,5612,Phosphatic fertilizers and materials,4,FALSE,C00,TOTAL CPC,0,0,TOTAL MOT,8,kg,178102704,FALSE,-1,N/A,,TRUE,178102704,FALSE,-1,TRUE,10655293,,10655293,0,FALSE,FALSE
C,A,19730101,1973,52,1973,380,ITA,Italy,X,Export,0,W00,World,0,W00,World,S1,S1,TRUE,5612,Phosphatic fertilizers and materials,4,FALSE,C00,TOTAL CPC,0,0,TOTAL MOT,8,kg,1898125,FALSE,-1,N/A,,TRUE,1898125,FALSE,-1,TRUE,,67809,67809,0,FALSE,FALSE
C,A,19730101,1973,52,1973,384,CIV,CÙte d'Ivoire,M,Import,0,W00,World,0,W00,World,S1,S1,TRUE,5612,Phosphatic fertilizers and materials,4,FALSE,C00,TOTAL CPC,0,0,TOTAL MOT,8,kg,3198823,FALSE,-1,N/A,,FALSE,3198823,FALSE,,FALSE,189859,,189859,0,TRUE,FALSE
C,A,19730101,1973,52,1973,384,CIV,CÙte d'Ivoire,X,Export,0,W00,World,0,W00,World,S1,S1,TRUE,5612,Phosphatic fertilizers and materials,4,FALSE,C00,TOTAL CPC,0,0,TOTAL MOT,8,kg,763113,FALSE,-1,N/A,,FALSE,763113,FALSE,,FALSE,,220950,220950,0,TRUE,FALSE
C,A,19730101,1973,52,1973,388,JAM,Jamaica,M,Import,0,W00,World,0,W00,World,S1,S1,TRUE,5612,Phosphatic fertilizers and materials,4,FALSE,C00,TOTAL CPC,0,0,TOTAL MOT,8,kg,14635139,FALSE,-1,N/A,,FALSE,14635139,FALSE,,FALSE,1557938,,1557938,0,TRUE,FALSE
C,A,19730101,1973,52,1973,388,JAM,Jamaica,X,Export,0,W00,World,0,W00,World,S1,S1,TRUE,5612,Phosphatic fertilizers and materials,4,FALSE,C00,TOTAL CPC,0,0,TOTAL MOT,8,kg,81280,FALSE,-1,N/A,,FALSE,81280,FALSE,,FALSE,,8546,8546,0,TRUE,FALSE
C,A,19730101,1973,52,1973,392,JPN,Japan,M,Import,0,W00,World,0,W00,World,S1,S1,TRUE,5612,Phosphatic fertilizers and materials,4,FALSE,C00,TOTAL CPC,0,0,TOTAL MOT,8,kg,19906000,FALSE,-1,N/A,,FALSE,19906000,FALSE,,FALSE,2003821,,2003821,0,TRUE,FALSE
C,A,19730101,1973,52,1973,392,JPN,Japan,X,Export,0,W00,World,0,W00,World,S1,S1,TRUE,5612,Phosphatic fertilizers and materials,4,FALSE,C00,TOTAL CPC,0,0,TOTAL MOT,8,kg,36988000,FALSE,-1,N/A,,FALSE,36988000,FALSE,,FALSE,,3242676,3242676,0,TRUE,FALSE
C,A,19730101,1973,52,1973,400,JOR,Jordan,M,Import,0,W00,World,0,W00,World,S1,S1,TRUE,5612,Phosphatic fertilizers and materials,4,FALSE,C00,TOTAL CPC,0,0,TOTAL MOT,8,kg,3503726,FALSE,-1,N/A,,FALSE,3503726,FALSE,,FALSE,297443,,297443,0,TRUE,FALSE
C,A,19730101,1973,52,1973,410,KOR,Rep. of Korea,M,Import,0,W00,World,0,W00,World,S1,S1,TRUE,5612,Phosphatic fertilizers and materials,4,FALSE,C00,TOTAL CPC,0,0,TOTAL MOT,8,kg,48843012,FALSE,-1,N/A,,FALSE,48843012,FALSE,,FALSE,5986442,,5986442,0,TRUE,FALSE
C,A,19730101,1973,52,1973,410,KOR,Rep. of Korea,X,Export,0,W00,World,0,W00,World,S1,S1,TRUE,5612,Phosphatic fertilizers and materials,4,FALSE,C00,TOTAL CPC,0,0,TOTAL MOT,8,kg,525000,FALSE,-1,N/A,,FALSE,525000,FALSE,,FALSE,,19949,19949,0,TRUE,FALSE
C,A,19730101,1973,52,1973,418,LAO,Lao People's Dem. Rep.,M,Import,0,W00,World,0,W00,World,S1,S1,TRUE,5612,Phosphatic fertilizers and materials,4,FALSE,C00,TOTAL CPC,0,0,TOTAL MOT,8,kg,710375,FALSE,-1,N/A,,FALSE,710375,FALSE,,FALSE,,83505,83505,0,TRUE,FALSE
C,A,19730101,1973,52,1973,422,LBN,Lebanon,M,Import,0,W00,World,0,W00,World,S1,S1,TRUE,5612,Phosphatic fertilizers and materials,4,FALSE,C00,TOTAL CPC,0,0,TOTAL MOT,8,kg,1000,FALSE,-1,N/A,,FALSE,1000,FALSE,,FALSE,96,,96,0,TRUE,FALSE
C,A,19730101,1973,52,1973,422,LBN,Lebanon,X,Export,0,W00,World,0,W00,World,S1,S1,TRUE,5612,Phosphatic fertilizers and materials,4,FALSE,C00,TOTAL CPC,0,0,TOTAL MOT,8,kg,166180864,FALSE,-1,N/A,,FALSE,166180864,FALSE,,FALSE,,12550256,12550256,0,TRUE,FALSE
C,A,19730101,1973,52,1973,430,LBR,Liberia,M,Import,0,W00,World,0,W00,World,S1,S1,TRUE,5612,Phosphatic fertilizers and materials,4,FALSE,C00,TOTAL CPC,0,0,TOTAL MOT,8,kg,1211626,FALSE,-1,N/A,,FALSE,1211626,FALSE,,FALSE,115666,,115666,0,TRUE,FALSE
C,A,19730101,1973,52,1973,450,MDG,Madagascar,M,Import,0,W00,World,0,W00,World,S1,S1,TRUE,5612,Phosphatic fertilizers and materials,4,FALSE,C00,TOTAL CPC,0,0,TOTAL MOT,8,kg,666089,FALSE,-1,N/A,,FALSE,666089,FALSE,,FALSE,67956,,67956,0,TRUE,FALSE
C,A,19730101,1973,52,1973,454,MWI,Malawi,M,Import,0,W00,World,0,W00,World,S1,S1,TRUE,5612,Phosphatic fertilizers and materials,4,FALSE,C00,TOTAL CPC,0,0,TOTAL MOT,8,kg,794721,FALSE,-1,N/A,,FALSE,794721,FALSE,,FALSE,81387,,81387,0,TRUE,FALSE
C,A,19730101,1973,52,1973,458,MYS,Malaysia,M,Import,0,W00,World,0,W00,World,S1,S1,TRUE,5612,Phosphatic fertilizers and materials,4,FALSE,C00,TOTAL CPC,0,0,TOTAL MOT,8,kg,14967711,FALSE,-1,N/A,,FALSE,14967711,FALSE,,FALSE,1227233,,1227233,0,TRUE,FALSE
C,A,19730101,1973,52,1973,458,MYS,Malaysia,X,Export,0,W00,World,0,W00,World,S1,S1,TRUE,5612,Phosphatic fertilizers and materials,4,FALSE,C00,TOTAL CPC,0,0,TOTAL MOT,8,kg,67113,FALSE,-1,N/A,,FALSE,67113,FALSE,,FALSE,,3523,3523,0,TRUE,FALSE
C,A,19730101,1973,52,1973,474,MTQ,Martinique (Overseas France),M,Import,0,W00,World,0,W00,World,S1,S1,TRUE,5612,Phosphatic fertilizers and materials,4,FALSE,C00,TOTAL CPC,0,0,TOTAL MOT,8,kg,1178468,FALSE,-1,N/A,,FALSE,1178468,FALSE,,FALSE,75042,,75042,0,TRUE,FALSE
C,A,19730101,1973,52,1973,480,MUS,Mauritius,M,Import,0,W00,World,0,W00,World,S1,S1,TRUE,5612,Phosphatic fertilizers and materials,4,FALSE,C00,TOTAL CPC,0,0,TOTAL MOT,8,kg,5736250,FALSE,-1,N/A,,FALSE,5736250,FALSE,,FALSE,460949,,460949,0,TRUE,FALSE
C,A,19730101,1973,52,1973,484,MEX,Mexico,M,Import,0,W00,World,0,W00,World,S1,S1,TRUE,5612,Phosphatic fertilizers and materials,4,FALSE,C00,TOTAL CPC,0,0,TOTAL MOT,8,kg,4250,FALSE,-1,N/A,,FALSE,4250,FALSE,,FALSE,1505,,1505,0,TRUE,FALSE
C,A,19730101,1973,52,1973,484,MEX,Mexico,X,Export,0,W00,World,0,W00,World,S1,S1,TRUE,5612,Phosphatic fertilizers and materials,4,FALSE,C00,TOTAL CPC,0,0,TOTAL MOT,8,kg,98754360,FALSE,-1,N/A,,FALSE,98754360,FALSE,,FALSE,,8466203,8466203,0,TRUE,FALSE
C,A,19730101,1973,52,1973,504,MAR,Morocco,M,Import,0,W00,World,0,W00,World,S1,S1,TRUE,5612,Phosphatic fertilizers and materials,4,FALSE,C00,TOTAL CPC,0,0,TOTAL MOT,8,kg,30,FALSE,-1,N/A,,FALSE,30,FALSE,,FALSE,42,,42,0,TRUE,FALSE
C,A,19730101,1973,52,1973,504,MAR,Morocco,X,Export,0,W00,World,0,W00,World,S1,S1,TRUE,5612,Phosphatic fertilizers and materials,4,FALSE,C00,TOTAL CPC,0,0,TOTAL MOT,8,kg,261708320,FALSE,-1,N/A,,FALSE,261708320,FALSE,,FALSE,,19304260,19304260,0,TRUE,FALSE
C,A,19730101,1973,52,1973,528,NLD,Netherlands,M,Import,0,W00,World,0,W00,World,S1,S1,TRUE,5612,Phosphatic fertilizers and materials,4,FALSE,C00,TOTAL CPC,0,0,TOTAL MOT,8,kg,195669216,FALSE,-1,N/A,,FALSE,195669216,FALSE,,FALSE,8159940,,8159940,0,TRUE,FALSE
C,A,19730101,1973,52,1973,528,NLD,Netherlands,X,Export,0,W00,World,0,W00,World,S1,S1,TRUE,5612,Phosphatic fertilizers and materials,4,FALSE,C00,TOTAL CPC,0,0,TOTAL MOT,8,kg,347927616,FALSE,-1,N/A,,FALSE,347927616,FALSE,,FALSE,,21335420,21335420,0,TRUE,FALSE
C,A,19730101,1973,52,1973,554,NZL,New Zealand,M,Import,0,W00,World,0,W00,World,S1,S1,TRUE,5612,Phosphatic fertilizers and materials,4,FALSE,C00,TOTAL CPC,0,0,TOTAL MOT,8,kg,14201247,FALSE,-1,N/A,,FALSE,14201247,FALSE,,FALSE,755129,,755129,0,TRUE,FALSE
C,A,19730101,1973,52,1973,554,NZL,New Zealand,X,Export,0,W00,World,0,W00,World,S1,S1,TRUE,5612,Phosphatic fertilizers and materials,4,FALSE,C00,TOTAL CPC,0,0,TOTAL MOT,8,kg,496835,FALSE,-1,N/A,,FALSE,496835,FALSE,,FALSE,,47308,47308,0,TRUE,FALSE
C,A,19730101,1973,52,1973,558,NIC,Nicaragua,M,Import,0,W00,World,0,W00,World,S1,S1,TRUE,5612,Phosphatic fertilizers and materials,4,FALSE,C00,TOTAL CPC,0,0,TOTAL MOT,8,kg,34116904,FALSE,-1,N/A,,FALSE,34116904,FALSE,,FALSE,4083122,,4083122,0,TRUE,FALSE
C,A,19730101,1973,52,1973,558,NIC,Nicaragua,X,Export,0,W00,World,0,W00,World,S1,S1,TRUE,5612,Phosphatic fertilizers and materials,4,FALSE,C00,TOTAL CPC,0,0,TOTAL MOT,8,kg,283625,FALSE,-1,N/A,,FALSE,283625,FALSE,,FALSE,,40384,40384,0,TRUE,FALSE
C,A,19730101,1973,52,1973,566,NGA,Nigeria,M,Import,0,W00,World,0,W00,World,S1,S1,TRUE,5612,Phosphatic fertilizers and materials,4,FALSE,C00,TOTAL CPC,0,0,TOTAL MOT,8,kg,40902000,FALSE,-1,N/A,,FALSE,40902000,FALSE,,FALSE,1603942,,1603942,0,TRUE,FALSE
C,A,19730101,1973,52,1973,579,NOR,Norway,M,Import,0,W00,World,0,W00,World,S1,S1,TRUE,5612,Phosphatic fertilizers and materials,4,FALSE,C00,TOTAL CPC,0,0,TOTAL MOT,8,kg,30219074,FALSE,-1,N/A,,FALSE,30219074,FALSE,,FALSE,1104643,,1104643,0,TRUE,FALSE
C,A,19730101,1973,52,1973,579,NOR,Norway,X,Export,0,W00,World,0,W00,World,S1,S1,TRUE,5612,Phosphatic fertilizers and materials,4,FALSE,C00,TOTAL CPC,0,0,TOTAL MOT,8,kg,34898,FALSE,-1,N/A,,FALSE,34898,FALSE,,FALSE,,1896,1896,0,TRUE,FALSE
C,A,19730101,1973,52,1973,586,PAK,Pakistan,M,Import,0,W00,World,0,W00,World,S1,S1,TRUE,5612,Phosphatic fertilizers and materials,4,FALSE,C00,TOTAL CPC,0,0,TOTAL MOT,-1,N/A,0,FALSE,-1,N/A,,FALSE,,FALSE,,FALSE,31386538,,31386538,0,TRUE,FALSE
C,A,19730101,1973,52,1973,590,PAN,"Panama, excl.Canal Zone (...1977)",M,Import,0,W00,World,0,W00,World,S1,S1,TRUE,5612,Phosphatic fertilizers and materials,4,FALSE,C00,TOTAL CPC,0,0,TOTAL MOT,8,kg,250483,FALSE,-1,N/A,,FALSE,250483,FALSE,,FALSE,43194,,43194,0,TRUE,FALSE
C,A,19730101,1973,52,1973,598,PNG,Papua New Guinea,M,Import,0,W00,World,0,W00,World,S1,S1,TRUE,5612,Phosphatic fertilizers and materials,4,FALSE,C00,TOTAL CPC,0,0,TOTAL MOT,8,kg,918987,FALSE,-1,N/A,,FALSE,918987,FALSE,,FALSE,85035,,85035,0,TRUE,FALSE
C,A,19730101,1973,52,1973,600,PRY,Paraguay,M,Import,0,W00,World,0,W00,World,S1,S1,TRUE,5612,Phosphatic fertilizers and materials,4,FALSE,C00,TOTAL CPC,0,0,TOTAL MOT,8,kg,3486381,FALSE,-1,N/A,,FALSE,3486381,FALSE,,FALSE,472731,,472731,0,TRUE,FALSE
C,A,19730101,1973,52,1973,604,PER,Peru,M,Import,0,W00,World,0,W00,World,S1,S1,TRUE,5612,Phosphatic fertilizers and materials,4,FALSE,C00,TOTAL CPC,0,0,TOTAL MOT,8,kg,246690,FALSE,-1,N/A,,FALSE,246690,FALSE,,FALSE,25190,,25190,0,TRUE,FALSE
C,A,19730101,1973,52,1973,608,PHL,Philippines,M,Import,0,W00,World,0,W00,World,S1,S1,TRUE,5612,Phosphatic fertilizers and materials,4,FALSE,C00,TOTAL CPC,0,0,TOTAL MOT,8,kg,1644000,FALSE,-1,N/A,,FALSE,1644000,FALSE,,FALSE,189804,,189804,0,TRUE,FALSE
C,A,19730101,1973,52,1973,620,PRT,Portugal,M,Import,0,W00,World,0,W00,World,S1,S1,TRUE,5612,Phosphatic fertilizers and materials,4,FALSE,C00,TOTAL CPC,0,0,TOTAL MOT,8,kg,8276304,FALSE,-1,N/A,,FALSE,8276304,FALSE,,FALSE,422939,,422939,0,TRUE,FALSE
C,A,19730101,1973,52,1973,620,PRT,Portugal,X,Export,0,W00,World,0,W00,World,S1,S1,TRUE,5612,Phosphatic fertilizers and materials,4,FALSE,C00,TOTAL CPC,0,0,TOTAL MOT,8,kg,51238948,FALSE,-1,N/A,,FALSE,51238948,FALSE,,FALSE,,2881846,2881846,0,TRUE,FALSE
C,A,19730101,1973,52,1973,638,REU,RÈunion (Overseas France),M,Import,0,W00,World,0,W00,World,S1,S1,TRUE,5612,Phosphatic fertilizers and materials,4,FALSE,C00,TOTAL CPC,0,0,TOTAL MOT,8,kg,285011,FALSE,-1,N/A,,TRUE,285011,FALSE,-1,TRUE,19261,,19261,0,FALSE,FALSE
C,A,19730101,1973,52,1973,662,LCA,Saint Lucia,M,Import,0,W00,World,0,W00,World,S1,S1,TRUE,5612,Phosphatic fertilizers and materials,4,FALSE,C00,TOTAL CPC,0,0,TOTAL MOT,8,kg,203311,FALSE,-1,N/A,,FALSE,203311,FALSE,,FALSE,16803,,16803,0,TRUE,FALSE
C,A,19730101,1973,52,1973,686,SEN,Senegal,M,Import,0,W00,World,0,W00,World,S1,S1,TRUE,5612,Phosphatic fertilizers and materials,4,FALSE,C00,TOTAL CPC,0,0,TOTAL MOT,8,kg,659812,FALSE,-1,N/A,,FALSE,659812,FALSE,,FALSE,91264,,91264,0,TRUE,FALSE
C,A,19730101,1973,52,1973,686,SEN,Senegal,X,Export,0,W00,World,0,W00,World,S1,S1,TRUE,5612,Phosphatic fertilizers and materials,4,FALSE,C00,TOTAL CPC,0,0,TOTAL MOT,8,kg,77714712,FALSE,-1,N/A,,FALSE,77714712,FALSE,,FALSE,,3744342,3744342,0,TRUE,FALSE
C,A,19730101,1973,52,1973,694,SLE,Sierra Leone,M,Import,0,W00,World,0,W00,World,S1,S1,TRUE,5612,Phosphatic fertilizers and materials,4,FALSE,C00,TOTAL CPC,0,0,TOTAL MOT,8,kg,170694,FALSE,-1,N/A,,FALSE,170694,FALSE,,FALSE,8592,,8592,0,TRUE,FALSE
C,A,19730101,1973,52,1973,702,SGP,Singapore,M,Import,0,W00,World,0,W00,World,S1,S1,TRUE,5612,Phosphatic fertilizers and materials,4,FALSE,C00,TOTAL CPC,0,0,TOTAL MOT,8,kg,114890000,FALSE,-1,N/A,,FALSE,114890000,FALSE,,FALSE,11032088,,11032088,0,TRUE,FALSE
C,A,19730101,1973,52,1973,702,SGP,Singapore,X,Export,0,W00,World,0,W00,World,S1,S1,TRUE,5612,Phosphatic fertilizers and materials,4,FALSE,C00,TOTAL CPC,0,0,TOTAL MOT,8,kg,40658128,FALSE,-1,N/A,,FALSE,40658128,FALSE,,FALSE,,5034436,5034436,0,TRUE,FALSE
C,A,19730101,1973,52,1973,724,ESP,Spain,M,Import,0,W00,World,0,W00,World,S1,S1,TRUE,5612,Phosphatic fertilizers and materials,4,FALSE,C00,TOTAL CPC,0,0,TOTAL MOT,8,kg,42800024,FALSE,-1,N/A,,FALSE,42800024,FALSE,,FALSE,1980772,,1980772,0,TRUE,FALSE
C,A,19730101,1973,52,1973,724,ESP,Spain,X,Export,0,W00,World,0,W00,World,S1,S1,TRUE,5612,Phosphatic fertilizers and materials,4,FALSE,C00,TOTAL CPC,0,0,TOTAL MOT,8,kg,142220544,FALSE,-1,N/A,,FALSE,142220544,FALSE,,FALSE,,5241475,5241475,0,TRUE,FALSE
C,A,19730101,1973,52,1973,736,SDN,Sudan (...2011),M,Import,0,W00,World,0,W00,World,S1,S1,TRUE,5612,Phosphatic fertilizers and materials,4,FALSE,C00,TOTAL CPC,0,0,TOTAL MOT,8,kg,787000,FALSE,-1,N/A,,FALSE,787000,FALSE,,FALSE,77491,,77491,0,TRUE,FALSE
C,A,19730101,1973,52,1973,740,SUR,Suriname,M,Import,0,W00,World,0,W00,World,S1,S1,TRUE,5612,Phosphatic fertilizers and materials,4,FALSE,C00,TOTAL CPC,0,0,TOTAL MOT,8,kg,663097,FALSE,-1,N/A,,FALSE,663097,FALSE,,FALSE,77875,,77875,0,TRUE,FALSE
C,A,19730101,1973,52,1973,752,SWE,Sweden,M,Import,0,W00,World,0,W00,World,S1,S1,TRUE,5612,Phosphatic fertilizers and materials,4,FALSE,C00,TOTAL CPC,0,0,TOTAL MOT,8,kg,17439794,FALSE,-1,N/A,,FALSE,17439794,FALSE,,FALSE,1515486,,1515486,0,TRUE,FALSE
C,A,19730101,1973,52,1973,757,CHE,Switzerland,M,Import,0,W00,World,0,W00,World,S1,S1,TRUE,5612,Phosphatic fertilizers and materials,4,FALSE,C00,TOTAL CPC,0,0,TOTAL MOT,8,kg,184952512,FALSE,-1,N/A,,FALSE,184952512,FALSE,,FALSE,6326123,,6326123,0,TRUE,FALSE
C,A,19730101,1973,52,1973,757,CHE,Switzerland,X,Export,0,W00,World,0,W00,World,S1,S1,TRUE,5612,Phosphatic fertilizers and materials,4,FALSE,C00,TOTAL CPC,0,0,TOTAL MOT,8,kg,16945,FALSE,-1,N/A,,FALSE,16945,FALSE,,FALSE,,590,590,0,TRUE,FALSE
C,A,19730101,1973,52,1973,764,THA,Thailand,M,Import,0,W00,World,0,W00,World,S1,S1,TRUE,5612,Phosphatic fertilizers and materials,4,FALSE,C00,TOTAL CPC,0,0,TOTAL MOT,8,kg,7550238,FALSE,-1,N/A,,FALSE,7550238,FALSE,,FALSE,745817,,745817,0,TRUE,FALSE
C,A,19730101,1973,52,1973,768,TGO,Togo,M,Import,0,W00,World,0,W00,World,S1,S1,TRUE,5612,Phosphatic fertilizers and materials,4,FALSE,C00,TOTAL CPC,0,0,TOTAL MOT,8,kg,337558,FALSE,-1,N/A,,FALSE,337558,FALSE,,FALSE,52300,,52300,0,TRUE,FALSE
C,A,19730101,1973,52,1973,780,TTO,Trinidad and Tobago,M,Import,0,W00,World,0,W00,World,S1,S1,TRUE,5612,Phosphatic fertilizers and materials,4,FALSE,C00,TOTAL CPC,0,0,TOTAL MOT,8,kg,1415377,FALSE,-1,N/A,,FALSE,1415377,FALSE,,FALSE,160073,,160073,0,TRUE,FALSE
C,A,19730101,1973,52,1973,780,TTO,Trinidad and Tobago,X,Export,0,W00,World,0,W00,World,S1,S1,TRUE,5612,Phosphatic fertilizers and materials,4,FALSE,C00,TOTAL CPC,0,0,TOTAL MOT,8,kg,2062,FALSE,-1,N/A,,FALSE,2062,FALSE,,FALSE,,328,328,0,TRUE,FALSE
C,A,19730101,1973,52,1973,788,TUN,Tunisia,X,Export,0,W00,World,0,W00,World,S1,S1,TRUE,5612,Phosphatic fertilizers and materials,4,FALSE,C00,TOTAL CPC,0,0,TOTAL MOT,8,kg,403977952,FALSE,-1,N/A,,FALSE,403977952,FALSE,,FALSE,,28599222,28599222,0,TRUE,FALSE
C,A,19730101,1973,52,1973,792,TUR,TÅEkiye,M,Import,0,W00,World,0,W00,World,S1,S1,TRUE,5612,Phosphatic fertilizers and materials,4,FALSE,C00,TOTAL CPC,0,0,TOTAL MOT,8,kg,62395132,FALSE,-1,N/A,,FALSE,62395132,FALSE,,FALSE,5926153,,5926153,0,TRUE,FALSE
C,A,19730101,1973,52,1973,818,EGY,Egypt,X,Export,0,W00,World,0,W00,World,S1,S1,TRUE,5612,Phosphatic fertilizers and materials,4,FALSE,C00,TOTAL CPC,0,0,TOTAL MOT,8,kg,59495000,FALSE,-1,N/A,,FALSE,59495000,FALSE,,FALSE,,1369137,1369137,0,TRUE,FALSE
C,A,19730101,1973,52,1973,826,GBR,United Kingdom,M,Import,0,W00,World,0,W00,World,S1,S1,TRUE,5612,Phosphatic fertilizers and materials,4,FALSE,C00,TOTAL CPC,0,0,TOTAL MOT,8,kg,95734000,FALSE,-1,N/A,,FALSE,95734000,FALSE,,FALSE,3945883,,3945883,0,TRUE,FALSE
C,A,19730101,1973,52,1973,826,GBR,United Kingdom,X,Export,0,W00,World,0,W00,World,S1,S1,TRUE,5612,Phosphatic fertilizers and materials,4,FALSE,C00,TOTAL CPC,0,0,TOTAL MOT,8,kg,75879000,FALSE,-1,N/A,,FALSE,75879000,FALSE,,FALSE,,5656936,5656936,0,TRUE,FALSE
C,A,19730101,1973,52,1973,841,USA,USA and Puerto Rico (...1980),M,Import,0,W00,World,0,W00,World,S1,S1,TRUE,5612,Phosphatic fertilizers and materials,4,FALSE,C00,TOTAL CPC,0,0,TOTAL MOT,8,kg,164822687,FALSE,-1,N/A,,FALSE,164822687,FALSE,,FALSE,,11903874,11903874,0,TRUE,FALSE
C,A,19730101,1973,52,1973,841,USA,USA and Puerto Rico (...1980),X,Export,0,W00,World,0,W00,World,S1,S1,TRUE,5612,Phosphatic fertilizers and materials,4,FALSE,C00,TOTAL CPC,0,0,TOTAL MOT,8,kg,877725122,FALSE,-1,N/A,,FALSE,877725122,FALSE,,FALSE,,70990430,70990430,0,TRUE,FALSE
C,A,19730101,1973,52,1973,854,BFA,Burkina Faso,M,Import,0,W00,World,0,W00,World,S1,S1,TRUE,5612,Phosphatic fertilizers and materials,4,FALSE,C00,TOTAL CPC,0,0,TOTAL MOT,8,kg,1297062,FALSE,-1,N/A,,FALSE,1297062,FALSE,,FALSE,212557,,212557,0,TRUE,FALSE
C,A,19730101,1973,52,1973,862,VEN,Venezuela,M,Import,0,W00,World,0,W00,World,S1,S1,TRUE,5612,Phosphatic fertilizers and materials,4,FALSE,C00,TOTAL CPC,0,0,TOTAL MOT,8,kg,13702105,FALSE,-1,N/A,,FALSE,13702105,FALSE,,FALSE,,1375294,1375294,0,TRUE,FALSE
C,A,19730101,1973,52,1973,868,VNM,Rep. of Vietnam (...1974),M,Import,0,W00,World,0,W00,World,S1,S1,TRUE,5612,Phosphatic fertilizers and materials,4,FALSE,C00,TOTAL CPC,0,0,TOTAL MOT,8,kg,8030448,FALSE,-1,N/A,,FALSE,8030448,FALSE,,FALSE,1279090,,1279090,0,TRUE,FALSE
C,A,19730101,1973,52,1973,890,YUG,Yugoslavia (...1991),M,Import,0,W00,World,0,W00,World,S1,S1,TRUE,5612,Phosphatic fertilizers and materials,4,FALSE,C00,TOTAL CPC,0,0,TOTAL MOT,8,kg,25504000,FALSE,-1,N/A,,FALSE,25504000,FALSE,,FALSE,2405432,,2405432,0,TRUE,FALSE
C,A,19730101,1973,52,1973,890,YUG,Yugoslavia (...1991),X,Export,0,W00,World,0,W00,World,S1,S1,TRUE,5612,Phosphatic fertilizers and materials,4,FALSE,C00,TOTAL CPC,0,0,TOTAL MOT,8,kg,286107360,FALSE,-1,N/A,,FALSE,286107360,FALSE,,FALSE,,11996456,11996456,0,TRUE,FALSE
C,A,19730101,1973,52,1973,894,ZMB,Zambia,M,Import,0,W00,World,0,W00,World,S1,S1,TRUE,5612,Phosphatic fertilizers and materials,4,FALSE,C00,TOTAL CPC,0,0,TOTAL MOT,8,kg,3480000,FALSE,-1,N/A,,FALSE,3480000,FALSE,,FALSE,,454490,454490,0,TRUE,FALSE
C,A,19740101,1974,52,1974,4,AFG,Afghanistan,M,Import,0,W00,World,0,W00,World,S1,S1,TRUE,5612,Phosphatic fertilizers and materials,4,FALSE,C00,TOTAL CPC,0,0,TOTAL MOT,8,kg,7409101,FALSE,-1,N/A,,FALSE,7409101,FALSE,,FALSE,942556,,942556,0,TRUE,FALSE
C,A,19740101,1974,52,1974,12,DZA,Algeria,M,Import,0,W00,World,0,W00,World,S1,S1,TRUE,5612,Phosphatic fertilizers and materials,4,FALSE,C00,TOTAL CPC,0,0,TOTAL MOT,8,kg,10000,FALSE,-1,N/A,,FALSE,10000,FALSE,,FALSE,2904,,2904,0,TRUE,FALSE
C,A,19740101,1974,52,1974,12,DZA,Algeria,X,Export,0,W00,World,0,W00,World,S1,S1,TRUE,5612,Phosphatic fertilizers and materials,4,FALSE,C00,TOTAL CPC,0,0,TOTAL MOT,8,kg,29603000,FALSE,-1,N/A,,FALSE,29603000,FALSE,,FALSE,,5448781,5448781,0,TRUE,FALSE
C,A,19740101,1974,52,1974,24,AGO,Angola,M,Import,0,W00,World,0,W00,World,S1,S1,TRUE,5612,Phosphatic fertilizers and materials,4,FALSE,C00,TOTAL CPC,0,0,TOTAL MOT,8,kg,2641647,FALSE,-1,N/A,,FALSE,2641647,FALSE,,FALSE,426074,,426074,0,TRUE,FALSE
C,A,19740101,1974,52,1974,28,ATG,Antigua and Barbuda,M,Import,0,W00,World,0,W00,World,S1,S1,TRUE,5612,Phosphatic fertilizers and materials,4,FALSE,C00,TOTAL CPC,0,0,TOTAL MOT,-1,N/A,0,FALSE,-1,N/A,,FALSE,,FALSE,,FALSE,4294,,4294,0,TRUE,FALSE
C,A,19740101,1974,52,1974,32,ARG,Argentina,M,Import,0,W00,World,0,W00,World,S1,S1,TRUE,5612,Phosphatic fertilizers and materials,4,FALSE,C00,TOTAL CPC,0,0,TOTAL MOT,8,kg,38569596,FALSE,-1,N/A,,FALSE,38569596,FALSE,,FALSE,4995154,,4995154,0,TRUE,FALSE
C,A,19740101,1974,52,1974,36,AUS,Australia,M,Import,0,W00,World,0,W00,World,S1,S1,TRUE,5612,Phosphatic fertilizers and materials,4,FALSE,C00,TOTAL CPC,0,0,TOTAL MOT,8,kg,748518,FALSE,-1,N/A,,FALSE,748518,FALSE,,FALSE,,128773,128773,0,TRUE,FALSE
C,A,19740101,1974,52,1974,36,AUS,Australia,X,Export,0,W00,World,0,W00,World,S1,S1,TRUE,5612,Phosphatic fertilizers and materials,4,FALSE,C00,TOTAL CPC,0,0,TOTAL MOT,8,kg,313239,FALSE,-1,N/A,,FALSE,313239,FALSE,,FALSE,,28072,28072,0,TRUE,FALSE
C,A,19740101,1974,52,1974,44,BHS,Bahamas,M,Import,0,W00,World,0,W00,World,S1,S1,TRUE,5612,Phosphatic fertilizers and materials,4,FALSE,C00,TOTAL CPC,0,0,TOTAL MOT,8,kg,40,FALSE,-1,N/A,,FALSE,40,FALSE,,FALSE,15,,15,0,TRUE,FALSE
C,A,19740101,1974,52,1974,58,BEL,Belgium-Luxembourg (...1998),M,Import,0,W00,World,0,W00,World,S1,S1,TRUE,5612,Phosphatic fertilizers and materials,4,FALSE,C00,TOTAL CPC,0,0,TOTAL MOT,8,kg,51174296,FALSE,-1,N/A,,FALSE,51174296,FALSE,,FALSE,6086003,,6086003,0,TRUE,FALSE
C,A,19740101,1974,52,1974,58,BEL,Belgium-Luxembourg (...1998),X,Export,0,W00,World,0,W00,World,S1,S1,TRUE,5612,Phosphatic fertilizers and materials,4,FALSE,C00,TOTAL CPC,0,0,TOTAL MOT,8,kg,2095345152,FALSE,-1,N/A,,FALSE,2095345152,FALSE,,FALSE,,75647664,75647664,0,TRUE,FALSE
C,A,19740101,1974,52,1974,60,BMU,Bermuda,M,Import,0,W00,World,0,W00,World,S1,S1,TRUE,5612,Phosphatic fertilizers and materials,4,FALSE,C00,TOTAL CPC,0,0,TOTAL MOT,8,kg,140,FALSE,-1,N/A,,FALSE,140,FALSE,,FALSE,308,,308,0,TRUE,FALSE
C,A,19740101,1974,52,1974,68,BOL,Bolivia (Plurinational State of),M,Import,0,W00,World,0,W00,World,S1,S1,TRUE,5612,Phosphatic fertilizers and materials,4,FALSE,C00,TOTAL CPC,0,0,TOTAL MOT,8,kg,176792,FALSE,-1,N/A,,FALSE,176792,FALSE,,FALSE,42643,,42643,0,TRUE,FALSE
C,A,19740101,1974,52,1974,76,BRA,Brazil,M,Import,0,W00,World,0,W00,World,S1,S1,TRUE,5612,Phosphatic fertilizers and materials,4,FALSE,C00,TOTAL CPC,0,0,TOTAL MOT,8,kg,802965184,FALSE,-1,N/A,,FALSE,802965184,FALSE,,FALSE,177333280,,177333280,0,TRUE,FALSE
C,A,19740101,1974,52,1974,76,BRA,Brazil,X,Export,0,W00,World,0,W00,World,S1,S1,TRUE,5612,Phosphatic fertilizers and materials,4,FALSE,C00,TOTAL CPC,0,0,TOTAL MOT,8,kg,2666000,FALSE,-1,N/A,,FALSE,2666000,FALSE,,FALSE,,332663,332663,0,TRUE,FALSE
C,A,19740101,1974,52,1974,96,BRN,Brunei Darussalam,M,Import,0,W00,World,0,W00,World,S1,S1,TRUE,5612,Phosphatic fertilizers and materials,4,FALSE,C00,TOTAL CPC,0,0,TOTAL MOT,8,kg,7062,FALSE,-1,N/A,,FALSE,7062,FALSE,,FALSE,2194,,2194,0,TRUE,FALSE
C,A,19740101,1974,52,1974,96,BRN,Brunei Darussalam,X,Export,0,W00,World,0,W00,World,S1,S1,TRUE,5612,Phosphatic fertilizers and materials,4,FALSE,C00,TOTAL CPC,0,0,TOTAL MOT,8,kg,16257,FALSE,-1,N/A,,FALSE,16257,FALSE,,FALSE,,3288,3288,0,TRUE,FALSE
C,A,19740101,1974,52,1974,104,MMR,Myanmar,M,Import,0,W00,World,0,W00,World,S1,S1,TRUE,5612,Phosphatic fertilizers and materials,4,FALSE,C00,TOTAL CPC,0,0,TOTAL MOT,8,kg,7497410,FALSE,-1,N/A,,FALSE,7497410,FALSE,,FALSE,1086161,,1086161,0,TRUE,FALSE
C,A,19740101,1974,52,1974,108,BDI,Burundi,M,Import,0,W00,World,0,W00,World,S1,S1,TRUE,5612,Phosphatic fertilizers and materials,4,FALSE,C00,TOTAL CPC,0,0,TOTAL MOT,8,kg,256300,FALSE,-1,N/A,,FALSE,256300,FALSE,,FALSE,101478,,101478,0,TRUE,FALSE
C,A,19740101,1974,52,1974,120,CMR,Cameroon,M,Import,0,W00,World,0,W00,World,S1,S1,TRUE,5612,Phosphatic fertilizers and materials,4,FALSE,C00,TOTAL CPC,0,0,TOTAL MOT,8,kg,1971476,FALSE,-1,N/A,,FALSE,1971476,FALSE,,FALSE,382273,,382273,0,TRUE,FALSE
C,A,19740101,1974,52,1974,120,CMR,Cameroon,X,Export,0,W00,World,0,W00,World,S1,S1,TRUE,5612,Phosphatic fertilizers and materials,4,FALSE,C00,TOTAL CPC,0,0,TOTAL MOT,8,kg,2937,FALSE,-1,N/A,,FALSE,2937,FALSE,,FALSE,,582,582,0,TRUE,FALSE
C,A,19740101,1974,52,1974,124,CAN,Canada,M,Import,0,W00,World,0,W00,World,S1,S1,TRUE,5612,Phosphatic fertilizers and materials,4,FALSE,C00,TOTAL CPC,0,0,TOTAL MOT,8,kg,89500000,FALSE,-1,N/A,,FALSE,89500000,FALSE,,FALSE,,11815059,11815059,0,TRUE,FALSE
C,A,19740101,1974,52,1974,124,CAN,Canada,X,Export,0,W00,World,0,W00,World,S1,S1,TRUE,5612,Phosphatic fertilizers and materials,4,FALSE,C00,TOTAL CPC,0,0,TOTAL MOT,8,kg,47242000,FALSE,-1,N/A,,FALSE,47242000,FALSE,,FALSE,,5747123,5747123,0,TRUE,FALSE
C,A,19740101,1974,52,1974,140,CAF,Central African Rep.,M,Import,0,W00,World,0,W00,World,S1,S1,TRUE,5612,Phosphatic fertilizers and materials,4,FALSE,C00,TOTAL CPC,0,0,TOTAL MOT,8,kg,59886,FALSE,-1,N/A,,FALSE,59886,FALSE,,FALSE,17699,,17699,0,TRUE,FALSE
C,A,19740101,1974,52,1974,144,LKA,Sri Lanka,M,Import,0,W00,World,0,W00,World,S1,S1,TRUE,5612,Phosphatic fertilizers and materials,4,FALSE,C00,TOTAL CPC,0,0,TOTAL MOT,8,kg,50751648,FALSE,-1,N/A,,FALSE,50751648,FALSE,,FALSE,11196998,,11196998,0,TRUE,FALSE
C,A,19740101,1974,52,1974,144,LKA,Sri Lanka,X,Export,0,W00,World,0,W00,World,S1,S1,TRUE,5612,Phosphatic fertilizers and materials,4,FALSE,C00,TOTAL CPC,0,0,TOTAL MOT,8,kg,1500,FALSE,-1,N/A,,FALSE,1500,FALSE,,FALSE,,249,249,0,TRUE,FALSE
C,A,19740101,1974,52,1974,152,CHL,Chile,M,Import,0,W00,World,0,W00,World,S1,S1,TRUE,5612,Phosphatic fertilizers and materials,4,FALSE,C00,TOTAL CPC,0,0,TOTAL MOT,8,kg,127054496,FALSE,-1,N/A,,FALSE,127054496,FALSE,,FALSE,30386208,,30386208,0,TRUE,FALSE
C,A,19740101,1974,52,1974,170,COL,Colombia,M,Import,0,W00,World,0,W00,World,S1,S1,TRUE,5612,Phosphatic fertilizers and materials,4,FALSE,C00,TOTAL CPC,0,0,TOTAL MOT,8,kg,76528160,FALSE,-1,N/A,,FALSE,76528160,FALSE,,FALSE,5867093,,5867093,0,TRUE,FALSE
C,A,19740101,1974,52,1974,178,COG,Congo,M,Import,0,W00,World,0,W00,World,S1,S1,TRUE,5612,Phosphatic fertilizers and materials,4,FALSE,C00,TOTAL CPC,0,0,TOTAL MOT,8,kg,4875,FALSE,-1,N/A,,FALSE,4875,FALSE,,FALSE,2910,,2910,0,TRUE,FALSE
C,A,19740101,1974,52,1974,180,COD,Dem. Rep. of the Congo,M,Import,0,W00,World,0,W00,World,S1,S1,TRUE,5612,Phosphatic fertilizers and materials,4,FALSE,C00,TOTAL CPC,0,0,TOTAL MOT,8,kg,1198120,FALSE,-1,N/A,,FALSE,1198120,FALSE,,FALSE,324085,,324085,0,TRUE,FALSE
C,A,19740101,1974,52,1974,188,CRI,Costa Rica,M,Import,0,W00,World,0,W00,World,S1,S1,TRUE,5612,Phosphatic fertilizers and materials,4,FALSE,C00,TOTAL CPC,0,0,TOTAL MOT,8,kg,60910156,FALSE,-1,N/A,,FALSE,60910156,FALSE,,FALSE,11841094,,11841094,0,TRUE,FALSE
C,A,19740101,1974,52,1974,196,CYP,Cyprus,M,Import,0,W00,World,0,W00,World,S1,S1,TRUE,5612,Phosphatic fertilizers and materials,4,FALSE,C00,TOTAL CPC,0,0,TOTAL MOT,8,kg,650125,FALSE,-1,N/A,,FALSE,650125,FALSE,,FALSE,72923,,72923,0,TRUE,FALSE
C,A,19740101,1974,52,1974,204,BEN,Benin,M,Import,0,W00,World,0,W00,World,S1,S1,TRUE,5612,Phosphatic fertilizers and materials,4,FALSE,C00,TOTAL CPC,0,0,TOTAL MOT,8,kg,141800,FALSE,-1,N/A,,FALSE,141800,FALSE,,FALSE,42805,,42805,0,TRUE,FALSE
C,A,19740101,1974,52,1974,208,DNK,Denmark,M,Import,0,W00,World,0,W00,World,S1,S1,TRUE,5612,Phosphatic fertilizers and materials,4,FALSE,C00,TOTAL CPC,0,0,TOTAL MOT,8,kg,100148,FALSE,-1,N/A,,FALSE,100148,FALSE,,FALSE,6729,,6729,0,TRUE,FALSE
C,A,19740101,1974,52,1974,208,DNK,Denmark,X,Export,0,W00,World,0,W00,World,S1,S1,TRUE,5612,Phosphatic fertilizers and materials,4,FALSE,C00,TOTAL CPC,0,0,TOTAL MOT,8,kg,74014240,FALSE,-1,N/A,,FALSE,74014240,FALSE,,FALSE,,6530204,6530204,0,TRUE,FALSE
C,A,19740101,1974,52,1974,214,DOM,Dominican Rep.,M,Import,0,W00,World,0,W00,World,S1,S1,TRUE,5612,Phosphatic fertilizers and materials,4,FALSE,C00,TOTAL CPC,0,0,TOTAL MOT,8,kg,16773768,FALSE,-1,N/A,,FALSE,16773768,FALSE,,FALSE,,1815192,1815192,0,TRUE,FALSE
C,A,19740101,1974,52,1974,218,ECU,Ecuador,M,Import,0,W00,World,0,W00,World,S1,S1,TRUE,5612,Phosphatic fertilizers and materials,4,FALSE,C00,TOTAL CPC,0,0,TOTAL MOT,8,kg,28185580,FALSE,-1,N/A,,FALSE,28185580,FALSE,,FALSE,4996484,,4996484,0,TRUE,FALSE
C,A,19740101,1974,52,1974,222,SLV,El Salvador,M,Import,0,W00,World,0,W00,World,S1,S1,TRUE,5612,Phosphatic fertilizers and materials,4,FALSE,C00,TOTAL CPC,0,0,TOTAL MOT,8,kg,45453176,FALSE,-1,N/A,,FALSE,45453176,FALSE,,FALSE,8753611,,8753611,0,TRUE,FALSE
C,A,19740101,1974,52,1974,222,SLV,El Salvador,X,Export,0,W00,World,0,W00,World,S1,S1,TRUE,5612,Phosphatic fertilizers and materials,4,FALSE,C00,TOTAL CPC,0,0,TOTAL MOT,8,kg,917625,FALSE,-1,N/A,,FALSE,917625,FALSE,,FALSE,,77705,77705,0,TRUE,FALSE
C,A,19740101,1974,52,1974,230,ETH,Ethiopia (...1992),M,Import,0,W00,World,0,W00,World,S1,S1,TRUE,5612,Phosphatic fertilizers and materials,4,FALSE,C00,TOTAL CPC,0,0,TOTAL MOT,8,kg,83311,FALSE,-1,N/A,,FALSE,83311,FALSE,,FALSE,12637,,12637,0,TRUE,FALSE
C,A,19740101,1974,52,1974,230,ETH,Ethiopia (...1992),X,Export,0,W00,World,0,W00,World,S1,S1,TRUE,5612,Phosphatic fertilizers and materials,4,FALSE,C00,TOTAL CPC,0,0,TOTAL MOT,8,kg,24,FALSE,-1,N/A,,FALSE,24,FALSE,,FALSE,,230,230,0,TRUE,FALSE
C,A,19740101,1974,52,1974,242,FJI,Fiji,M,Import,0,W00,World,0,W00,World,S1,S1,TRUE,5612,Phosphatic fertilizers and materials,4,FALSE,C00,TOTAL CPC,0,0,TOTAL MOT,8,kg,6298061,FALSE,-1,N/A,,FALSE,6298061,FALSE,,FALSE,723300,,723300,0,TRUE,FALSE
C,A,19740101,1974,52,1974,246,FIN,Finland,M,Import,0,W00,World,0,W00,World,S1,S1,TRUE,5612,Phosphatic fertilizers and materials,4,FALSE,C00,TOTAL CPC,0,0,TOTAL MOT,8,kg,90207,FALSE,-1,N/A,,FALSE,90207,FALSE,,FALSE,16866,,16866,0,TRUE,FALSE
C,A,19740101,1974,52,1974,251,FRA,France,M,Import,0,W00,World,0,W00,World,S1,S1,TRUE,5612,Phosphatic fertilizers and materials,4,FALSE,C00,TOTAL CPC,0,0,TOTAL MOT,8,kg,1126376832,FALSE,-1,N/A,,FALSE,1126376832,FALSE,,FALSE,55518668,,55518668,0,TRUE,FALSE
C,A,19740101,1974,52,1974,251,FRA,France,X,Export,0,W00,World,0,W00,World,S1,S1,TRUE,5612,Phosphatic fertilizers and materials,4,FALSE,C00,TOTAL CPC,0,0,TOTAL MOT,8,kg,410487104,FALSE,-1,N/A,,FALSE,410487104,FALSE,,FALSE,,36178760,36178760,0,TRUE,FALSE
C,A,19740101,1974,52,1974,258,PYF,French Polynesia,M,Import,0,W00,World,0,W00,World,S1,S1,TRUE,5612,Phosphatic fertilizers and materials,4,FALSE,C00,TOTAL CPC,0,0,TOTAL MOT,8,kg,34875,FALSE,-1,N/A,,FALSE,34875,FALSE,,FALSE,8488,,8488,0,TRUE,FALSE
C,A,19740101,1974,52,1974,270,GMB,Gambia,M,Import,0,W00,World,0,W00,World,S1,S1,TRUE,5612,Phosphatic fertilizers and materials,4,FALSE,C00,TOTAL CPC,0,0,TOTAL MOT,8,kg,2641730,FALSE,-1,N/A,,FALSE,2641730,FALSE,,FALSE,293447,,293447,0,TRUE,FALSE
C,A,19740101,1974,52,1974,280,DEU,Fed. Rep. of Germany (...1990),M,Import,0,W00,World,0,W00,World,S1,S1,TRUE,5612,Phosphatic fertilizers and materials,4,FALSE,C00,TOTAL CPC,0,0,TOTAL MOT,8,kg,858327040,FALSE,-1,N/A,,TRUE,858327040,FALSE,-1,TRUE,30570000,,30570000,0,FALSE,FALSE
C,A,19740101,1974,52,1974,280,DEU,Fed. Rep. of Germany (...1990),X,Export,0,W00,World,0,W00,World,S1,S1,TRUE,5612,Phosphatic fertilizers and materials,4,FALSE,C00,TOTAL CPC,0,0,TOTAL MOT,8,kg,99444048,FALSE,-1,N/A,,TRUE,99444048,FALSE,-1,TRUE,,9364000,9364000,0,FALSE,FALSE
C,A,19740101,1974,52,1974,288,GHA,Ghana,M,Import,0,W00,World,0,W00,World,S1,S1,TRUE,5612,Phosphatic fertilizers and materials,4,FALSE,C00,TOTAL CPC,0,0,TOTAL MOT,8,kg,472996,FALSE,-1,N/A,,FALSE,472996,FALSE,,FALSE,49717,,49717,0,TRUE,FALSE
C,A,19740101,1974,52,1974,300,GRC,Greece,M,Import,0,W00,World,0,W00,World,S1,S1,TRUE,5612,Phosphatic fertilizers and materials,4,FALSE,C00,TOTAL CPC,0,0,TOTAL MOT,8,kg,3,FALSE,-1,N/A,,FALSE,3,FALSE,,FALSE,23,,23,0,TRUE,FALSE
C,A,19740101,1974,52,1974,300,GRC,Greece,X,Export,0,W00,World,0,W00,World,S1,S1,TRUE,5612,Phosphatic fertilizers and materials,4,FALSE,C00,TOTAL CPC,0,0,TOTAL MOT,8,kg,8770000,FALSE,-1,N/A,,FALSE,8770000,FALSE,,FALSE,,1724052,1724052,0,TRUE,FALSE
C,A,19740101,1974,52,1974,312,GLP,Guadeloupe (Overseas France),M,Import,0,W00,World,0,W00,World,S1,S1,TRUE,5612,Phosphatic fertilizers and materials,4,FALSE,C00,TOTAL CPC,0,0,TOTAL MOT,8,kg,1318175,FALSE,-1,N/A,,FALSE,1318175,FALSE,,FALSE,120906,,120906,0,TRUE,FALSE
C,A,19740101,1974,52,1974,320,GTM,Guatemala,M,Import,0,W00,World,0,W00,World,S1,S1,TRUE,5612,Phosphatic fertilizers and materials,4,FALSE,C00,TOTAL CPC,0,0,TOTAL MOT,8,kg,17947486,FALSE,-1,N/A,,FALSE,17947486,FALSE,,FALSE,4109140,,4109140,0,TRUE,FALSE
C,A,19740101,1974,52,1974,320,GTM,Guatemala,X,Export,0,W00,World,0,W00,World,S1,S1,TRUE,5612,Phosphatic fertilizers and materials,4,FALSE,C00,TOTAL CPC,0,0,TOTAL MOT,8,kg,20687,FALSE,-1,N/A,,FALSE,20687,FALSE,,FALSE,,2999,2999,0,TRUE,FALSE
C,A,19740101,1974,52,1974,328,GUY,Guyana,M,Import,0,W00,World,0,W00,World,S1,S1,TRUE,5612,Phosphatic fertilizers and materials,4,FALSE,C00,TOTAL CPC,0,0,TOTAL MOT,8,kg,4517347,FALSE,-1,N/A,,FALSE,4517347,FALSE,,FALSE,759243,,759243,0,TRUE,FALSE
C,A,19740101,1974,52,1974,340,HND,Honduras,M,Import,0,W00,World,0,W00,World,S1,S1,TRUE,5612,Phosphatic fertilizers and materials,4,FALSE,C00,TOTAL CPC,0,0,TOTAL MOT,8,kg,1215206,FALSE,-1,N/A,,FALSE,1215206,FALSE,,FALSE,304830,,304830,0,TRUE,FALSE
C,A,19740101,1974,52,1974,340,HND,Honduras,X,Export,0,W00,World,0,W00,World,S1,S1,TRUE,5612,Phosphatic fertilizers and materials,4,FALSE,C00,TOTAL CPC,0,0,TOTAL MOT,8,kg,1401,FALSE,-1,N/A,,FALSE,1401,FALSE,,FALSE,,216,216,0,TRUE,FALSE
C,A,19740101,1974,52,1974,344,HKG,"China, Hong Kong SAR",M,Import,0,W00,World,0,W00,World,S1,S1,TRUE,5612,Phosphatic fertilizers and materials,4,FALSE,C00,TOTAL CPC,0,0,TOTAL MOT,8,kg,119710,FALSE,-1,N/A,,FALSE,119710,FALSE,,FALSE,59971,,59971,0,TRUE,FALSE
C,A,19740101,1974,52,1974,352,ISL,Iceland,M,Import,0,W00,World,0,W00,World,S1,S1,TRUE,5612,Phosphatic fertilizers and materials,4,FALSE,C00,TOTAL CPC,0,0,TOTAL MOT,8,kg,1093125,FALSE,-1,N/A,,FALSE,1093125,FALSE,,FALSE,251762,,251762,0,TRUE,FALSE
C,A,19740101,1974,52,1974,356,IND,India (...1974),M,Import,0,W00,World,0,W00,World,S1,S1,TRUE,5612,Phosphatic fertilizers and materials,4,FALSE,C00,TOTAL CPC,0,0,TOTAL MOT,8,kg,3000,FALSE,-1,N/A,,FALSE,3000,FALSE,,FALSE,2225,,2225,0,TRUE,FALSE
C,A,19740101,1974,52,1974,360,IDN,Indonesia,M,Import,0,W00,World,0,W00,World,S1,S1,TRUE,5612,Phosphatic fertilizers and materials,4,FALSE,C00,TOTAL CPC,0,0,TOTAL MOT,8,kg,253133520,FALSE,-1,N/A,,FALSE,253133520,FALSE,,FALSE,48852712,,48852712,0,TRUE,FALSE
C,A,19740101,1974,52,1974,364,IRN,Iran,M,Import,0,W00,World,0,W00,World,S1,S1,TRUE,5612,Phosphatic fertilizers and materials,4,FALSE,C00,TOTAL CPC,0,0,TOTAL MOT,8,kg,47079024,FALSE,-1,N/A,,FALSE,47079024,FALSE,,FALSE,22943710,,22943710,0,TRUE,FALSE
C,A,19740101,1974,52,1974,364,IRN,Iran,X,Export,0,W00,World,0,W00,World,S1,S1,TRUE,5612,Phosphatic fertilizers and materials,4,FALSE,C00,TOTAL CPC,0,0,TOTAL MOT,8,kg,17500,FALSE,-1,N/A,,FALSE,17500,FALSE,,FALSE,,3858,3858,0,TRUE,FALSE
C,A,19740101,1974,52,1974,368,IRQ,Iraq,M,Import,0,W00,World,0,W00,World,S1,S1,TRUE,5612,Phosphatic fertilizers and materials,4,FALSE,C00,TOTAL CPC,0,0,TOTAL MOT,8,kg,7500000,FALSE,-1,N/A,,FALSE,7500000,FALSE,,FALSE,1205874,,1205874,0,TRUE,FALSE
C,A,19740101,1974,52,1974,372,IRL,Ireland,M,Import,0,W00,World,0,W00,World,S1,S1,TRUE,5612,Phosphatic fertilizers and materials,4,FALSE,C00,TOTAL CPC,0,0,TOTAL MOT,8,kg,271416992,FALSE,-1,N/A,,FALSE,271416992,FALSE,,FALSE,12779719,,12779719,0,TRUE,FALSE
C,A,19740101,1974,52,1974,372,IRL,Ireland,X,Export,0,W00,World,0,W00,World,S1,S1,TRUE,5612,Phosphatic fertilizers and materials,4,FALSE,C00,TOTAL CPC,0,0,TOTAL MOT,8,kg,96665000,FALSE,-1,N/A,,FALSE,96665000,FALSE,,FALSE,,13282533,13282533,0,TRUE,FALSE
C,A,19740101,1974,52,1974,376,ISR,Israel,M,Import,0,W00,World,0,W00,World,S1,S1,TRUE,5612,Phosphatic fertilizers and materials,4,FALSE,C00,TOTAL CPC,0,0,TOTAL MOT,-1,N/A,0,FALSE,-1,N/A,,FALSE,,FALSE,,FALSE,106,,106,0,TRUE,FALSE
C,A,19740101,1974,52,1974,376,ISR,Israel,X,Export,0,W00,World,0,W00,World,S1,S1,TRUE,5612,Phosphatic fertilizers and materials,4,FALSE,C00,TOTAL CPC,0,0,TOTAL MOT,8,kg,260097680,FALSE,-1,N/A,,FALSE,260097680,FALSE,,FALSE,,20529498,20529498,0,TRUE,FALSE
C,A,19740101,1974,52,1974,380,ITA,Italy,M,Import,0,W00,World,0,W00,World,S1,S1,TRUE,5612,Phosphatic fertilizers and materials,4,FALSE,C00,TOTAL CPC,0,0,TOTAL MOT,8,kg,152280048,FALSE,-1,N/A,,TRUE,152280048,FALSE,-1,TRUE,14687791,,14687791,0,FALSE,FALSE
C,A,19740101,1974,52,1974,380,ITA,Italy,X,Export,0,W00,World,0,W00,World,S1,S1,TRUE,5612,Phosphatic fertilizers and materials,4,FALSE,C00,TOTAL CPC,0,0,TOTAL MOT,8,kg,5802602,FALSE,-1,N/A,,TRUE,5802602,FALSE,-1,TRUE,,1720799,1720799,0,FALSE,FALSE
C,A,19740101,1974,52,1974,384,CIV,CÙte d'Ivoire,M,Import,0,W00,World,0,W00,World,S1,S1,TRUE,5612,Phosphatic fertilizers and materials,4,FALSE,C00,TOTAL CPC,0,0,TOTAL MOT,8,kg,4635405,FALSE,-1,N/A,,FALSE,4635405,FALSE,,FALSE,692376,,692376,0,TRUE,FALSE
C,A,19740101,1974,52,1974,384,CIV,CÙte d'Ivoire,X,Export,0,W00,World,0,W00,World,S1,S1,TRUE,5612,Phosphatic fertilizers and materials,4,FALSE,C00,TOTAL CPC,0,0,TOTAL MOT,8,kg,807663,FALSE,-1,N/A,,FALSE,807663,FALSE,,FALSE,,166747,166747,0,TRUE,FALSE
C,A,19740101,1974,52,1974,388,JAM,Jamaica,M,Import,0,W00,World,0,W00,World,S1,S1,TRUE,5612,Phosphatic fertilizers and materials,4,FALSE,C00,TOTAL CPC,0,0,TOTAL MOT,8,kg,9369964,FALSE,-1,N/A,,FALSE,9369964,FALSE,,FALSE,4097618,,4097618,0,TRUE,FALSE
C,A,19740101,1974,52,1974,392,JPN,Japan,M,Import,0,W00,World,0,W00,World,S1,S1,TRUE,5612,Phosphatic fertilizers and materials,4,FALSE,C00,TOTAL CPC,0,0,TOTAL MOT,8,kg,8576000,FALSE,-1,N/A,,FALSE,8576000,FALSE,,FALSE,2084572,,2084572,0,TRUE,FALSE
C,A,19740101,1974,52,1974,392,JPN,Japan,X,Export,0,W00,World,0,W00,World,S1,S1,TRUE,5612,Phosphatic fertilizers and materials,4,FALSE,C00,TOTAL CPC,0,0,TOTAL MOT,8,kg,23895000,FALSE,-1,N/A,,FALSE,23895000,FALSE,,FALSE,,4130592,4130592,0,TRUE,FALSE
C,A,19740101,1974,52,1974,400,JOR,Jordan,M,Import,0,W00,World,0,W00,World,S1,S1,TRUE,5612,Phosphatic fertilizers and materials,4,FALSE,C00,TOTAL CPC,0,0,TOTAL MOT,8,kg,2712136,FALSE,-1,N/A,,FALSE,2712136,FALSE,,FALSE,563431,,563431,0,TRUE,FALSE
C,A,19740101,1974,52,1974,410,KOR,Rep. of Korea,M,Import,0,W00,World,0,W00,World,S1,S1,TRUE,5612,Phosphatic fertilizers and materials,4,FALSE,C00,TOTAL CPC,0,0,TOTAL MOT,8,kg,130682728,FALSE,-1,N/A,,FALSE,130682728,FALSE,,FALSE,37296692,,37296692,0,TRUE,FALSE
C,A,19740101,1974,52,1974,418,LAO,Lao People's Dem. Rep.,M,Import,0,W00,World,0,W00,World,S1,S1,TRUE,5612,Phosphatic fertilizers and materials,4,FALSE,C00,TOTAL CPC,0,0,TOTAL MOT,8,kg,856562,FALSE,-1,N/A,,FALSE,856562,FALSE,,FALSE,,240501,240501,0,TRUE,FALSE
C,A,19740101,1974,52,1974,430,LBR,Liberia,M,Import,0,W00,World,0,W00,World,S1,S1,TRUE,5612,Phosphatic fertilizers and materials,4,FALSE,C00,TOTAL CPC,0,0,TOTAL MOT,8,kg,3616514,FALSE,-1,N/A,,FALSE,3616514,FALSE,,FALSE,422865,,422865,0,TRUE,FALSE
C,A,19740101,1974,52,1974,450,MDG,Madagascar,M,Import,0,W00,World,0,W00,World,S1,S1,TRUE,5612,Phosphatic fertilizers and materials,4,FALSE,C00,TOTAL CPC,0,0,TOTAL MOT,8,kg,705030,FALSE,-1,N/A,,FALSE,705030,FALSE,,FALSE,98284,,98284,0,TRUE,FALSE
C,A,19740101,1974,52,1974,454,MWI,Malawi,M,Import,0,W00,World,0,W00,World,S1,S1,TRUE,5612,Phosphatic fertilizers and materials,4,FALSE,C00,TOTAL CPC,0,0,TOTAL MOT,8,kg,227703,FALSE,-1,N/A,,FALSE,227703,FALSE,,FALSE,20592,,20592,0,TRUE,FALSE
C,A,19740101,1974,52,1974,454,MWI,Malawi,X,Export,0,W00,World,0,W00,World,S1,S1,TRUE,5612,Phosphatic fertilizers and materials,4,FALSE,C00,TOTAL CPC,0,0,TOTAL MOT,8,kg,115210,FALSE,-1,N/A,,FALSE,115210,FALSE,,FALSE,,10865,10865,0,TRUE,FALSE
C,A,19740101,1974,52,1974,458,MYS,Malaysia,M,Import,0,W00,World,0,W00,World,S1,S1,TRUE,5612,Phosphatic fertilizers and materials,4,FALSE,C00,TOTAL CPC,0,0,TOTAL MOT,8,kg,9727204,FALSE,-1,N/A,,FALSE,9727204,FALSE,,FALSE,1757256,,1757256,0,TRUE,FALSE
C,A,19740101,1974,52,1974,466,MLI,Mali,M,Import,0,W00,World,0,W00,World,S1,S1,TRUE,5612,Phosphatic fertilizers and materials,4,FALSE,C00,TOTAL CPC,0,0,TOTAL MOT,8,kg,7854519,FALSE,-1,N/A,,FALSE,7854519,FALSE,,FALSE,1666860,,1666860,0,TRUE,FALSE
C,A,19740101,1974,52,1974,466,MLI,Mali,X,Export,0,W00,World,0,W00,World,S1,S1,TRUE,5612,Phosphatic fertilizers and materials,4,FALSE,C00,TOTAL CPC,0,0,TOTAL MOT,8,kg,45750,FALSE,-1,N/A,,FALSE,45750,FALSE,,FALSE,,16712,16712,0,TRUE,FALSE
C,A,19740101,1974,52,1974,470,MLT,Malta,M,Import,0,W00,World,0,W00,World,S1,S1,TRUE,5612,Phosphatic fertilizers and materials,4,FALSE,C00,TOTAL CPC,0,0,TOTAL MOT,-1,N/A,0,FALSE,-1,N/A,,FALSE,,FALSE,,FALSE,2689,,2689,0,TRUE,FALSE
C,A,19740101,1974,52,1974,474,MTQ,Martinique (Overseas France),M,Import,0,W00,World,0,W00,World,S1,S1,TRUE,5612,Phosphatic fertilizers and materials,4,FALSE,C00,TOTAL CPC,0,0,TOTAL MOT,8,kg,1577213,FALSE,-1,N/A,,FALSE,1577213,FALSE,,FALSE,156654,,156654,0,TRUE,FALSE
C,A,19740101,1974,52,1974,480,MUS,Mauritius,M,Import,0,W00,World,0,W00,World,S1,S1,TRUE,5612,Phosphatic fertilizers and materials,4,FALSE,C00,TOTAL CPC,0,0,TOTAL MOT,8,kg,2400000,FALSE,-1,N/A,,FALSE,2400000,FALSE,,FALSE,390550,,390550,0,TRUE,FALSE
C,A,19740101,1974,52,1974,484,MEX,Mexico,M,Import,0,W00,World,0,W00,World,S1,S1,TRUE,5612,Phosphatic fertilizers and materials,4,FALSE,C00,TOTAL CPC,0,0,TOTAL MOT,8,kg,139199,FALSE,-1,N/A,,FALSE,139199,FALSE,,FALSE,65762,,65762,0,TRUE,FALSE
C,A,19740101,1974,52,1974,484,MEX,Mexico,X,Export,0,W00,World,0,W00,World,S1,S1,TRUE,5612,Phosphatic fertilizers and materials,4,FALSE,C00,TOTAL CPC,0,0,TOTAL MOT,8,kg,65245916,FALSE,-1,N/A,,FALSE,65245916,FALSE,,FALSE,,16489940,16489940,0,TRUE,FALSE
C,A,19740101,1974,52,1974,504,MAR,Morocco,X,Export,0,W00,World,0,W00,World,S1,S1,TRUE,5612,Phosphatic fertilizers and materials,4,FALSE,C00,TOTAL CPC,0,0,TOTAL MOT,8,kg,131672688,FALSE,-1,N/A,,FALSE,131672688,FALSE,,FALSE,,31856976,31856976,0,TRUE,FALSE
C,A,19740101,1974,52,1974,528,NLD,Netherlands,M,Import,0,W00,World,0,W00,World,S1,S1,TRUE,5612,Phosphatic fertilizers and materials,4,FALSE,C00,TOTAL CPC,0,0,TOTAL MOT,8,kg,154467776,FALSE,-1,N/A,,FALSE,154467776,FALSE,,FALSE,7334361,,7334361,0,TRUE,FALSE
C,A,19740101,1974,52,1974,528,NLD,Netherlands,X,Export,0,W00,World,0,W00,World,S1,S1,TRUE,5612,Phosphatic fertilizers and materials,4,FALSE,C00,TOTAL CPC,0,0,TOTAL MOT,8,kg,346368544,FALSE,-1,N/A,,FALSE,346368544,FALSE,,FALSE,,43272472,43272472,0,TRUE,FALSE
C,A,19740101,1974,52,1974,554,NZL,New Zealand,M,Import,0,W00,World,0,W00,World,S1,S1,TRUE,5612,Phosphatic fertilizers and materials,4,FALSE,C00,TOTAL CPC,0,0,TOTAL MOT,8,kg,5321851,FALSE,-1,N/A,,FALSE,5321851,FALSE,,FALSE,514298,,514298,0,TRUE,FALSE
C,A,19740101,1974,52,1974,554,NZL,New Zealand,X,Export,0,W00,World,0,W00,World,S1,S1,TRUE,5612,Phosphatic fertilizers and materials,4,FALSE,C00,TOTAL CPC,0,0,TOTAL MOT,8,kg,3172241,FALSE,-1,N/A,,FALSE,3172241,FALSE,,FALSE,,282590,282590,0,TRUE,FALSE
C,A,19740101,1974,52,1974,558,NIC,Nicaragua,M,Import,0,W00,World,0,W00,World,S1,S1,TRUE,5612,Phosphatic fertilizers and materials,4,FALSE,C00,TOTAL CPC,0,0,TOTAL MOT,8,kg,29527556,FALSE,-1,N/A,,FALSE,29527556,FALSE,,FALSE,6506302,,6506302,0,TRUE,FALSE
C,A,19740101,1974,52,1974,558,NIC,Nicaragua,X,Export,0,W00,World,0,W00,World,S1,S1,TRUE,5612,Phosphatic fertilizers and materials,4,FALSE,C00,TOTAL CPC,0,0,TOTAL MOT,8,kg,70218,FALSE,-1,N/A,,FALSE,70218,FALSE,,FALSE,,5285,5285,0,TRUE,FALSE
C,A,19740101,1974,52,1974,562,NER,Niger,M,Import,0,W00,World,0,W00,World,S1,S1,TRUE,5612,Phosphatic fertilizers and materials,4,FALSE,C00,TOTAL CPC,0,0,TOTAL MOT,8,kg,40,FALSE,-1,N/A,,FALSE,40,FALSE,,FALSE,54,,54,0,TRUE,FALSE
C,A,19740101,1974,52,1974,566,NGA,Nigeria,M,Import,0,W00,World,0,W00,World,S1,S1,TRUE,5612,Phosphatic fertilizers and materials,4,FALSE,C00,TOTAL CPC,0,0,TOTAL MOT,8,kg,63018000,FALSE,-1,N/A,,FALSE,63018000,FALSE,,FALSE,8336214,,8336214,0,TRUE,FALSE
C,A,19740101,1974,52,1974,579,NOR,Norway,M,Import,0,W00,World,0,W00,World,S1,S1,TRUE,5612,Phosphatic fertilizers and materials,4,FALSE,C00,TOTAL CPC,0,0,TOTAL MOT,8,kg,32821756,FALSE,-1,N/A,,FALSE,32821756,FALSE,,FALSE,1580750,,1580750,0,TRUE,FALSE
C,A,19740101,1974,52,1974,579,NOR,Norway,X,Export,0,W00,World,0,W00,World,S1,S1,TRUE,5612,Phosphatic fertilizers and materials,4,FALSE,C00,TOTAL CPC,0,0,TOTAL MOT,8,kg,49202,FALSE,-1,N/A,,FALSE,49202,FALSE,,FALSE,,3321,3321,0,TRUE,FALSE
C,A,19740101,1974,52,1974,586,PAK,Pakistan,M,Import,0,W00,World,0,W00,World,S1,S1,TRUE,5612,Phosphatic fertilizers and materials,4,FALSE,C00,TOTAL CPC,0,0,TOTAL MOT,-1,N/A,0,FALSE,-1,N/A,,FALSE,,FALSE,,FALSE,8854823,,8854823,0,TRUE,FALSE
C,A,19740101,1974,52,1974,590,PAN,"Panama, excl.Canal Zone (...1977)",M,Import,0,W00,World,0,W00,World,S1,S1,TRUE,5612,Phosphatic fertilizers and materials,4,FALSE,C00,TOTAL CPC,0,0,TOTAL MOT,8,kg,286503,FALSE,-1,N/A,,FALSE,286503,FALSE,,FALSE,91292,,91292,0,TRUE,FALSE
C,A,19740101,1974,52,1974,598,PNG,Papua New Guinea,M,Import,0,W00,World,0,W00,World,S1,S1,TRUE,5612,Phosphatic fertilizers and materials,4,FALSE,C00,TOTAL CPC,0,0,TOTAL MOT,8,kg,714404,FALSE,-1,N/A,,FALSE,714404,FALSE,,FALSE,72689,,72689,0,TRUE,FALSE
C,A,19740101,1974,52,1974,600,PRY,Paraguay,M,Import,0,W00,World,0,W00,World,S1,S1,TRUE,5612,Phosphatic fertilizers and materials,4,FALSE,C00,TOTAL CPC,0,0,TOTAL MOT,8,kg,1781304,FALSE,-1,N/A,,FALSE,1781304,FALSE,,FALSE,238535,,238535,0,TRUE,FALSE
C,A,19740101,1974,52,1974,604,PER,Peru,M,Import,0,W00,World,0,W00,World,S1,S1,TRUE,5612,Phosphatic fertilizers and materials,4,FALSE,C00,TOTAL CPC,0,0,TOTAL MOT,8,kg,49835,FALSE,-1,N/A,,FALSE,49835,FALSE,,FALSE,10143,,10143,0,TRUE,FALSE
C,A,19740101,1974,52,1974,608,PHL,Philippines,M,Import,0,W00,World,0,W00,World,S1,S1,TRUE,5612,Phosphatic fertilizers and materials,4,FALSE,C00,TOTAL CPC,0,0,TOTAL MOT,8,kg,165626080,FALSE,-1,N/A,,FALSE,165626080,FALSE,,FALSE,7865764,,7865764,0,TRUE,FALSE
C,A,19740101,1974,52,1974,620,PRT,Portugal,M,Import,0,W00,World,0,W00,World,S1,S1,TRUE,5612,Phosphatic fertilizers and materials,4,FALSE,C00,TOTAL CPC,0,0,TOTAL MOT,8,kg,8826499,FALSE,-1,N/A,,FALSE,8826499,FALSE,,FALSE,666423,,666423,0,TRUE,FALSE
C,A,19740101,1974,52,1974,620,PRT,Portugal,X,Export,0,W00,World,0,W00,World,S1,S1,TRUE,5612,Phosphatic fertilizers and materials,4,FALSE,C00,TOTAL CPC,0,0,TOTAL MOT,8,kg,71488984,FALSE,-1,N/A,,FALSE,71488984,FALSE,,FALSE,,7526279,7526279,0,TRUE,FALSE
C,A,19740101,1974,52,1974,638,REU,RÈunion (Overseas France),M,Import,0,W00,World,0,W00,World,S1,S1,TRUE,5612,Phosphatic fertilizers and materials,4,FALSE,C00,TOTAL CPC,0,0,TOTAL MOT,8,kg,328062,FALSE,-1,N/A,,TRUE,328062,FALSE,-1,TRUE,27759,,27759,0,FALSE,FALSE
C,A,19740101,1974,52,1974,662,LCA,Saint Lucia,M,Import,0,W00,World,0,W00,World,S1,S1,TRUE,5612,Phosphatic fertilizers and materials,4,FALSE,C00,TOTAL CPC,0,0,TOTAL MOT,8,kg,635190,FALSE,-1,N/A,,FALSE,635190,FALSE,,FALSE,108006,,108006,0,TRUE,FALSE
C,A,19740101,1974,52,1974,682,SAU,Saudi Arabia,M,Import,0,W00,World,0,W00,World,S1,S1,TRUE,5612,Phosphatic fertilizers and materials,4,FALSE,C00,TOTAL CPC,0,0,TOTAL MOT,8,kg,4854267,FALSE,-1,N/A,,FALSE,4854267,FALSE,,FALSE,1672979,,1672979,0,TRUE,FALSE
C,A,19740101,1974,52,1974,686,SEN,Senegal,M,Import,0,W00,World,0,W00,World,S1,S1,TRUE,5612,Phosphatic fertilizers and materials,4,FALSE,C00,TOTAL CPC,0,0,TOTAL MOT,8,kg,100326,FALSE,-1,N/A,,FALSE,100326,FALSE,,FALSE,26369,,26369,0,TRUE,FALSE
C,A,19740101,1974,52,1974,686,SEN,Senegal,X,Export,0,W00,World,0,W00,World,S1,S1,TRUE,5612,Phosphatic fertilizers and materials,4,FALSE,C00,TOTAL CPC,0,0,TOTAL MOT,8,kg,118095072,FALSE,-1,N/A,,FALSE,118095072,FALSE,,FALSE,,10597653,10597653,0,TRUE,FALSE
C,A,19740101,1974,52,1974,694,SLE,Sierra Leone,M,Import,0,W00,World,0,W00,World,S1,S1,TRUE,5612,Phosphatic fertilizers and materials,4,FALSE,C00,TOTAL CPC,0,0,TOTAL MOT,8,kg,1447874,FALSE,-1,N/A,,FALSE,1447874,FALSE,,FALSE,131038,,131038,0,TRUE,FALSE
C,A,19740101,1974,52,1974,702,SGP,Singapore,M,Import,0,W00,World,0,W00,World,S1,S1,TRUE,5612,Phosphatic fertilizers and materials,4,FALSE,C00,TOTAL CPC,0,0,TOTAL MOT,8,kg,46133736,FALSE,-1,N/A,,FALSE,46133736,FALSE,,FALSE,10637827,,10637827,0,TRUE,FALSE
C,A,19740101,1974,52,1974,702,SGP,Singapore,X,Export,0,W00,World,0,W00,World,S1,S1,TRUE,5612,Phosphatic fertilizers and materials,4,FALSE,C00,TOTAL CPC,0,0,TOTAL MOT,8,kg,11166050,FALSE,-1,N/A,,FALSE,11166050,FALSE,,FALSE,,1800293,1800293,0,TRUE,FALSE
C,A,19740101,1974,52,1974,711,ZA1,Southern African Customs Union (...1999),M,Import,0,W00,World,0,W00,World,S1,S1,TRUE,5612,Phosphatic fertilizers and materials,4,FALSE,C00,TOTAL CPC,0,0,TOTAL MOT,8,kg,1803000,FALSE,-1,N/A,,FALSE,1803000,FALSE,,FALSE,48480,,48480,0,TRUE,FALSE
C,A,19740101,1974,52,1974,711,ZA1,Southern African Customs Union (...1999),X,Export,0,W00,World,0,W00,World,S1,S1,TRUE,5612,Phosphatic fertilizers and materials,4,FALSE,C00,TOTAL CPC,0,0,TOTAL MOT,-1,N/A,0,FALSE,-1,N/A,,FALSE,,FALSE,,FALSE,,12276267,12276267,0,TRUE,FALSE
C,A,19740101,1974,52,1974,724,ESP,Spain,M,Import,0,W00,World,0,W00,World,S1,S1,TRUE,5612,Phosphatic fertilizers and materials,4,FALSE,C00,TOTAL CPC,0,0,TOTAL MOT,8,kg,32117660,FALSE,-1,N/A,,FALSE,32117660,FALSE,,FALSE,1746907,,1746907,0,TRUE,FALSE
C,A,19740101,1974,52,1974,724,ESP,Spain,X,Export,0,W00,World,0,W00,World,S1,S1,TRUE,5612,Phosphatic fertilizers and materials,4,FALSE,C00,TOTAL CPC,0,0,TOTAL MOT,8,kg,223039872,FALSE,-1,N/A,,FALSE,223039872,FALSE,,FALSE,,18034056,18034056,0,TRUE,FALSE
C,A,19740101,1974,52,1974,736,SDN,Sudan (...2011),M,Import,0,W00,World,0,W00,World,S1,S1,TRUE,5612,Phosphatic fertilizers and materials,4,FALSE,C00,TOTAL CPC,0,0,TOTAL MOT,8,kg,0,FALSE,-1,N/A,,FALSE,,FALSE,,FALSE,1745,,1745,0,TRUE,FALSE
C,A,19740101,1974,52,1974,740,SUR,Suriname,M,Import,0,W00,World,0,W00,World,S1,S1,TRUE,5612,Phosphatic fertilizers and materials,4,FALSE,C00,TOTAL CPC,0,0,TOTAL MOT,8,kg,983500,FALSE,-1,N/A,,FALSE,983500,FALSE,,FALSE,257764,,257764,0,TRUE,FALSE
C,A,19740101,1974,52,1974,752,SWE,Sweden,M,Import,0,W00,World,0,W00,World,S1,S1,TRUE,5612,Phosphatic fertilizers and materials,4,FALSE,C00,TOTAL CPC,0,0,TOTAL MOT,8,kg,25351,FALSE,-1,N/A,,FALSE,25351,FALSE,,FALSE,1927,,1927,0,TRUE,FALSE
C,A,19740101,1974,52,1974,757,CHE,Switzerland,M,Import,0,W00,World,0,W00,World,S1,S1,TRUE,5612,Phosphatic fertilizers and materials,4,FALSE,C00,TOTAL CPC,0,0,TOTAL MOT,8,kg,195665648,FALSE,-1,N/A,,FALSE,195665648,FALSE,,FALSE,9336700,,9336700,0,TRUE,FALSE
C,A,19740101,1974,52,1974,757,CHE,Switzerland,X,Export,0,W00,World,0,W00,World,S1,S1,TRUE,5612,Phosphatic fertilizers and materials,4,FALSE,C00,TOTAL CPC,0,0,TOTAL MOT,8,kg,988,FALSE,-1,N/A,,FALSE,988,FALSE,,FALSE,,118,118,0,TRUE,FALSE
C,A,19740101,1974,52,1974,760,SYR,Syria,M,Import,0,W00,World,0,W00,World,S1,S1,TRUE,5612,Phosphatic fertilizers and materials,4,FALSE,C00,TOTAL CPC,0,0,TOTAL MOT,8,kg,34445536,FALSE,-1,N/A,,FALSE,34445536,FALSE,,FALSE,,6079214,6079214,0,TRUE,FALSE
C,A,19740101,1974,52,1974,764,THA,Thailand,M,Import,0,W00,World,0,W00,World,S1,S1,TRUE,5612,Phosphatic fertilizers and materials,4,FALSE,C00,TOTAL CPC,0,0,TOTAL MOT,8,kg,6178187,FALSE,-1,N/A,,FALSE,6178187,FALSE,,FALSE,877682,,877682,0,TRUE,FALSE
C,A,19740101,1974,52,1974,768,TGO,Togo,M,Import,0,W00,World,0,W00,World,S1,S1,TRUE,5612,Phosphatic fertilizers and materials,4,FALSE,C00,TOTAL CPC,0,0,TOTAL MOT,8,kg,70199,FALSE,-1,N/A,,FALSE,70199,FALSE,,FALSE,12170,,12170,0,TRUE,FALSE
C,A,19740101,1974,52,1974,780,TTO,Trinidad and Tobago,M,Import,0,W00,World,0,W00,World,S1,S1,TRUE,5612,Phosphatic fertilizers and materials,4,FALSE,C00,TOTAL CPC,0,0,TOTAL MOT,8,kg,1119709,FALSE,-1,N/A,,FALSE,1119709,FALSE,,FALSE,262572,,262572,0,TRUE,FALSE
C,A,19740101,1974,52,1974,780,TTO,Trinidad and Tobago,X,Export,0,W00,World,0,W00,World,S1,S1,TRUE,5612,Phosphatic fertilizers and materials,4,FALSE,C00,TOTAL CPC,0,0,TOTAL MOT,8,kg,36247,FALSE,-1,N/A,,FALSE,36247,FALSE,,FALSE,,5132,5132,0,TRUE,FALSE
C,A,19740101,1974,52,1974,788,TUN,Tunisia,M,Import,0,W00,World,0,W00,World,S1,S1,TRUE,5612,Phosphatic fertilizers and materials,4,FALSE,C00,TOTAL CPC,0,0,TOTAL MOT,8,kg,394,FALSE,-1,N/A,,FALSE,394,FALSE,,FALSE,521,,521,0,TRUE,FALSE
C,A,19740101,1974,52,1974,788,TUN,Tunisia,X,Export,0,W00,World,0,W00,World,S1,S1,TRUE,5612,Phosphatic fertilizers and materials,4,FALSE,C00,TOTAL CPC,0,0,TOTAL MOT,8,kg,398989856,FALSE,-1,N/A,,FALSE,398989856,FALSE,,FALSE,,77804296,77804296,0,TRUE,FALSE
C,A,19740101,1974,52,1974,792,TUR,TÅEkiye,M,Import,0,W00,World,0,W00,World,S1,S1,TRUE,5612,Phosphatic fertilizers and materials,4,FALSE,C00,TOTAL CPC,0,0,TOTAL MOT,8,kg,10297500,FALSE,-1,N/A,,FALSE,10297500,FALSE,,FALSE,531803,,531803,0,TRUE,FALSE
C,A,19740101,1974,52,1974,818,EGY,Egypt,M,Import,0,W00,World,0,W00,World,S1,S1,TRUE,5612,Phosphatic fertilizers and materials,4,FALSE,C00,TOTAL CPC,0,0,TOTAL MOT,8,kg,507101,FALSE,-1,N/A,,FALSE,507101,FALSE,,FALSE,132856,,132856,0,TRUE,FALSE
C,A,19740101,1974,52,1974,818,EGY,Egypt,X,Export,0,W00,World,0,W00,World,S1,S1,TRUE,5612,Phosphatic fertilizers and materials,4,FALSE,C00,TOTAL CPC,0,0,TOTAL MOT,8,kg,32620000,FALSE,-1,N/A,,FALSE,32620000,FALSE,,FALSE,,639119,639119,0,TRUE,FALSE
C,A,19740101,1974,52,1974,826,GBR,United Kingdom,M,Import,0,W00,World,0,W00,World,S1,S1,TRUE,5612,Phosphatic fertilizers and materials,4,FALSE,C00,TOTAL CPC,0,0,TOTAL MOT,8,kg,74856000,FALSE,-1,N/A,,FALSE,74856000,FALSE,,FALSE,4953393,,4953393,0,TRUE,FALSE
C,A,19740101,1974,52,1974,826,GBR,United Kingdom,X,Export,0,W00,World,0,W00,World,S1,S1,TRUE,5612,Phosphatic fertilizers and materials,4,FALSE,C00,TOTAL CPC,0,0,TOTAL MOT,8,kg,91204000,FALSE,-1,N/A,,FALSE,91204000,FALSE,,FALSE,,12408920,12408920,0,TRUE,FALSE
C,A,19740101,1974,52,1974,841,USA,USA and Puerto Rico (...1980),M,Import,0,W00,World,0,W00,World,S1,S1,TRUE,5612,Phosphatic fertilizers and materials,4,FALSE,C00,TOTAL CPC,0,0,TOTAL MOT,8,kg,183867231,FALSE,-1,N/A,,FALSE,183867231,FALSE,,FALSE,,32512859,32512859,0,TRUE,FALSE
C,A,19740101,1974,52,1974,841,USA,USA and Puerto Rico (...1980),X,Export,0,W00,World,0,W00,World,S1,S1,TRUE,5612,Phosphatic fertilizers and materials,4,FALSE,C00,TOTAL CPC,0,0,TOTAL MOT,8,kg,1046325352,FALSE,-1,N/A,,FALSE,1046325352,FALSE,,FALSE,,227490353,227490353,0,TRUE,FALSE
C,A,19740101,1974,52,1974,854,BFA,Burkina Faso,M,Import,0,W00,World,0,W00,World,S1,S1,TRUE,5612,Phosphatic fertilizers and materials,4,FALSE,C00,TOTAL CPC,0,0,TOTAL MOT,8,kg,929894,FALSE,-1,N/A,,FALSE,929894,FALSE,,FALSE,199925,,199925,0,TRUE,FALSE
C,A,19740101,1974,52,1974,858,URY,Uruguay,M,Import,0,W00,World,0,W00,World,S1,S1,TRUE,5612,Phosphatic fertilizers and materials,4,FALSE,C00,TOTAL CPC,0,0,TOTAL MOT,-1,N/A,0,FALSE,-1,N/A,,FALSE,,FALSE,,FALSE,1103626,,1103626,0,TRUE,FALSE
C,A,19740101,1974,52,1974,858,URY,Uruguay,X,Export,0,W00,World,0,W00,World,S1,S1,TRUE,5612,Phosphatic fertilizers and materials,4,FALSE,C00,TOTAL CPC,0,0,TOTAL MOT,-1,N/A,0,FALSE,-1,N/A,,FALSE,,FALSE,,FALSE,,1807018,1807018,0,TRUE,FALSE
C,A,19740101,1974,52,1974,862,VEN,Venezuela,M,Import,0,W00,World,0,W00,World,S1,S1,TRUE,5612,Phosphatic fertilizers and materials,4,FALSE,C00,TOTAL CPC,0,0,TOTAL MOT,8,kg,18449096,FALSE,-1,N/A,,FALSE,18449096,FALSE,,FALSE,,5975819,5975819,0,TRUE,FALSE
C,A,19740101,1974,52,1974,862,VEN,Venezuela,X,Export,0,W00,World,0,W00,World,S1,S1,TRUE,5612,Phosphatic fertilizers and materials,4,FALSE,C00,TOTAL CPC,0,0,TOTAL MOT,8,kg,6000,FALSE,-1,N/A,,FALSE,6000,FALSE,,FALSE,,1199,1199,0,TRUE,FALSE
C,A,19740101,1974,52,1974,890,YUG,Yugoslavia (...1991),M,Import,0,W00,World,0,W00,World,S1,S1,TRUE,5612,Phosphatic fertilizers and materials,4,FALSE,C00,TOTAL CPC,0,0,TOTAL MOT,8,kg,20966250,FALSE,-1,N/A,,FALSE,20966250,FALSE,,FALSE,4681331,,4681331,0,TRUE,FALSE
C,A,19740101,1974,52,1974,890,YUG,Yugoslavia (...1991),X,Export,0,W00,World,0,W00,World,S1,S1,TRUE,5612,Phosphatic fertilizers and materials,4,FALSE,C00,TOTAL CPC,0,0,TOTAL MOT,8,kg,239805712,FALSE,-1,N/A,,FALSE,239805712,FALSE,,FALSE,,21475788,21475788,0,TRUE,FALSE
C,A,19740101,1974,52,1974,894,ZMB,Zambia,M,Import,0,W00,World,0,W00,World,S1,S1,TRUE,5612,Phosphatic fertilizers and materials,4,FALSE,C00,TOTAL CPC,0,0,TOTAL MOT,8,kg,9490000,FALSE,-1,N/A,,FALSE,9490000,FALSE,,FALSE,,1478908,1478908,0,TRUE,FALSE
C,A,19750101,1975,52,1975,4,AFG,Afghanistan,M,Import,0,W00,World,0,W00,World,S1,S1,TRUE,5612,Phosphatic fertilizers and materials,4,FALSE,C00,TOTAL CPC,0,0,TOTAL MOT,8,kg,20508000,FALSE,-1,N/A,,FALSE,20508000,FALSE,,FALSE,7849841,,7849841,0,TRUE,FALSE
C,A,19750101,1975,52,1975,12,DZA,Algeria,M,Import,0,W00,World,0,W00,World,S1,S1,TRUE,5612,Phosphatic fertilizers and materials,4,FALSE,C00,TOTAL CPC,0,0,TOTAL MOT,8,kg,20100128,FALSE,-1,N/A,,FALSE,20100128,FALSE,,FALSE,5591899,,5591899,0,TRUE,FALSE
C,A,19750101,1975,52,1975,28,ATG,Antigua and Barbuda,M,Import,0,W00,World,0,W00,World,S1,S1,TRUE,5612,Phosphatic fertilizers and materials,4,FALSE,C00,TOTAL CPC,0,0,TOTAL MOT,-1,N/A,0,FALSE,-1,N/A,,FALSE,,FALSE,,FALSE,5405,,5405,0,TRUE,FALSE
C,A,19750101,1975,52,1975,32,ARG,Argentina,M,Import,0,W00,World,0,W00,World,S1,S1,TRUE,5612,Phosphatic fertilizers and materials,4,FALSE,C00,TOTAL CPC,0,0,TOTAL MOT,8,kg,20174308,FALSE,-1,N/A,,FALSE,20174308,FALSE,,FALSE,7081995,,7081995,0,TRUE,FALSE
C,A,19750101,1975,52,1975,32,ARG,Argentina,X,Export,0,W00,World,0,W00,World,S1,S1,TRUE,5612,Phosphatic fertilizers and materials,4,FALSE,C00,TOTAL CPC,0,0,TOTAL MOT,8,kg,184000,FALSE,-1,N/A,,FALSE,184000,FALSE,,FALSE,,9608,9608,0,TRUE,FALSE
C,A,19750101,1975,52,1975,36,AUS,Australia,M,Import,0,W00,World,0,W00,World,S1,S1,TRUE,5612,Phosphatic fertilizers and materials,4,FALSE,C00,TOTAL CPC,0,0,TOTAL MOT,8,kg,52324,FALSE,-1,N/A,,FALSE,52324,FALSE,,FALSE,,12739,12739,0,TRUE,FALSE
C,A,19750101,1975,52,1975,36,AUS,Australia,X,Export,0,W00,World,0,W00,World,S1,S1,TRUE,5612,Phosphatic fertilizers and materials,4,FALSE,C00,TOTAL CPC,0,0,TOTAL MOT,8,kg,8112493,FALSE,-1,N/A,,FALSE,8112493,FALSE,,FALSE,,1621060,1621060,0,TRUE,FALSE
C,A,19750101,1975,52,1975,52,BRB,Barbados,M,Import,0,W00,World,0,W00,World,S1,S1,TRUE,5612,Phosphatic fertilizers and materials,4,FALSE,C00,TOTAL CPC,0,0,TOTAL MOT,8,kg,15250,FALSE,-1,N/A,,FALSE,15250,FALSE,,FALSE,2479,,2479,0,TRUE,FALSE
C,A,19750101,1975,52,1975,58,BEL,Belgium-Luxembourg (...1998),M,Import,0,W00,World,0,W00,World,S1,S1,TRUE,5612,Phosphatic fertilizers and materials,4,FALSE,C00,TOTAL CPC,0,0,TOTAL MOT,8,kg,36225712,FALSE,-1,N/A,,FALSE,36225712,FALSE,,FALSE,5874423,,5874423,0,TRUE,FALSE
C,A,19750101,1975,52,1975,58,BEL,Belgium-Luxembourg (...1998),X,Export,0,W00,World,0,W00,World,S1,S1,TRUE,5612,Phosphatic fertilizers and materials,4,FALSE,C00,TOTAL CPC,0,0,TOTAL MOT,8,kg,1761744512,FALSE,-1,N/A,,FALSE,1761744512,FALSE,,FALSE,,88383696,88383696,0,TRUE,FALSE
C,A,19750101,1975,52,1975,68,BOL,Bolivia (Plurinational State of),M,Import,0,W00,World,0,W00,World,S1,S1,TRUE,5612,Phosphatic fertilizers and materials,4,FALSE,C00,TOTAL CPC,0,0,TOTAL MOT,8,kg,1227883,FALSE,-1,N/A,,FALSE,1227883,FALSE,,FALSE,735528,,735528,0,TRUE,FALSE
C,A,19750101,1975,52,1975,76,BRA,Brazil,M,Import,0,W00,World,0,W00,World,S1,S1,TRUE,5612,Phosphatic fertilizers and materials,4,FALSE,C00,TOTAL CPC,0,0,TOTAL MOT,8,kg,535794144,FALSE,-1,N/A,,FALSE,535794144,FALSE,,FALSE,90816608,,90816608,0,TRUE,FALSE
C,A,19750101,1975,52,1975,76,BRA,Brazil,X,Export,0,W00,World,0,W00,World,S1,S1,TRUE,5612,Phosphatic fertilizers and materials,4,FALSE,C00,TOTAL CPC,0,0,TOTAL MOT,8,kg,100000,FALSE,-1,N/A,,FALSE,100000,FALSE,,FALSE,,19699,19699,0,TRUE,FALSE
C,A,19750101,1975,52,1975,84,BLZ,Belize,M,Import,0,W00,World,0,W00,World,S1,S1,TRUE,5612,Phosphatic fertilizers and materials,4,FALSE,C00,TOTAL CPC,0,0,TOTAL MOT,8,kg,1915062,FALSE,-1,N/A,,FALSE,1915062,FALSE,,FALSE,637049,,637049,0,TRUE,FALSE
C,A,19750101,1975,52,1975,96,BRN,Brunei Darussalam,M,Import,0,W00,World,0,W00,World,S1,S1,TRUE,5612,Phosphatic fertilizers and materials,4,FALSE,C00,TOTAL CPC,0,0,TOTAL MOT,8,kg,1761,FALSE,-1,N/A,,FALSE,1761,FALSE,,FALSE,377,,377,0,TRUE,FALSE
C,A,19750101,1975,52,1975,104,MMR,Myanmar,M,Import,0,W00,World,0,W00,World,S1,S1,TRUE,5612,Phosphatic fertilizers and materials,4,FALSE,C00,TOTAL CPC,0,0,TOTAL MOT,8,kg,85347,FALSE,-1,N/A,,FALSE,85347,FALSE,,FALSE,12996,,12996,0,TRUE,FALSE
C,A,19750101,1975,52,1975,108,BDI,Burundi,M,Import,0,W00,World,0,W00,World,S1,S1,TRUE,5612,Phosphatic fertilizers and materials,4,FALSE,C00,TOTAL CPC,0,0,TOTAL MOT,8,kg,224027,FALSE,-1,N/A,,FALSE,224027,FALSE,,FALSE,86542,,86542,0,TRUE,FALSE
C,A,19750101,1975,52,1975,120,CMR,Cameroon,M,Import,0,W00,World,0,W00,World,S1,S1,TRUE,5612,Phosphatic fertilizers and materials,4,FALSE,C00,TOTAL CPC,0,0,TOTAL MOT,8,kg,380000,FALSE,-1,N/A,,FALSE,380000,FALSE,,FALSE,80634,,80634,0,TRUE,FALSE
C,A,19750101,1975,52,1975,120,CMR,Cameroon,X,Export,0,W00,World,0,W00,World,S1,S1,TRUE,5612,Phosphatic fertilizers and materials,4,FALSE,C00,TOTAL CPC,0,0,TOTAL MOT,8,kg,34000,FALSE,-1,N/A,,FALSE,34000,FALSE,,FALSE,,10396,10396,0,TRUE,FALSE
C,A,19750101,1975,52,1975,124,CAN,Canada,M,Import,0,W00,World,0,W00,World,S1,S1,TRUE,5612,Phosphatic fertilizers and materials,4,FALSE,C00,TOTAL CPC,0,0,TOTAL MOT,8,kg,126975000,FALSE,-1,N/A,,FALSE,126975000,FALSE,,FALSE,,21285082,21285082,0,TRUE,FALSE
C,A,19750101,1975,52,1975,124,CAN,Canada,X,Export,0,W00,World,0,W00,World,S1,S1,TRUE,5612,Phosphatic fertilizers and materials,4,FALSE,C00,TOTAL CPC,0,0,TOTAL MOT,8,kg,18450000,FALSE,-1,N/A,,FALSE,18450000,FALSE,,FALSE,,2735004,2735004,0,TRUE,FALSE
C,A,19750101,1975,52,1975,140,CAF,Central African Rep.,M,Import,0,W00,World,0,W00,World,S1,S1,TRUE,5612,Phosphatic fertilizers and materials,4,FALSE,C00,TOTAL CPC,0,0,TOTAL MOT,8,kg,51000,FALSE,-1,N/A,,FALSE,51000,FALSE,,FALSE,13899,,13899,0,TRUE,FALSE
C,A,19750101,1975,52,1975,144,LKA,Sri Lanka,M,Import,0,W00,World,0,W00,World,S1,S1,TRUE,5612,Phosphatic fertilizers and materials,4,FALSE,C00,TOTAL CPC,0,0,TOTAL MOT,8,kg,56072376,FALSE,-1,N/A,,FALSE,56072376,FALSE,,FALSE,9457719,,9457719,0,TRUE,FALSE
C,A,19750101,1975,52,1975,152,CHL,Chile,M,Import,0,W00,World,0,W00,World,S1,S1,TRUE,5612,Phosphatic fertilizers and materials,4,FALSE,C00,TOTAL CPC,0,0,TOTAL MOT,8,kg,60858000,FALSE,-1,N/A,,FALSE,60858000,FALSE,,FALSE,21948408,,21948408,0,TRUE,FALSE
C,A,19750101,1975,52,1975,170,COL,Colombia,M,Import,0,W00,World,0,W00,World,S1,S1,TRUE,5612,Phosphatic fertilizers and materials,4,FALSE,C00,TOTAL CPC,0,0,TOTAL MOT,8,kg,19734152,FALSE,-1,N/A,,FALSE,19734152,FALSE,,FALSE,3238002,,3238002,0,TRUE,FALSE
C,A,19750101,1975,52,1975,180,COD,Dem. Rep. of the Congo,M,Import,0,W00,World,0,W00,World,S1,S1,TRUE,5612,Phosphatic fertilizers and materials,4,FALSE,C00,TOTAL CPC,0,0,TOTAL MOT,8,kg,1882499,FALSE,-1,N/A,,FALSE,1882499,FALSE,,FALSE,500972,,500972,0,TRUE,FALSE
C,A,19750101,1975,52,1975,188,CRI,Costa Rica,M,Import,0,W00,World,0,W00,World,S1,S1,TRUE,5612,Phosphatic fertilizers and materials,4,FALSE,C00,TOTAL CPC,0,0,TOTAL MOT,8,kg,56329152,FALSE,-1,N/A,,FALSE,56329152,FALSE,,FALSE,15227283,,15227283,0,TRUE,FALSE
C,A,19750101,1975,52,1975,196,CYP,Cyprus,M,Import,0,W00,World,0,W00,World,S1,S1,TRUE,5612,Phosphatic fertilizers and materials,4,FALSE,C00,TOTAL CPC,0,0,TOTAL MOT,8,kg,2208409,FALSE,-1,N/A,,FALSE,2208409,FALSE,,FALSE,276409,,276409,0,TRUE,FALSE
C,A,19750101,1975,52,1975,208,DNK,Denmark,M,Import,0,W00,World,0,W00,World,S1,S1,TRUE,5612,Phosphatic fertilizers and materials,4,FALSE,C00,TOTAL CPC,0,0,TOTAL MOT,8,kg,502171,FALSE,-1,N/A,,FALSE,502171,FALSE,,FALSE,116962,,116962,0,TRUE,FALSE
C,A,19750101,1975,52,1975,208,DNK,Denmark,X,Export,0,W00,World,0,W00,World,S1,S1,TRUE,5612,Phosphatic fertilizers and materials,4,FALSE,C00,TOTAL CPC,0,0,TOTAL MOT,8,kg,23924384,FALSE,-1,N/A,,FALSE,23924384,FALSE,,FALSE,,6169373,6169373,0,TRUE,FALSE
C,A,19750101,1975,52,1975,214,DOM,Dominican Rep.,M,Import,0,W00,World,0,W00,World,S1,S1,TRUE,5612,Phosphatic fertilizers and materials,4,FALSE,C00,TOTAL CPC,0,0,TOTAL MOT,8,kg,4695675,FALSE,-1,N/A,,FALSE,4695675,FALSE,,FALSE,,851969,851969,0,TRUE,FALSE
C,A,19750101,1975,52,1975,218,ECU,Ecuador,M,Import,0,W00,World,0,W00,World,S1,S1,TRUE,5612,Phosphatic fertilizers and materials,4,FALSE,C00,TOTAL CPC,0,0,TOTAL MOT,8,kg,26223672,FALSE,-1,N/A,,FALSE,26223672,FALSE,,FALSE,3002374,,3002374,0,TRUE,FALSE
C,A,19750101,1975,52,1975,222,SLV,El Salvador,M,Import,0,W00,World,0,W00,World,S1,S1,TRUE,5612,Phosphatic fertilizers and materials,4,FALSE,C00,TOTAL CPC,0,0,TOTAL MOT,8,kg,38073952,FALSE,-1,N/A,,FALSE,38073952,FALSE,,FALSE,10394515,,10394515,0,TRUE,FALSE
C,A,19750101,1975,52,1975,242,FJI,Fiji,M,Import,0,W00,World,0,W00,World,S1,S1,TRUE,5612,Phosphatic fertilizers and materials,4,FALSE,C00,TOTAL CPC,0,0,TOTAL MOT,8,kg,6856747,FALSE,-1,N/A,,FALSE,6856747,FALSE,,FALSE,1028866,,1028866,0,TRUE,FALSE
C,A,19750101,1975,52,1975,246,FIN,Finland,M,Import,0,W00,World,0,W00,World,S1,S1,TRUE,5612,Phosphatic fertilizers and materials,4,FALSE,C00,TOTAL CPC,0,0,TOTAL MOT,8,kg,690000,FALSE,-1,N/A,,FALSE,690000,FALSE,,FALSE,239162,,239162,0,TRUE,FALSE
C,A,19750101,1975,52,1975,246,FIN,Finland,X,Export,0,W00,World,0,W00,World,S1,S1,TRUE,5612,Phosphatic fertilizers and materials,4,FALSE,C00,TOTAL CPC,0,0,TOTAL MOT,8,kg,6050,FALSE,-1,N/A,,FALSE,6050,FALSE,,FALSE,,516,516,0,TRUE,FALSE
C,A,19750101,1975,52,1975,251,FRA,France,M,Import,0,W00,World,0,W00,World,S1,S1,TRUE,5612,Phosphatic fertilizers and materials,4,FALSE,C00,TOTAL CPC,0,0,TOTAL MOT,8,kg,755032768,FALSE,-1,N/A,,FALSE,755032768,FALSE,,FALSE,43669472,,43669472,0,TRUE,FALSE
C,A,19750101,1975,52,1975,251,FRA,France,X,Export,0,W00,World,0,W00,World,S1,S1,TRUE,5612,Phosphatic fertilizers and materials,4,FALSE,C00,TOTAL CPC,0,0,TOTAL MOT,8,kg,298086816,FALSE,-1,N/A,,FALSE,298086816,FALSE,,FALSE,,33559688,33559688,0,TRUE,FALSE
C,A,19750101,1975,52,1975,258,PYF,French Polynesia,M,Import,0,W00,World,0,W00,World,S1,S1,TRUE,5612,Phosphatic fertilizers and materials,4,FALSE,C00,TOTAL CPC,0,0,TOTAL MOT,8,kg,55523,FALSE,-1,N/A,,FALSE,55523,FALSE,,FALSE,18265,,18265,0,TRUE,FALSE
C,A,19750101,1975,52,1975,266,GAB,Gabon,M,Import,0,W00,World,0,W00,World,S1,S1,TRUE,5612,Phosphatic fertilizers and materials,4,FALSE,C00,TOTAL CPC,0,0,TOTAL MOT,8,kg,97,FALSE,-1,N/A,,FALSE,97,FALSE,,FALSE,829,,829,0,TRUE,FALSE
C,A,19750101,1975,52,1975,280,DEU,Fed. Rep. of Germany (...1990),M,Import,0,W00,World,0,W00,World,S1,S1,TRUE,5612,Phosphatic fertilizers and materials,4,FALSE,C00,TOTAL CPC,0,0,TOTAL MOT,8,kg,735623232,FALSE,-1,N/A,,TRUE,735623232,FALSE,-1,TRUE,36954000,,36954000,0,FALSE,FALSE
C,A,19750101,1975,52,1975,280,DEU,Fed. Rep. of Germany (...1990),X,Export,0,W00,World,0,W00,World,S1,S1,TRUE,5612,Phosphatic fertilizers and materials,4,FALSE,C00,TOTAL CPC,0,0,TOTAL MOT,8,kg,82615464,FALSE,-1,N/A,,TRUE,82615464,FALSE,-1,TRUE,,10126000,10126000,0,FALSE,FALSE
C,A,19750101,1975,52,1975,288,GHA,Ghana,M,Import,0,W00,World,0,W00,World,S1,S1,TRUE,5612,Phosphatic fertilizers and materials,4,FALSE,C00,TOTAL CPC,0,0,TOTAL MOT,8,kg,516050,FALSE,-1,N/A,,FALSE,516050,FALSE,,FALSE,67083,,67083,0,TRUE,FALSE
C,A,19750101,1975,52,1975,296,KIR,Kiribati,M,Import,0,W00,World,0,W00,World,S1,S1,TRUE,5612,Phosphatic fertilizers and materials,4,FALSE,C00,TOTAL CPC,0,0,TOTAL MOT,8,kg,5409,FALSE,-1,N/A,,FALSE,5409,FALSE,,FALSE,300,,300,0,TRUE,FALSE
C,A,19750101,1975,52,1975,300,GRC,Greece,X,Export,0,W00,World,0,W00,World,S1,S1,TRUE,5612,Phosphatic fertilizers and materials,4,FALSE,C00,TOTAL CPC,0,0,TOTAL MOT,8,kg,5250000,FALSE,-1,N/A,,FALSE,5250000,FALSE,,FALSE,,1542926,1542926,0,TRUE,FALSE
C,A,19750101,1975,52,1975,312,GLP,Guadeloupe (Overseas France),M,Import,0,W00,World,0,W00,World,S1,S1,TRUE,5612,Phosphatic fertilizers and materials,4,FALSE,C00,TOTAL CPC,0,0,TOTAL MOT,8,kg,669375,FALSE,-1,N/A,,FALSE,669375,FALSE,,FALSE,94503,,94503,0,TRUE,FALSE
C,A,19750101,1975,52,1975,320,GTM,Guatemala,M,Import,0,W00,World,0,W00,World,S1,S1,TRUE,5612,Phosphatic fertilizers and materials,4,FALSE,C00,TOTAL CPC,0,0,TOTAL MOT,8,kg,15313144,FALSE,-1,N/A,,FALSE,15313144,FALSE,,FALSE,5098669,,5098669,0,TRUE,FALSE
C,A,19750101,1975,52,1975,320,GTM,Guatemala,X,Export,0,W00,World,0,W00,World,S1,S1,TRUE,5612,Phosphatic fertilizers and materials,4,FALSE,C00,TOTAL CPC,0,0,TOTAL MOT,8,kg,20640,FALSE,-1,N/A,,FALSE,20640,FALSE,,FALSE,,5758,5758,0,TRUE,FALSE
C,A,19750101,1975,52,1975,328,GUY,Guyana,M,Import,0,W00,World,0,W00,World,S1,S1,TRUE,5612,Phosphatic fertilizers and materials,4,FALSE,C00,TOTAL CPC,0,0,TOTAL MOT,8,kg,15981389,FALSE,-1,N/A,,FALSE,15981389,FALSE,,FALSE,1917664,,1917664,0,TRUE,FALSE
C,A,19750101,1975,52,1975,340,HND,Honduras,M,Import,0,W00,World,0,W00,World,S1,S1,TRUE,5612,Phosphatic fertilizers and materials,4,FALSE,C00,TOTAL CPC,0,0,TOTAL MOT,8,kg,3802982,FALSE,-1,N/A,,FALSE,3802982,FALSE,,FALSE,1460661,,1460661,0,TRUE,FALSE
C,A,19750101,1975,52,1975,344,HKG,"China, Hong Kong SAR",M,Import,0,W00,World,0,W00,World,S1,S1,TRUE,5612,Phosphatic fertilizers and materials,4,FALSE,C00,TOTAL CPC,0,0,TOTAL MOT,8,kg,71046,FALSE,-1,N/A,,FALSE,71046,FALSE,,FALSE,36600,,36600,0,TRUE,FALSE
C,A,19750101,1975,52,1975,352,ISL,Iceland,M,Import,0,W00,World,0,W00,World,S1,S1,TRUE,5612,Phosphatic fertilizers and materials,4,FALSE,C00,TOTAL CPC,0,0,TOTAL MOT,8,kg,895510,FALSE,-1,N/A,,FALSE,895510,FALSE,,FALSE,332264,,332264,0,TRUE,FALSE
C,A,19750101,1975,52,1975,360,IDN,Indonesia,M,Import,0,W00,World,0,W00,World,S1,S1,TRUE,5612,Phosphatic fertilizers and materials,4,FALSE,C00,TOTAL CPC,0,0,TOTAL MOT,8,kg,388701056,FALSE,-1,N/A,,FALSE,388701056,FALSE,,FALSE,109288376,,109288376,0,TRUE,FALSE
C,A,19750101,1975,52,1975,364,IRN,Iran,M,Import,0,W00,World,0,W00,World,S1,S1,TRUE,5612,Phosphatic fertilizers and materials,4,FALSE,C00,TOTAL CPC,0,0,TOTAL MOT,8,kg,240421888,FALSE,-1,N/A,,FALSE,240421888,FALSE,,FALSE,28569268,,28569268,0,TRUE,FALSE
C,A,19750101,1975,52,1975,368,IRQ,Iraq,M,Import,0,W00,World,0,W00,World,S1,S1,TRUE,5612,Phosphatic fertilizers and materials,4,FALSE,C00,TOTAL CPC,0,0,TOTAL MOT,8,kg,37913937,FALSE,-1,N/A,,FALSE,37913937,FALSE,,FALSE,25886696,,25886696,0,TRUE,FALSE
C,A,19750101,1975,52,1975,372,IRL,Ireland,M,Import,0,W00,World,0,W00,World,S1,S1,TRUE,5612,Phosphatic fertilizers and materials,4,FALSE,C00,TOTAL CPC,0,0,TOTAL MOT,8,kg,116394000,FALSE,-1,N/A,,FALSE,116394000,FALSE,,FALSE,10535174,,10535174,0,TRUE,FALSE
C,A,19750101,1975,52,1975,372,IRL,Ireland,X,Export,0,W00,World,0,W00,World,S1,S1,TRUE,5612,Phosphatic fertilizers and materials,4,FALSE,C00,TOTAL CPC,0,0,TOTAL MOT,8,kg,30514000,FALSE,-1,N/A,,FALSE,30514000,FALSE,,FALSE,,7804091,7804091,0,TRUE,FALSE
C,A,19750101,1975,52,1975,376,ISR,Israel,M,Import,0,W00,World,0,W00,World,S1,S1,TRUE,5612,Phosphatic fertilizers and materials,4,FALSE,C00,TOTAL CPC,0,0,TOTAL MOT,-1,N/A,0,FALSE,-1,N/A,,FALSE,,FALSE,,FALSE,109,,109,0,TRUE,FALSE
C,A,19750101,1975,52,1975,376,ISR,Israel,X,Export,0,W00,World,0,W00,World,S1,S1,TRUE,5612,Phosphatic fertilizers and materials,4,FALSE,C00,TOTAL CPC,0,0,TOTAL MOT,8,kg,161996848,FALSE,-1,N/A,,FALSE,161996848,FALSE,,FALSE,,16113220,16113220,0,TRUE,FALSE
C,A,19750101,1975,52,1975,380,ITA,Italy,M,Import,0,W00,World,0,W00,World,S1,S1,TRUE,5612,Phosphatic fertilizers and materials,4,FALSE,C00,TOTAL CPC,0,0,TOTAL MOT,8,kg,177869872,FALSE,-1,N/A,,TRUE,177869872,FALSE,-1,TRUE,19881762,,19881762,0,FALSE,FALSE
C,A,19750101,1975,52,1975,380,ITA,Italy,X,Export,0,W00,World,0,W00,World,S1,S1,TRUE,5612,Phosphatic fertilizers and materials,4,FALSE,C00,TOTAL CPC,0,0,TOTAL MOT,8,kg,23833526,FALSE,-1,N/A,,TRUE,23833526,FALSE,-1,TRUE,,4798781,4798781,0,FALSE,FALSE
C,A,19750101,1975,52,1975,384,CIV,CÙte d'Ivoire,M,Import,0,W00,World,0,W00,World,S1,S1,TRUE,5612,Phosphatic fertilizers and materials,4,FALSE,C00,TOTAL CPC,0,0,TOTAL MOT,8,kg,1882764,FALSE,-1,N/A,,FALSE,1882764,FALSE,,FALSE,292233,,292233,0,TRUE,FALSE
C,A,19750101,1975,52,1975,384,CIV,CÙte d'Ivoire,X,Export,0,W00,World,0,W00,World,S1,S1,TRUE,5612,Phosphatic fertilizers and materials,4,FALSE,C00,TOTAL CPC,0,0,TOTAL MOT,8,kg,2351968,FALSE,-1,N/A,,FALSE,2351968,FALSE,,FALSE,,1353973,1353973,0,TRUE,FALSE
C,A,19750101,1975,52,1975,388,JAM,Jamaica,M,Import,0,W00,World,0,W00,World,S1,S1,TRUE,5612,Phosphatic fertilizers and materials,4,FALSE,C00,TOTAL CPC,0,0,TOTAL MOT,8,kg,4437455,FALSE,-1,N/A,,FALSE,4437455,FALSE,,FALSE,1210618,,1210618,0,TRUE,FALSE
C,A,19750101,1975,52,1975,392,JPN,Japan,M,Import,0,W00,World,0,W00,World,S1,S1,TRUE,5612,Phosphatic fertilizers and materials,4,FALSE,C00,TOTAL CPC,0,0,TOTAL MOT,8,kg,5590000,FALSE,-1,N/A,,FALSE,5590000,FALSE,,FALSE,875518,,875518,0,TRUE,FALSE
C,A,19750101,1975,52,1975,392,JPN,Japan,X,Export,0,W00,World,0,W00,World,S1,S1,TRUE,5612,Phosphatic fertilizers and materials,4,FALSE,C00,TOTAL CPC,0,0,TOTAL MOT,8,kg,8788000,FALSE,-1,N/A,,FALSE,8788000,FALSE,,FALSE,,1837487,1837487,0,TRUE,FALSE
C,A,19750101,1975,52,1975,400,JOR,Jordan,M,Import,0,W00,World,0,W00,World,S1,S1,TRUE,5612,Phosphatic fertilizers and materials,4,FALSE,C00,TOTAL CPC,0,0,TOTAL MOT,8,kg,4384504,FALSE,-1,N/A,,FALSE,4384504,FALSE,,FALSE,891032,,891032,0,TRUE,FALSE
C,A,19750101,1975,52,1975,410,KOR,Rep. of Korea,M,Import,0,W00,World,0,W00,World,S1,S1,TRUE,5612,Phosphatic fertilizers and materials,4,FALSE,C00,TOTAL CPC,0,0,TOTAL MOT,8,kg,172515904,FALSE,-1,N/A,,FALSE,172515904,FALSE,,FALSE,63938984,,63938984,0,TRUE,FALSE
C,A,19750101,1975,52,1975,430,LBR,Liberia,M,Import,0,W00,World,0,W00,World,S1,S1,TRUE,5612,Phosphatic fertilizers and materials,4,FALSE,C00,TOTAL CPC,0,0,TOTAL MOT,8,kg,591500,FALSE,-1,N/A,,FALSE,591500,FALSE,,FALSE,107912,,107912,0,TRUE,FALSE
C,A,19750101,1975,52,1975,434,LBY,Libya,M,Import,0,W00,World,0,W00,World,S1,S1,TRUE,5612,Phosphatic fertilizers and materials,4,FALSE,C00,TOTAL CPC,0,0,TOTAL MOT,8,kg,11000,FALSE,-1,N/A,,FALSE,11000,FALSE,,FALSE,2330,,2330,0,TRUE,FALSE
C,A,19750101,1975,52,1975,450,MDG,Madagascar,M,Import,0,W00,World,0,W00,World,S1,S1,TRUE,5612,Phosphatic fertilizers and materials,4,FALSE,C00,TOTAL CPC,0,0,TOTAL MOT,8,kg,4542702,FALSE,-1,N/A,,FALSE,4542702,FALSE,,FALSE,1135908,,1135908,0,TRUE,FALSE
C,A,19750101,1975,52,1975,454,MWI,Malawi,M,Import,0,W00,World,0,W00,World,S1,S1,TRUE,5612,Phosphatic fertilizers and materials,4,FALSE,C00,TOTAL CPC,0,0,TOTAL MOT,8,kg,1593937,FALSE,-1,N/A,,FALSE,1593937,FALSE,,FALSE,200629,,200629,0,TRUE,FALSE
C,A,19750101,1975,52,1975,458,MYS,Malaysia,M,Import,0,W00,World,0,W00,World,S1,S1,TRUE,5612,Phosphatic fertilizers and materials,4,FALSE,C00,TOTAL CPC,0,0,TOTAL MOT,8,kg,5102705,FALSE,-1,N/A,,FALSE,5102705,FALSE,,FALSE,1334209,,1334209,0,TRUE,FALSE
C,A,19750101,1975,52,1975,466,MLI,Mali,M,Import,0,W00,World,0,W00,World,S1,S1,TRUE,5612,Phosphatic fertilizers and materials,4,FALSE,C00,TOTAL CPC,0,0,TOTAL MOT,8,kg,14780186,FALSE,-1,N/A,,FALSE,14780186,FALSE,,FALSE,6068057,,6068057,0,TRUE,FALSE
C,A,19750101,1975,52,1975,470,MLT,Malta,M,Import,0,W00,World,0,W00,World,S1,S1,TRUE,5612,Phosphatic fertilizers and materials,4,FALSE,C00,TOTAL CPC,0,0,TOTAL MOT,-1,N/A,0,FALSE,-1,N/A,,FALSE,,FALSE,,FALSE,5332,,5332,0,TRUE,FALSE
C,A,19750101,1975,52,1975,474,MTQ,Martinique (Overseas France),M,Import,0,W00,World,0,W00,World,S1,S1,TRUE,5612,Phosphatic fertilizers and materials,4,FALSE,C00,TOTAL CPC,0,0,TOTAL MOT,8,kg,1104675,FALSE,-1,N/A,,FALSE,1104675,FALSE,,FALSE,211566,,211566,0,TRUE,FALSE
C,A,19750101,1975,52,1975,480,MUS,Mauritius,M,Import,0,W00,World,0,W00,World,S1,S1,TRUE,5612,Phosphatic fertilizers and materials,4,FALSE,C00,TOTAL CPC,0,0,TOTAL MOT,8,kg,1730000,FALSE,-1,N/A,,FALSE,1730000,FALSE,,FALSE,374776,,374776,0,TRUE,FALSE
C,A,19750101,1975,52,1975,484,MEX,Mexico,M,Import,0,W00,World,0,W00,World,S1,S1,TRUE,5612,Phosphatic fertilizers and materials,4,FALSE,C00,TOTAL CPC,0,0,TOTAL MOT,8,kg,39579876,FALSE,-1,N/A,,FALSE,39579876,FALSE,,FALSE,5168435,,5168435,0,TRUE,FALSE
C,A,19750101,1975,52,1975,484,MEX,Mexico,X,Export,0,W00,World,0,W00,World,S1,S1,TRUE,5612,Phosphatic fertilizers and materials,4,FALSE,C00,TOTAL CPC,0,0,TOTAL MOT,8,kg,3150000,FALSE,-1,N/A,,FALSE,3150000,FALSE,,FALSE,,954449,954449,0,TRUE,FALSE
C,A,19750101,1975,52,1975,500,MSR,Montserrat,M,Import,0,W00,World,0,W00,World,S1,S1,TRUE,5612,Phosphatic fertilizers and materials,4,FALSE,C00,TOTAL CPC,0,0,TOTAL MOT,8,kg,0,FALSE,-1,N/A,,FALSE,,FALSE,,FALSE,74,,74,0,TRUE,FALSE
C,A,19750101,1975,52,1975,504,MAR,Morocco,M,Import,0,W00,World,0,W00,World,S1,S1,TRUE,5612,Phosphatic fertilizers and materials,4,FALSE,C00,TOTAL CPC,0,0,TOTAL MOT,8,kg,2000,FALSE,-1,N/A,,FALSE,2000,FALSE,,FALSE,2304,,2304,0,TRUE,FALSE
C,A,19750101,1975,52,1975,504,MAR,Morocco,X,Export,0,W00,World,0,W00,World,S1,S1,TRUE,5612,Phosphatic fertilizers and materials,4,FALSE,C00,TOTAL CPC,0,0,TOTAL MOT,8,kg,87044560,FALSE,-1,N/A,,FALSE,87044560,FALSE,,FALSE,,26017694,26017694,0,TRUE,FALSE
C,A,19750101,1975,52,1975,528,NLD,Netherlands,M,Import,0,W00,World,0,W00,World,S1,S1,TRUE,5612,Phosphatic fertilizers and materials,4,FALSE,C00,TOTAL CPC,0,0,TOTAL MOT,8,kg,118724312,FALSE,-1,N/A,,FALSE,118724312,FALSE,,FALSE,6292951,,6292951,0,TRUE,FALSE
C,A,19750101,1975,52,1975,528,NLD,Netherlands,X,Export,0,W00,World,0,W00,World,S1,S1,TRUE,5612,Phosphatic fertilizers and materials,4,FALSE,C00,TOTAL CPC,0,0,TOTAL MOT,8,kg,215896864,FALSE,-1,N/A,,FALSE,215896864,FALSE,,FALSE,,46270672,46270672,0,TRUE,FALSE
C,A,19750101,1975,52,1975,540,NCL,New Caledonia,M,Import,0,W00,World,0,W00,World,S1,S1,TRUE,5612,Phosphatic fertilizers and materials,4,FALSE,C00,TOTAL CPC,0,0,TOTAL MOT,8,kg,551500,FALSE,-1,N/A,,FALSE,551500,FALSE,,FALSE,115022,,115022,0,TRUE,FALSE
C,A,19750101,1975,52,1975,554,NZL,New Zealand,M,Import,0,W00,World,0,W00,World,S1,S1,TRUE,5612,Phosphatic fertilizers and materials,4,FALSE,C00,TOTAL CPC,0,0,TOTAL MOT,8,kg,1420000,FALSE,-1,N/A,,FALSE,1420000,FALSE,,FALSE,163381,,163381,0,TRUE,FALSE
C,A,19750101,1975,52,1975,554,NZL,New Zealand,X,Export,0,W00,World,0,W00,World,S1,S1,TRUE,5612,Phosphatic fertilizers and materials,4,FALSE,C00,TOTAL CPC,0,0,TOTAL MOT,8,kg,4657000,FALSE,-1,N/A,,FALSE,4657000,FALSE,,FALSE,,388265,388265,0,TRUE,FALSE
C,A,19750101,1975,52,1975,558,NIC,Nicaragua,M,Import,0,W00,World,0,W00,World,S1,S1,TRUE,5612,Phosphatic fertilizers and materials,4,FALSE,C00,TOTAL CPC,0,0,TOTAL MOT,8,kg,7576953,FALSE,-1,N/A,,FALSE,7576953,FALSE,,FALSE,2597027,,2597027,0,TRUE,FALSE
C,A,19750101,1975,52,1975,558,NIC,Nicaragua,X,Export,0,W00,World,0,W00,World,S1,S1,TRUE,5612,Phosphatic fertilizers and materials,4,FALSE,C00,TOTAL CPC,0,0,TOTAL MOT,8,kg,4562,FALSE,-1,N/A,,FALSE,4562,FALSE,,FALSE,,4211,4211,0,TRUE,FALSE
C,A,19750101,1975,52,1975,566,NGA,Nigeria,M,Import,0,W00,World,0,W00,World,S1,S1,TRUE,5612,Phosphatic fertilizers and materials,4,FALSE,C00,TOTAL CPC,0,0,TOTAL MOT,8,kg,62588000,FALSE,-1,N/A,,FALSE,62588000,FALSE,,FALSE,11215884,,11215884,0,TRUE,FALSE
C,A,19750101,1975,52,1975,579,NOR,Norway,M,Import,0,W00,World,0,W00,World,S1,S1,TRUE,5612,Phosphatic fertilizers and materials,4,FALSE,C00,TOTAL CPC,0,0,TOTAL MOT,8,kg,26279046,FALSE,-1,N/A,,FALSE,26279046,FALSE,,FALSE,2194351,,2194351,0,TRUE,FALSE
C,A,19750101,1975,52,1975,579,NOR,Norway,X,Export,0,W00,World,0,W00,World,S1,S1,TRUE,5612,Phosphatic fertilizers and materials,4,FALSE,C00,TOTAL CPC,0,0,TOTAL MOT,8,kg,5437,FALSE,-1,N/A,,FALSE,5437,FALSE,,FALSE,,477,477,0,TRUE,FALSE
C,A,19750101,1975,52,1975,586,PAK,Pakistan,M,Import,0,W00,World,0,W00,World,S1,S1,TRUE,5612,Phosphatic fertilizers and materials,4,FALSE,C00,TOTAL CPC,0,0,TOTAL MOT,-1,N/A,0,FALSE,-1,N/A,,FALSE,,FALSE,,FALSE,10269271,,10269271,0,TRUE,FALSE
C,A,19750101,1975,52,1975,586,PAK,Pakistan,X,Export,0,W00,World,0,W00,World,S1,S1,TRUE,5612,Phosphatic fertilizers and materials,4,FALSE,C00,TOTAL CPC,0,0,TOTAL MOT,-1,N/A,0,FALSE,-1,N/A,,FALSE,,FALSE,,FALSE,,366782,366782,0,TRUE,FALSE
C,A,19750101,1975,52,1975,590,PAN,"Panama, excl.Canal Zone (...1977)",M,Import,0,W00,World,0,W00,World,S1,S1,TRUE,5612,Phosphatic fertilizers and materials,4,FALSE,C00,TOTAL CPC,0,0,TOTAL MOT,8,kg,1258861,FALSE,-1,N/A,,FALSE,1258861,FALSE,,FALSE,262926,,262926,0,TRUE,FALSE
C,A,19750101,1975,52,1975,598,PNG,Papua New Guinea,M,Import,0,W00,World,0,W00,World,S1,S1,TRUE,5612,Phosphatic fertilizers and materials,4,FALSE,C00,TOTAL CPC,0,0,TOTAL MOT,8,kg,716000,FALSE,-1,N/A,,FALSE,716000,FALSE,,FALSE,103588,,103588,0,TRUE,FALSE
C,A,19750101,1975,52,1975,600,PRY,Paraguay,M,Import,0,W00,World,0,W00,World,S1,S1,TRUE,5612,Phosphatic fertilizers and materials,4,FALSE,C00,TOTAL CPC,0,0,TOTAL MOT,8,kg,622146,FALSE,-1,N/A,,FALSE,622146,FALSE,,FALSE,207901,,207901,0,TRUE,FALSE
C,A,19750101,1975,52,1975,604,PER,Peru,M,Import,0,W00,World,0,W00,World,S1,S1,TRUE,5612,Phosphatic fertilizers and materials,4,FALSE,C00,TOTAL CPC,0,0,TOTAL MOT,8,kg,26220684,FALSE,-1,N/A,,FALSE,26220684,FALSE,,FALSE,10070882,,10070882,0,TRUE,FALSE
C,A,19750101,1975,52,1975,608,PHL,Philippines,M,Import,0,W00,World,0,W00,World,S1,S1,TRUE,5612,Phosphatic fertilizers and materials,4,FALSE,C00,TOTAL CPC,0,0,TOTAL MOT,8,kg,13490000,FALSE,-1,N/A,,FALSE,13490000,FALSE,,FALSE,5202136,,5202136,0,TRUE,FALSE
C,A,19750101,1975,52,1975,608,PHL,Philippines,X,Export,0,W00,World,0,W00,World,S1,S1,TRUE,5612,Phosphatic fertilizers and materials,4,FALSE,C00,TOTAL CPC,0,0,TOTAL MOT,8,kg,9687,FALSE,-1,N/A,,FALSE,9687,FALSE,,FALSE,,1320,1320,0,TRUE,FALSE
C,A,19750101,1975,52,1975,620,PRT,Portugal,M,Import,0,W00,World,0,W00,World,S1,S1,TRUE,5612,Phosphatic fertilizers and materials,4,FALSE,C00,TOTAL CPC,0,0,TOTAL MOT,8,kg,2833795,FALSE,-1,N/A,,FALSE,2833795,FALSE,,FALSE,313155,,313155,0,TRUE,FALSE
C,A,19750101,1975,52,1975,620,PRT,Portugal,X,Export,0,W00,World,0,W00,World,S1,S1,TRUE,5612,Phosphatic fertilizers and materials,4,FALSE,C00,TOTAL CPC,0,0,TOTAL MOT,8,kg,64209512,FALSE,-1,N/A,,FALSE,64209512,FALSE,,FALSE,,7820459,7820459,0,TRUE,FALSE
C,A,19750101,1975,52,1975,638,REU,RÈunion (Overseas France),M,Import,0,W00,World,0,W00,World,S1,S1,TRUE,5612,Phosphatic fertilizers and materials,4,FALSE,C00,TOTAL CPC,0,0,TOTAL MOT,8,kg,218784,FALSE,-1,N/A,,TRUE,218784,FALSE,-1,TRUE,34776,,34776,0,FALSE,FALSE
C,A,19750101,1975,52,1975,662,LCA,Saint Lucia,M,Import,0,W00,World,0,W00,World,S1,S1,TRUE,5612,Phosphatic fertilizers and materials,4,FALSE,C00,TOTAL CPC,0,0,TOTAL MOT,8,kg,203,FALSE,-1,N/A,,FALSE,203,FALSE,,FALSE,218,,218,0,TRUE,FALSE
C,A,19750101,1975,52,1975,682,SAU,Saudi Arabia,M,Import,0,W00,World,0,W00,World,S1,S1,TRUE,5612,Phosphatic fertilizers and materials,4,FALSE,C00,TOTAL CPC,0,0,TOTAL MOT,8,kg,712300,FALSE,-1,N/A,,FALSE,712300,FALSE,,FALSE,344511,,344511,0,TRUE,FALSE
C,A,19750101,1975,52,1975,686,SEN,Senegal,M,Import,0,W00,World,0,W00,World,S1,S1,TRUE,5612,Phosphatic fertilizers and materials,4,FALSE,C00,TOTAL CPC,0,0,TOTAL MOT,8,kg,42,FALSE,-1,N/A,,FALSE,42,FALSE,,FALSE,30,,30,0,TRUE,FALSE
C,A,19750101,1975,52,1975,686,SEN,Senegal,X,Export,0,W00,World,0,W00,World,S1,S1,TRUE,5612,Phosphatic fertilizers and materials,4,FALSE,C00,TOTAL CPC,0,0,TOTAL MOT,8,kg,64779820,FALSE,-1,N/A,,FALSE,64779820,FALSE,,FALSE,,7037232,7037232,0,TRUE,FALSE
C,A,19750101,1975,52,1975,694,SLE,Sierra Leone,M,Import,0,W00,World,0,W00,World,S1,S1,TRUE,5612,Phosphatic fertilizers and materials,4,FALSE,C00,TOTAL CPC,0,0,TOTAL MOT,8,kg,180854,FALSE,-1,N/A,,FALSE,180854,FALSE,,FALSE,104558,,104558,0,TRUE,FALSE
C,A,19750101,1975,52,1975,699,IND,India,M,Import,0,W00,World,0,W00,World,S1,S1,TRUE,5612,Phosphatic fertilizers and materials,4,FALSE,C00,TOTAL CPC,0,0,TOTAL MOT,8,kg,65548000,FALSE,-1,N/A,,FALSE,65548000,FALSE,,FALSE,20840196,,20840196,0,TRUE,FALSE
C,A,19750101,1975,52,1975,702,SGP,Singapore,M,Import,0,W00,World,0,W00,World,S1,S1,TRUE,5612,Phosphatic fertilizers and materials,4,FALSE,C00,TOTAL CPC,0,0,TOTAL MOT,8,kg,154268464,FALSE,-1,N/A,,FALSE,154268464,FALSE,,FALSE,55801576,,55801576,0,TRUE,FALSE
C,A,19750101,1975,52,1975,702,SGP,Singapore,X,Export,0,W00,World,0,W00,World,S1,S1,TRUE,5612,Phosphatic fertilizers and materials,4,FALSE,C00,TOTAL CPC,0,0,TOTAL MOT,8,kg,6324437,FALSE,-1,N/A,,FALSE,6324437,FALSE,,FALSE,,1080485,1080485,0,TRUE,FALSE
C,A,19750101,1975,52,1975,711,ZA1,Southern African Customs Union (...1999),M,Import,0,W00,World,0,W00,World,S1,S1,TRUE,5612,Phosphatic fertilizers and materials,4,FALSE,C00,TOTAL CPC,0,0,TOTAL MOT,8,kg,375000,FALSE,-1,N/A,,FALSE,375000,FALSE,,FALSE,84508,,84508,0,TRUE,FALSE
C,A,19750101,1975,52,1975,711,ZA1,Southern African Customs Union (...1999),X,Export,0,W00,World,0,W00,World,S1,S1,TRUE,5612,Phosphatic fertilizers and materials,4,FALSE,C00,TOTAL CPC,0,0,TOTAL MOT,-1,N/A,0,FALSE,-1,N/A,,FALSE,,FALSE,,FALSE,,22273304,22273304,0,TRUE,FALSE
C,A,19750101,1975,52,1975,724,ESP,Spain,M,Import,0,W00,World,0,W00,World,S1,S1,TRUE,5612,Phosphatic fertilizers and materials,4,FALSE,C00,TOTAL CPC,0,0,TOTAL MOT,8,kg,18031128,FALSE,-1,N/A,,FALSE,18031128,FALSE,,FALSE,1497075,,1497075,0,TRUE,FALSE
C,A,19750101,1975,52,1975,724,ESP,Spain,X,Export,0,W00,World,0,W00,World,S1,S1,TRUE,5612,Phosphatic fertilizers and materials,4,FALSE,C00,TOTAL CPC,0,0,TOTAL MOT,8,kg,153854464,FALSE,-1,N/A,,FALSE,153854464,FALSE,,FALSE,,14663864,14663864,0,TRUE,FALSE
C,A,19750101,1975,52,1975,736,SDN,Sudan (...2011),M,Import,0,W00,World,0,W00,World,S1,S1,TRUE,5612,Phosphatic fertilizers and materials,4,FALSE,C00,TOTAL CPC,0,0,TOTAL MOT,8,kg,4697000,FALSE,-1,N/A,,FALSE,4697000,FALSE,,FALSE,1703796,,1703796,0,TRUE,FALSE
C,A,19750101,1975,52,1975,752,SWE,Sweden,M,Import,0,W00,World,0,W00,World,S1,S1,TRUE,5612,Phosphatic fertilizers and materials,4,FALSE,C00,TOTAL CPC,0,0,TOTAL MOT,8,kg,11534,FALSE,-1,N/A,,FALSE,11534,FALSE,,FALSE,1476,,1476,0,TRUE,FALSE
C,A,19750101,1975,52,1975,757,CHE,Switzerland,M,Import,0,W00,World,0,W00,World,S1,S1,TRUE,5612,Phosphatic fertilizers and materials,4,FALSE,C00,TOTAL CPC,0,0,TOTAL MOT,8,kg,167283008,FALSE,-1,N/A,,FALSE,167283008,FALSE,,FALSE,9351888,,9351888,0,TRUE,FALSE
C,A,19750101,1975,52,1975,757,CHE,Switzerland,X,Export,0,W00,World,0,W00,World,S1,S1,TRUE,5612,Phosphatic fertilizers and materials,4,FALSE,C00,TOTAL CPC,0,0,TOTAL MOT,8,kg,34000,FALSE,-1,N/A,,FALSE,34000,FALSE,,FALSE,,6406,6406,0,TRUE,FALSE
C,A,19750101,1975,52,1975,760,SYR,Syria,M,Import,0,W00,World,0,W00,World,S1,S1,TRUE,5612,Phosphatic fertilizers and materials,4,FALSE,C00,TOTAL CPC,0,0,TOTAL MOT,8,kg,51104784,FALSE,-1,N/A,,FALSE,51104784,FALSE,,FALSE,,13375472,13375472,0,TRUE,FALSE
C,A,19750101,1975,52,1975,764,THA,Thailand,M,Import,0,W00,World,0,W00,World,S1,S1,TRUE,5612,Phosphatic fertilizers and materials,4,FALSE,C00,TOTAL CPC,0,0,TOTAL MOT,8,kg,900051,FALSE,-1,N/A,,FALSE,900051,FALSE,,FALSE,157536,,157536,0,TRUE,FALSE
C,A,19750101,1975,52,1975,768,TGO,Togo,M,Import,0,W00,World,0,W00,World,S1,S1,TRUE,5612,Phosphatic fertilizers and materials,4,FALSE,C00,TOTAL CPC,0,0,TOTAL MOT,8,kg,55000,FALSE,-1,N/A,,FALSE,55000,FALSE,,FALSE,16878,,16878,0,TRUE,FALSE
C,A,19750101,1975,52,1975,780,TTO,Trinidad and Tobago,M,Import,0,W00,World,0,W00,World,S1,S1,TRUE,5612,Phosphatic fertilizers and materials,4,FALSE,C00,TOTAL CPC,0,0,TOTAL MOT,8,kg,1371678,FALSE,-1,N/A,,FALSE,1371678,FALSE,,FALSE,507224,,507224,0,TRUE,FALSE
C,A,19750101,1975,52,1975,780,TTO,Trinidad and Tobago,X,Export,0,W00,World,0,W00,World,S1,S1,TRUE,5612,Phosphatic fertilizers and materials,4,FALSE,C00,TOTAL CPC,0,0,TOTAL MOT,8,kg,1000,FALSE,-1,N/A,,FALSE,1000,FALSE,,FALSE,,562,562,0,TRUE,FALSE
C,A,19750101,1975,52,1975,788,TUN,Tunisia,M,Import,0,W00,World,0,W00,World,S1,S1,TRUE,5612,Phosphatic fertilizers and materials,4,FALSE,C00,TOTAL CPC,0,0,TOTAL MOT,8,kg,40,FALSE,-1,N/A,,FALSE,40,FALSE,,FALSE,648,,648,0,TRUE,FALSE
C,A,19750101,1975,52,1975,788,TUN,Tunisia,X,Export,0,W00,World,0,W00,World,S1,S1,TRUE,5612,Phosphatic fertilizers and materials,4,FALSE,C00,TOTAL CPC,0,0,TOTAL MOT,8,kg,238199344,FALSE,-1,N/A,,FALSE,238199344,FALSE,,FALSE,,41273600,41273600,0,TRUE,FALSE
C,A,19750101,1975,52,1975,792,TUR,TÅEkiye,M,Import,0,W00,World,0,W00,World,S1,S1,TRUE,5612,Phosphatic fertilizers and materials,4,FALSE,C00,TOTAL CPC,0,0,TOTAL MOT,8,kg,1384000,FALSE,-1,N/A,,FALSE,1384000,FALSE,,FALSE,339038,,339038,0,TRUE,FALSE
C,A,19750101,1975,52,1975,818,EGY,Egypt,M,Import,0,W00,World,0,W00,World,S1,S1,TRUE,5612,Phosphatic fertilizers and materials,4,FALSE,C00,TOTAL CPC,0,0,TOTAL MOT,8,kg,18,FALSE,-1,N/A,,FALSE,18,FALSE,,FALSE,66,,66,0,TRUE,FALSE
C,A,19750101,1975,52,1975,818,EGY,Egypt,X,Export,0,W00,World,0,W00,World,S1,S1,TRUE,5612,Phosphatic fertilizers and materials,4,FALSE,C00,TOTAL CPC,0,0,TOTAL MOT,8,kg,26935000,FALSE,-1,N/A,,FALSE,26935000,FALSE,,FALSE,,1117889,1117889,0,TRUE,FALSE
C,A,19750101,1975,52,1975,826,GBR,United Kingdom,M,Import,0,W00,World,0,W00,World,S1,S1,TRUE,5612,Phosphatic fertilizers and materials,4,FALSE,C00,TOTAL CPC,0,0,TOTAL MOT,8,kg,61787000,FALSE,-1,N/A,,FALSE,61787000,FALSE,,FALSE,5474110,,5474110,0,TRUE,FALSE
C,A,19750101,1975,52,1975,826,GBR,United Kingdom,X,Export,0,W00,World,0,W00,World,S1,S1,TRUE,5612,Phosphatic fertilizers and materials,4,FALSE,C00,TOTAL CPC,0,0,TOTAL MOT,8,kg,58815000,FALSE,-1,N/A,,FALSE,58815000,FALSE,,FALSE,,12049495,12049495,0,TRUE,FALSE
C,A,19750101,1975,52,1975,841,USA,USA and Puerto Rico (...1980),M,Import,0,W00,World,0,W00,World,S1,S1,TRUE,5612,Phosphatic fertilizers and materials,4,FALSE,C00,TOTAL CPC,0,0,TOTAL MOT,8,kg,133285264,FALSE,-1,N/A,,FALSE,133285264,FALSE,,FALSE,,26970411,26970411,0,TRUE,FALSE
C,A,19750101,1975,52,1975,841,USA,USA and Puerto Rico (...1980),X,Export,0,W00,World,0,W00,World,S1,S1,TRUE,5612,Phosphatic fertilizers and materials,4,FALSE,C00,TOTAL CPC,0,0,TOTAL MOT,8,kg,1055113217,FALSE,-1,N/A,,FALSE,1055113217,FALSE,,FALSE,,192740955,192740955,0,TRUE,FALSE
C,A,19750101,1975,52,1975,854,BFA,Burkina Faso,M,Import,0,W00,World,0,W00,World,S1,S1,TRUE,5612,Phosphatic fertilizers and materials,4,FALSE,C00,TOTAL CPC,0,0,TOTAL MOT,8,kg,1835230,FALSE,-1,N/A,,FALSE,1835230,FALSE,,FALSE,1028216,,1028216,0,TRUE,FALSE
C,A,19750101,1975,52,1975,858,URY,Uruguay,M,Import,0,W00,World,0,W00,World,S1,S1,TRUE,5612,Phosphatic fertilizers and materials,4,FALSE,C00,TOTAL CPC,0,0,TOTAL MOT,8,kg,214,FALSE,-1,N/A,,FALSE,214,FALSE,,FALSE,5178,,5178,0,TRUE,FALSE
C,A,19750101,1975,52,1975,858,URY,Uruguay,X,Export,0,W00,World,0,W00,World,S1,S1,TRUE,5612,Phosphatic fertilizers and materials,4,FALSE,C00,TOTAL CPC,0,0,TOTAL MOT,8,kg,1270000,FALSE,-1,N/A,,FALSE,1270000,FALSE,,FALSE,,187154,187154,0,TRUE,FALSE
C,A,19750101,1975,52,1975,862,VEN,Venezuela,M,Import,0,W00,World,0,W00,World,S1,S1,TRUE,5612,Phosphatic fertilizers and materials,4,FALSE,C00,TOTAL CPC,0,0,TOTAL MOT,8,kg,280878,FALSE,-1,N/A,,FALSE,280878,FALSE,,FALSE,,121452,121452,0,TRUE,FALSE
C,A,19750101,1975,52,1975,890,YUG,Yugoslavia (...1991),M,Import,0,W00,World,0,W00,World,S1,S1,TRUE,5612,Phosphatic fertilizers and materials,4,FALSE,C00,TOTAL CPC,0,0,TOTAL MOT,8,kg,43927260,FALSE,-1,N/A,,FALSE,43927260,FALSE,,FALSE,9047189,,9047189,0,TRUE,FALSE
C,A,19750101,1975,52,1975,890,YUG,Yugoslavia (...1991),X,Export,0,W00,World,0,W00,World,S1,S1,TRUE,5612,Phosphatic fertilizers and materials,4,FALSE,C00,TOTAL CPC,0,0,TOTAL MOT,8,kg,166817024,FALSE,-1,N/A,,FALSE,166817024,FALSE,,FALSE,,17732544,17732544,0,TRUE,FALSE
C,A,19750101,1975,52,1975,894,ZMB,Zambia,M,Import,0,W00,World,0,W00,World,S1,S1,TRUE,5612,Phosphatic fertilizers and materials,4,FALSE,C00,TOTAL CPC,0,0,TOTAL MOT,8,kg,14622862,FALSE,-1,N/A,,FALSE,14622862,FALSE,,FALSE,,3651010,3651010,0,TRUE,FALSE
C,A,19760101,1976,52,1976,4,AFG,Afghanistan,M,Import,0,W00,World,0,W00,World,S1,S1,TRUE,5612,Phosphatic fertilizers and materials,4,FALSE,C00,TOTAL CPC,0,0,TOTAL MOT,8,kg,45950000,FALSE,-1,N/A,,FALSE,45950000,FALSE,,FALSE,8533500,,8533500,0,TRUE,FALSE
C,A,19760101,1976,52,1976,32,ARG,Argentina,M,Import,0,W00,World,0,W00,World,S1,S1,TRUE,5612,Phosphatic fertilizers and materials,4,FALSE,C00,TOTAL CPC,0,0,TOTAL MOT,8,kg,3864750,FALSE,-1,N/A,,FALSE,3864750,FALSE,,FALSE,502976,,502976,0,TRUE,FALSE
C,A,19760101,1976,52,1976,32,ARG,Argentina,X,Export,0,W00,World,0,W00,World,S1,S1,TRUE,5612,Phosphatic fertilizers and materials,4,FALSE,C00,TOTAL CPC,0,0,TOTAL MOT,8,kg,16374,FALSE,-1,N/A,,FALSE,16374,FALSE,,FALSE,,4724,4724,0,TRUE,FALSE
C,A,19760101,1976,52,1976,36,AUS,Australia,M,Import,0,W00,World,0,W00,World,S1,S1,TRUE,5612,Phosphatic fertilizers and materials,4,FALSE,C00,TOTAL CPC,0,0,TOTAL MOT,8,kg,15199199,FALSE,-1,N/A,,FALSE,15199199,FALSE,,FALSE,,1351195,1351195,0,TRUE,FALSE
C,A,19760101,1976,52,1976,36,AUS,Australia,X,Export,0,W00,World,0,W00,World,S1,S1,TRUE,5612,Phosphatic fertilizers and materials,4,FALSE,C00,TOTAL CPC,0,0,TOTAL MOT,8,kg,137067,FALSE,-1,N/A,,FALSE,137067,FALSE,,FALSE,,23797,23797,0,TRUE,FALSE
C,A,19760101,1976,52,1976,44,BHS,Bahamas,M,Import,0,W00,World,0,W00,World,S1,S1,TRUE,5612,Phosphatic fertilizers and materials,4,FALSE,C00,TOTAL CPC,0,0,TOTAL MOT,8,kg,684159,FALSE,-1,N/A,,FALSE,684159,FALSE,,FALSE,146555,,146555,0,TRUE,FALSE
C,A,19760101,1976,52,1976,58,BEL,Belgium-Luxembourg (...1998),M,Import,0,W00,World,0,W00,World,S1,S1,TRUE,5612,Phosphatic fertilizers and materials,4,FALSE,C00,TOTAL CPC,0,0,TOTAL MOT,8,kg,95213984,FALSE,-1,N/A,,FALSE,95213984,FALSE,,FALSE,8760548,,8760548,0,TRUE,FALSE
C,A,19760101,1976,52,1976,58,BEL,Belgium-Luxembourg (...1998),X,Export,0,W00,World,0,W00,World,S1,S1,TRUE,5612,Phosphatic fertilizers and materials,4,FALSE,C00,TOTAL CPC,0,0,TOTAL MOT,8,kg,1453883776,FALSE,-1,N/A,,FALSE,1453883776,FALSE,,FALSE,,70032664,70032664,0,TRUE,FALSE
C,A,19760101,1976,52,1976,60,BMU,Bermuda,M,Import,0,W00,World,0,W00,World,S1,S1,TRUE,5612,Phosphatic fertilizers and materials,4,FALSE,C00,TOTAL CPC,0,0,TOTAL MOT,8,kg,457,FALSE,-1,N/A,,FALSE,457,FALSE,,FALSE,56,,56,0,TRUE,FALSE
C,A,19760101,1976,52,1976,68,BOL,Bolivia (Plurinational State of),M,Import,0,W00,World,0,W00,World,S1,S1,TRUE,5612,Phosphatic fertilizers and materials,4,FALSE,C00,TOTAL CPC,0,0,TOTAL MOT,8,kg,1923195,FALSE,-1,N/A,,FALSE,1923195,FALSE,,FALSE,519782,,519782,0,TRUE,FALSE
C,A,19760101,1976,52,1976,76,BRA,Brazil,M,Import,0,W00,World,0,W00,World,S1,S1,TRUE,5612,Phosphatic fertilizers and materials,4,FALSE,C00,TOTAL CPC,0,0,TOTAL MOT,8,kg,525743104,FALSE,-1,N/A,,FALSE,525743104,FALSE,,FALSE,48904256,,48904256,0,TRUE,FALSE
C,A,19760101,1976,52,1976,84,BLZ,Belize,M,Import,0,W00,World,0,W00,World,S1,S1,TRUE,5612,Phosphatic fertilizers and materials,4,FALSE,C00,TOTAL CPC,0,0,TOTAL MOT,8,kg,13625,FALSE,-1,N/A,,FALSE,13625,FALSE,,FALSE,3149,,3149,0,TRUE,FALSE
C,A,19760101,1976,52,1976,96,BRN,Brunei Darussalam,M,Import,0,W00,World,0,W00,World,S1,S1,TRUE,5612,Phosphatic fertilizers and materials,4,FALSE,C00,TOTAL CPC,0,0,TOTAL MOT,8,kg,27558,FALSE,-1,N/A,,FALSE,27558,FALSE,,FALSE,4423,,4423,0,TRUE,FALSE
C,A,19760101,1976,52,1976,104,MMR,Myanmar,M,Import,0,W00,World,0,W00,World,S1,S1,TRUE,5612,Phosphatic fertilizers and materials,4,FALSE,C00,TOTAL CPC,0,0,TOTAL MOT,8,kg,9396402,FALSE,-1,N/A,,FALSE,9396402,FALSE,,FALSE,1129198,,1129198,0,TRUE,FALSE
C,A,19760101,1976,52,1976,124,CAN,Canada,M,Import,0,W00,World,0,W00,World,S1,S1,TRUE,5612,Phosphatic fertilizers and materials,4,FALSE,C00,TOTAL CPC,0,0,TOTAL MOT,8,kg,167320000,FALSE,-1,N/A,,FALSE,167320000,FALSE,,FALSE,,21657296,21657296,0,TRUE,FALSE
C,A,19760101,1976,52,1976,124,CAN,Canada,X,Export,0,W00,World,0,W00,World,S1,S1,TRUE,5612,Phosphatic fertilizers and materials,4,FALSE,C00,TOTAL CPC,0,0,TOTAL MOT,8,kg,20454000,FALSE,-1,N/A,,FALSE,20454000,FALSE,,FALSE,,2286420,2286420,0,TRUE,FALSE
C,A,19760101,1976,52,1976,144,LKA,Sri Lanka,M,Import,0,W00,World,0,W00,World,S1,S1,TRUE,5612,Phosphatic fertilizers and materials,4,FALSE,C00,TOTAL CPC,0,0,TOTAL MOT,8,kg,17919734,FALSE,-1,N/A,,FALSE,17919734,FALSE,,FALSE,1599530,,1599530,0,TRUE,FALSE
C,A,19760101,1976,52,1976,152,CHL,Chile,M,Import,0,W00,World,0,W00,World,S1,S1,TRUE,5612,Phosphatic fertilizers and materials,4,FALSE,C00,TOTAL CPC,0,0,TOTAL MOT,8,kg,57922600,FALSE,-1,N/A,,FALSE,57922600,FALSE,,FALSE,4248886,,4248886,0,TRUE,FALSE
C,A,19760101,1976,52,1976,170,COL,Colombia,M,Import,0,W00,World,0,W00,World,S1,S1,TRUE,5612,Phosphatic fertilizers and materials,4,FALSE,C00,TOTAL CPC,0,0,TOTAL MOT,8,kg,303292,FALSE,-1,N/A,,FALSE,303292,FALSE,,FALSE,70357,,70357,0,TRUE,FALSE
C,A,19760101,1976,52,1976,178,COG,Congo,M,Import,0,W00,World,0,W00,World,S1,S1,TRUE,5612,Phosphatic fertilizers and materials,4,FALSE,C00,TOTAL CPC,0,0,TOTAL MOT,8,kg,5000,FALSE,-1,N/A,,FALSE,5000,FALSE,,FALSE,2075,,2075,0,TRUE,FALSE
C,A,19760101,1976,52,1976,180,COD,Dem. Rep. of the Congo,M,Import,0,W00,World,0,W00,World,S1,S1,TRUE,5612,Phosphatic fertilizers and materials,4,FALSE,C00,TOTAL CPC,0,0,TOTAL MOT,8,kg,3570271,FALSE,-1,N/A,,FALSE,3570271,FALSE,,FALSE,761727,,761727,0,TRUE,FALSE
C,A,19760101,1976,52,1976,188,CRI,Costa Rica,M,Import,0,W00,World,0,W00,World,S1,S1,TRUE,5612,Phosphatic fertilizers and materials,4,FALSE,C00,TOTAL CPC,0,0,TOTAL MOT,8,kg,88227424,FALSE,-1,N/A,,FALSE,88227424,FALSE,,FALSE,10475347,,10475347,0,TRUE,FALSE
C,A,19760101,1976,52,1976,214,DOM,Dominican Rep.,M,Import,0,W00,World,0,W00,World,S1,S1,TRUE,5612,Phosphatic fertilizers and materials,4,FALSE,C00,TOTAL CPC,0,0,TOTAL MOT,8,kg,7209608,FALSE,-1,N/A,,FALSE,7209608,FALSE,,FALSE,,1242763,1242763,0,TRUE,FALSE
C,A,19760101,1976,52,1976,218,ECU,Ecuador,M,Import,0,W00,World,0,W00,World,S1,S1,TRUE,5612,Phosphatic fertilizers and materials,4,FALSE,C00,TOTAL CPC,0,0,TOTAL MOT,8,kg,15694498,FALSE,-1,N/A,,FALSE,15694498,FALSE,,FALSE,955875,,955875,0,TRUE,FALSE
C,A,19760101,1976,52,1976,222,SLV,El Salvador,M,Import,0,W00,World,0,W00,World,S1,S1,TRUE,5612,Phosphatic fertilizers and materials,4,FALSE,C00,TOTAL CPC,0,0,TOTAL MOT,8,kg,34462564,FALSE,-1,N/A,,FALSE,34462564,FALSE,,FALSE,4626867,,4626867,0,TRUE,FALSE
C,A,19760101,1976,52,1976,222,SLV,El Salvador,X,Export,0,W00,World,0,W00,World,S1,S1,TRUE,5612,Phosphatic fertilizers and materials,4,FALSE,C00,TOTAL CPC,0,0,TOTAL MOT,8,kg,1085371,FALSE,-1,N/A,,FALSE,1085371,FALSE,,FALSE,,104392,104392,0,TRUE,FALSE
C,A,19760101,1976,52,1976,242,FJI,Fiji,M,Import,0,W00,World,0,W00,World,S1,S1,TRUE,5612,Phosphatic fertilizers and materials,4,FALSE,C00,TOTAL CPC,0,0,TOTAL MOT,8,kg,3866054,FALSE,-1,N/A,,FALSE,3866054,FALSE,,FALSE,451241,,451241,0,TRUE,FALSE
C,A,19760101,1976,52,1976,242,FJI,Fiji,X,Export,0,W00,World,0,W00,World,S1,S1,TRUE,5612,Phosphatic fertilizers and materials,4,FALSE,C00,TOTAL CPC,0,0,TOTAL MOT,8,kg,152,FALSE,-1,N/A,,FALSE,152,FALSE,,FALSE,,81,81,0,TRUE,FALSE
C,A,19760101,1976,52,1976,251,FRA,France,M,Import,0,W00,World,0,W00,World,S1,S1,TRUE,5612,Phosphatic fertilizers and materials,4,FALSE,C00,TOTAL CPC,0,0,TOTAL MOT,8,kg,854935616,FALSE,-1,N/A,,FALSE,854935616,FALSE,,FALSE,59341360,,59341360,0,TRUE,FALSE
C,A,19760101,1976,52,1976,251,FRA,France,X,Export,0,W00,World,0,W00,World,S1,S1,TRUE,5612,Phosphatic fertilizers and materials,4,FALSE,C00,TOTAL CPC,0,0,TOTAL MOT,8,kg,235283600,FALSE,-1,N/A,,FALSE,235283600,FALSE,,FALSE,,14559464,14559464,0,TRUE,FALSE
C,A,19760101,1976,52,1976,270,GMB,Gambia,M,Import,0,W00,World,0,W00,World,S1,S1,TRUE,5612,Phosphatic fertilizers and materials,4,FALSE,C00,TOTAL CPC,0,0,TOTAL MOT,8,kg,2540125,FALSE,-1,N/A,,FALSE,2540125,FALSE,,FALSE,284617,,284617,0,TRUE,FALSE
C,A,19760101,1976,52,1976,280,DEU,Fed. Rep. of Germany (...1990),M,Import,0,W00,World,0,W00,World,S1,S1,TRUE,5612,Phosphatic fertilizers and materials,4,FALSE,C00,TOTAL CPC,0,0,TOTAL MOT,8,kg,980912704,FALSE,-1,N/A,,TRUE,980912704,FALSE,-1,TRUE,61829000,,61829000,0,FALSE,FALSE
C,A,19760101,1976,52,1976,280,DEU,Fed. Rep. of Germany (...1990),X,Export,0,W00,World,0,W00,World,S1,S1,TRUE,5612,Phosphatic fertilizers and materials,4,FALSE,C00,TOTAL CPC,0,0,TOTAL MOT,8,kg,35781844,FALSE,-1,N/A,,TRUE,35781844,FALSE,-1,TRUE,,3361000,3361000,0,FALSE,FALSE
C,A,19760101,1976,52,1976,288,GHA,Ghana,M,Import,0,W00,World,0,W00,World,S1,S1,TRUE,5612,Phosphatic fertilizers and materials,4,FALSE,C00,TOTAL CPC,0,0,TOTAL MOT,8,kg,26000,FALSE,-1,N/A,,FALSE,26000,FALSE,,FALSE,6605,,6605,0,TRUE,FALSE
C,A,19760101,1976,52,1976,296,KIR,Kiribati,M,Import,0,W00,World,0,W00,World,S1,S1,TRUE,5612,Phosphatic fertilizers and materials,4,FALSE,C00,TOTAL CPC,0,0,TOTAL MOT,-1,N/A,0,FALSE,-1,N/A,,FALSE,,FALSE,,FALSE,2576,,2576,0,TRUE,FALSE
C,A,19760101,1976,52,1976,320,GTM,Guatemala,M,Import,0,W00,World,0,W00,World,S1,S1,TRUE,5612,Phosphatic fertilizers and materials,4,FALSE,C00,TOTAL CPC,0,0,TOTAL MOT,8,kg,12900554,FALSE,-1,N/A,,FALSE,12900554,FALSE,,FALSE,1988001,,1988001,0,TRUE,FALSE
C,A,19760101,1976,52,1976,320,GTM,Guatemala,X,Export,0,W00,World,0,W00,World,S1,S1,TRUE,5612,Phosphatic fertilizers and materials,4,FALSE,C00,TOTAL CPC,0,0,TOTAL MOT,8,kg,789542,FALSE,-1,N/A,,FALSE,789542,FALSE,,FALSE,,126121,126121,0,TRUE,FALSE
C,A,19760101,1976,52,1976,328,GUY,Guyana,M,Import,0,W00,World,0,W00,World,S1,S1,TRUE,5612,Phosphatic fertilizers and materials,4,FALSE,C00,TOTAL CPC,0,0,TOTAL MOT,8,kg,5884897,FALSE,-1,N/A,,FALSE,5884897,FALSE,,FALSE,1118132,,1118132,0,TRUE,FALSE
C,A,19760101,1976,52,1976,340,HND,Honduras,M,Import,0,W00,World,0,W00,World,S1,S1,TRUE,5612,Phosphatic fertilizers and materials,4,FALSE,C00,TOTAL CPC,0,0,TOTAL MOT,8,kg,2929401,FALSE,-1,N/A,,FALSE,2929401,FALSE,,FALSE,466071,,466071,0,TRUE,FALSE
C,A,19760101,1976,52,1976,344,HKG,"China, Hong Kong SAR",M,Import,0,W00,World,0,W00,World,S1,S1,TRUE,5612,Phosphatic fertilizers and materials,4,FALSE,C00,TOTAL CPC,0,0,TOTAL MOT,8,kg,27230,FALSE,-1,N/A,,FALSE,27230,FALSE,,FALSE,17168,,17168,0,TRUE,FALSE
C,A,19760101,1976,52,1976,352,ISL,Iceland,M,Import,0,W00,World,0,W00,World,S1,S1,TRUE,5612,Phosphatic fertilizers and materials,4,FALSE,C00,TOTAL CPC,0,0,TOTAL MOT,8,kg,1492750,FALSE,-1,N/A,,FALSE,1492750,FALSE,,FALSE,291687,,291687,0,TRUE,FALSE
C,A,19760101,1976,52,1976,360,IDN,Indonesia,M,Import,0,W00,World,0,W00,World,S1,S1,TRUE,5612,Phosphatic fertilizers and materials,4,FALSE,C00,TOTAL CPC,0,0,TOTAL MOT,8,kg,49163200,FALSE,-1,N/A,,FALSE,49163200,FALSE,,FALSE,11272004,,11272004,0,TRUE,FALSE
C,A,19760101,1976,52,1976,364,IRN,Iran,M,Import,0,W00,World,0,W00,World,S1,S1,TRUE,5612,Phosphatic fertilizers and materials,4,FALSE,C00,TOTAL CPC,0,0,TOTAL MOT,8,kg,101938104,FALSE,-1,N/A,,FALSE,101938104,FALSE,,FALSE,9633158,,9633158,0,TRUE,FALSE
C,A,19760101,1976,52,1976,368,IRQ,Iraq,M,Import,0,W00,World,0,W00,World,S1,S1,TRUE,5612,Phosphatic fertilizers and materials,4,FALSE,C00,TOTAL CPC,0,0,TOTAL MOT,8,kg,23449924,FALSE,-1,N/A,,FALSE,23449924,FALSE,,FALSE,6187483,,6187483,0,TRUE,FALSE
C,A,19760101,1976,52,1976,376,ISR,Israel,M,Import,0,W00,World,0,W00,World,S1,S1,TRUE,5612,Phosphatic fertilizers and materials,4,FALSE,C00,TOTAL CPC,0,0,TOTAL MOT,-1,N/A,0,FALSE,-1,N/A,,FALSE,,FALSE,,FALSE,148,,148,0,TRUE,FALSE
C,A,19760101,1976,52,1976,376,ISR,Israel,X,Export,0,W00,World,0,W00,World,S1,S1,TRUE,5612,Phosphatic fertilizers and materials,4,FALSE,C00,TOTAL CPC,0,0,TOTAL MOT,-1,N/A,0,FALSE,-1,N/A,,FALSE,,FALSE,,FALSE,,11696565,11696565,0,TRUE,FALSE
C,A,19760101,1976,52,1976,380,ITA,Italy,M,Import,0,W00,World,0,W00,World,S1,S1,TRUE,5612,Phosphatic fertilizers and materials,4,FALSE,C00,TOTAL CPC,0,0,TOTAL MOT,8,kg,167382112,FALSE,-1,N/A,,TRUE,167382112,FALSE,-1,TRUE,13538976,,13538976,0,FALSE,FALSE
C,A,19760101,1976,52,1976,380,ITA,Italy,X,Export,0,W00,World,0,W00,World,S1,S1,TRUE,5612,Phosphatic fertilizers and materials,4,FALSE,C00,TOTAL CPC,0,0,TOTAL MOT,8,kg,5775851,FALSE,-1,N/A,,TRUE,5775851,FALSE,-1,TRUE,,628963,628963,0,FALSE,FALSE
C,A,19760101,1976,52,1976,388,JAM,Jamaica,M,Import,0,W00,World,0,W00,World,S1,S1,TRUE,5612,Phosphatic fertilizers and materials,4,FALSE,C00,TOTAL CPC,0,0,TOTAL MOT,8,kg,2889624,FALSE,-1,N/A,,FALSE,2889624,FALSE,,FALSE,376048,,376048,0,TRUE,FALSE
C,A,19760101,1976,52,1976,400,JOR,Jordan,M,Import,0,W00,World,0,W00,World,S1,S1,TRUE,5612,Phosphatic fertilizers and materials,4,FALSE,C00,TOTAL CPC,0,0,TOTAL MOT,8,kg,3374499,FALSE,-1,N/A,,FALSE,3374499,FALSE,,FALSE,696098,,696098,0,TRUE,FALSE
C,A,19760101,1976,52,1976,400,JOR,Jordan,X,Export,0,W00,World,0,W00,World,S1,S1,TRUE,5612,Phosphatic fertilizers and materials,4,FALSE,C00,TOTAL CPC,0,0,TOTAL MOT,8,kg,150000,FALSE,-1,N/A,,FALSE,150000,FALSE,,FALSE,,10207,10207,0,TRUE,FALSE
C,A,19760101,1976,52,1976,404,KEN,Kenya,M,Import,0,W00,World,0,W00,World,S1,S1,TRUE,5612,Phosphatic fertilizers and materials,4,FALSE,C00,TOTAL CPC,0,0,TOTAL MOT,8,kg,30636000,FALSE,-1,N/A,,FALSE,30636000,FALSE,,FALSE,4817239,,4817239,0,TRUE,FALSE
C,A,19760101,1976,52,1976,404,KEN,Kenya,X,Export,0,W00,World,0,W00,World,S1,S1,TRUE,5612,Phosphatic fertilizers and materials,4,FALSE,C00,TOTAL CPC,0,0,TOTAL MOT,8,kg,2000,FALSE,-1,N/A,,FALSE,2000,FALSE,,FALSE,,482,482,0,TRUE,FALSE
C,A,19760101,1976,52,1976,430,LBR,Liberia,M,Import,0,W00,World,0,W00,World,S1,S1,TRUE,5612,Phosphatic fertilizers and materials,4,FALSE,C00,TOTAL CPC,0,0,TOTAL MOT,8,kg,531744,FALSE,-1,N/A,,FALSE,531744,FALSE,,FALSE,68280,,68280,0,TRUE,FALSE
C,A,19760101,1976,52,1976,434,LBY,Libya,M,Import,0,W00,World,0,W00,World,S1,S1,TRUE,5612,Phosphatic fertilizers and materials,4,FALSE,C00,TOTAL CPC,0,0,TOTAL MOT,8,kg,3100300,FALSE,-1,N/A,,FALSE,3100300,FALSE,,FALSE,132072,,132072,0,TRUE,FALSE
C,A,19760101,1976,52,1976,458,MYS,Malaysia,M,Import,0,W00,World,0,W00,World,S1,S1,TRUE,5612,Phosphatic fertilizers and materials,4,FALSE,C00,TOTAL CPC,0,0,TOTAL MOT,8,kg,7342099,FALSE,-1,N/A,,FALSE,7342099,FALSE,,FALSE,1074518,,1074518,0,TRUE,FALSE
C,A,19760101,1976,52,1976,458,MYS,Malaysia,X,Export,0,W00,World,0,W00,World,S1,S1,TRUE,5612,Phosphatic fertilizers and materials,4,FALSE,C00,TOTAL CPC,0,0,TOTAL MOT,8,kg,7312,FALSE,-1,N/A,,FALSE,7312,FALSE,,FALSE,,566,566,0,TRUE,FALSE
C,A,19760101,1976,52,1976,466,MLI,Mali,M,Import,0,W00,World,0,W00,World,S1,S1,TRUE,5612,Phosphatic fertilizers and materials,4,FALSE,C00,TOTAL CPC,0,0,TOTAL MOT,8,kg,6000000,FALSE,-1,N/A,,FALSE,6000000,FALSE,,FALSE,1009634,,1009634,0,TRUE,FALSE
C,A,19760101,1976,52,1976,470,MLT,Malta,M,Import,0,W00,World,0,W00,World,S1,S1,TRUE,5612,Phosphatic fertilizers and materials,4,FALSE,C00,TOTAL CPC,0,0,TOTAL MOT,-1,N/A,0,FALSE,-1,N/A,,FALSE,,FALSE,,FALSE,2254,,2254,0,TRUE,FALSE
C,A,19760101,1976,52,1976,480,MUS,Mauritius,M,Import,0,W00,World,0,W00,World,S1,S1,TRUE,5612,Phosphatic fertilizers and materials,4,FALSE,C00,TOTAL CPC,0,0,TOTAL MOT,8,kg,2301687,FALSE,-1,N/A,,FALSE,2301687,FALSE,,FALSE,438109,,438109,0,TRUE,FALSE
C,A,19760101,1976,52,1976,484,MEX,Mexico,M,Import,0,W00,World,0,W00,World,S1,S1,TRUE,5612,Phosphatic fertilizers and materials,4,FALSE,C00,TOTAL CPC,0,0,TOTAL MOT,8,kg,16003204,FALSE,-1,N/A,,FALSE,16003204,FALSE,,FALSE,1883400,,1883400,0,TRUE,FALSE
C,A,19760101,1976,52,1976,484,MEX,Mexico,X,Export,0,W00,World,0,W00,World,S1,S1,TRUE,5612,Phosphatic fertilizers and materials,4,FALSE,C00,TOTAL CPC,0,0,TOTAL MOT,8,kg,33285100,FALSE,-1,N/A,,FALSE,33285100,FALSE,,FALSE,,2668926,2668926,0,TRUE,FALSE
C,A,19760101,1976,52,1976,500,MSR,Montserrat,M,Import,0,W00,World,0,W00,World,S1,S1,TRUE,5612,Phosphatic fertilizers and materials,4,FALSE,C00,TOTAL CPC,0,0,TOTAL MOT,8,kg,3000,FALSE,-1,N/A,,FALSE,3000,FALSE,,FALSE,1057,,1057,0,TRUE,FALSE
C,A,19760101,1976,52,1976,528,NLD,Netherlands,M,Import,0,W00,World,0,W00,World,S1,S1,TRUE,5612,Phosphatic fertilizers and materials,4,FALSE,C00,TOTAL CPC,0,0,TOTAL MOT,8,kg,133243232,FALSE,-1,N/A,,FALSE,133243232,FALSE,,FALSE,6861230,,6861230,0,TRUE,FALSE
C,A,19760101,1976,52,1976,528,NLD,Netherlands,X,Export,0,W00,World,0,W00,World,S1,S1,TRUE,5612,Phosphatic fertilizers and materials,4,FALSE,C00,TOTAL CPC,0,0,TOTAL MOT,8,kg,186703296,FALSE,-1,N/A,,FALSE,186703296,FALSE,,FALSE,,17372020,17372020,0,TRUE,FALSE
C,A,19760101,1976,52,1976,532,ANT,Netherlands Antilles and Aruba (...1985),M,Import,0,W00,World,0,W00,World,S1,S1,TRUE,5612,Phosphatic fertilizers and materials,4,FALSE,C00,TOTAL CPC,0,0,TOTAL MOT,8,kg,1000,FALSE,-1,N/A,,FALSE,1000,FALSE,,FALSE,,1111,1111,0,TRUE,FALSE
C,A,19760101,1976,52,1976,554,NZL,New Zealand,M,Import,0,W00,World,0,W00,World,S1,S1,TRUE,5612,Phosphatic fertilizers and materials,4,FALSE,C00,TOTAL CPC,0,0,TOTAL MOT,-1,N/A,0,FALSE,-1,N/A,,FALSE,,FALSE,,FALSE,496169,,496169,0,TRUE,FALSE
C,A,19760101,1976,52,1976,554,NZL,New Zealand,X,Export,0,W00,World,0,W00,World,S1,S1,TRUE,5612,Phosphatic fertilizers and materials,4,FALSE,C00,TOTAL CPC,0,0,TOTAL MOT,8,kg,298453,FALSE,-1,N/A,,FALSE,298453,FALSE,,FALSE,,39558,39558,0,TRUE,FALSE
C,A,19760101,1976,52,1976,558,NIC,Nicaragua,M,Import,0,W00,World,0,W00,World,S1,S1,TRUE,5612,Phosphatic fertilizers and materials,4,FALSE,C00,TOTAL CPC,0,0,TOTAL MOT,8,kg,7749546,FALSE,-1,N/A,,FALSE,7749546,FALSE,,FALSE,1688246,,1688246,0,TRUE,FALSE
C,A,19760101,1976,52,1976,566,NGA,Nigeria,M,Import,0,W00,World,0,W00,World,S1,S1,TRUE,5612,Phosphatic fertilizers and materials,4,FALSE,C00,TOTAL CPC,0,0,TOTAL MOT,8,kg,99098000,FALSE,-1,N/A,,FALSE,99098000,FALSE,,FALSE,20111648,,20111648,0,TRUE,FALSE
C,A,19760101,1976,52,1976,586,PAK,Pakistan,M,Import,0,W00,World,0,W00,World,S1,S1,TRUE,5612,Phosphatic fertilizers and materials,4,FALSE,C00,TOTAL CPC,0,0,TOTAL MOT,8,kg,220816000,FALSE,-1,N/A,,FALSE,220816000,FALSE,,FALSE,44997648,,44997648,0,TRUE,FALSE
C,A,19760101,1976,52,1976,590,PAN,"Panama, excl.Canal Zone (...1977)",M,Import,0,W00,World,0,W00,World,S1,S1,TRUE,5612,Phosphatic fertilizers and materials,4,FALSE,C00,TOTAL CPC,0,0,TOTAL MOT,8,kg,1597625,FALSE,-1,N/A,,FALSE,1597625,FALSE,,FALSE,229847,,229847,0,TRUE,FALSE
C,A,19760101,1976,52,1976,598,PNG,Papua New Guinea,M,Import,0,W00,World,0,W00,World,S1,S1,TRUE,5612,Phosphatic fertilizers and materials,4,FALSE,C00,TOTAL CPC,0,0,TOTAL MOT,8,kg,227000,FALSE,-1,N/A,,FALSE,227000,FALSE,,FALSE,34790,,34790,0,TRUE,FALSE
C,A,19760101,1976,52,1976,600,PRY,Paraguay,M,Import,0,W00,World,0,W00,World,S1,S1,TRUE,5612,Phosphatic fertilizers and materials,4,FALSE,C00,TOTAL CPC,0,0,TOTAL MOT,8,kg,4499000,FALSE,-1,N/A,,FALSE,4499000,FALSE,,FALSE,871830,,871830,0,TRUE,FALSE
C,A,19760101,1976,52,1976,608,PHL,Philippines,M,Import,0,W00,World,0,W00,World,S1,S1,TRUE,5612,Phosphatic fertilizers and materials,4,FALSE,C00,TOTAL CPC,0,0,TOTAL MOT,8,kg,25839452,FALSE,-1,N/A,,FALSE,25839452,FALSE,,FALSE,1515449,,1515449,0,TRUE,FALSE
C,A,19760101,1976,52,1976,620,PRT,Portugal,M,Import,0,W00,World,0,W00,World,S1,S1,TRUE,5612,Phosphatic fertilizers and materials,4,FALSE,C00,TOTAL CPC,0,0,TOTAL MOT,8,kg,6468167,FALSE,-1,N/A,,FALSE,6468167,FALSE,,FALSE,760230,,760230,0,TRUE,FALSE
C,A,19760101,1976,52,1976,620,PRT,Portugal,X,Export,0,W00,World,0,W00,World,S1,S1,TRUE,5612,Phosphatic fertilizers and materials,4,FALSE,C00,TOTAL CPC,0,0,TOTAL MOT,8,kg,90768632,FALSE,-1,N/A,,FALSE,90768632,FALSE,,FALSE,,5390464,5390464,0,TRUE,FALSE
C,A,19760101,1976,52,1976,662,LCA,Saint Lucia,M,Import,0,W00,World,0,W00,World,S1,S1,TRUE,5612,Phosphatic fertilizers and materials,4,FALSE,C00,TOTAL CPC,0,0,TOTAL MOT,8,kg,14937,FALSE,-1,N/A,,FALSE,14937,FALSE,,FALSE,3121,,3121,0,TRUE,FALSE
C,A,19760101,1976,52,1976,662,LCA,Saint Lucia,X,Export,0,W00,World,0,W00,World,S1,S1,TRUE,5612,Phosphatic fertilizers and materials,4,FALSE,C00,TOTAL CPC,0,0,TOTAL MOT,8,kg,609,FALSE,-1,N/A,,FALSE,609,FALSE,,FALSE,,207,207,0,TRUE,FALSE
C,A,19760101,1976,52,1976,670,VCT,Saint Vincent and the Grenadines,M,Import,0,W00,World,0,W00,World,S1,S1,TRUE,5612,Phosphatic fertilizers and materials,4,FALSE,C00,TOTAL CPC,0,0,TOTAL MOT,8,kg,16257,FALSE,-1,N/A,,FALSE,16257,FALSE,,FALSE,5752,,5752,0,TRUE,FALSE
C,A,19760101,1976,52,1976,690,SYC,Seychelles,M,Import,0,W00,World,0,W00,World,S1,S1,TRUE,5612,Phosphatic fertilizers and materials,4,FALSE,C00,TOTAL CPC,0,0,TOTAL MOT,8,kg,25000,FALSE,-1,N/A,,FALSE,25000,FALSE,,FALSE,5630,,5630,0,TRUE,FALSE
C,A,19760101,1976,52,1976,694,SLE,Sierra Leone,M,Import,0,W00,World,0,W00,World,S1,S1,TRUE,5612,Phosphatic fertilizers and materials,4,FALSE,C00,TOTAL CPC,0,0,TOTAL MOT,8,kg,1620620,FALSE,-1,N/A,,FALSE,1620620,FALSE,,FALSE,163082,,163082,0,TRUE,FALSE
C,A,19760101,1976,52,1976,699,IND,India,M,Import,0,W00,World,0,W00,World,S1,S1,TRUE,5612,Phosphatic fertilizers and materials,4,FALSE,C00,TOTAL CPC,0,0,TOTAL MOT,8,kg,5028000,FALSE,-1,N/A,,FALSE,5028000,FALSE,,FALSE,876191,,876191,0,TRUE,FALSE
C,A,19760101,1976,52,1976,699,IND,India,X,Export,0,W00,World,0,W00,World,S1,S1,TRUE,5612,Phosphatic fertilizers and materials,4,FALSE,C00,TOTAL CPC,0,0,TOTAL MOT,8,kg,5000,FALSE,-1,N/A,,FALSE,5000,FALSE,,FALSE,,914,914,0,TRUE,FALSE
C,A,19760101,1976,52,1976,702,SGP,Singapore,M,Import,0,W00,World,0,W00,World,S1,S1,TRUE,5612,Phosphatic fertilizers and materials,4,FALSE,C00,TOTAL CPC,0,0,TOTAL MOT,8,kg,2795701,FALSE,-1,N/A,,FALSE,2795701,FALSE,,FALSE,415380,,415380,0,TRUE,FALSE
C,A,19760101,1976,52,1976,702,SGP,Singapore,X,Export,0,W00,World,0,W00,World,S1,S1,TRUE,5612,Phosphatic fertilizers and materials,4,FALSE,C00,TOTAL CPC,0,0,TOTAL MOT,8,kg,2230437,FALSE,-1,N/A,,FALSE,2230437,FALSE,,FALSE,,324161,324161,0,TRUE,FALSE
C,A,19760101,1976,52,1976,724,ESP,Spain,M,Import,0,W00,World,0,W00,World,S1,S1,TRUE,5612,Phosphatic fertilizers and materials,4,FALSE,C00,TOTAL CPC,0,0,TOTAL MOT,8,kg,17959312,FALSE,-1,N/A,,FALSE,17959312,FALSE,,FALSE,1078526,,1078526,0,TRUE,FALSE
C,A,19760101,1976,52,1976,724,ESP,Spain,X,Export,0,W00,World,0,W00,World,S1,S1,TRUE,5612,Phosphatic fertilizers and materials,4,FALSE,C00,TOTAL CPC,0,0,TOTAL MOT,8,kg,119537776,FALSE,-1,N/A,,FALSE,119537776,FALSE,,FALSE,,7513293,7513293,0,TRUE,FALSE
C,A,19760101,1976,52,1976,736,SDN,Sudan (...2011),M,Import,0,W00,World,0,W00,World,S1,S1,TRUE,5612,Phosphatic fertilizers and materials,4,FALSE,C00,TOTAL CPC,0,0,TOTAL MOT,8,kg,25000,FALSE,-1,N/A,,FALSE,25000,FALSE,,FALSE,24717,,24717,0,TRUE,FALSE
C,A,19760101,1976,52,1976,760,SYR,Syria,M,Import,0,W00,World,0,W00,World,S1,S1,TRUE,5612,Phosphatic fertilizers and materials,4,FALSE,C00,TOTAL CPC,0,0,TOTAL MOT,8,kg,16013530,FALSE,-1,N/A,,FALSE,16013530,FALSE,,FALSE,,1961200,1961200,0,TRUE,FALSE
C,A,19760101,1976,52,1976,780,TTO,Trinidad and Tobago,M,Import,0,W00,World,0,W00,World,S1,S1,TRUE,5612,Phosphatic fertilizers and materials,4,FALSE,C00,TOTAL CPC,0,0,TOTAL MOT,8,kg,762031,FALSE,-1,N/A,,FALSE,762031,FALSE,,FALSE,160608,,160608,0,TRUE,FALSE
C,A,19760101,1976,52,1976,788,TUN,Tunisia,M,Import,0,W00,World,0,W00,World,S1,S1,TRUE,5612,Phosphatic fertilizers and materials,4,FALSE,C00,TOTAL CPC,0,0,TOTAL MOT,8,kg,68152,FALSE,-1,N/A,,FALSE,68152,FALSE,,FALSE,17503,,17503,0,TRUE,FALSE
C,A,19760101,1976,52,1976,788,TUN,Tunisia,X,Export,0,W00,World,0,W00,World,S1,S1,TRUE,5612,Phosphatic fertilizers and materials,4,FALSE,C00,TOTAL CPC,0,0,TOTAL MOT,8,kg,327588544,FALSE,-1,N/A,,FALSE,327588544,FALSE,,FALSE,,28142836,28142836,0,TRUE,FALSE
C,A,19760101,1976,52,1976,792,TUR,TÅEkiye,M,Import,0,W00,World,0,W00,World,S1,S1,TRUE,5612,Phosphatic fertilizers and materials,4,FALSE,C00,TOTAL CPC,0,0,TOTAL MOT,8,kg,10000,FALSE,-1,N/A,,FALSE,10000,FALSE,,FALSE,1127,,1127,0,TRUE,FALSE
C,A,19760101,1976,52,1976,800,UGA,Uganda,M,Import,0,W00,World,0,W00,World,S1,S1,TRUE,5612,Phosphatic fertilizers and materials,4,FALSE,C00,TOTAL CPC,0,0,TOTAL MOT,8,kg,81000,FALSE,-1,N/A,,FALSE,81000,FALSE,,FALSE,4067,,4067,0,TRUE,FALSE
C,A,19760101,1976,52,1976,800,UGA,Uganda,X,Export,0,W00,World,0,W00,World,S1,S1,TRUE,5612,Phosphatic fertilizers and materials,4,FALSE,C00,TOTAL CPC,0,0,TOTAL MOT,8,kg,387000,FALSE,-1,N/A,,FALSE,387000,FALSE,,FALSE,,41936,41936,0,TRUE,FALSE
C,A,19760101,1976,52,1976,818,EGY,Egypt,M,Import,0,W00,World,0,W00,World,S1,S1,TRUE,5612,Phosphatic fertilizers and materials,4,FALSE,C00,TOTAL CPC,0,0,TOTAL MOT,8,kg,320,FALSE,-1,N/A,,FALSE,320,FALSE,,FALSE,281,,281,0,TRUE,FALSE
C,A,19760101,1976,52,1976,818,EGY,Egypt,X,Export,0,W00,World,0,W00,World,S1,S1,TRUE,5612,Phosphatic fertilizers and materials,4,FALSE,C00,TOTAL CPC,0,0,TOTAL MOT,8,kg,31250000,FALSE,-1,N/A,,FALSE,31250000,FALSE,,FALSE,,819485,819485,0,TRUE,FALSE
C,A,19760101,1976,52,1976,826,GBR,United Kingdom,M,Import,0,W00,World,0,W00,World,S1,S1,TRUE,5612,Phosphatic fertilizers and materials,4,FALSE,C00,TOTAL CPC,0,0,TOTAL MOT,8,kg,49683000,FALSE,-1,N/A,,FALSE,49683000,FALSE,,FALSE,4543197,,4543197,0,TRUE,FALSE
C,A,19760101,1976,52,1976,826,GBR,United Kingdom,X,Export,0,W00,World,0,W00,World,S1,S1,TRUE,5612,Phosphatic fertilizers and materials,4,FALSE,C00,TOTAL CPC,0,0,TOTAL MOT,8,kg,136993008,FALSE,-1,N/A,,FALSE,136993008,FALSE,,FALSE,,19973306,19973306,0,TRUE,FALSE
C,A,19760101,1976,52,1976,834,TZA,United Rep. of Tanzania,M,Import,0,W00,World,0,W00,World,S1,S1,TRUE,5612,Phosphatic fertilizers and materials,4,FALSE,C00,TOTAL CPC,0,0,TOTAL MOT,8,kg,1500000,FALSE,-1,N/A,,FALSE,1500000,FALSE,,FALSE,241729,,241729,0,TRUE,FALSE
C,A,19760101,1976,52,1976,841,USA,USA and Puerto Rico (...1980),M,Import,0,W00,World,0,W00,World,S1,S1,TRUE,5612,Phosphatic fertilizers and materials,4,FALSE,C00,TOTAL CPC,0,0,TOTAL MOT,8,kg,89453784,FALSE,-1,N/A,,FALSE,89453784,FALSE,,FALSE,,14341786,14341786,0,TRUE,FALSE
C,A,19760101,1976,52,1976,841,USA,USA and Puerto Rico (...1980),X,Export,0,W00,World,0,W00,World,S1,S1,TRUE,5612,Phosphatic fertilizers and materials,4,FALSE,C00,TOTAL CPC,0,0,TOTAL MOT,8,kg,1209673856,FALSE,-1,N/A,,FALSE,1209673856,FALSE,,FALSE,,110835264,110835264,0,TRUE,FALSE
C,A,19760101,1976,52,1976,858,URY,Uruguay,M,Import,0,W00,World,0,W00,World,S1,S1,TRUE,5612,Phosphatic fertilizers and materials,4,FALSE,C00,TOTAL CPC,0,0,TOTAL MOT,8,kg,4074000,FALSE,-1,N/A,,FALSE,4074000,FALSE,,FALSE,623465,,623465,0,TRUE,FALSE
C,A,19760101,1976,52,1976,858,URY,Uruguay,X,Export,0,W00,World,0,W00,World,S1,S1,TRUE,5612,Phosphatic fertilizers and materials,4,FALSE,C00,TOTAL CPC,0,0,TOTAL MOT,8,kg,150000,FALSE,-1,N/A,,FALSE,150000,FALSE,,FALSE,,14800,14800,0,TRUE,FALSE
C,A,19760101,1976,52,1976,890,YUG,Yugoslavia (...1991),M,Import,0,W00,World,0,W00,World,S1,S1,TRUE,5612,Phosphatic fertilizers and materials,4,FALSE,C00,TOTAL CPC,0,0,TOTAL MOT,8,kg,39881096,FALSE,-1,N/A,,FALSE,39881096,FALSE,,FALSE,4466281,,4466281,0,TRUE,FALSE
C,A,19760101,1976,52,1976,890,YUG,Yugoslavia (...1991),X,Export,0,W00,World,0,W00,World,S1,S1,TRUE,5612,Phosphatic fertilizers and materials,4,FALSE,C00,TOTAL CPC,0,0,TOTAL MOT,8,kg,134875952,FALSE,-1,N/A,,FALSE,134875952,FALSE,,FALSE,,7220582,7220582,0,TRUE,FALSE
C,A,19770101,1977,52,1977,32,ARG,Argentina,M,Import,0,W00,World,0,W00,World,S1,S1,TRUE,5612,Phosphatic fertilizers and materials,4,FALSE,C00,TOTAL CPC,0,0,TOTAL MOT,8,kg,14776487,FALSE,-1,N/A,,FALSE,14776487,FALSE,,FALSE,1745850,,1745850,0,TRUE,FALSE
C,A,19770101,1977,52,1977,32,ARG,Argentina,X,Export,0,W00,World,0,W00,World,S1,S1,TRUE,5612,Phosphatic fertilizers and materials,4,FALSE,C00,TOTAL CPC,0,0,TOTAL MOT,8,kg,146030,FALSE,-1,N/A,,FALSE,146030,FALSE,,FALSE,,29310,29310,0,TRUE,FALSE
C,A,19770101,1977,52,1977,36,AUS,Australia,M,Import,0,W00,World,0,W00,World,S1,S1,TRUE,5612,Phosphatic fertilizers and materials,4,FALSE,C00,TOTAL CPC,0,0,TOTAL MOT,8,kg,5591901,FALSE,-1,N/A,,FALSE,5591901,FALSE,,FALSE,,604940,604940,0,TRUE,FALSE
C,A,19770101,1977,52,1977,36,AUS,Australia,X,Export,0,W00,World,0,W00,World,S1,S1,TRUE,5612,Phosphatic fertilizers and materials,4,FALSE,C00,TOTAL CPC,0,0,TOTAL MOT,8,kg,300172,FALSE,-1,N/A,,FALSE,300172,FALSE,,FALSE,,56027,56027,0,TRUE,FALSE
C,A,19770101,1977,52,1977,48,BHR,Bahrain,M,Import,0,W00,World,0,W00,World,S1,S1,TRUE,5612,Phosphatic fertilizers and materials,4,FALSE,C00,TOTAL CPC,0,0,TOTAL MOT,8,kg,60,FALSE,-1,N/A,,FALSE,60,FALSE,,FALSE,70,,70,0,TRUE,FALSE
C,A,19770101,1977,52,1977,52,BRB,Barbados,M,Import,0,W00,World,0,W00,World,S1,S1,TRUE,5612,Phosphatic fertilizers and materials,4,FALSE,C00,TOTAL CPC,0,0,TOTAL MOT,8,kg,6125,FALSE,-1,N/A,,FALSE,6125,FALSE,,FALSE,1545,,1545,0,TRUE,FALSE
C,A,19770101,1977,52,1977,58,BEL,Belgium-Luxembourg (...1998),M,Import,0,W00,World,0,W00,World,S1,S1,TRUE,5612,Phosphatic fertilizers and materials,4,FALSE,C00,TOTAL CPC,0,0,TOTAL MOT,8,kg,178673328,FALSE,-1,N/A,,FALSE,178673328,FALSE,,FALSE,18530592,,18530592,0,TRUE,FALSE
C,A,19770101,1977,52,1977,58,BEL,Belgium-Luxembourg (...1998),X,Export,0,W00,World,0,W00,World,S1,S1,TRUE,5612,Phosphatic fertilizers and materials,4,FALSE,C00,TOTAL CPC,0,0,TOTAL MOT,8,kg,1381095552,FALSE,-1,N/A,,FALSE,1381095552,FALSE,,FALSE,,72209192,72209192,0,TRUE,FALSE
C,A,19770101,1977,52,1977,60,BMU,Bermuda,M,Import,0,W00,World,0,W00,World,S1,S1,TRUE,5612,Phosphatic fertilizers and materials,4,FALSE,C00,TOTAL CPC,0,0,TOTAL MOT,8,kg,5750,FALSE,-1,N/A,,FALSE,5750,FALSE,,FALSE,2837,,2837,0,TRUE,FALSE
C,A,19770101,1977,52,1977,76,BRA,Brazil,M,Import,0,W00,World,0,W00,World,S1,S1,TRUE,5612,Phosphatic fertilizers and materials,4,FALSE,C00,TOTAL CPC,0,0,TOTAL MOT,8,kg,517631008,FALSE,-1,N/A,,FALSE,517631008,FALSE,,FALSE,50899640,,50899640,0,TRUE,FALSE
C,A,19770101,1977,52,1977,76,BRA,Brazil,X,Export,0,W00,World,0,W00,World,S1,S1,TRUE,5612,Phosphatic fertilizers and materials,4,FALSE,C00,TOTAL CPC,0,0,TOTAL MOT,8,kg,450000,FALSE,-1,N/A,,FALSE,450000,FALSE,,FALSE,,64427,64427,0,TRUE,FALSE
C,A,19770101,1977,52,1977,84,BLZ,Belize,M,Import,0,W00,World,0,W00,World,S1,S1,TRUE,5612,Phosphatic fertilizers and materials,4,FALSE,C00,TOTAL CPC,0,0,TOTAL MOT,8,kg,4562,FALSE,-1,N/A,,FALSE,4562,FALSE,,FALSE,796,,796,0,TRUE,FALSE
C,A,19770101,1977,52,1977,96,BRN,Brunei Darussalam,M,Import,0,W00,World,0,W00,World,S1,S1,TRUE,5612,Phosphatic fertilizers and materials,4,FALSE,C00,TOTAL CPC,0,0,TOTAL MOT,8,kg,2081,FALSE,-1,N/A,,FALSE,2081,FALSE,,FALSE,773,,773,0,TRUE,FALSE
C,A,19770101,1977,52,1977,124,CAN,Canada,M,Import,0,W00,World,0,W00,World,S1,S1,TRUE,5612,Phosphatic fertilizers and materials,4,FALSE,C00,TOTAL CPC,0,0,TOTAL MOT,8,kg,198912000,FALSE,-1,N/A,,FALSE,198912000,FALSE,,FALSE,,24890660,24890660,0,TRUE,FALSE
C,A,19770101,1977,52,1977,124,CAN,Canada,X,Export,0,W00,World,0,W00,World,S1,S1,TRUE,5612,Phosphatic fertilizers and materials,4,FALSE,C00,TOTAL CPC,0,0,TOTAL MOT,8,kg,13084000,FALSE,-1,N/A,,FALSE,13084000,FALSE,,FALSE,,1563713,1563713,0,TRUE,FALSE
C,A,19770101,1977,52,1977,144,LKA,Sri Lanka,M,Import,0,W00,World,0,W00,World,S1,S1,TRUE,5612,Phosphatic fertilizers and materials,4,FALSE,C00,TOTAL CPC,0,0,TOTAL MOT,8,kg,4200000,FALSE,-1,N/A,,FALSE,4200000,FALSE,,FALSE,182529,,182529,0,TRUE,FALSE
C,A,19770101,1977,52,1977,152,CHL,Chile,M,Import,0,W00,World,0,W00,World,S1,S1,TRUE,5612,Phosphatic fertilizers and materials,4,FALSE,C00,TOTAL CPC,0,0,TOTAL MOT,-1,N/A,0,FALSE,-1,N/A,,FALSE,,FALSE,,FALSE,14913523,,14913523,0,TRUE,FALSE
C,A,19770101,1977,52,1977,170,COL,Colombia,M,Import,0,W00,World,0,W00,World,S1,S1,TRUE,5612,Phosphatic fertilizers and materials,4,FALSE,C00,TOTAL CPC,0,0,TOTAL MOT,8,kg,14878882,FALSE,-1,N/A,,FALSE,14878882,FALSE,,FALSE,1616767,,1616767,0,TRUE,FALSE
C,A,19770101,1977,52,1977,180,COD,Dem. Rep. of the Congo,M,Import,0,W00,World,0,W00,World,S1,S1,TRUE,5612,Phosphatic fertilizers and materials,4,FALSE,C00,TOTAL CPC,0,0,TOTAL MOT,8,kg,5293671,FALSE,-1,N/A,,FALSE,5293671,FALSE,,FALSE,1761323,,1761323,0,TRUE,FALSE
C,A,19770101,1977,52,1977,188,CRI,Costa Rica,M,Import,0,W00,World,0,W00,World,S1,S1,TRUE,5612,Phosphatic fertilizers and materials,4,FALSE,C00,TOTAL CPC,0,0,TOTAL MOT,8,kg,64080856,FALSE,-1,N/A,,FALSE,64080856,FALSE,,FALSE,8037091,,8037091,0,TRUE,FALSE
C,A,19770101,1977,52,1977,212,DMA,Dominica,M,Import,0,W00,World,0,W00,World,S1,S1,TRUE,5612,Phosphatic fertilizers and materials,4,FALSE,C00,TOTAL CPC,0,0,TOTAL MOT,8,kg,2775000,FALSE,-1,N/A,,FALSE,2775000,FALSE,,FALSE,494894,,494894,0,TRUE,FALSE
C,A,19770101,1977,52,1977,214,DOM,Dominican Rep.,M,Import,0,W00,World,0,W00,World,S1,S1,TRUE,5612,Phosphatic fertilizers and materials,4,FALSE,C00,TOTAL CPC,0,0,TOTAL MOT,8,kg,11359819,FALSE,-1,N/A,,FALSE,11359819,FALSE,,FALSE,,1246577,1246577,0,TRUE,FALSE
C,A,19770101,1977,52,1977,218,ECU,Ecuador,M,Import,0,W00,World,0,W00,World,S1,S1,TRUE,5612,Phosphatic fertilizers and materials,4,FALSE,C00,TOTAL CPC,0,0,TOTAL MOT,8,kg,15735100,FALSE,-1,N/A,,FALSE,15735100,FALSE,,FALSE,784019,,784019,0,TRUE,FALSE
C,A,19770101,1977,52,1977,222,SLV,El Salvador,M,Import,0,W00,World,0,W00,World,S1,S1,TRUE,5612,Phosphatic fertilizers and materials,4,FALSE,C00,TOTAL CPC,0,0,TOTAL MOT,8,kg,32084508,FALSE,-1,N/A,,FALSE,32084508,FALSE,,FALSE,4578438,,4578438,0,TRUE,FALSE
C,A,19770101,1977,52,1977,251,FRA,France,M,Import,0,W00,World,0,W00,World,S1,S1,TRUE,5612,Phosphatic fertilizers and materials,4,FALSE,C00,TOTAL CPC,0,0,TOTAL MOT,8,kg,856279488,FALSE,-1,N/A,,FALSE,856279488,FALSE,,FALSE,60779192,,60779192,0,TRUE,FALSE
C,A,19770101,1977,52,1977,251,FRA,France,X,Export,0,W00,World,0,W00,World,S1,S1,TRUE,5612,Phosphatic fertilizers and materials,4,FALSE,C00,TOTAL CPC,0,0,TOTAL MOT,8,kg,219135520,FALSE,-1,N/A,,FALSE,219135520,FALSE,,FALSE,,13518660,13518660,0,TRUE,FALSE
C,A,19770101,1977,52,1977,270,GMB,Gambia,M,Import,0,W00,World,0,W00,World,S1,S1,TRUE,5612,Phosphatic fertilizers and materials,4,FALSE,C00,TOTAL CPC,0,0,TOTAL MOT,8,kg,6047511,FALSE,-1,N/A,,FALSE,6047511,FALSE,,FALSE,601891,,601891,0,TRUE,FALSE
C,A,19770101,1977,52,1977,280,DEU,Fed. Rep. of Germany (...1990),M,Import,0,W00,World,0,W00,World,S1,S1,TRUE,5612,Phosphatic fertilizers and materials,4,FALSE,C00,TOTAL CPC,0,0,TOTAL MOT,8,kg,914882112,FALSE,-1,N/A,,TRUE,914882112,FALSE,-1,TRUE,56959000,,56959000,0,FALSE,FALSE
C,A,19770101,1977,52,1977,280,DEU,Fed. Rep. of Germany (...1990),X,Export,0,W00,World,0,W00,World,S1,S1,TRUE,5612,Phosphatic fertilizers and materials,4,FALSE,C00,TOTAL CPC,0,0,TOTAL MOT,8,kg,26673900,FALSE,-1,N/A,,TRUE,26673900,FALSE,-1,TRUE,,2746000,2746000,0,FALSE,FALSE
C,A,19770101,1977,52,1977,296,KIR,Kiribati,M,Import,0,W00,World,0,W00,World,S1,S1,TRUE,5612,Phosphatic fertilizers and materials,4,FALSE,C00,TOTAL CPC,0,0,TOTAL MOT,8,kg,20,FALSE,-1,N/A,,FALSE,20,FALSE,,FALSE,11,,11,0,TRUE,FALSE
C,A,19770101,1977,52,1977,320,GTM,Guatemala,M,Import,0,W00,World,0,W00,World,S1,S1,TRUE,5612,Phosphatic fertilizers and materials,4,FALSE,C00,TOTAL CPC,0,0,TOTAL MOT,8,kg,15600546,FALSE,-1,N/A,,FALSE,15600546,FALSE,,FALSE,1809735,,1809735,0,TRUE,FALSE
C,A,19770101,1977,52,1977,320,GTM,Guatemala,X,Export,0,W00,World,0,W00,World,S1,S1,TRUE,5612,Phosphatic fertilizers and materials,4,FALSE,C00,TOTAL CPC,0,0,TOTAL MOT,8,kg,3569315,FALSE,-1,N/A,,FALSE,3569315,FALSE,,FALSE,,790495,790495,0,TRUE,FALSE
C,A,19770101,1977,52,1977,328,GUY,Guyana,M,Import,0,W00,World,0,W00,World,S1,S1,TRUE,5612,Phosphatic fertilizers and materials,4,FALSE,C00,TOTAL CPC,0,0,TOTAL MOT,8,kg,6194842,FALSE,-1,N/A,,FALSE,6194842,FALSE,,FALSE,933007,,933007,0,TRUE,FALSE
C,A,19770101,1977,52,1977,340,HND,Honduras,M,Import,0,W00,World,0,W00,World,S1,S1,TRUE,5612,Phosphatic fertilizers and materials,4,FALSE,C00,TOTAL CPC,0,0,TOTAL MOT,8,kg,6270987,FALSE,-1,N/A,,FALSE,6270987,FALSE,,FALSE,998401,,998401,0,TRUE,FALSE
C,A,19770101,1977,52,1977,340,HND,Honduras,X,Export,0,W00,World,0,W00,World,S1,S1,TRUE,5612,Phosphatic fertilizers and materials,4,FALSE,C00,TOTAL CPC,0,0,TOTAL MOT,8,kg,6875,FALSE,-1,N/A,,FALSE,6875,FALSE,,FALSE,,674,674,0,TRUE,FALSE
C,A,19770101,1977,52,1977,360,IDN,Indonesia,M,Import,0,W00,World,0,W00,World,S1,S1,TRUE,5612,Phosphatic fertilizers and materials,4,FALSE,C00,TOTAL CPC,0,0,TOTAL MOT,8,kg,118931248,FALSE,-1,N/A,,FALSE,118931248,FALSE,,FALSE,14187545,,14187545,0,TRUE,FALSE
C,A,19770101,1977,52,1977,364,IRN,Iran,M,Import,0,W00,World,0,W00,World,S1,S1,TRUE,5612,Phosphatic fertilizers and materials,4,FALSE,C00,TOTAL CPC,0,0,TOTAL MOT,8,kg,39655328,FALSE,-1,N/A,,FALSE,39655328,FALSE,,FALSE,4816230,,4816230,0,TRUE,FALSE
C,A,19770101,1977,52,1977,376,ISR,Israel,M,Import,0,W00,World,0,W00,World,S1,S1,TRUE,5612,Phosphatic fertilizers and materials,4,FALSE,C00,TOTAL CPC,0,0,TOTAL MOT,-1,N/A,0,FALSE,-1,N/A,,FALSE,,FALSE,,FALSE,31,,31,0,TRUE,FALSE
C,A,19770101,1977,52,1977,376,ISR,Israel,X,Export,0,W00,World,0,W00,World,S1,S1,TRUE,5612,Phosphatic fertilizers and materials,4,FALSE,C00,TOTAL CPC,0,0,TOTAL MOT,8,kg,197111456,FALSE,-1,N/A,,FALSE,197111456,FALSE,,FALSE,,20456446,20456446,0,TRUE,FALSE
C,A,19770101,1977,52,1977,388,JAM,Jamaica,M,Import,0,W00,World,0,W00,World,S1,S1,TRUE,5612,Phosphatic fertilizers and materials,4,FALSE,C00,TOTAL CPC,0,0,TOTAL MOT,8,kg,12881000,FALSE,-1,N/A,,FALSE,12881000,FALSE,,FALSE,2259928,,2259928,0,TRUE,FALSE
C,A,19770101,1977,52,1977,400,JOR,Jordan,M,Import,0,W00,World,0,W00,World,S1,S1,TRUE,5612,Phosphatic fertilizers and materials,4,FALSE,C00,TOTAL CPC,0,0,TOTAL MOT,8,kg,2722917,FALSE,-1,N/A,,FALSE,2722917,FALSE,,FALSE,404093,,404093,0,TRUE,FALSE
C,A,19770101,1977,52,1977,400,JOR,Jordan,X,Export,0,W00,World,0,W00,World,S1,S1,TRUE,5612,Phosphatic fertilizers and materials,4,FALSE,C00,TOTAL CPC,0,0,TOTAL MOT,8,kg,30000,FALSE,-1,N/A,,FALSE,30000,FALSE,,FALSE,,5110,5110,0,TRUE,FALSE
C,A,19770101,1977,52,1977,404,KEN,Kenya,M,Import,0,W00,World,0,W00,World,S1,S1,TRUE,5612,Phosphatic fertilizers and materials,4,FALSE,C00,TOTAL CPC,0,0,TOTAL MOT,8,kg,33500128,FALSE,-1,N/A,,FALSE,33500128,FALSE,,FALSE,4666142,,4666142,0,TRUE,FALSE
C,A,19770101,1977,52,1977,430,LBR,Liberia,M,Import,0,W00,World,0,W00,World,S1,S1,TRUE,5612,Phosphatic fertilizers and materials,4,FALSE,C00,TOTAL CPC,0,0,TOTAL MOT,8,kg,798249,FALSE,-1,N/A,,FALSE,798249,FALSE,,FALSE,73978,,73978,0,TRUE,FALSE
C,A,19770101,1977,52,1977,434,LBY,Libya,M,Import,0,W00,World,0,W00,World,S1,S1,TRUE,5612,Phosphatic fertilizers and materials,4,FALSE,C00,TOTAL CPC,0,0,TOTAL MOT,8,kg,7687000,FALSE,-1,N/A,,FALSE,7687000,FALSE,,FALSE,1345569,,1345569,0,TRUE,FALSE
C,A,19770101,1977,52,1977,458,MYS,Malaysia,M,Import,0,W00,World,0,W00,World,S1,S1,TRUE,5612,Phosphatic fertilizers and materials,4,FALSE,C00,TOTAL CPC,0,0,TOTAL MOT,8,kg,15167245,FALSE,-1,N/A,,FALSE,15167245,FALSE,,FALSE,1857592,,1857592,0,TRUE,FALSE
C,A,19770101,1977,52,1977,458,MYS,Malaysia,X,Export,0,W00,World,0,W00,World,S1,S1,TRUE,5612,Phosphatic fertilizers and materials,4,FALSE,C00,TOTAL CPC,0,0,TOTAL MOT,8,kg,49007,FALSE,-1,N/A,,FALSE,49007,FALSE,,FALSE,,6099,6099,0,TRUE,FALSE
C,A,19770101,1977,52,1977,470,MLT,Malta,M,Import,0,W00,World,0,W00,World,S1,S1,TRUE,5612,Phosphatic fertilizers and materials,4,FALSE,C00,TOTAL CPC,0,0,TOTAL MOT,8,kg,13636,FALSE,-1,N/A,,FALSE,13636,FALSE,,FALSE,6745,,6745,0,TRUE,FALSE
C,A,19770101,1977,52,1977,480,MUS,Mauritius,M,Import,0,W00,World,0,W00,World,S1,S1,TRUE,5612,Phosphatic fertilizers and materials,4,FALSE,C00,TOTAL CPC,0,0,TOTAL MOT,8,kg,10325308,FALSE,-1,N/A,,FALSE,10325308,FALSE,,FALSE,1636986,,1636986,0,TRUE,FALSE
C,A,19770101,1977,52,1977,484,MEX,Mexico,M,Import,0,W00,World,0,W00,World,S1,S1,TRUE,5612,Phosphatic fertilizers and materials,4,FALSE,C00,TOTAL CPC,0,0,TOTAL MOT,8,kg,5681870,FALSE,-1,N/A,,FALSE,5681870,FALSE,,FALSE,748319,,748319,0,TRUE,FALSE
C,A,19770101,1977,52,1977,484,MEX,Mexico,X,Export,0,W00,World,0,W00,World,S1,S1,TRUE,5612,Phosphatic fertilizers and materials,4,FALSE,C00,TOTAL CPC,0,0,TOTAL MOT,8,kg,98646952,FALSE,-1,N/A,,FALSE,98646952,FALSE,,FALSE,,9397899,9397899,0,TRUE,FALSE
C,A,19770101,1977,52,1977,528,NLD,Netherlands,M,Import,0,W00,World,0,W00,World,S1,S1,TRUE,5612,Phosphatic fertilizers and materials,4,FALSE,C00,TOTAL CPC,0,0,TOTAL MOT,8,kg,131166416,FALSE,-1,N/A,,FALSE,131166416,FALSE,,FALSE,8488243,,8488243,0,TRUE,FALSE
C,A,19770101,1977,52,1977,528,NLD,Netherlands,X,Export,0,W00,World,0,W00,World,S1,S1,TRUE,5612,Phosphatic fertilizers and materials,4,FALSE,C00,TOTAL CPC,0,0,TOTAL MOT,8,kg,186616320,FALSE,-1,N/A,,FALSE,186616320,FALSE,,FALSE,,18456120,18456120,0,TRUE,FALSE
C,A,19770101,1977,52,1977,532,ANT,Netherlands Antilles and Aruba (...1985),X,Export,0,W00,World,0,W00,World,S1,S1,TRUE,5612,Phosphatic fertilizers and materials,4,FALSE,C00,TOTAL CPC,0,0,TOTAL MOT,8,kg,1000,FALSE,-1,N/A,,FALSE,1000,FALSE,,FALSE,,555,555,0,TRUE,FALSE
C,A,19770101,1977,52,1977,554,NZL,New Zealand,M,Import,0,W00,World,0,W00,World,S1,S1,TRUE,5612,Phosphatic fertilizers and materials,4,FALSE,C00,TOTAL CPC,0,0,TOTAL MOT,-1,N/A,0,FALSE,-1,N/A,,FALSE,,FALSE,,FALSE,291657,,291657,0,TRUE,FALSE
C,A,19770101,1977,52,1977,554,NZL,New Zealand,X,Export,0,W00,World,0,W00,World,S1,S1,TRUE,5612,Phosphatic fertilizers and materials,4,FALSE,C00,TOTAL CPC,0,0,TOTAL MOT,8,kg,940852,FALSE,-1,N/A,,FALSE,940852,FALSE,,FALSE,,133566,133566,0,TRUE,FALSE
C,A,19770101,1977,52,1977,558,NIC,Nicaragua,M,Import,0,W00,World,0,W00,World,S1,S1,TRUE,5612,Phosphatic fertilizers and materials,4,FALSE,C00,TOTAL CPC,0,0,TOTAL MOT,8,kg,31560728,FALSE,-1,N/A,,FALSE,31560728,FALSE,,FALSE,5477459,,5477459,0,TRUE,FALSE
C,A,19770101,1977,52,1977,566,NGA,Nigeria,M,Import,0,W00,World,0,W00,World,S1,S1,TRUE,5612,Phosphatic fertilizers and materials,4,FALSE,C00,TOTAL CPC,0,0,TOTAL MOT,8,kg,53515040,FALSE,-1,N/A,,FALSE,53515040,FALSE,,FALSE,8616335,,8616335,0,TRUE,FALSE
C,A,19770101,1977,52,1977,586,PAK,Pakistan,M,Import,0,W00,World,0,W00,World,S1,S1,TRUE,5612,Phosphatic fertilizers and materials,4,FALSE,C00,TOTAL CPC,0,0,TOTAL MOT,8,kg,73415000,FALSE,-1,N/A,,FALSE,73415000,FALSE,,FALSE,13723317,,13723317,0,TRUE,FALSE
C,A,19770101,1977,52,1977,590,PAN,"Panama, excl.Canal Zone (...1977)",M,Import,0,W00,World,0,W00,World,S1,S1,TRUE,5612,Phosphatic fertilizers and materials,4,FALSE,C00,TOTAL CPC,0,0,TOTAL MOT,8,kg,10734484,FALSE,-1,N/A,,FALSE,10734484,FALSE,,FALSE,406219,,406219,0,TRUE,FALSE
C,A,19770101,1977,52,1977,600,PRY,Paraguay,M,Import,0,W00,World,0,W00,World,S1,S1,TRUE,5612,Phosphatic fertilizers and materials,4,FALSE,C00,TOTAL CPC,0,0,TOTAL MOT,8,kg,5534151,FALSE,-1,N/A,,FALSE,5534151,FALSE,,FALSE,887169,,887169,0,TRUE,FALSE
C,A,19770101,1977,52,1977,620,PRT,Portugal,M,Import,0,W00,World,0,W00,World,S1,S1,TRUE,5612,Phosphatic fertilizers and materials,4,FALSE,C00,TOTAL CPC,0,0,TOTAL MOT,8,kg,6690128,FALSE,-1,N/A,,FALSE,6690128,FALSE,,FALSE,752864,,752864,0,TRUE,FALSE
C,A,19770101,1977,52,1977,620,PRT,Portugal,X,Export,0,W00,World,0,W00,World,S1,S1,TRUE,5612,Phosphatic fertilizers and materials,4,FALSE,C00,TOTAL CPC,0,0,TOTAL MOT,8,kg,83345648,FALSE,-1,N/A,,FALSE,83345648,FALSE,,FALSE,,4846341,4846341,0,TRUE,FALSE
C,A,19770101,1977,52,1977,690,SYC,Seychelles,M,Import,0,W00,World,0,W00,World,S1,S1,TRUE,5612,Phosphatic fertilizers and materials,4,FALSE,C00,TOTAL CPC,0,0,TOTAL MOT,8,kg,24500,FALSE,-1,N/A,,FALSE,24500,FALSE,,FALSE,2413,,2413,0,TRUE,FALSE
C,A,19770101,1977,52,1977,702,SGP,Singapore,M,Import,0,W00,World,0,W00,World,S1,S1,TRUE,5612,Phosphatic fertilizers and materials,4,FALSE,C00,TOTAL CPC,0,0,TOTAL MOT,8,kg,46240612,FALSE,-1,N/A,,FALSE,46240612,FALSE,,FALSE,5560451,,5560451,0,TRUE,FALSE
C,A,19770101,1977,52,1977,702,SGP,Singapore,X,Export,0,W00,World,0,W00,World,S1,S1,TRUE,5612,Phosphatic fertilizers and materials,4,FALSE,C00,TOTAL CPC,0,0,TOTAL MOT,8,kg,3793562,FALSE,-1,N/A,,FALSE,3793562,FALSE,,FALSE,,523083,523083,0,TRUE,FALSE
C,A,19770101,1977,52,1977,724,ESP,Spain,M,Import,0,W00,World,0,W00,World,S1,S1,TRUE,5612,Phosphatic fertilizers and materials,4,FALSE,C00,TOTAL CPC,0,0,TOTAL MOT,8,kg,26668914,FALSE,-1,N/A,,FALSE,26668914,FALSE,,FALSE,2378043,,2378043,0,TRUE,FALSE
C,A,19770101,1977,52,1977,724,ESP,Spain,X,Export,0,W00,World,0,W00,World,S1,S1,TRUE,5612,Phosphatic fertilizers and materials,4,FALSE,C00,TOTAL CPC,0,0,TOTAL MOT,8,kg,56028504,FALSE,-1,N/A,,FALSE,56028504,FALSE,,FALSE,,3278890,3278890,0,TRUE,FALSE
C,A,19770101,1977,52,1977,736,SDN,Sudan (...2011),M,Import,0,W00,World,0,W00,World,S1,S1,TRUE,5612,Phosphatic fertilizers and materials,4,FALSE,C00,TOTAL CPC,0,0,TOTAL MOT,8,kg,28000,FALSE,-1,N/A,,FALSE,28000,FALSE,,FALSE,10682,,10682,0,TRUE,FALSE
C,A,19770101,1977,52,1977,780,TTO,Trinidad and Tobago,M,Import,0,W00,World,0,W00,World,S1,S1,TRUE,5612,Phosphatic fertilizers and materials,4,FALSE,C00,TOTAL CPC,0,0,TOTAL MOT,8,kg,1141000,FALSE,-1,N/A,,FALSE,1141000,FALSE,,FALSE,199479,,199479,0,TRUE,FALSE
C,A,19770101,1977,52,1977,780,TTO,Trinidad and Tobago,X,Export,0,W00,World,0,W00,World,S1,S1,TRUE,5612,Phosphatic fertilizers and materials,4,FALSE,C00,TOTAL CPC,0,0,TOTAL MOT,-1,N/A,0,FALSE,-1,N/A,,FALSE,,FALSE,,FALSE,,188,188,0,TRUE,FALSE
C,A,19770101,1977,52,1977,788,TUN,Tunisia,M,Import,0,W00,World,0,W00,World,S1,S1,TRUE,5612,Phosphatic fertilizers and materials,4,FALSE,C00,TOTAL CPC,0,0,TOTAL MOT,8,kg,441,FALSE,-1,N/A,,FALSE,441,FALSE,,FALSE,9608,,9608,0,TRUE,FALSE
C,A,19770101,1977,52,1977,788,TUN,Tunisia,X,Export,0,W00,World,0,W00,World,S1,S1,TRUE,5612,Phosphatic fertilizers and materials,4,FALSE,C00,TOTAL CPC,0,0,TOTAL MOT,8,kg,505447872,FALSE,-1,N/A,,FALSE,505447872,FALSE,,FALSE,,45116100,45116100,0,TRUE,FALSE
C,A,19770101,1977,52,1977,792,TUR,TÅEkiye,M,Import,0,W00,World,0,W00,World,S1,S1,TRUE,5612,Phosphatic fertilizers and materials,4,FALSE,C00,TOTAL CPC,0,0,TOTAL MOT,8,kg,44176508,FALSE,-1,N/A,,FALSE,44176508,FALSE,,FALSE,7151716,,7151716,0,TRUE,FALSE
C,A,19770101,1977,52,1977,818,EGY,Egypt,M,Import,0,W00,World,0,W00,World,S1,S1,TRUE,5612,Phosphatic fertilizers and materials,4,FALSE,C00,TOTAL CPC,0,0,TOTAL MOT,8,kg,20106376,FALSE,-1,N/A,,FALSE,20106376,FALSE,,FALSE,1668784,,1668784,0,TRUE,FALSE
C,A,19770101,1977,52,1977,818,EGY,Egypt,X,Export,0,W00,World,0,W00,World,S1,S1,TRUE,5612,Phosphatic fertilizers and materials,4,FALSE,C00,TOTAL CPC,0,0,TOTAL MOT,8,kg,23350000,FALSE,-1,N/A,,FALSE,23350000,FALSE,,FALSE,,625272,625272,0,TRUE,FALSE
C,A,19770101,1977,52,1977,826,GBR,United Kingdom,M,Import,0,W00,World,0,W00,World,S1,S1,TRUE,5612,Phosphatic fertilizers and materials,4,FALSE,C00,TOTAL CPC,0,0,TOTAL MOT,8,kg,50847000,FALSE,-1,N/A,,FALSE,50847000,FALSE,,FALSE,4961774,,4961774,0,TRUE,FALSE
C,A,19770101,1977,52,1977,826,GBR,United Kingdom,X,Export,0,W00,World,0,W00,World,S1,S1,TRUE,5612,Phosphatic fertilizers and materials,4,FALSE,C00,TOTAL CPC,0,0,TOTAL MOT,8,kg,49235000,FALSE,-1,N/A,,FALSE,49235000,FALSE,,FALSE,,5441724,5441724,0,TRUE,FALSE
C,A,19770101,1977,52,1977,834,TZA,United Rep. of Tanzania,M,Import,0,W00,World,0,W00,World,S1,S1,TRUE,5612,Phosphatic fertilizers and materials,4,FALSE,C00,TOTAL CPC,0,0,TOTAL MOT,8,kg,20000,FALSE,-1,N/A,,FALSE,20000,FALSE,,FALSE,10470,,10470,0,TRUE,FALSE
C,A,19770101,1977,52,1977,841,USA,USA and Puerto Rico (...1980),M,Import,0,W00,World,0,W00,World,S1,S1,TRUE,5612,Phosphatic fertilizers and materials,4,FALSE,C00,TOTAL CPC,0,0,TOTAL MOT,8,kg,96538888,FALSE,-1,N/A,,FALSE,96538888,FALSE,,FALSE,,13192162,13192162,0,TRUE,FALSE
C,A,19770101,1977,52,1977,841,USA,USA and Puerto Rico (...1980),X,Export,0,W00,World,0,W00,World,S1,S1,TRUE,5612,Phosphatic fertilizers and materials,4,FALSE,C00,TOTAL CPC,0,0,TOTAL MOT,8,kg,1146818816,FALSE,-1,N/A,,FALSE,1146818816,FALSE,,FALSE,,109671960,109671960,0,TRUE,FALSE
C,A,19770101,1977,52,1977,858,URY,Uruguay,M,Import,0,W00,World,0,W00,World,S1,S1,TRUE,5612,Phosphatic fertilizers and materials,4,FALSE,C00,TOTAL CPC,0,0,TOTAL MOT,8,kg,69656,FALSE,-1,N/A,,FALSE,69656,FALSE,,FALSE,13090,,13090,0,TRUE,FALSE
C,A,19770101,1977,52,1977,858,URY,Uruguay,X,Export,0,W00,World,0,W00,World,S1,S1,TRUE,5612,Phosphatic fertilizers and materials,4,FALSE,C00,TOTAL CPC,0,0,TOTAL MOT,8,kg,6864074,FALSE,-1,N/A,,FALSE,6864074,FALSE,,FALSE,,470886,470886,0,TRUE,FALSE
C,A,19770101,1977,52,1977,862,VEN,Venezuela,M,Import,0,W00,World,0,W00,World,S1,S1,TRUE,5612,Phosphatic fertilizers and materials,4,FALSE,C00,TOTAL CPC,0,0,TOTAL MOT,8,kg,22103000,FALSE,-1,N/A,,FALSE,22103000,FALSE,,FALSE,,2870108,2870108,0,TRUE,FALSE
C,A,19770101,1977,52,1977,890,YUG,Yugoslavia (...1991),M,Import,0,W00,World,0,W00,World,S1,S1,TRUE,5612,Phosphatic fertilizers and materials,4,FALSE,C00,TOTAL CPC,0,0,TOTAL MOT,8,kg,44220576,FALSE,-1,N/A,,FALSE,44220576,FALSE,,FALSE,4666869,,4666869,0,TRUE,FALSE
C,A,19770101,1977,52,1977,890,YUG,Yugoslavia (...1991),X,Export,0,W00,World,0,W00,World,S1,S1,TRUE,5612,Phosphatic fertilizers and materials,4,FALSE,C00,TOTAL CPC,0,0,TOTAL MOT,8,kg,159937136,FALSE,-1,N/A,,FALSE,159937136,FALSE,,FALSE,,8392081,8392081,0,TRUE,FALSE
C,A,19780101,1978,52,1978,32,ARG,Argentina,M,Import,0,W00,World,0,W00,World,S1,S1,TRUE,5612,Phosphatic fertilizers and materials,4,FALSE,C00,TOTAL CPC,0,0,TOTAL MOT,8,kg,12885527,FALSE,-1,N/A,,FALSE,12885527,FALSE,,FALSE,2054227,,2054227,0,TRUE,FALSE
C,A,19780101,1978,52,1978,32,ARG,Argentina,X,Export,0,W00,World,0,W00,World,S1,S1,TRUE,5612,Phosphatic fertilizers and materials,4,FALSE,C00,TOTAL CPC,0,0,TOTAL MOT,8,kg,8000,FALSE,-1,N/A,,FALSE,8000,FALSE,,FALSE,,1899,1899,0,TRUE,FALSE
C,A,19780101,1978,52,1978,36,AUS,Australia,M,Import,0,W00,World,0,W00,World,S1,S1,TRUE,5612,Phosphatic fertilizers and materials,4,FALSE,C00,TOTAL CPC,0,0,TOTAL MOT,8,kg,46590097,FALSE,-1,N/A,,FALSE,46590097,FALSE,,FALSE,,5530563,5530563,0,TRUE,FALSE
C,A,19780101,1978,52,1978,36,AUS,Australia,X,Export,0,W00,World,0,W00,World,S1,S1,TRUE,5612,Phosphatic fertilizers and materials,4,FALSE,C00,TOTAL CPC,0,0,TOTAL MOT,8,kg,1564178,FALSE,-1,N/A,,FALSE,1564178,FALSE,,FALSE,,236568,236568,0,TRUE,FALSE
C,A,19780101,1978,52,1978,52,BRB,Barbados,M,Import,0,W00,World,0,W00,World,S1,S1,TRUE,5612,Phosphatic fertilizers and materials,4,FALSE,C00,TOTAL CPC,0,0,TOTAL MOT,8,kg,1519,FALSE,-1,N/A,,FALSE,1519,FALSE,,FALSE,5146,,5146,0,TRUE,FALSE
C,A,19780101,1978,52,1978,60,BMU,Bermuda,M,Import,0,W00,World,0,W00,World,S1,S1,TRUE,5612,Phosphatic fertilizers and materials,4,FALSE,C00,TOTAL CPC,0,0,TOTAL MOT,8,kg,144,FALSE,-1,N/A,,FALSE,144,FALSE,,FALSE,183,,183,0,TRUE,FALSE
C,A,19780101,1978,52,1978,76,BRA,Brazil,M,Import,0,W00,World,0,W00,World,S1,S1,TRUE,5612,Phosphatic fertilizers and materials,4,FALSE,C00,TOTAL CPC,0,0,TOTAL MOT,8,kg,370718176,FALSE,-1,N/A,,FALSE,370718176,FALSE,,FALSE,39130460,,39130460,0,TRUE,FALSE
C,A,19780101,1978,52,1978,76,BRA,Brazil,X,Export,0,W00,World,0,W00,World,S1,S1,TRUE,5612,Phosphatic fertilizers and materials,4,FALSE,C00,TOTAL CPC,0,0,TOTAL MOT,8,kg,3358000,FALSE,-1,N/A,,FALSE,3358000,FALSE,,FALSE,,504439,504439,0,TRUE,FALSE
C,A,19780101,1978,52,1978,96,BRN,Brunei Darussalam,M,Import,0,W00,World,0,W00,World,S1,S1,TRUE,5612,Phosphatic fertilizers and materials,4,FALSE,C00,TOTAL CPC,0,0,TOTAL MOT,8,kg,22382,FALSE,-1,N/A,,FALSE,22382,FALSE,,FALSE,4797,,4797,0,TRUE,FALSE
C,A,19780101,1978,52,1978,144,LKA,Sri Lanka,M,Import,0,W00,World,0,W00,World,S1,S1,TRUE,5612,Phosphatic fertilizers and materials,4,FALSE,C00,TOTAL CPC,0,0,TOTAL MOT,8,kg,44530004,FALSE,-1,N/A,,FALSE,44530004,FALSE,,FALSE,2823784,,2823784,0,TRUE,FALSE
C,A,19780101,1978,52,1978,152,CHL,Chile,M,Import,0,W00,World,0,W00,World,S1,S1,TRUE,5612,Phosphatic fertilizers and materials,4,FALSE,C00,TOTAL CPC,0,0,TOTAL MOT,8,kg,97431800,FALSE,-1,N/A,,FALSE,97431800,FALSE,,FALSE,10277793,,10277793,0,TRUE,FALSE
C,A,19780101,1978,52,1978,180,COD,Dem. Rep. of the Congo,M,Import,0,W00,World,0,W00,World,S1,S1,TRUE,5612,Phosphatic fertilizers and materials,4,FALSE,C00,TOTAL CPC,0,0,TOTAL MOT,8,kg,102964,FALSE,-1,N/A,,FALSE,102964,FALSE,,FALSE,43577,,43577,0,TRUE,FALSE
C,A,19780101,1978,52,1978,188,CRI,Costa Rica,M,Import,0,W00,World,0,W00,World,S1,S1,TRUE,5612,Phosphatic fertilizers and materials,4,FALSE,C00,TOTAL CPC,0,0,TOTAL MOT,8,kg,31454822,FALSE,-1,N/A,,FALSE,31454822,FALSE,,FALSE,4148992,,4148992,0,TRUE,FALSE
C,A,19780101,1978,52,1978,212,DMA,Dominica,M,Import,0,W00,World,0,W00,World,S1,S1,TRUE,5612,Phosphatic fertilizers and materials,4,FALSE,C00,TOTAL CPC,0,0,TOTAL MOT,-1,N/A,0,FALSE,-1,N/A,,FALSE,,FALSE,,FALSE,77,,77,0,TRUE,FALSE
C,A,19780101,1978,52,1978,214,DOM,Dominican Rep.,M,Import,0,W00,World,0,W00,World,S1,S1,TRUE,5612,Phosphatic fertilizers and materials,4,FALSE,C00,TOTAL CPC,0,0,TOTAL MOT,8,kg,8823427,FALSE,-1,N/A,,FALSE,8823427,FALSE,,FALSE,,1635995,1635995,0,TRUE,FALSE
C,A,19780101,1978,52,1978,222,SLV,El Salvador,M,Import,0,W00,World,0,W00,World,S1,S1,TRUE,5612,Phosphatic fertilizers and materials,4,FALSE,C00,TOTAL CPC,0,0,TOTAL MOT,8,kg,51854244,FALSE,-1,N/A,,FALSE,51854244,FALSE,,FALSE,7647527,,7647527,0,TRUE,FALSE
C,A,19780101,1978,52,1978,222,SLV,El Salvador,X,Export,0,W00,World,0,W00,World,S1,S1,TRUE,5612,Phosphatic fertilizers and materials,4,FALSE,C00,TOTAL CPC,0,0,TOTAL MOT,8,kg,878046,FALSE,-1,N/A,,FALSE,878046,FALSE,,FALSE,,86262,86262,0,TRUE,FALSE
C,A,19780101,1978,52,1978,270,GMB,Gambia,M,Import,0,W00,World,0,W00,World,S1,S1,TRUE,5612,Phosphatic fertilizers and materials,4,FALSE,C00,TOTAL CPC,0,0,TOTAL MOT,8,kg,8535000,FALSE,-1,N/A,,FALSE,8535000,FALSE,,FALSE,883178,,883178,0,TRUE,FALSE
C,A,19780101,1978,52,1978,288,GHA,Ghana,M,Import,0,W00,World,0,W00,World,S1,S1,TRUE,5612,Phosphatic fertilizers and materials,4,FALSE,C00,TOTAL CPC,0,0,TOTAL MOT,8,kg,6062,FALSE,-1,N/A,,FALSE,6062,FALSE,,FALSE,53066,,53066,0,TRUE,FALSE
C,A,19780101,1978,52,1978,308,GRD,Grenada,M,Import,0,W00,World,0,W00,World,S1,S1,TRUE,5612,Phosphatic fertilizers and materials,4,FALSE,C00,TOTAL CPC,0,0,TOTAL MOT,-1,N/A,0,FALSE,-1,N/A,,FALSE,,FALSE,,FALSE,44,,44,0,TRUE,FALSE
C,A,19780101,1978,52,1978,320,GTM,Guatemala,M,Import,0,W00,World,0,W00,World,S1,S1,TRUE,5612,Phosphatic fertilizers and materials,4,FALSE,C00,TOTAL CPC,0,0,TOTAL MOT,8,kg,21931292,FALSE,-1,N/A,,FALSE,21931292,FALSE,,FALSE,2941855,,2941855,0,TRUE,FALSE
C,A,19780101,1978,52,1978,320,GTM,Guatemala,X,Export,0,W00,World,0,W00,World,S1,S1,TRUE,5612,Phosphatic fertilizers and materials,4,FALSE,C00,TOTAL CPC,0,0,TOTAL MOT,8,kg,45,FALSE,-1,N/A,,FALSE,45,FALSE,,FALSE,,50,50,0,TRUE,FALSE
C,A,19780101,1978,52,1978,328,GUY,Guyana,M,Import,0,W00,World,0,W00,World,S1,S1,TRUE,5612,Phosphatic fertilizers and materials,4,FALSE,C00,TOTAL CPC,0,0,TOTAL MOT,8,kg,2446640,FALSE,-1,N/A,,FALSE,2446640,FALSE,,FALSE,437040,,437040,0,TRUE,FALSE
C,A,19780101,1978,52,1978,340,HND,Honduras,M,Import,0,W00,World,0,W00,World,S1,S1,TRUE,5612,Phosphatic fertilizers and materials,4,FALSE,C00,TOTAL CPC,0,0,TOTAL MOT,8,kg,3239229,FALSE,-1,N/A,,FALSE,3239229,FALSE,,FALSE,633003,,633003,0,TRUE,FALSE
C,A,19780101,1978,52,1978,360,IDN,Indonesia,M,Import,0,W00,World,0,W00,World,S1,S1,TRUE,5612,Phosphatic fertilizers and materials,4,FALSE,C00,TOTAL CPC,0,0,TOTAL MOT,8,kg,278039040,FALSE,-1,N/A,,FALSE,278039040,FALSE,,FALSE,35196156,,35196156,0,TRUE,FALSE
C,A,19780101,1978,52,1978,376,ISR,Israel,M,Import,0,W00,World,0,W00,World,S1,S1,TRUE,5612,Phosphatic fertilizers and materials,4,FALSE,C00,TOTAL CPC,0,0,TOTAL MOT,-1,N/A,0,FALSE,-1,N/A,,FALSE,,FALSE,,FALSE,770507,,770507,0,TRUE,FALSE
C,A,19780101,1978,52,1978,376,ISR,Israel,X,Export,0,W00,World,0,W00,World,S1,S1,TRUE,5612,Phosphatic fertilizers and materials,4,FALSE,C00,TOTAL CPC,0,0,TOTAL MOT,8,kg,626601280,FALSE,-1,N/A,,FALSE,626601280,FALSE,,FALSE,,31663886,31663886,0,TRUE,FALSE
C,A,19780101,1978,52,1978,388,JAM,Jamaica,M,Import,0,W00,World,0,W00,World,S1,S1,TRUE,5612,Phosphatic fertilizers and materials,4,FALSE,C00,TOTAL CPC,0,0,TOTAL MOT,8,kg,12042000,FALSE,-1,N/A,,FALSE,12042000,FALSE,,FALSE,2109166,,2109166,0,TRUE,FALSE
C,A,19780101,1978,52,1978,400,JOR,Jordan,M,Import,0,W00,World,0,W00,World,S1,S1,TRUE,5612,Phosphatic fertilizers and materials,4,FALSE,C00,TOTAL CPC,0,0,TOTAL MOT,8,kg,12024097,FALSE,-1,N/A,,FALSE,12024097,FALSE,,FALSE,1142492,,1142492,0,TRUE,FALSE
C,A,19780101,1978,52,1978,404,KEN,Kenya,M,Import,0,W00,World,0,W00,World,S1,S1,TRUE,5612,Phosphatic fertilizers and materials,4,FALSE,C00,TOTAL CPC,0,0,TOTAL MOT,8,kg,19625000,FALSE,-1,N/A,,FALSE,19625000,FALSE,,FALSE,2687145,,2687145,0,TRUE,FALSE
C,A,19780101,1978,52,1978,434,LBY,Libya,M,Import,0,W00,World,0,W00,World,S1,S1,TRUE,5612,Phosphatic fertilizers and materials,4,FALSE,C00,TOTAL CPC,0,0,TOTAL MOT,8,kg,10508937,FALSE,-1,N/A,,FALSE,10508937,FALSE,,FALSE,1970010,,1970010,0,TRUE,FALSE
C,A,19780101,1978,52,1978,470,MLT,Malta,M,Import,0,W00,World,0,W00,World,S1,S1,TRUE,5612,Phosphatic fertilizers and materials,4,FALSE,C00,TOTAL CPC,0,0,TOTAL MOT,8,kg,16875,FALSE,-1,N/A,,FALSE,16875,FALSE,,FALSE,7193,,7193,0,TRUE,FALSE
C,A,19780101,1978,52,1978,480,MUS,Mauritius,M,Import,0,W00,World,0,W00,World,S1,S1,TRUE,5612,Phosphatic fertilizers and materials,4,FALSE,C00,TOTAL CPC,0,0,TOTAL MOT,8,kg,11049975,FALSE,-1,N/A,,FALSE,11049975,FALSE,,FALSE,1869341,,1869341,0,TRUE,FALSE
C,A,19780101,1978,52,1978,484,MEX,Mexico,M,Import,0,W00,World,0,W00,World,S1,S1,TRUE,5612,Phosphatic fertilizers and materials,4,FALSE,C00,TOTAL CPC,0,0,TOTAL MOT,8,kg,21474750,FALSE,-1,N/A,,FALSE,21474750,FALSE,,FALSE,2633360,,2633360,0,TRUE,FALSE
C,A,19780101,1978,52,1978,484,MEX,Mexico,X,Export,0,W00,World,0,W00,World,S1,S1,TRUE,5612,Phosphatic fertilizers and materials,4,FALSE,C00,TOTAL CPC,0,0,TOTAL MOT,8,kg,30069312,FALSE,-1,N/A,,FALSE,30069312,FALSE,,FALSE,,2978752,2978752,0,TRUE,FALSE
C,A,19780101,1978,52,1978,500,MSR,Montserrat,M,Import,0,W00,World,0,W00,World,S1,S1,TRUE,5612,Phosphatic fertilizers and materials,4,FALSE,C00,TOTAL CPC,0,0,TOTAL MOT,8,kg,0,FALSE,-1,N/A,,FALSE,,FALSE,,FALSE,4995,,4995,0,TRUE,FALSE
C,A,19780101,1978,52,1978,554,NZL,New Zealand,M,Import,0,W00,World,0,W00,World,S1,S1,TRUE,5612,Phosphatic fertilizers and materials,4,FALSE,C00,TOTAL CPC,0,0,TOTAL MOT,-1,N/A,0,FALSE,-1,N/A,,FALSE,,FALSE,,FALSE,1058238,,1058238,0,TRUE,FALSE
C,A,19780101,1978,52,1978,554,NZL,New Zealand,X,Export,0,W00,World,0,W00,World,S1,S1,TRUE,5612,Phosphatic fertilizers and materials,4,FALSE,C00,TOTAL CPC,0,0,TOTAL MOT,8,kg,7171642,FALSE,-1,N/A,,FALSE,7171642,FALSE,,FALSE,,521790,521790,0,TRUE,FALSE
C,A,19780101,1978,52,1978,558,NIC,Nicaragua,M,Import,0,W00,World,0,W00,World,S1,S1,TRUE,5612,Phosphatic fertilizers and materials,4,FALSE,C00,TOTAL CPC,0,0,TOTAL MOT,8,kg,18425218,FALSE,-1,N/A,,FALSE,18425218,FALSE,,FALSE,3856362,,3856362,0,TRUE,FALSE
C,A,19780101,1978,52,1978,558,NIC,Nicaragua,X,Export,0,W00,World,0,W00,World,S1,S1,TRUE,5612,Phosphatic fertilizers and materials,4,FALSE,C00,TOTAL CPC,0,0,TOTAL MOT,8,kg,27601,FALSE,-1,N/A,,FALSE,27601,FALSE,,FALSE,,9099,9099,0,TRUE,FALSE
C,A,19780101,1978,52,1978,566,NGA,Nigeria,M,Import,0,W00,World,0,W00,World,S1,S1,TRUE,5612,Phosphatic fertilizers and materials,4,FALSE,C00,TOTAL CPC,0,0,TOTAL MOT,-1,N/A,0,FALSE,-1,N/A,,FALSE,,FALSE,,FALSE,4245990,,4245990,0,TRUE,FALSE
C,A,19780101,1978,52,1978,586,PAK,Pakistan,M,Import,0,W00,World,0,W00,World,S1,S1,TRUE,5612,Phosphatic fertilizers and materials,4,FALSE,C00,TOTAL CPC,0,0,TOTAL MOT,8,kg,588966016,FALSE,-1,N/A,,FALSE,588966016,FALSE,,FALSE,118439912,,118439912,0,TRUE,FALSE
C,A,19780101,1978,52,1978,591,PAN,Panama,M,Import,0,W00,World,0,W00,World,S1,S1,TRUE,5612,Phosphatic fertilizers and materials,4,FALSE,C00,TOTAL CPC,0,0,TOTAL MOT,8,kg,2429746,FALSE,-1,N/A,,FALSE,2429746,FALSE,,FALSE,524263,,524263,0,TRUE,FALSE
C,A,19780101,1978,52,1978,600,PRY,Paraguay,M,Import,0,W00,World,0,W00,World,S1,S1,TRUE,5612,Phosphatic fertilizers and materials,4,FALSE,C00,TOTAL CPC,0,0,TOTAL MOT,8,kg,5373875,FALSE,-1,N/A,,FALSE,5373875,FALSE,,FALSE,976014,,976014,0,TRUE,FALSE
C,A,19780101,1978,52,1978,620,PRT,Portugal,M,Import,0,W00,World,0,W00,World,S1,S1,TRUE,5612,Phosphatic fertilizers and materials,4,FALSE,C00,TOTAL CPC,0,0,TOTAL MOT,8,kg,1256000,FALSE,-1,N/A,,FALSE,1256000,FALSE,,FALSE,174935,,174935,0,TRUE,FALSE
C,A,19780101,1978,52,1978,620,PRT,Portugal,X,Export,0,W00,World,0,W00,World,S1,S1,TRUE,5612,Phosphatic fertilizers and materials,4,FALSE,C00,TOTAL CPC,0,0,TOTAL MOT,8,kg,71839824,FALSE,-1,N/A,,FALSE,71839824,FALSE,,FALSE,,4521484,4521484,0,TRUE,FALSE
C,A,19780101,1978,52,1978,662,LCA,Saint Lucia,M,Import,0,W00,World,0,W00,World,S1,S1,TRUE,5612,Phosphatic fertilizers and materials,4,FALSE,C00,TOTAL CPC,0,0,TOTAL MOT,8,kg,200000,FALSE,-1,N/A,,FALSE,200000,FALSE,,FALSE,42873,,42873,0,TRUE,FALSE
C,A,19780101,1978,52,1978,690,SYC,Seychelles,M,Import,0,W00,World,0,W00,World,S1,S1,TRUE,5612,Phosphatic fertilizers and materials,4,FALSE,C00,TOTAL CPC,0,0,TOTAL MOT,8,kg,1312,FALSE,-1,N/A,,FALSE,1312,FALSE,,FALSE,1835,,1835,0,TRUE,FALSE
C,A,19780101,1978,52,1978,702,SGP,Singapore,M,Import,0,W00,World,0,W00,World,S1,S1,TRUE,5612,Phosphatic fertilizers and materials,4,FALSE,C00,TOTAL CPC,0,0,TOTAL MOT,8,kg,111574984,FALSE,-1,N/A,,FALSE,111574984,FALSE,,FALSE,14141435,,14141435,0,TRUE,FALSE
C,A,19780101,1978,52,1978,702,SGP,Singapore,X,Export,0,W00,World,0,W00,World,S1,S1,TRUE,5612,Phosphatic fertilizers and materials,4,FALSE,C00,TOTAL CPC,0,0,TOTAL MOT,8,kg,76064912,FALSE,-1,N/A,,FALSE,76064912,FALSE,,FALSE,,10205360,10205360,0,TRUE,FALSE
C,A,19780101,1978,52,1978,736,SDN,Sudan (...2011),M,Import,0,W00,World,0,W00,World,S1,S1,TRUE,5612,Phosphatic fertilizers and materials,4,FALSE,C00,TOTAL CPC,0,0,TOTAL MOT,8,kg,126000,FALSE,-1,N/A,,FALSE,126000,FALSE,,FALSE,26738,,26738,0,TRUE,FALSE
C,A,19780101,1978,52,1978,780,TTO,Trinidad and Tobago,M,Import,0,W00,World,0,W00,World,S1,S1,TRUE,5612,Phosphatic fertilizers and materials,4,FALSE,C00,TOTAL CPC,0,0,TOTAL MOT,8,kg,1238000,FALSE,-1,N/A,,FALSE,1238000,FALSE,,FALSE,248593,,248593,0,TRUE,FALSE
C,A,19780101,1978,52,1978,780,TTO,Trinidad and Tobago,X,Export,0,W00,World,0,W00,World,S1,S1,TRUE,5612,Phosphatic fertilizers and materials,4,FALSE,C00,TOTAL CPC,0,0,TOTAL MOT,-1,N/A,0,FALSE,-1,N/A,,FALSE,,FALSE,,FALSE,,183,183,0,TRUE,FALSE
C,A,19780101,1978,52,1978,788,TUN,Tunisia,M,Import,0,W00,World,0,W00,World,S1,S1,TRUE,5612,Phosphatic fertilizers and materials,4,FALSE,C00,TOTAL CPC,0,0,TOTAL MOT,8,kg,156,FALSE,-1,N/A,,FALSE,156,FALSE,,FALSE,2268,,2268,0,TRUE,FALSE
C,A,19780101,1978,52,1978,788,TUN,Tunisia,X,Export,0,W00,World,0,W00,World,S1,S1,TRUE,5612,Phosphatic fertilizers and materials,4,FALSE,C00,TOTAL CPC,0,0,TOTAL MOT,8,kg,485255552,FALSE,-1,N/A,,FALSE,485255552,FALSE,,FALSE,,55506712,55506712,0,TRUE,FALSE
C,A,19780101,1978,52,1978,792,TUR,TÅEkiye,M,Import,0,W00,World,0,W00,World,S1,S1,TRUE,5612,Phosphatic fertilizers and materials,4,FALSE,C00,TOTAL CPC,0,0,TOTAL MOT,8,kg,89553400,FALSE,-1,N/A,,FALSE,89553400,FALSE,,FALSE,15470117,,15470117,0,TRUE,FALSE
C,A,19780101,1978,52,1978,818,EGY,Egypt,M,Import,0,W00,World,0,W00,World,S1,S1,TRUE,5612,Phosphatic fertilizers and materials,4,FALSE,C00,TOTAL CPC,0,0,TOTAL MOT,8,kg,28090144,FALSE,-1,N/A,,FALSE,28090144,FALSE,,FALSE,1872454,,1872454,0,TRUE,FALSE
C,A,19780101,1978,52,1978,818,EGY,Egypt,X,Export,0,W00,World,0,W00,World,S1,S1,TRUE,5612,Phosphatic fertilizers and materials,4,FALSE,C00,TOTAL CPC,0,0,TOTAL MOT,8,kg,25233000,FALSE,-1,N/A,,FALSE,25233000,FALSE,,FALSE,,453125,453125,0,TRUE,FALSE
C,A,19780101,1978,52,1978,834,TZA,United Rep. of Tanzania,M,Import,0,W00,World,0,W00,World,S1,S1,TRUE,5612,Phosphatic fertilizers and materials,4,FALSE,C00,TOTAL CPC,0,0,TOTAL MOT,8,kg,50000,FALSE,-1,N/A,,FALSE,50000,FALSE,,FALSE,13768,,13768,0,TRUE,FALSE
C,A,19780101,1978,52,1978,858,URY,Uruguay,M,Import,0,W00,World,0,W00,World,S1,S1,TRUE,5612,Phosphatic fertilizers and materials,4,FALSE,C00,TOTAL CPC,0,0,TOTAL MOT,8,kg,4358613,FALSE,-1,N/A,,FALSE,4358613,FALSE,,FALSE,558194,,558194,0,TRUE,FALSE
C,A,19780101,1978,52,1978,858,URY,Uruguay,X,Export,0,W00,World,0,W00,World,S1,S1,TRUE,5612,Phosphatic fertilizers and materials,4,FALSE,C00,TOTAL CPC,0,0,TOTAL MOT,8,kg,20164640,FALSE,-1,N/A,,FALSE,20164640,FALSE,,FALSE,,1599928,1599928,0,TRUE,FALSE
C,A,19780101,1978,52,1978,890,YUG,Yugoslavia (...1991),M,Import,0,W00,World,0,W00,World,S1,S1,TRUE,5612,Phosphatic fertilizers and materials,4,FALSE,C00,TOTAL CPC,0,0,TOTAL MOT,8,kg,47089320,FALSE,-1,N/A,,FALSE,47089320,FALSE,,FALSE,5479804,,5479804,0,TRUE,FALSE
C,A,19780101,1978,52,1978,890,YUG,Yugoslavia (...1991),X,Export,0,W00,World,0,W00,World,S1,S1,TRUE,5612,Phosphatic fertilizers and materials,4,FALSE,C00,TOTAL CPC,0,0,TOTAL MOT,8,kg,160262832,FALSE,-1,N/A,,FALSE,160262832,FALSE,,FALSE,,13594558,13594558,0,TRUE,FALSE
C,A,19790101,1979,52,1979,32,ARG,Argentina,M,Import,0,W00,World,0,W00,World,S1,S1,TRUE,5612,Phosphatic fertilizers and materials,4,FALSE,C00,TOTAL CPC,0,0,TOTAL MOT,8,kg,53804692,FALSE,-1,N/A,,FALSE,53804692,FALSE,,FALSE,9202378,,9202378,0,TRUE,FALSE
C,A,19790101,1979,52,1979,32,ARG,Argentina,X,Export,0,W00,World,0,W00,World,S1,S1,TRUE,5612,Phosphatic fertilizers and materials,4,FALSE,C00,TOTAL CPC,0,0,TOTAL MOT,8,kg,495000,FALSE,-1,N/A,,FALSE,495000,FALSE,,FALSE,,42500,42500,0,TRUE,FALSE
C,A,19790101,1979,52,1979,52,BRB,Barbados,M,Import,0,W00,World,0,W00,World,S1,S1,TRUE,5612,Phosphatic fertilizers and materials,4,FALSE,C00,TOTAL CPC,0,0,TOTAL MOT,8,kg,31125,FALSE,-1,N/A,,FALSE,31125,FALSE,,FALSE,15003,,15003,0,TRUE,FALSE
C,A,19790101,1979,52,1979,76,BRA,Brazil,M,Import,0,W00,World,0,W00,World,S1,S1,TRUE,5612,Phosphatic fertilizers and materials,4,FALSE,C00,TOTAL CPC,0,0,TOTAL MOT,8,kg,423206880,FALSE,-1,N/A,,FALSE,423206880,FALSE,,FALSE,60377616,,60377616,0,TRUE,FALSE
C,A,19790101,1979,52,1979,76,BRA,Brazil,X,Export,0,W00,World,0,W00,World,S1,S1,TRUE,5612,Phosphatic fertilizers and materials,4,FALSE,C00,TOTAL CPC,0,0,TOTAL MOT,8,kg,7031437,FALSE,-1,N/A,,FALSE,7031437,FALSE,,FALSE,,1477117,1477117,0,TRUE,FALSE
C,A,19790101,1979,52,1979,84,BLZ,Belize,M,Import,0,W00,World,0,W00,World,S1,S1,TRUE,5612,Phosphatic fertilizers and materials,4,FALSE,C00,TOTAL CPC,0,0,TOTAL MOT,8,kg,18144,FALSE,-1,N/A,,FALSE,18144,FALSE,,FALSE,5000,,5000,0,TRUE,FALSE
C,A,19790101,1979,52,1979,96,BRN,Brunei Darussalam,M,Import,0,W00,World,0,W00,World,S1,S1,TRUE,5612,Phosphatic fertilizers and materials,4,FALSE,C00,TOTAL CPC,0,0,TOTAL MOT,8,kg,579779,FALSE,-1,N/A,,FALSE,579779,FALSE,,FALSE,65293,,65293,0,TRUE,FALSE
C,A,19790101,1979,52,1979,96,BRN,Brunei Darussalam,X,Export,0,W00,World,0,W00,World,S1,S1,TRUE,5612,Phosphatic fertilizers and materials,4,FALSE,C00,TOTAL CPC,0,0,TOTAL MOT,8,kg,2437,FALSE,-1,N/A,,FALSE,2437,FALSE,,FALSE,,929,929,0,TRUE,FALSE
C,A,19790101,1979,52,1979,152,CHL,Chile,M,Import,0,W00,World,0,W00,World,S1,S1,TRUE,5612,Phosphatic fertilizers and materials,4,FALSE,C00,TOTAL CPC,0,0,TOTAL MOT,-1,N/A,0,FALSE,-1,N/A,,FALSE,,FALSE,,FALSE,16638116,,16638116,0,TRUE,FALSE
C,A,19790101,1979,52,1979,188,CRI,Costa Rica,M,Import,0,W00,World,0,W00,World,S1,S1,TRUE,5612,Phosphatic fertilizers and materials,4,FALSE,C00,TOTAL CPC,0,0,TOTAL MOT,8,kg,22940866,FALSE,-1,N/A,,FALSE,22940866,FALSE,,FALSE,4299932,,4299932,0,TRUE,FALSE
C,A,19790101,1979,52,1979,204,BEN,Benin,M,Import,0,W00,World,0,W00,World,S1,S1,TRUE,5612,Phosphatic fertilizers and materials,4,FALSE,C00,TOTAL CPC,0,0,TOTAL MOT,8,kg,370101,FALSE,-1,N/A,,FALSE,370101,FALSE,,FALSE,100230,,100230,0,TRUE,FALSE
C,A,19790101,1979,52,1979,212,DMA,Dominica,M,Import,0,W00,World,0,W00,World,S1,S1,TRUE,5612,Phosphatic fertilizers and materials,4,FALSE,C00,TOTAL CPC,0,0,TOTAL MOT,8,kg,549000,FALSE,-1,N/A,,FALSE,549000,FALSE,,FALSE,185175,,185175,0,TRUE,FALSE
C,A,19790101,1979,52,1979,214,DOM,Dominican Rep.,M,Import,0,W00,World,0,W00,World,S1,S1,TRUE,5612,Phosphatic fertilizers and materials,4,FALSE,C00,TOTAL CPC,0,0,TOTAL MOT,8,kg,19507764,FALSE,-1,N/A,,FALSE,19507764,FALSE,,FALSE,,2816279,2816279,0,TRUE,FALSE
C,A,19790101,1979,52,1979,214,DOM,Dominican Rep.,X,Export,0,W00,World,0,W00,World,S1,S1,TRUE,5612,Phosphatic fertilizers and materials,4,FALSE,C00,TOTAL CPC,0,0,TOTAL MOT,8,kg,60000,FALSE,-1,N/A,,FALSE,60000,FALSE,,FALSE,,14100,14100,0,TRUE,FALSE
C,A,19790101,1979,52,1979,222,SLV,El Salvador,M,Import,0,W00,World,0,W00,World,S1,S1,TRUE,5612,Phosphatic fertilizers and materials,4,FALSE,C00,TOTAL CPC,0,0,TOTAL MOT,8,kg,24928974,FALSE,-1,N/A,,FALSE,24928974,FALSE,,FALSE,4269910,,4269910,0,TRUE,FALSE
C,A,19790101,1979,52,1979,222,SLV,El Salvador,X,Export,0,W00,World,0,W00,World,S1,S1,TRUE,5612,Phosphatic fertilizers and materials,4,FALSE,C00,TOTAL CPC,0,0,TOTAL MOT,8,kg,425,FALSE,-1,N/A,,FALSE,425,FALSE,,FALSE,,83,83,0,TRUE,FALSE
C,A,19790101,1979,52,1979,296,KIR,Kiribati,M,Import,0,W00,World,0,W00,World,S1,S1,TRUE,5612,Phosphatic fertilizers and materials,4,FALSE,C00,TOTAL CPC,0,0,TOTAL MOT,-1,N/A,0,FALSE,-1,N/A,,FALSE,,FALSE,,FALSE,167,,167,0,TRUE,FALSE
C,A,19790101,1979,52,1979,320,GTM,Guatemala,M,Import,0,W00,World,0,W00,World,S1,S1,TRUE,5612,Phosphatic fertilizers and materials,4,FALSE,C00,TOTAL CPC,0,0,TOTAL MOT,8,kg,38423360,FALSE,-1,N/A,,FALSE,38423360,FALSE,,FALSE,6961693,,6961693,0,TRUE,FALSE
C,A,19790101,1979,52,1979,320,GTM,Guatemala,X,Export,0,W00,World,0,W00,World,S1,S1,TRUE,5612,Phosphatic fertilizers and materials,4,FALSE,C00,TOTAL CPC,0,0,TOTAL MOT,8,kg,230,FALSE,-1,N/A,,FALSE,230,FALSE,,FALSE,,323,323,0,TRUE,FALSE
C,A,19790101,1979,52,1979,328,GUY,Guyana,M,Import,0,W00,World,0,W00,World,S1,S1,TRUE,5612,Phosphatic fertilizers and materials,4,FALSE,C00,TOTAL CPC,0,0,TOTAL MOT,8,kg,7054413,FALSE,-1,N/A,,FALSE,7054413,FALSE,,FALSE,1352332,,1352332,0,TRUE,FALSE
C,A,19790101,1979,52,1979,340,HND,Honduras,M,Import,0,W00,World,0,W00,World,S1,S1,TRUE,5612,Phosphatic fertilizers and materials,4,FALSE,C00,TOTAL CPC,0,0,TOTAL MOT,8,kg,686428,FALSE,-1,N/A,,FALSE,686428,FALSE,,FALSE,261873,,261873,0,TRUE,FALSE
C,A,19790101,1979,52,1979,376,ISR,Israel,X,Export,0,W00,World,0,W00,World,S1,S1,TRUE,5612,Phosphatic fertilizers and materials,4,FALSE,C00,TOTAL CPC,0,0,TOTAL MOT,-1,N/A,0,FALSE,-1,N/A,,FALSE,,FALSE,,FALSE,,41541888,41541888,0,TRUE,FALSE
C,A,19790101,1979,52,1979,400,JOR,Jordan,M,Import,0,W00,World,0,W00,World,S1,S1,TRUE,5612,Phosphatic fertilizers and materials,4,FALSE,C00,TOTAL CPC,0,0,TOTAL MOT,8,kg,19783988,FALSE,-1,N/A,,FALSE,19783988,FALSE,,FALSE,2733630,,2733630,0,TRUE,FALSE
C,A,19790101,1979,52,1979,400,JOR,Jordan,X,Export,0,W00,World,0,W00,World,S1,S1,TRUE,5612,Phosphatic fertilizers and materials,4,FALSE,C00,TOTAL CPC,0,0,TOTAL MOT,8,kg,68824,FALSE,-1,N/A,,FALSE,68824,FALSE,,FALSE,,15145,15145,0,TRUE,FALSE
C,A,19790101,1979,52,1979,404,KEN,Kenya,M,Import,0,W00,World,0,W00,World,S1,S1,TRUE,5612,Phosphatic fertilizers and materials,4,FALSE,C00,TOTAL CPC,0,0,TOTAL MOT,8,kg,11455413,FALSE,-1,N/A,,FALSE,11455413,FALSE,,FALSE,2557829,,2557829,0,TRUE,FALSE
C,A,19790101,1979,52,1979,404,KEN,Kenya,X,Export,0,W00,World,0,W00,World,S1,S1,TRUE,5612,Phosphatic fertilizers and materials,4,FALSE,C00,TOTAL CPC,0,0,TOTAL MOT,8,kg,41625,FALSE,-1,N/A,,FALSE,41625,FALSE,,FALSE,,27624,27624,0,TRUE,FALSE
C,A,19790101,1979,52,1979,434,LBY,Libya,M,Import,0,W00,World,0,W00,World,S1,S1,TRUE,5612,Phosphatic fertilizers and materials,4,FALSE,C00,TOTAL CPC,0,0,TOTAL MOT,8,kg,9201250,FALSE,-1,N/A,,FALSE,9201250,FALSE,,FALSE,2276998,,2276998,0,TRUE,FALSE
C,A,19790101,1979,52,1979,470,MLT,Malta,M,Import,0,W00,World,0,W00,World,S1,S1,TRUE,5612,Phosphatic fertilizers and materials,4,FALSE,C00,TOTAL CPC,0,0,TOTAL MOT,8,kg,10253,FALSE,-1,N/A,,FALSE,10253,FALSE,,FALSE,1750,,1750,0,TRUE,FALSE
C,A,19790101,1979,52,1979,484,MEX,Mexico,M,Import,0,W00,World,0,W00,World,S1,S1,TRUE,5612,Phosphatic fertilizers and materials,4,FALSE,C00,TOTAL CPC,0,0,TOTAL MOT,8,kg,16579218,FALSE,-1,N/A,,FALSE,16579218,FALSE,,FALSE,9040308,,9040308,0,TRUE,FALSE
C,A,19790101,1979,52,1979,484,MEX,Mexico,X,Export,0,W00,World,0,W00,World,S1,S1,TRUE,5612,Phosphatic fertilizers and materials,4,FALSE,C00,TOTAL CPC,0,0,TOTAL MOT,8,kg,51429992,FALSE,-1,N/A,,FALSE,51429992,FALSE,,FALSE,,12020953,12020953,0,TRUE,FALSE
C,A,19790101,1979,52,1979,558,NIC,Nicaragua,M,Import,0,W00,World,0,W00,World,S1,S1,TRUE,5612,Phosphatic fertilizers and materials,4,FALSE,C00,TOTAL CPC,0,0,TOTAL MOT,8,kg,14229667,FALSE,-1,N/A,,FALSE,14229667,FALSE,,FALSE,2979187,,2979187,0,TRUE,FALSE
C,A,19790101,1979,52,1979,558,NIC,Nicaragua,X,Export,0,W00,World,0,W00,World,S1,S1,TRUE,5612,Phosphatic fertilizers and materials,4,FALSE,C00,TOTAL CPC,0,0,TOTAL MOT,8,kg,22679,FALSE,-1,N/A,,FALSE,22679,FALSE,,FALSE,,51321,51321,0,TRUE,FALSE
C,A,19790101,1979,52,1979,566,NGA,Nigeria,M,Import,0,W00,World,0,W00,World,S1,S1,TRUE,5612,Phosphatic fertilizers and materials,4,FALSE,C00,TOTAL CPC,0,0,TOTAL MOT,-1,N/A,0,FALSE,-1,N/A,,FALSE,,FALSE,,FALSE,3720904,,3720904,0,TRUE,FALSE
C,A,19790101,1979,52,1979,586,PAK,Pakistan,M,Import,0,W00,World,0,W00,World,S1,S1,TRUE,5612,Phosphatic fertilizers and materials,4,FALSE,C00,TOTAL CPC,0,0,TOTAL MOT,8,kg,451287008,FALSE,-1,N/A,,FALSE,451287008,FALSE,,FALSE,98773264,,98773264,0,TRUE,FALSE
C,A,19790101,1979,52,1979,591,PAN,Panama,M,Import,0,W00,World,0,W00,World,S1,S1,TRUE,5612,Phosphatic fertilizers and materials,4,FALSE,C00,TOTAL CPC,0,0,TOTAL MOT,8,kg,1601795,FALSE,-1,N/A,,FALSE,1601795,FALSE,,FALSE,404801,,404801,0,TRUE,FALSE
C,A,19790101,1979,52,1979,600,PRY,Paraguay,M,Import,0,W00,World,0,W00,World,S1,S1,TRUE,5612,Phosphatic fertilizers and materials,4,FALSE,C00,TOTAL CPC,0,0,TOTAL MOT,8,kg,3948131,FALSE,-1,N/A,,FALSE,3948131,FALSE,,FALSE,879539,,879539,0,TRUE,FALSE
C,A,19790101,1979,52,1979,658,KNA,"Saint Kitts, Nevis and Anguilla (...1980)",M,Import,0,W00,World,0,W00,World,S1,S1,TRUE,5612,Phosphatic fertilizers and materials,4,FALSE,C00,TOTAL CPC,0,0,TOTAL MOT,8,kg,759882,FALSE,-1,N/A,,FALSE,759882,FALSE,,FALSE,112707,,112707,0,TRUE,FALSE
C,A,19790101,1979,52,1979,690,SYC,Seychelles,M,Import,0,W00,World,0,W00,World,S1,S1,TRUE,5612,Phosphatic fertilizers and materials,4,FALSE,C00,TOTAL CPC,0,0,TOTAL MOT,8,kg,10000,FALSE,-1,N/A,,FALSE,10000,FALSE,,FALSE,1591,,1591,0,TRUE,FALSE
C,A,19790101,1979,52,1979,736,SDN,Sudan (...2011),M,Import,0,W00,World,0,W00,World,S1,S1,TRUE,5612,Phosphatic fertilizers and materials,4,FALSE,C00,TOTAL CPC,0,0,TOTAL MOT,8,kg,155000,FALSE,-1,N/A,,FALSE,155000,FALSE,,FALSE,253543,,253543,0,TRUE,FALSE
C,A,19790101,1979,52,1979,784,ARE,United Arab Emirates,M,Import,0,W00,World,0,W00,World,S1,S1,TRUE,5612,Phosphatic fertilizers and materials,4,FALSE,C00,TOTAL CPC,0,0,TOTAL MOT,8,kg,300300,FALSE,-1,N/A,,FALSE,300300,FALSE,,FALSE,208827,,208827,0,TRUE,FALSE
C,A,19790101,1979,52,1979,788,TUN,Tunisia,M,Import,0,W00,World,0,W00,World,S1,S1,TRUE,5612,Phosphatic fertilizers and materials,4,FALSE,C00,TOTAL CPC,0,0,TOTAL MOT,8,kg,50,FALSE,-1,N/A,,FALSE,50,FALSE,,FALSE,827,,827,0,TRUE,FALSE
C,A,19790101,1979,52,1979,788,TUN,Tunisia,X,Export,0,W00,World,0,W00,World,S1,S1,TRUE,5612,Phosphatic fertilizers and materials,4,FALSE,C00,TOTAL CPC,0,0,TOTAL MOT,8,kg,543066944,FALSE,-1,N/A,,FALSE,543066944,FALSE,,FALSE,,79175120,79175120,0,TRUE,FALSE
C,A,19790101,1979,52,1979,792,TUR,TÅEkiye,M,Import,0,W00,World,0,W00,World,S1,S1,TRUE,5612,Phosphatic fertilizers and materials,4,FALSE,C00,TOTAL CPC,0,0,TOTAL MOT,8,kg,179164256,FALSE,-1,N/A,,FALSE,179164256,FALSE,,FALSE,30673416,,30673416,0,TRUE,FALSE
C,A,19790101,1979,52,1979,818,EGY,Egypt,M,Import,0,W00,World,0,W00,World,S1,S1,TRUE,5612,Phosphatic fertilizers and materials,4,FALSE,C00,TOTAL CPC,0,0,TOTAL MOT,8,kg,15908648,FALSE,-1,N/A,,FALSE,15908648,FALSE,,FALSE,550997,,550997,0,TRUE,FALSE
C,A,19790101,1979,52,1979,818,EGY,Egypt,X,Export,0,W00,World,0,W00,World,S1,S1,TRUE,5612,Phosphatic fertilizers and materials,4,FALSE,C00,TOTAL CPC,0,0,TOTAL MOT,8,kg,19100000,FALSE,-1,N/A,,FALSE,19100000,FALSE,,FALSE,,314441,314441,0,TRUE,FALSE
C,A,19790101,1979,52,1979,834,TZA,United Rep. of Tanzania,M,Import,0,W00,World,0,W00,World,S1,S1,TRUE,5612,Phosphatic fertilizers and materials,4,FALSE,C00,TOTAL CPC,0,0,TOTAL MOT,8,kg,116010,FALSE,-1,N/A,,FALSE,116010,FALSE,,FALSE,23955,,23955,0,TRUE,FALSE
C,A,19790101,1979,52,1979,858,URY,Uruguay,M,Import,0,W00,World,0,W00,World,S1,S1,TRUE,5612,Phosphatic fertilizers and materials,4,FALSE,C00,TOTAL CPC,0,0,TOTAL MOT,8,kg,21483612,FALSE,-1,N/A,,FALSE,21483612,FALSE,,FALSE,3581822,,3581822,0,TRUE,FALSE
C,A,19790101,1979,52,1979,858,URY,Uruguay,X,Export,0,W00,World,0,W00,World,S1,S1,TRUE,5612,Phosphatic fertilizers and materials,4,FALSE,C00,TOTAL CPC,0,0,TOTAL MOT,8,kg,25755300,FALSE,-1,N/A,,FALSE,25755300,FALSE,,FALSE,,2608832,2608832,0,TRUE,FALSE
C,A,19790101,1979,52,1979,862,VEN,Venezuela,M,Import,0,W00,World,0,W00,World,S1,S1,TRUE,5612,Phosphatic fertilizers and materials,4,FALSE,C00,TOTAL CPC,0,0,TOTAL MOT,8,kg,23193360,FALSE,-1,N/A,,FALSE,23193360,FALSE,,FALSE,,5630575,5630575,0,TRUE,FALSE
C,A,19790101,1979,52,1979,890,YUG,Yugoslavia (...1991),M,Import,0,W00,World,0,W00,World,S1,S1,TRUE,5612,Phosphatic fertilizers and materials,4,FALSE,C00,TOTAL CPC,0,0,TOTAL MOT,8,kg,48803560,FALSE,-1,N/A,,FALSE,48803560,FALSE,,FALSE,7409524,,7409524,0,TRUE,FALSE
C,A,19790101,1979,52,1979,890,YUG,Yugoslavia (...1991),X,Export,0,W00,World,0,W00,World,S1,S1,TRUE,5612,Phosphatic fertilizers and materials,4,FALSE,C00,TOTAL CPC,0,0,TOTAL MOT,8,kg,98787016,FALSE,-1,N/A,,FALSE,98787016,FALSE,,FALSE,,15403850,15403850,0,TRUE,FALSE
C,A,19800101,1980,52,1980,44,BHS,Bahamas,M,Import,0,W00,World,0,W00,World,S1,S1,TRUE,5612,Phosphatic fertilizers and materials,4,FALSE,C00,TOTAL CPC,0,0,TOTAL MOT,8,kg,775812,FALSE,-1,N/A,,FALSE,775812,FALSE,,FALSE,122711,,122711,0,TRUE,FALSE
C,A,19800101,1980,52,1980,60,BMU,Bermuda,M,Import,0,W00,World,0,W00,World,S1,S1,TRUE,5612,Phosphatic fertilizers and materials,4,FALSE,C00,TOTAL CPC,0,0,TOTAL MOT,8,kg,34,FALSE,-1,N/A,,FALSE,34,FALSE,,FALSE,217,,217,0,TRUE,FALSE
C,A,19800101,1980,52,1980,76,BRA,Brazil,M,Import,0,W00,World,0,W00,World,S1,S1,TRUE,5612,Phosphatic fertilizers and materials,4,FALSE,C00,TOTAL CPC,0,0,TOTAL MOT,8,kg,418150016,FALSE,-1,N/A,,FALSE,418150016,FALSE,,FALSE,79838872,,79838872,0,TRUE,FALSE
C,A,19800101,1980,52,1980,76,BRA,Brazil,X,Export,0,W00,World,0,W00,World,S1,S1,TRUE,5612,Phosphatic fertilizers and materials,4,FALSE,C00,TOTAL CPC,0,0,TOTAL MOT,8,kg,3435000,FALSE,-1,N/A,,FALSE,3435000,FALSE,,FALSE,,907937,907937,0,TRUE,FALSE
C,A,19800101,1980,52,1980,84,BLZ,Belize,M,Import,0,W00,World,0,W00,World,S1,S1,TRUE,5612,Phosphatic fertilizers and materials,4,FALSE,C00,TOTAL CPC,0,0,TOTAL MOT,8,kg,13593,FALSE,-1,N/A,,FALSE,13593,FALSE,,FALSE,5500,,5500,0,TRUE,FALSE
C,A,19800101,1980,52,1980,96,BRN,Brunei Darussalam,M,Import,0,W00,World,0,W00,World,S1,S1,TRUE,5612,Phosphatic fertilizers and materials,4,FALSE,C00,TOTAL CPC,0,0,TOTAL MOT,8,kg,840675,FALSE,-1,N/A,,FALSE,840675,FALSE,,FALSE,79319,,79319,0,TRUE,FALSE
C,A,19800101,1980,52,1980,152,CHL,Chile,M,Import,0,W00,World,0,W00,World,S1,S1,TRUE,5612,Phosphatic fertilizers and materials,4,FALSE,C00,TOTAL CPC,0,0,TOTAL MOT,8,kg,103115440,FALSE,-1,N/A,,FALSE,103115440,FALSE,,FALSE,21723632,,21723632,0,TRUE,FALSE
C,A,19800101,1980,52,1980,188,CRI,Costa Rica,M,Import,0,W00,World,0,W00,World,S1,S1,TRUE,5612,Phosphatic fertilizers and materials,4,FALSE,C00,TOTAL CPC,0,0,TOTAL MOT,8,kg,36601804,FALSE,-1,N/A,,FALSE,36601804,FALSE,,FALSE,10066652,,10066652,0,TRUE,FALSE
C,A,19800101,1980,52,1980,188,CRI,Costa Rica,X,Export,0,W00,World,0,W00,World,S1,S1,TRUE,5612,Phosphatic fertilizers and materials,4,FALSE,C00,TOTAL CPC,0,0,TOTAL MOT,8,kg,17781,FALSE,-1,N/A,,FALSE,17781,FALSE,,FALSE,,16350,16350,0,TRUE,FALSE
C,A,19800101,1980,52,1980,212,DMA,Dominica,M,Import,0,W00,World,0,W00,World,S1,S1,TRUE,5612,Phosphatic fertilizers and materials,4,FALSE,C00,TOTAL CPC,0,0,TOTAL MOT,8,kg,3000,FALSE,-1,N/A,,FALSE,3000,FALSE,,FALSE,8029,,8029,0,TRUE,FALSE
C,A,19800101,1980,52,1980,214,DOM,Dominican Rep.,M,Import,0,W00,World,0,W00,World,S1,S1,TRUE,5612,Phosphatic fertilizers and materials,4,FALSE,C00,TOTAL CPC,0,0,TOTAL MOT,8,kg,27140456,FALSE,-1,N/A,,FALSE,27140456,FALSE,,FALSE,,6723105,6723105,0,TRUE,FALSE
C,A,19800101,1980,52,1980,214,DOM,Dominican Rep.,X,Export,0,W00,World,0,W00,World,S1,S1,TRUE,5612,Phosphatic fertilizers and materials,4,FALSE,C00,TOTAL CPC,0,0,TOTAL MOT,8,kg,100000,FALSE,-1,N/A,,FALSE,100000,FALSE,,FALSE,,37800,37800,0,TRUE,FALSE
C,A,19800101,1980,52,1980,222,SLV,El Salvador,M,Import,0,W00,World,0,W00,World,S1,S1,TRUE,5612,Phosphatic fertilizers and materials,4,FALSE,C00,TOTAL CPC,0,0,TOTAL MOT,8,kg,9,FALSE,-1,N/A,,FALSE,9,FALSE,,FALSE,306,,306,0,TRUE,FALSE
C,A,19800101,1980,52,1980,222,SLV,El Salvador,X,Export,0,W00,World,0,W00,World,S1,S1,TRUE,5612,Phosphatic fertilizers and materials,4,FALSE,C00,TOTAL CPC,0,0,TOTAL MOT,8,kg,14875,FALSE,-1,N/A,,FALSE,14875,FALSE,,FALSE,,58906,58906,0,TRUE,FALSE
C,A,19800101,1980,52,1980,320,GTM,Guatemala,M,Import,0,W00,World,0,W00,World,S1,S1,TRUE,5612,Phosphatic fertilizers and materials,4,FALSE,C00,TOTAL CPC,0,0,TOTAL MOT,8,kg,65374664,FALSE,-1,N/A,,FALSE,65374664,FALSE,,FALSE,13555708,,13555708,0,TRUE,FALSE
C,A,19800101,1980,52,1980,340,HND,Honduras,M,Import,0,W00,World,0,W00,World,S1,S1,TRUE,5612,Phosphatic fertilizers and materials,4,FALSE,C00,TOTAL CPC,0,0,TOTAL MOT,8,kg,956937,FALSE,-1,N/A,,FALSE,956937,FALSE,,FALSE,207596,,207596,0,TRUE,FALSE
C,A,19800101,1980,52,1980,376,ISR,Israel,M,Import,0,W00,World,0,W00,World,S1,S1,TRUE,5612,Phosphatic fertilizers and materials,4,FALSE,C00,TOTAL CPC,0,0,TOTAL MOT,-1,N/A,0,FALSE,-1,N/A,,FALSE,,FALSE,,FALSE,23667,,23667,0,TRUE,FALSE
C,A,19800101,1980,52,1980,376,ISR,Israel,X,Export,0,W00,World,0,W00,World,S1,S1,TRUE,5612,Phosphatic fertilizers and materials,4,FALSE,C00,TOTAL CPC,0,0,TOTAL MOT,-1,N/A,0,FALSE,-1,N/A,,FALSE,,FALSE,,FALSE,,76345056,76345056,0,TRUE,FALSE
C,A,19800101,1980,52,1980,400,JOR,Jordan,M,Import,0,W00,World,0,W00,World,S1,S1,TRUE,5612,Phosphatic fertilizers and materials,4,FALSE,C00,TOTAL CPC,0,0,TOTAL MOT,8,kg,16100776,FALSE,-1,N/A,,FALSE,16100776,FALSE,,FALSE,2321501,,2321501,0,TRUE,FALSE
C,A,19800101,1980,52,1980,400,JOR,Jordan,X,Export,0,W00,World,0,W00,World,S1,S1,TRUE,5612,Phosphatic fertilizers and materials,4,FALSE,C00,TOTAL CPC,0,0,TOTAL MOT,8,kg,69000,FALSE,-1,N/A,,FALSE,69000,FALSE,,FALSE,,8805,8805,0,TRUE,FALSE
C,A,19800101,1980,52,1980,434,LBY,Libya,M,Import,0,W00,World,0,W00,World,S1,S1,TRUE,5612,Phosphatic fertilizers and materials,4,FALSE,C00,TOTAL CPC,0,0,TOTAL MOT,8,kg,32726592,FALSE,-1,N/A,,FALSE,32726592,FALSE,,FALSE,12874498,,12874498,0,TRUE,FALSE
C,A,19800101,1980,52,1980,470,MLT,Malta,M,Import,0,W00,World,0,W00,World,S1,S1,TRUE,5612,Phosphatic fertilizers and materials,4,FALSE,C00,TOTAL CPC,0,0,TOTAL MOT,8,kg,30812,FALSE,-1,N/A,,FALSE,30812,FALSE,,FALSE,6233,,6233,0,TRUE,FALSE
C,A,19800101,1980,52,1980,484,MEX,Mexico,M,Import,0,W00,World,0,W00,World,S1,S1,TRUE,5612,Phosphatic fertilizers and materials,4,FALSE,C00,TOTAL CPC,0,0,TOTAL MOT,8,kg,136021376,FALSE,-1,N/A,,FALSE,136021376,FALSE,,FALSE,19548486,,19548486,0,TRUE,FALSE
C,A,19800101,1980,52,1980,484,MEX,Mexico,X,Export,0,W00,World,0,W00,World,S1,S1,TRUE,5612,Phosphatic fertilizers and materials,4,FALSE,C00,TOTAL CPC,0,0,TOTAL MOT,8,kg,8696292,FALSE,-1,N/A,,FALSE,8696292,FALSE,,FALSE,,1276156,1276156,0,TRUE,FALSE
C,A,19800101,1980,52,1980,558,NIC,Nicaragua,M,Import,0,W00,World,0,W00,World,S1,S1,TRUE,5612,Phosphatic fertilizers and materials,4,FALSE,C00,TOTAL CPC,0,0,TOTAL MOT,8,kg,20309064,FALSE,-1,N/A,,FALSE,20309064,FALSE,,FALSE,7618784,,7618784,0,TRUE,FALSE
C,A,19800101,1980,52,1980,586,PAK,Pakistan,M,Import,0,W00,World,0,W00,World,S1,S1,TRUE,5612,Phosphatic fertilizers and materials,4,FALSE,C00,TOTAL CPC,0,0,TOTAL MOT,8,kg,506120000,FALSE,-1,N/A,,FALSE,506120000,FALSE,,FALSE,145436304,,145436304,0,TRUE,FALSE
C,A,19800101,1980,52,1980,586,PAK,Pakistan,X,Export,0,W00,World,0,W00,World,S1,S1,TRUE,5612,Phosphatic fertilizers and materials,4,FALSE,C00,TOTAL CPC,0,0,TOTAL MOT,8,kg,300000,FALSE,-1,N/A,,FALSE,300000,FALSE,,FALSE,,53730,53730,0,TRUE,FALSE
C,A,19800101,1980,52,1980,591,PAN,Panama,M,Import,0,W00,World,0,W00,World,S1,S1,TRUE,5612,Phosphatic fertilizers and materials,4,FALSE,C00,TOTAL CPC,0,0,TOTAL MOT,8,kg,4818701,FALSE,-1,N/A,,FALSE,4818701,FALSE,,FALSE,1429596,,1429596,0,TRUE,FALSE
C,A,19800101,1980,52,1980,600,PRY,Paraguay,M,Import,0,W00,World,0,W00,World,S1,S1,TRUE,5612,Phosphatic fertilizers and materials,4,FALSE,C00,TOTAL CPC,0,0,TOTAL MOT,8,kg,5627869,FALSE,-1,N/A,,FALSE,5627869,FALSE,,FALSE,1525733,,1525733,0,TRUE,FALSE
C,A,19800101,1980,52,1980,662,LCA,Saint Lucia,M,Import,0,W00,World,0,W00,World,S1,S1,TRUE,5612,Phosphatic fertilizers and materials,4,FALSE,C00,TOTAL CPC,0,0,TOTAL MOT,8,kg,447000,FALSE,-1,N/A,,FALSE,447000,FALSE,,FALSE,94941,,94941,0,TRUE,FALSE
C,A,19800101,1980,52,1980,736,SDN,Sudan (...2011),M,Import,0,W00,World,0,W00,World,S1,S1,TRUE,5612,Phosphatic fertilizers and materials,4,FALSE,C00,TOTAL CPC,0,0,TOTAL MOT,8,kg,456000,FALSE,-1,N/A,,FALSE,456000,FALSE,,FALSE,169947,,169947,0,TRUE,FALSE
C,A,19800101,1980,52,1980,784,ARE,United Arab Emirates,M,Import,0,W00,World,0,W00,World,S1,S1,TRUE,5612,Phosphatic fertilizers and materials,4,FALSE,C00,TOTAL CPC,0,0,TOTAL MOT,8,kg,766250,FALSE,-1,N/A,,FALSE,766250,FALSE,,FALSE,266655,,266655,0,TRUE,FALSE
C,A,19800101,1980,52,1980,792,TUR,TÅEkiye,M,Import,0,W00,World,0,W00,World,S1,S1,TRUE,5612,Phosphatic fertilizers and materials,4,FALSE,C00,TOTAL CPC,0,0,TOTAL MOT,8,kg,154924656,FALSE,-1,N/A,,FALSE,154924656,FALSE,,FALSE,42205448,,42205448,0,TRUE,FALSE
C,A,19800101,1980,52,1980,818,EGY,Egypt,M,Import,0,W00,World,0,W00,World,S1,S1,TRUE,5612,Phosphatic fertilizers and materials,4,FALSE,C00,TOTAL CPC,0,0,TOTAL MOT,8,kg,41180000,FALSE,-1,N/A,,FALSE,41180000,FALSE,,FALSE,2857133,,2857133,0,TRUE,FALSE
C,A,19800101,1980,52,1980,818,EGY,Egypt,X,Export,0,W00,World,0,W00,World,S1,S1,TRUE,5612,Phosphatic fertilizers and materials,4,FALSE,C00,TOTAL CPC,0,0,TOTAL MOT,8,kg,10200000,FALSE,-1,N/A,,FALSE,10200000,FALSE,,FALSE,,189356,189356,0,TRUE,FALSE
C,A,19800101,1980,52,1980,834,TZA,United Rep. of Tanzania,M,Import,0,W00,World,0,W00,World,S1,S1,TRUE,5612,Phosphatic fertilizers and materials,4,FALSE,C00,TOTAL CPC,0,0,TOTAL MOT,-1,N/A,0,FALSE,-1,N/A,,FALSE,,FALSE,,FALSE,7,,7,0,TRUE,FALSE
C,A,19800101,1980,52,1980,858,URY,Uruguay,M,Import,0,W00,World,0,W00,World,S1,S1,TRUE,5612,Phosphatic fertilizers and materials,4,FALSE,C00,TOTAL CPC,0,0,TOTAL MOT,-1,N/A,0,FALSE,-1,N/A,,FALSE,,FALSE,,FALSE,3186164,,3186164,0,TRUE,FALSE
C,A,19800101,1980,52,1980,858,URY,Uruguay,X,Export,0,W00,World,0,W00,World,S1,S1,TRUE,5612,Phosphatic fertilizers and materials,4,FALSE,C00,TOTAL CPC,0,0,TOTAL MOT,8,kg,26384264,FALSE,-1,N/A,,FALSE,26384264,FALSE,,FALSE,,3224589,3224589,0,TRUE,FALSE
C,A,19800101,1980,52,1980,862,VEN,Venezuela,M,Import,0,W00,World,0,W00,World,S1,S1,TRUE,5612,Phosphatic fertilizers and materials,4,FALSE,C00,TOTAL CPC,0,0,TOTAL MOT,8,kg,47420632,FALSE,-1,N/A,,FALSE,47420632,FALSE,,FALSE,,10596201,10596201,0,TRUE,FALSE
C,A,19800101,1980,52,1980,890,YUG,Yugoslavia (...1991),M,Import,0,W00,World,0,W00,World,S1,S1,TRUE,5612,Phosphatic fertilizers and materials,4,FALSE,C00,TOTAL CPC,0,0,TOTAL MOT,8,kg,42636000,FALSE,-1,N/A,,FALSE,42636000,FALSE,,FALSE,9368913,,9368913,0,TRUE,FALSE
C,A,19800101,1980,52,1980,890,YUG,Yugoslavia (...1991),X,Export,0,W00,World,0,W00,World,S1,S1,TRUE,5612,Phosphatic fertilizers and materials,4,FALSE,C00,TOTAL CPC,0,0,TOTAL MOT,8,kg,203469408,FALSE,-1,N/A,,FALSE,203469408,FALSE,,FALSE,,36534452,36534452,0,TRUE,FALSE
C,A,19810101,1981,52,1981,28,ATG,Antigua and Barbuda,M,Import,0,W00,World,0,W00,World,S1,S1,TRUE,5612,Phosphatic fertilizers and materials,4,FALSE,C00,TOTAL CPC,0,0,TOTAL MOT,8,kg,5378,FALSE,-1,N/A,,FALSE,5378,FALSE,,FALSE,3295,,3295,0,TRUE,FALSE
C,A,19810101,1981,52,1981,44,BHS,Bahamas,M,Import,0,W00,World,0,W00,World,S1,S1,TRUE,5612,Phosphatic fertilizers and materials,4,FALSE,C00,TOTAL CPC,0,0,TOTAL MOT,8,kg,583250,FALSE,-1,N/A,,FALSE,583250,FALSE,,FALSE,129188,,129188,0,TRUE,FALSE
C,A,19810101,1981,52,1981,60,BMU,Bermuda,M,Import,0,W00,World,0,W00,World,S1,S1,TRUE,5612,Phosphatic fertilizers and materials,4,FALSE,C00,TOTAL CPC,0,0,TOTAL MOT,8,kg,2562,FALSE,-1,N/A,,FALSE,2562,FALSE,,FALSE,1640,,1640,0,TRUE,FALSE
C,A,19810101,1981,52,1981,76,BRA,Brazil,M,Import,0,W00,World,0,W00,World,S1,S1,TRUE,5612,Phosphatic fertilizers and materials,4,FALSE,C00,TOTAL CPC,0,0,TOTAL MOT,8,kg,161866256,FALSE,-1,N/A,,FALSE,161866256,FALSE,,FALSE,29394024,,29394024,0,TRUE,FALSE
C,A,19810101,1981,52,1981,76,BRA,Brazil,X,Export,0,W00,World,0,W00,World,S1,S1,TRUE,5612,Phosphatic fertilizers and materials,4,FALSE,C00,TOTAL CPC,0,0,TOTAL MOT,8,kg,3012957,FALSE,-1,N/A,,FALSE,3012957,FALSE,,FALSE,,736261,736261,0,TRUE,FALSE
C,A,19810101,1981,52,1981,96,BRN,Brunei Darussalam,M,Import,0,W00,World,0,W00,World,S1,S1,TRUE,5612,Phosphatic fertilizers and materials,4,FALSE,C00,TOTAL CPC,0,0,TOTAL MOT,8,kg,519187,FALSE,-1,N/A,,FALSE,519187,FALSE,,FALSE,60694,,60694,0,TRUE,FALSE
C,A,19810101,1981,52,1981,152,CHL,Chile,M,Import,0,W00,World,0,W00,World,S1,S1,TRUE,5612,Phosphatic fertilizers and materials,4,FALSE,C00,TOTAL CPC,0,0,TOTAL MOT,8,kg,89892248,FALSE,-1,N/A,,FALSE,89892248,FALSE,,FALSE,17930160,,17930160,0,TRUE,FALSE
C,A,19810101,1981,52,1981,188,CRI,Costa Rica,M,Import,0,W00,World,0,W00,World,S1,S1,TRUE,5612,Phosphatic fertilizers and materials,4,FALSE,C00,TOTAL CPC,0,0,TOTAL MOT,8,kg,24481748,FALSE,-1,N/A,,FALSE,24481748,FALSE,,FALSE,5117670,,5117670,0,TRUE,FALSE
C,A,19810101,1981,52,1981,214,DOM,Dominican Rep.,M,Import,0,W00,World,0,W00,World,S1,S1,TRUE,5612,Phosphatic fertilizers and materials,4,FALSE,C00,TOTAL CPC,0,0,TOTAL MOT,8,kg,8697027,FALSE,-1,N/A,,FALSE,8697027,FALSE,,FALSE,,1974886,1974886,0,TRUE,FALSE
C,A,19810101,1981,52,1981,214,DOM,Dominican Rep.,X,Export,0,W00,World,0,W00,World,S1,S1,TRUE,5612,Phosphatic fertilizers and materials,4,FALSE,C00,TOTAL CPC,0,0,TOTAL MOT,8,kg,63726,FALSE,-1,N/A,,FALSE,63726,FALSE,,FALSE,,16488,16488,0,TRUE,FALSE
C,A,19810101,1981,52,1981,222,SLV,El Salvador,M,Import,0,W00,World,0,W00,World,S1,S1,TRUE,5612,Phosphatic fertilizers and materials,4,FALSE,C00,TOTAL CPC,0,0,TOTAL MOT,8,kg,13505471,FALSE,-1,N/A,,FALSE,13505471,FALSE,,FALSE,2635742,,2635742,0,TRUE,FALSE
C,A,19810101,1981,52,1981,222,SLV,El Salvador,X,Export,0,W00,World,0,W00,World,S1,S1,TRUE,5612,Phosphatic fertilizers and materials,4,FALSE,C00,TOTAL CPC,0,0,TOTAL MOT,8,kg,183,FALSE,-1,N/A,,FALSE,183,FALSE,,FALSE,,408,408,0,TRUE,FALSE
C,A,19810101,1981,52,1981,288,GHA,Ghana,M,Import,0,W00,World,0,W00,World,S1,S1,TRUE,5612,Phosphatic fertilizers and materials,4,FALSE,C00,TOTAL CPC,0,0,TOTAL MOT,-1,N/A,0,FALSE,-1,N/A,,FALSE,,FALSE,,FALSE,86,,86,0,TRUE,FALSE
C,A,19810101,1981,52,1981,320,GTM,Guatemala,M,Import,0,W00,World,0,W00,World,S1,S1,TRUE,5612,Phosphatic fertilizers and materials,4,FALSE,C00,TOTAL CPC,0,0,TOTAL MOT,8,kg,41987800,FALSE,-1,N/A,,FALSE,41987800,FALSE,,FALSE,13963589,,13963589,0,TRUE,FALSE
C,A,19810101,1981,52,1981,320,GTM,Guatemala,X,Export,0,W00,World,0,W00,World,S1,S1,TRUE,5612,Phosphatic fertilizers and materials,4,FALSE,C00,TOTAL CPC,0,0,TOTAL MOT,8,kg,6500,FALSE,-1,N/A,,FALSE,6500,FALSE,,FALSE,,5923,5923,0,TRUE,FALSE
C,A,19810101,1981,52,1981,340,HND,Honduras,M,Import,0,W00,World,0,W00,World,S1,S1,TRUE,5612,Phosphatic fertilizers and materials,4,FALSE,C00,TOTAL CPC,0,0,TOTAL MOT,8,kg,3851072,FALSE,-1,N/A,,FALSE,3851072,FALSE,,FALSE,857334,,857334,0,TRUE,FALSE
C,A,19810101,1981,52,1981,434,LBY,Libya,M,Import,0,W00,World,0,W00,World,S1,S1,TRUE,5612,Phosphatic fertilizers and materials,4,FALSE,C00,TOTAL CPC,0,0,TOTAL MOT,8,kg,8058003,FALSE,-1,N/A,,FALSE,8058003,FALSE,,FALSE,1539005,,1539005,0,TRUE,FALSE
C,A,19810101,1981,52,1981,470,MLT,Malta,M,Import,0,W00,World,0,W00,World,S1,S1,TRUE,5612,Phosphatic fertilizers and materials,4,FALSE,C00,TOTAL CPC,0,0,TOTAL MOT,8,kg,21000,FALSE,-1,N/A,,FALSE,21000,FALSE,,FALSE,7288,,7288,0,TRUE,FALSE
C,A,19810101,1981,52,1981,484,MEX,Mexico,M,Import,0,W00,World,0,W00,World,S1,S1,TRUE,5612,Phosphatic fertilizers and materials,4,FALSE,C00,TOTAL CPC,0,0,TOTAL MOT,8,kg,412649632,FALSE,-1,N/A,,FALSE,412649632,FALSE,,FALSE,49521760,,49521760,0,TRUE,FALSE
C,A,19810101,1981,52,1981,484,MEX,Mexico,X,Export,0,W00,World,0,W00,World,S1,S1,TRUE,5612,Phosphatic fertilizers and materials,4,FALSE,C00,TOTAL CPC,0,0,TOTAL MOT,8,kg,238933,FALSE,-1,N/A,,FALSE,238933,FALSE,,FALSE,,976113,976113,0,TRUE,FALSE
C,A,19810101,1981,52,1981,532,ANT,Netherlands Antilles and Aruba (...1985),M,Import,0,W00,World,0,W00,World,S1,S1,TRUE,5612,Phosphatic fertilizers and materials,4,FALSE,C00,TOTAL CPC,0,0,TOTAL MOT,-1,N/A,0,FALSE,-1,N/A,,FALSE,,FALSE,,FALSE,,555,555,0,TRUE,FALSE
C,A,19810101,1981,52,1981,558,NIC,Nicaragua,M,Import,0,W00,World,0,W00,World,S1,S1,TRUE,5612,Phosphatic fertilizers and materials,4,FALSE,C00,TOTAL CPC,0,0,TOTAL MOT,8,kg,16288159,FALSE,-1,N/A,,FALSE,16288159,FALSE,,FALSE,3743345,,3743345,0,TRUE,FALSE
C,A,19810101,1981,52,1981,566,NGA,Nigeria,M,Import,0,W00,World,0,W00,World,S1,S1,TRUE,5612,Phosphatic fertilizers and materials,4,FALSE,C00,TOTAL CPC,0,0,TOTAL MOT,8,kg,348603008,FALSE,-1,N/A,,FALSE,348603008,FALSE,,FALSE,41649636,,41649636,0,TRUE,FALSE
C,A,19810101,1981,52,1981,586,PAK,Pakistan,X,Export,0,W00,World,0,W00,World,S1,S1,TRUE,5612,Phosphatic fertilizers and materials,4,FALSE,C00,TOTAL CPC,0,0,TOTAL MOT,8,kg,216000,FALSE,-1,N/A,,FALSE,216000,FALSE,,FALSE,,23111,23111,0,TRUE,FALSE
C,A,19810101,1981,52,1981,591,PAN,Panama,M,Import,0,W00,World,0,W00,World,S1,S1,TRUE,5612,Phosphatic fertilizers and materials,4,FALSE,C00,TOTAL CPC,0,0,TOTAL MOT,8,kg,6724167,FALSE,-1,N/A,,FALSE,6724167,FALSE,,FALSE,1623211,,1623211,0,TRUE,FALSE
C,A,19810101,1981,52,1981,591,PAN,Panama,X,Export,0,W00,World,0,W00,World,S1,S1,TRUE,5612,Phosphatic fertilizers and materials,4,FALSE,C00,TOTAL CPC,0,0,TOTAL MOT,8,kg,31699,FALSE,-1,N/A,,FALSE,31699,FALSE,,FALSE,,17324,17324,0,TRUE,FALSE
C,A,19810101,1981,52,1981,600,PRY,Paraguay,M,Import,0,W00,World,0,W00,World,S1,S1,TRUE,5612,Phosphatic fertilizers and materials,4,FALSE,C00,TOTAL CPC,0,0,TOTAL MOT,8,kg,5971624,FALSE,-1,N/A,,FALSE,5971624,FALSE,,FALSE,1981945,,1981945,0,TRUE,FALSE
C,A,19810101,1981,52,1981,659,KNA,Saint Kitts and Nevis,M,Import,0,W00,World,0,W00,World,S1,S1,TRUE,5612,Phosphatic fertilizers and materials,4,FALSE,C00,TOTAL CPC,0,0,TOTAL MOT,-1,N/A,0,FALSE,-1,N/A,,FALSE,,FALSE,,FALSE,227733,,227733,0,TRUE,FALSE
C,A,19810101,1981,52,1981,784,ARE,United Arab Emirates,M,Import,0,W00,World,0,W00,World,S1,S1,TRUE,5612,Phosphatic fertilizers and materials,4,FALSE,C00,TOTAL CPC,0,0,TOTAL MOT,8,kg,907991,FALSE,-1,N/A,,FALSE,907991,FALSE,,FALSE,293760,,293760,0,TRUE,FALSE
C,A,19810101,1981,52,1981,792,TUR,TÅEkiye,M,Import,0,W00,World,0,W00,World,S1,S1,TRUE,5612,Phosphatic fertilizers and materials,4,FALSE,C00,TOTAL CPC,0,0,TOTAL MOT,8,kg,65211100,FALSE,-1,N/A,,FALSE,65211100,FALSE,,FALSE,17172998,,17172998,0,TRUE,FALSE
C,A,19810101,1981,52,1981,858,URY,Uruguay,M,Import,0,W00,World,0,W00,World,S1,S1,TRUE,5612,Phosphatic fertilizers and materials,4,FALSE,C00,TOTAL CPC,0,0,TOTAL MOT,-1,N/A,0,FALSE,-1,N/A,,FALSE,,FALSE,,FALSE,1862709,,1862709,0,TRUE,FALSE
C,A,19810101,1981,52,1981,858,URY,Uruguay,X,Export,0,W00,World,0,W00,World,S1,S1,TRUE,5612,Phosphatic fertilizers and materials,4,FALSE,C00,TOTAL CPC,0,0,TOTAL MOT,8,kg,19858912,FALSE,-1,N/A,,FALSE,19858912,FALSE,,FALSE,,2632100,2632100,0,TRUE,FALSE
C,A,19810101,1981,52,1981,862,VEN,Venezuela,M,Import,0,W00,World,0,W00,World,S1,S1,TRUE,5612,Phosphatic fertilizers and materials,4,FALSE,C00,TOTAL CPC,0,0,TOTAL MOT,8,kg,71889088,FALSE,-1,N/A,,FALSE,71889088,FALSE,,FALSE,,16923492,16923492,0,TRUE,FALSE
C,A,19810101,1981,52,1981,890,YUG,Yugoslavia (...1991),M,Import,0,W00,World,0,W00,World,S1,S1,TRUE,5612,Phosphatic fertilizers and materials,4,FALSE,C00,TOTAL CPC,0,0,TOTAL MOT,8,kg,30268000,FALSE,-1,N/A,,FALSE,30268000,FALSE,,FALSE,6898637,,6898637,0,TRUE,FALSE
C,A,19810101,1981,52,1981,890,YUG,Yugoslavia (...1991),X,Export,0,W00,World,0,W00,World,S1,S1,TRUE,5612,Phosphatic fertilizers and materials,4,FALSE,C00,TOTAL CPC,0,0,TOTAL MOT,8,kg,175204992,FALSE,-1,N/A,,FALSE,175204992,FALSE,,FALSE,,33534066,33534066,0,TRUE,FALSE
C,A,19820101,1982,52,1982,44,BHS,Bahamas,M,Import,0,W00,World,0,W00,World,S1,S1,TRUE,5612,Phosphatic fertilizers and materials,4,FALSE,C00,TOTAL CPC,0,0,TOTAL MOT,8,kg,1038562,FALSE,-1,N/A,,FALSE,1038562,FALSE,,FALSE,243421,,243421,0,TRUE,FALSE
C,A,19820101,1982,52,1982,76,BRA,Brazil,M,Import,0,W00,World,0,W00,World,S1,S1,TRUE,5612,Phosphatic fertilizers and materials,4,FALSE,C00,TOTAL CPC,0,0,TOTAL MOT,8,kg,106930592,FALSE,-1,N/A,,FALSE,106930592,FALSE,,FALSE,14778427,,14778427,0,TRUE,FALSE
C,A,19820101,1982,52,1982,84,BLZ,Belize,M,Import,0,W00,World,0,W00,World,S1,S1,TRUE,5612,Phosphatic fertilizers and materials,4,FALSE,C00,TOTAL CPC,0,0,TOTAL MOT,8,kg,254000,FALSE,-1,N/A,,FALSE,254000,FALSE,,FALSE,70183,,70183,0,TRUE,FALSE
C,A,19820101,1982,52,1982,96,BRN,Brunei Darussalam,M,Import,0,W00,World,0,W00,World,S1,S1,TRUE,5612,Phosphatic fertilizers and materials,4,FALSE,C00,TOTAL CPC,0,0,TOTAL MOT,8,kg,4937,FALSE,-1,N/A,,FALSE,4937,FALSE,,FALSE,4989,,4989,0,TRUE,FALSE
C,A,19820101,1982,52,1982,76,BRA,Brazil,X,Export,0,W00,World,0,W00,World,S1,S1,TRUE,5612,Phosphatic fertilizers and materials,4,FALSE,C00,TOTAL CPC,0,0,TOTAL MOT,8,kg,6765812,FALSE,-1,N/A,,FALSE,6765812,FALSE,,FALSE,,1588472,1588472,0,TRUE,FALSE
C,A,19820101,1982,52,1982,152,CHL,Chile,M,Import,0,W00,World,0,W00,World,S1,S1,TRUE,5612,Phosphatic fertilizers and materials,4,FALSE,C00,TOTAL CPC,0,0,TOTAL MOT,8,kg,34919332,FALSE,-1,N/A,,FALSE,34919332,FALSE,,FALSE,4742780,,4742780,0,TRUE,FALSE
C,A,19820101,1982,52,1982,188,CRI,Costa Rica,M,Import,0,W00,World,0,W00,World,S1,S1,TRUE,5612,Phosphatic fertilizers and materials,4,FALSE,C00,TOTAL CPC,0,0,TOTAL MOT,8,kg,23753920,FALSE,-1,N/A,,FALSE,23753920,FALSE,,FALSE,5057649,,5057649,0,TRUE,FALSE
C,A,19820101,1982,52,1982,204,BEN,Benin,M,Import,0,W00,World,0,W00,World,S1,S1,TRUE,5612,Phosphatic fertilizers and materials,4,FALSE,C00,TOTAL CPC,0,0,TOTAL MOT,8,kg,490000,FALSE,-1,N/A,,FALSE,490000,FALSE,,FALSE,139526,,139526,0,TRUE,FALSE
C,A,19820101,1982,52,1982,214,DOM,Dominican Rep.,M,Import,0,W00,World,0,W00,World,S1,S1,TRUE,5612,Phosphatic fertilizers and materials,4,FALSE,C00,TOTAL CPC,0,0,TOTAL MOT,8,kg,14487390,FALSE,-1,N/A,,FALSE,14487390,FALSE,,FALSE,,2771100,2771100,0,TRUE,FALSE
C,A,19820101,1982,52,1982,188,CRI,Costa Rica,X,Export,0,W00,World,0,W00,World,S1,S1,TRUE,5612,Phosphatic fertilizers and materials,4,FALSE,C00,TOTAL CPC,0,0,TOTAL MOT,8,kg,34976,FALSE,-1,N/A,,FALSE,34976,FALSE,,FALSE,,1714,1714,0,TRUE,FALSE
C,A,19820101,1982,52,1982,214,DOM,Dominican Rep.,X,Export,0,W00,World,0,W00,World,S1,S1,TRUE,5612,Phosphatic fertilizers and materials,4,FALSE,C00,TOTAL CPC,0,0,TOTAL MOT,8,kg,278143,FALSE,-1,N/A,,FALSE,278143,FALSE,,FALSE,,66221,66221,0,TRUE,FALSE
C,A,19820101,1982,52,1982,222,SLV,El Salvador,M,Import,0,W00,World,0,W00,World,S1,S1,TRUE,5612,Phosphatic fertilizers and materials,4,FALSE,C00,TOTAL CPC,0,0,TOTAL MOT,8,kg,37501,FALSE,-1,N/A,,FALSE,37501,FALSE,,FALSE,9932,,9932,0,TRUE,FALSE
C,A,19820101,1982,52,1982,288,GHA,Ghana,M,Import,0,W00,World,0,W00,World,S1,S1,TRUE,5612,Phosphatic fertilizers and materials,4,FALSE,C00,TOTAL CPC,0,0,TOTAL MOT,8,kg,1312,FALSE,-1,N/A,,FALSE,1312,FALSE,,FALSE,698,,698,0,TRUE,FALSE
C,A,19820101,1982,52,1982,340,HND,Honduras,M,Import,0,W00,World,0,W00,World,S1,S1,TRUE,5612,Phosphatic fertilizers and materials,4,FALSE,C00,TOTAL CPC,0,0,TOTAL MOT,8,kg,2526890,FALSE,-1,N/A,,FALSE,2526890,FALSE,,FALSE,631462,,631462,0,TRUE,FALSE
C,A,19820101,1982,52,1982,434,LBY,Libya,M,Import,0,W00,World,0,W00,World,S1,S1,TRUE,5612,Phosphatic fertilizers and materials,4,FALSE,C00,TOTAL CPC,0,0,TOTAL MOT,8,kg,17317000,FALSE,-1,N/A,,FALSE,17317000,FALSE,,FALSE,3018501,,3018501,0,TRUE,FALSE
C,A,19820101,1982,52,1982,470,MLT,Malta,M,Import,0,W00,World,0,W00,World,S1,S1,TRUE,5612,Phosphatic fertilizers and materials,4,FALSE,C00,TOTAL CPC,0,0,TOTAL MOT,8,kg,46000,FALSE,-1,N/A,,FALSE,46000,FALSE,,FALSE,12759,,12759,0,TRUE,FALSE
C,A,19820101,1982,52,1982,484,MEX,Mexico,M,Import,0,W00,World,0,W00,World,S1,S1,TRUE,5612,Phosphatic fertilizers and materials,4,FALSE,C00,TOTAL CPC,0,0,TOTAL MOT,8,kg,802988736,FALSE,-1,N/A,,FALSE,802988736,FALSE,,FALSE,74943960,,74943960,0,TRUE,FALSE
C,A,19820101,1982,52,1982,484,MEX,Mexico,X,Export,0,W00,World,0,W00,World,S1,S1,TRUE,5612,Phosphatic fertilizers and materials,4,FALSE,C00,TOTAL CPC,0,0,TOTAL MOT,8,kg,6758745,FALSE,-1,N/A,,FALSE,6758745,FALSE,,FALSE,,1122752,1122752,0,TRUE,FALSE
C,A,19820101,1982,52,1982,558,NIC,Nicaragua,M,Import,0,W00,World,0,W00,World,S1,S1,TRUE,5612,Phosphatic fertilizers and materials,4,FALSE,C00,TOTAL CPC,0,0,TOTAL MOT,8,kg,12442175,FALSE,-1,N/A,,FALSE,12442175,FALSE,,FALSE,2722135,,2722135,0,TRUE,FALSE
C,A,19820101,1982,52,1982,591,PAN,Panama,M,Import,0,W00,World,0,W00,World,S1,S1,TRUE,5612,Phosphatic fertilizers and materials,4,FALSE,C00,TOTAL CPC,0,0,TOTAL MOT,8,kg,6068045,FALSE,-1,N/A,,FALSE,6068045,FALSE,,FALSE,1355494,,1355494,0,TRUE,FALSE
C,A,19820101,1982,52,1982,600,PRY,Paraguay,M,Import,0,W00,World,0,W00,World,S1,S1,TRUE,5612,Phosphatic fertilizers and materials,4,FALSE,C00,TOTAL CPC,0,0,TOTAL MOT,8,kg,6026768,FALSE,-1,N/A,,FALSE,6026768,FALSE,,FALSE,2074319,,2074319,0,TRUE,FALSE
C,A,19820101,1982,52,1982,659,KNA,Saint Kitts and Nevis,M,Import,0,W00,World,0,W00,World,S1,S1,TRUE,5612,Phosphatic fertilizers and materials,4,FALSE,C00,TOTAL CPC,0,0,TOTAL MOT,8,kg,203,FALSE,-1,N/A,,FALSE,203,FALSE,,FALSE,244,,244,0,TRUE,FALSE
C,A,19820101,1982,52,1982,591,PAN,Panama,X,Export,0,W00,World,0,W00,World,S1,S1,TRUE,5612,Phosphatic fertilizers and materials,4,FALSE,C00,TOTAL CPC,0,0,TOTAL MOT,8,kg,13625,FALSE,-1,N/A,,FALSE,13625,FALSE,,FALSE,,7425,7425,0,TRUE,FALSE
C,A,19820101,1982,52,1982,736,SDN,Sudan (...2011),M,Import,0,W00,World,0,W00,World,S1,S1,TRUE,5612,Phosphatic fertilizers and materials,4,FALSE,C00,TOTAL CPC,0,0,TOTAL MOT,8,kg,1155000,FALSE,-1,N/A,,FALSE,1155000,FALSE,,FALSE,221683,,221683,0,TRUE,FALSE
C,A,19820101,1982,52,1982,784,ARE,United Arab Emirates,M,Import,0,W00,World,0,W00,World,S1,S1,TRUE,5612,Phosphatic fertilizers and materials,4,FALSE,C00,TOTAL CPC,0,0,TOTAL MOT,8,kg,486191,FALSE,-1,N/A,,FALSE,486191,FALSE,,FALSE,121689,,121689,0,TRUE,FALSE
C,A,19820101,1982,52,1982,858,URY,Uruguay,M,Import,0,W00,World,0,W00,World,S1,S1,TRUE,5612,Phosphatic fertilizers and materials,4,FALSE,C00,TOTAL CPC,0,0,TOTAL MOT,-1,N/A,0,FALSE,-1,N/A,,FALSE,,FALSE,,FALSE,2886597,,2886597,0,TRUE,FALSE
C,A,19820101,1982,52,1982,890,YUG,Yugoslavia (...1991),M,Import,0,W00,World,0,W00,World,S1,S1,TRUE,5612,Phosphatic fertilizers and materials,4,FALSE,C00,TOTAL CPC,0,0,TOTAL MOT,8,kg,31119000,FALSE,-1,N/A,,FALSE,31119000,FALSE,,FALSE,6193278,,6193278,0,TRUE,FALSE
C,A,19820101,1982,52,1982,792,TUR,TÅEkiye,X,Export,0,W00,World,0,W00,World,S1,S1,TRUE,5612,Phosphatic fertilizers and materials,4,FALSE,C00,TOTAL CPC,0,0,TOTAL MOT,8,kg,257436000,FALSE,-1,N/A,,FALSE,257436000,FALSE,,FALSE,,43834372,43834372,0,TRUE,FALSE
C,A,19820101,1982,52,1982,858,URY,Uruguay,X,Export,0,W00,World,0,W00,World,S1,S1,TRUE,5612,Phosphatic fertilizers and materials,4,FALSE,C00,TOTAL CPC,0,0,TOTAL MOT,8,kg,26516000,FALSE,-1,N/A,,FALSE,26516000,FALSE,,FALSE,,3032276,3032276,0,TRUE,FALSE
C,A,19820101,1982,52,1982,890,YUG,Yugoslavia (...1991),X,Export,0,W00,World,0,W00,World,S1,S1,TRUE,5612,Phosphatic fertilizers and materials,4,FALSE,C00,TOTAL CPC,0,0,TOTAL MOT,8,kg,209746000,FALSE,-1,N/A,,FALSE,209746000,FALSE,,FALSE,,36632640,36632640,0,TRUE,FALSE
C,A,19830101,1983,52,1983,44,BHS,Bahamas,M,Import,0,W00,World,0,W00,World,S1,S1,TRUE,5612,Phosphatic fertilizers and materials,4,FALSE,C00,TOTAL CPC,0,0,TOTAL MOT,8,kg,374375,FALSE,-1,N/A,,FALSE,374375,FALSE,,FALSE,134781,,134781,0,TRUE,FALSE
C,A,19830101,1983,52,1983,60,BMU,Bermuda,M,Import,0,W00,World,0,W00,World,S1,S1,TRUE,5612,Phosphatic fertilizers and materials,4,FALSE,C00,TOTAL CPC,0,0,TOTAL MOT,8,kg,18640,FALSE,-1,N/A,,FALSE,18640,FALSE,,FALSE,9036,,9036,0,TRUE,FALSE
C,A,19830101,1983,52,1983,84,BLZ,Belize,M,Import,0,W00,World,0,W00,World,S1,S1,TRUE,5612,Phosphatic fertilizers and materials,4,FALSE,C00,TOTAL CPC,0,0,TOTAL MOT,8,kg,235000,FALSE,-1,N/A,,FALSE,235000,FALSE,,FALSE,65721,,65721,0,TRUE,FALSE
C,A,19830101,1983,52,1983,96,BRN,Brunei Darussalam,M,Import,0,W00,World,0,W00,World,S1,S1,TRUE,5612,Phosphatic fertilizers and materials,4,FALSE,C00,TOTAL CPC,0,0,TOTAL MOT,8,kg,46597,FALSE,-1,N/A,,FALSE,46597,FALSE,,FALSE,6508,,6508,0,TRUE,FALSE
C,A,19830101,1983,52,1983,188,CRI,Costa Rica,M,Import,0,W00,World,0,W00,World,S1,S1,TRUE,5612,Phosphatic fertilizers and materials,4,FALSE,C00,TOTAL CPC,0,0,TOTAL MOT,8,kg,128961,FALSE,-1,N/A,,FALSE,128961,FALSE,,FALSE,6420966,,6420966,0,TRUE,FALSE
C,A,19830101,1983,52,1983,214,DOM,Dominican Rep.,M,Import,0,W00,World,0,W00,World,S1,S1,TRUE,5612,Phosphatic fertilizers and materials,4,FALSE,C00,TOTAL CPC,0,0,TOTAL MOT,8,kg,6408675,FALSE,-1,N/A,,FALSE,6408675,FALSE,,FALSE,,1201583,1201583,0,TRUE,FALSE
C,A,19830101,1983,52,1983,214,DOM,Dominican Rep.,X,Export,0,W00,World,0,W00,World,S1,S1,TRUE,5612,Phosphatic fertilizers and materials,4,FALSE,C00,TOTAL CPC,0,0,TOTAL MOT,8,kg,100128,FALSE,-1,N/A,,FALSE,100128,FALSE,,FALSE,,12917,12917,0,TRUE,FALSE
C,A,19830101,1983,52,1983,222,SLV,El Salvador,M,Import,0,W00,World,0,W00,World,S1,S1,TRUE,5612,Phosphatic fertilizers and materials,4,FALSE,C00,TOTAL CPC,0,0,TOTAL MOT,8,kg,163704,FALSE,-1,N/A,,FALSE,163704,FALSE,,FALSE,52518,,52518,0,TRUE,FALSE
C,A,19830101,1983,52,1983,222,SLV,El Salvador,X,Export,0,W00,World,0,W00,World,S1,S1,TRUE,5612,Phosphatic fertilizers and materials,4,FALSE,C00,TOTAL CPC,0,0,TOTAL MOT,8,kg,20000,FALSE,-1,N/A,,FALSE,20000,FALSE,,FALSE,,2399,2399,0,TRUE,FALSE
C,A,19830101,1983,52,1983,288,GHA,Ghana,M,Import,0,W00,World,0,W00,World,S1,S1,TRUE,5612,Phosphatic fertilizers and materials,4,FALSE,C00,TOTAL CPC,0,0,TOTAL MOT,-1,N/A,0,FALSE,-1,N/A,,FALSE,,FALSE,,FALSE,32668,,32668,0,TRUE,FALSE
C,A,19830101,1983,52,1983,340,HND,Honduras,M,Import,0,W00,World,0,W00,World,S1,S1,TRUE,5612,Phosphatic fertilizers and materials,4,FALSE,C00,TOTAL CPC,0,0,TOTAL MOT,8,kg,4376879,FALSE,-1,N/A,,FALSE,4376879,FALSE,,FALSE,844963,,844963,0,TRUE,FALSE
C,A,19830101,1983,52,1983,470,MLT,Malta,M,Import,0,W00,World,0,W00,World,S1,S1,TRUE,5612,Phosphatic fertilizers and materials,4,FALSE,C00,TOTAL CPC,0,0,TOTAL MOT,8,kg,7500,FALSE,-1,N/A,,FALSE,7500,FALSE,,FALSE,1501,,1501,0,TRUE,FALSE
C,A,19830101,1983,52,1983,484,MEX,Mexico,M,Import,0,W00,World,0,W00,World,S1,S1,TRUE,5612,Phosphatic fertilizers and materials,4,FALSE,C00,TOTAL CPC,0,0,TOTAL MOT,8,kg,361972384,FALSE,-1,N/A,,FALSE,361972384,FALSE,,FALSE,35854840,,35854840,0,TRUE,FALSE
C,A,19830101,1983,52,1983,484,MEX,Mexico,X,Export,0,W00,World,0,W00,World,S1,S1,TRUE,5612,Phosphatic fertilizers and materials,4,FALSE,C00,TOTAL CPC,0,0,TOTAL MOT,8,kg,1607362,FALSE,-1,N/A,,FALSE,1607362,FALSE,,FALSE,,480357,480357,0,TRUE,FALSE
C,A,19830101,1983,52,1983,532,ANT,Netherlands Antilles and Aruba (...1985),M,Import,0,W00,World,0,W00,World,S1,S1,TRUE,5612,Phosphatic fertilizers and materials,4,FALSE,C00,TOTAL CPC,0,0,TOTAL MOT,8,kg,3000,FALSE,-1,N/A,,FALSE,3000,FALSE,,FALSE,,1666,1666,0,TRUE,FALSE
C,A,19830101,1983,52,1983,558,NIC,Nicaragua,M,Import,0,W00,World,0,W00,World,S1,S1,TRUE,5612,Phosphatic fertilizers and materials,4,FALSE,C00,TOTAL CPC,0,0,TOTAL MOT,8,kg,1131233,FALSE,-1,N/A,,FALSE,1131233,FALSE,,FALSE,1690790,,1690790,0,TRUE,FALSE
C,A,19830101,1983,52,1983,566,NGA,Nigeria,M,Import,0,W00,World,0,W00,World,S1,S1,TRUE,5612,Phosphatic fertilizers and materials,4,FALSE,C00,TOTAL CPC,0,0,TOTAL MOT,8,kg,154348992,FALSE,-1,N/A,,FALSE,154348992,FALSE,,FALSE,7868055,,7868055,0,TRUE,FALSE
C,A,19830101,1983,52,1983,591,PAN,Panama,M,Import,0,W00,World,0,W00,World,S1,S1,TRUE,5612,Phosphatic fertilizers and materials,4,FALSE,C00,TOTAL CPC,0,0,TOTAL MOT,8,kg,1299054,FALSE,-1,N/A,,FALSE,1299054,FALSE,,FALSE,309492,,309492,0,TRUE,FALSE
C,A,19830101,1983,52,1983,659,KNA,Saint Kitts and Nevis,M,Import,0,W00,World,0,W00,World,S1,S1,TRUE,5612,Phosphatic fertilizers and materials,4,FALSE,C00,TOTAL CPC,0,0,TOTAL MOT,-1,N/A,0,FALSE,-1,N/A,,FALSE,,FALSE,,FALSE,88216,,88216,0,TRUE,FALSE
C,A,19830101,1983,52,1983,792,TUR,TÅEkiye,X,Export,0,W00,World,0,W00,World,S1,S1,TRUE,5612,Phosphatic fertilizers and materials,4,FALSE,C00,TOTAL CPC,0,0,TOTAL MOT,8,kg,77950784,FALSE,-1,N/A,,FALSE,77950784,FALSE,,FALSE,,11434283,11434283,0,TRUE,FALSE
C,A,19830101,1983,52,1983,890,YUG,Yugoslavia (...1991),M,Import,0,W00,World,0,W00,World,S1,S1,TRUE,5612,Phosphatic fertilizers and materials,4,FALSE,C00,TOTAL CPC,0,0,TOTAL MOT,8,kg,31494000,FALSE,-1,N/A,,FALSE,31494000,FALSE,,FALSE,5506670,,5506670,0,TRUE,FALSE
C,A,19830101,1983,52,1983,890,YUG,Yugoslavia (...1991),X,Export,0,W00,World,0,W00,World,S1,S1,TRUE,5612,Phosphatic fertilizers and materials,4,FALSE,C00,TOTAL CPC,0,0,TOTAL MOT,8,kg,220086000,FALSE,-1,N/A,,FALSE,220086000,FALSE,,FALSE,,34380584,34380584,0,TRUE,FALSE
C,A,19840101,1984,52,1984,44,BHS,Bahamas,M,Import,0,W00,World,0,W00,World,S1,S1,TRUE,5612,Phosphatic fertilizers and materials,4,FALSE,C00,TOTAL CPC,0,0,TOTAL MOT,8,kg,820437,FALSE,-1,N/A,,FALSE,820437,FALSE,,FALSE,244975,,244975,0,TRUE,FALSE
C,A,19840101,1984,52,1984,96,BRN,Brunei Darussalam,M,Import,0,W00,World,0,W00,World,S1,S1,TRUE,5612,Phosphatic fertilizers and materials,4,FALSE,C00,TOTAL CPC,0,0,TOTAL MOT,8,kg,519312,FALSE,-1,N/A,,FALSE,519312,FALSE,,FALSE,98013,,98013,0,TRUE,FALSE
C,A,19840101,1984,52,1984,188,CRI,Costa Rica,M,Import,0,W00,World,0,W00,World,S1,S1,TRUE,5612,Phosphatic fertilizers and materials,4,FALSE,C00,TOTAL CPC,0,0,TOTAL MOT,8,kg,34600000,FALSE,-1,N/A,,FALSE,34600000,FALSE,,FALSE,7840000,,7840000,0,TRUE,FALSE
C,A,19840101,1984,52,1984,214,DOM,Dominican Rep.,M,Import,0,W00,World,0,W00,World,S1,S1,TRUE,5612,Phosphatic fertilizers and materials,4,FALSE,C00,TOTAL CPC,0,0,TOTAL MOT,8,kg,16999746,FALSE,-1,N/A,,FALSE,16999746,FALSE,,FALSE,,2936093,2936093,0,TRUE,FALSE
C,A,19840101,1984,52,1984,222,SLV,El Salvador,M,Import,0,W00,World,0,W00,World,S1,S1,TRUE,5612,Phosphatic fertilizers and materials,4,FALSE,C00,TOTAL CPC,0,0,TOTAL MOT,8,kg,21423096,FALSE,-1,N/A,,FALSE,21423096,FALSE,,FALSE,1942000,,1942000,0,TRUE,FALSE
C,A,19840101,1984,52,1984,288,GHA,Ghana,M,Import,0,W00,World,0,W00,World,S1,S1,TRUE,5612,Phosphatic fertilizers and materials,4,FALSE,C00,TOTAL CPC,0,0,TOTAL MOT,-1,N/A,0,FALSE,-1,N/A,,FALSE,,FALSE,,FALSE,14181,,14181,0,TRUE,FALSE
C,A,19840101,1984,52,1984,340,HND,Honduras,M,Import,0,W00,World,0,W00,World,S1,S1,TRUE,5612,Phosphatic fertilizers and materials,4,FALSE,C00,TOTAL CPC,0,0,TOTAL MOT,8,kg,11341000,FALSE,-1,N/A,,FALSE,11341000,FALSE,,FALSE,2775000,,2775000,0,TRUE,FALSE
C,A,19840101,1984,52,1984,470,MLT,Malta,M,Import,0,W00,World,0,W00,World,S1,S1,TRUE,5612,Phosphatic fertilizers and materials,4,FALSE,C00,TOTAL CPC,0,0,TOTAL MOT,8,kg,38261,FALSE,-1,N/A,,FALSE,38261,FALSE,,FALSE,9209,,9209,0,TRUE,FALSE
C,A,19840101,1984,52,1984,484,MEX,Mexico,M,Import,0,W00,World,0,W00,World,S1,S1,TRUE,5612,Phosphatic fertilizers and materials,4,FALSE,C00,TOTAL CPC,0,0,TOTAL MOT,8,kg,309457312,FALSE,-1,N/A,,FALSE,309457312,FALSE,,FALSE,28802976,,28802976,0,TRUE,FALSE
C,A,19840101,1984,52,1984,484,MEX,Mexico,X,Export,0,W00,World,0,W00,World,S1,S1,TRUE,5612,Phosphatic fertilizers and materials,4,FALSE,C00,TOTAL CPC,0,0,TOTAL MOT,8,kg,699851,FALSE,-1,N/A,,FALSE,699851,FALSE,,FALSE,,157145,157145,0,TRUE,FALSE
C,A,19840101,1984,52,1984,532,ANT,Netherlands Antilles and Aruba (...1985),M,Import,0,W00,World,0,W00,World,S1,S1,TRUE,5612,Phosphatic fertilizers and materials,4,FALSE,C00,TOTAL CPC,0,0,TOTAL MOT,8,kg,1000,FALSE,-1,N/A,,FALSE,1000,FALSE,,FALSE,,555,555,0,TRUE,FALSE
C,A,19840101,1984,52,1984,558,NIC,Nicaragua,M,Import,0,W00,World,0,W00,World,S1,S1,TRUE,5612,Phosphatic fertilizers and materials,4,FALSE,C00,TOTAL CPC,0,0,TOTAL MOT,8,kg,13449000,FALSE,-1,N/A,,FALSE,13449000,FALSE,,FALSE,3753000,,3753000,0,TRUE,FALSE
C,A,19840101,1984,52,1984,566,NGA,Nigeria,M,Import,0,W00,World,0,W00,World,S1,S1,TRUE,5612,Phosphatic fertilizers and materials,4,FALSE,C00,TOTAL CPC,0,0,TOTAL MOT,8,kg,113913000,FALSE,-1,N/A,,FALSE,113913000,FALSE,,FALSE,16565247,,16565247,0,TRUE,FALSE
C,A,19840101,1984,52,1984,591,PAN,Panama,M,Import,0,W00,World,0,W00,World,S1,S1,TRUE,5612,Phosphatic fertilizers and materials,4,FALSE,C00,TOTAL CPC,0,0,TOTAL MOT,8,kg,2977564,FALSE,-1,N/A,,FALSE,2977564,FALSE,,FALSE,741931,,741931,0,TRUE,FALSE
C,A,19840101,1984,52,1984,736,SDN,Sudan (...2011),M,Import,0,W00,World,0,W00,World,S1,S1,TRUE,5612,Phosphatic fertilizers and materials,4,FALSE,C00,TOTAL CPC,0,0,TOTAL MOT,8,kg,3006000,FALSE,-1,N/A,,FALSE,3006000,FALSE,,FALSE,647381,,647381,0,TRUE,FALSE
C,A,19840101,1984,52,1984,890,YUG,Yugoslavia (...1991),M,Import,0,W00,World,0,W00,World,S1,S1,TRUE,5612,Phosphatic fertilizers and materials,4,FALSE,C00,TOTAL CPC,0,0,TOTAL MOT,8,kg,29086000,FALSE,-1,N/A,,FALSE,29086000,FALSE,,FALSE,5058822,,5058822,0,TRUE,FALSE
C,A,19840101,1984,52,1984,792,TUR,TÅEkiye,X,Export,0,W00,World,0,W00,World,S1,S1,TRUE,5612,Phosphatic fertilizers and materials,4,FALSE,C00,TOTAL CPC,0,0,TOTAL MOT,8,kg,160184992,FALSE,-1,N/A,,FALSE,160184992,FALSE,,FALSE,,23365360,23365360,0,TRUE,FALSE
C,A,19840101,1984,52,1984,890,YUG,Yugoslavia (...1991),X,Export,0,W00,World,0,W00,World,S1,S1,TRUE,5612,Phosphatic fertilizers and materials,4,FALSE,C00,TOTAL CPC,0,0,TOTAL MOT,8,kg,111937000,FALSE,-1,N/A,,FALSE,111937000,FALSE,,FALSE,,19489690,19489690,0,TRUE,FALSE
C,A,19850101,1985,52,1985,44,BHS,Bahamas,M,Import,0,W00,World,0,W00,World,S1,S1,TRUE,5612,Phosphatic fertilizers and materials,4,FALSE,C00,TOTAL CPC,0,0,TOTAL MOT,8,kg,543624,FALSE,-1,N/A,,FALSE,543624,FALSE,,FALSE,190694,,190694,0,TRUE,FALSE
C,A,19850101,1985,52,1985,84,BLZ,Belize,M,Import,0,W00,World,0,W00,World,S1,S1,TRUE,5612,Phosphatic fertilizers and materials,4,FALSE,C00,TOTAL CPC,0,0,TOTAL MOT,8,kg,30843,FALSE,-1,N/A,,FALSE,30843,FALSE,,FALSE,8500,,8500,0,TRUE,FALSE
C,A,19850101,1985,52,1985,96,BRN,Brunei Darussalam,M,Import,0,W00,World,0,W00,World,S1,S1,TRUE,5612,Phosphatic fertilizers and materials,4,FALSE,C00,TOTAL CPC,0,0,TOTAL MOT,8,kg,636000,FALSE,-1,N/A,,FALSE,636000,FALSE,,FALSE,74934,,74934,0,TRUE,FALSE
C,A,19850101,1985,52,1985,180,COD,Dem. Rep. of the Congo,M,Import,0,W00,World,0,W00,World,S1,S1,TRUE,5612,Phosphatic fertilizers and materials,4,FALSE,C00,TOTAL CPC,0,0,TOTAL MOT,8,kg,7245123,FALSE,-1,N/A,,FALSE,7245123,FALSE,,FALSE,1771041,,1771041,0,TRUE,FALSE
C,A,19850101,1985,52,1985,188,CRI,Costa Rica,M,Import,0,W00,World,0,W00,World,S1,S1,TRUE,5612,Phosphatic fertilizers and materials,4,FALSE,C00,TOTAL CPC,0,0,TOTAL MOT,8,kg,33013396,FALSE,-1,N/A,,FALSE,33013396,FALSE,,FALSE,5846317,,5846317,0,TRUE,FALSE
C,A,19850101,1985,52,1985,214,DOM,Dominican Rep.,M,Import,0,W00,World,0,W00,World,S1,S1,TRUE,5612,Phosphatic fertilizers and materials,4,FALSE,C00,TOTAL CPC,0,0,TOTAL MOT,8,kg,8920886,FALSE,-1,N/A,,FALSE,8920886,FALSE,,FALSE,,1713077,1713077,0,TRUE,FALSE
C,A,19850101,1985,52,1985,188,CRI,Costa Rica,X,Export,0,W00,World,0,W00,World,S1,S1,TRUE,5612,Phosphatic fertilizers and materials,4,FALSE,C00,TOTAL CPC,0,0,TOTAL MOT,8,kg,1833398,FALSE,-1,N/A,,FALSE,1833398,FALSE,,FALSE,,319251,319251,0,TRUE,FALSE
C,A,19850101,1985,52,1985,222,SLV,El Salvador,M,Import,0,W00,World,0,W00,World,S1,S1,TRUE,5612,Phosphatic fertilizers and materials,4,FALSE,C00,TOTAL CPC,0,0,TOTAL MOT,8,kg,5096085,FALSE,-1,N/A,,FALSE,5096085,FALSE,,FALSE,617066,,617066,0,TRUE,FALSE
C,A,19850101,1985,52,1985,340,HND,Honduras,M,Import,0,W00,World,0,W00,World,S1,S1,TRUE,5612,Phosphatic fertilizers and materials,4,FALSE,C00,TOTAL CPC,0,0,TOTAL MOT,8,kg,3315971,FALSE,-1,N/A,,FALSE,3315971,FALSE,,FALSE,867677,,867677,0,TRUE,FALSE
C,A,19850101,1985,52,1985,470,MLT,Malta,M,Import,0,W00,World,0,W00,World,S1,S1,TRUE,5612,Phosphatic fertilizers and materials,4,FALSE,C00,TOTAL CPC,0,0,TOTAL MOT,8,kg,54875,FALSE,-1,N/A,,FALSE,54875,FALSE,,FALSE,9347,,9347,0,TRUE,FALSE
C,A,19850101,1985,52,1985,484,MEX,Mexico,M,Import,0,W00,World,0,W00,World,S1,S1,TRUE,5612,Phosphatic fertilizers and materials,4,FALSE,C00,TOTAL CPC,0,0,TOTAL MOT,8,kg,403353312,FALSE,-1,N/A,,FALSE,403353312,FALSE,,FALSE,41371724,,41371724,0,TRUE,FALSE
C,A,19850101,1985,52,1985,484,MEX,Mexico,X,Export,0,W00,World,0,W00,World,S1,S1,TRUE,5612,Phosphatic fertilizers and materials,4,FALSE,C00,TOTAL CPC,0,0,TOTAL MOT,8,kg,280019,FALSE,-1,N/A,,FALSE,280019,FALSE,,FALSE,,130795,130795,0,TRUE,FALSE
C,A,19850101,1985,52,1985,558,NIC,Nicaragua,M,Import,0,W00,World,0,W00,World,S1,S1,TRUE,5612,Phosphatic fertilizers and materials,4,FALSE,C00,TOTAL CPC,0,0,TOTAL MOT,8,kg,2561065,FALSE,-1,N/A,,FALSE,2561065,FALSE,,FALSE,603363,,603363,0,TRUE,FALSE
C,A,19850101,1985,52,1985,566,NGA,Nigeria,M,Import,0,W00,World,0,W00,World,S1,S1,TRUE,5612,Phosphatic fertilizers and materials,4,FALSE,C00,TOTAL CPC,0,0,TOTAL MOT,8,kg,196060992,FALSE,-1,N/A,,FALSE,196060992,FALSE,,FALSE,38299112,,38299112,0,TRUE,FALSE
C,A,19850101,1985,52,1985,591,PAN,Panama,M,Import,0,W00,World,0,W00,World,S1,S1,TRUE,5612,Phosphatic fertilizers and materials,4,FALSE,C00,TOTAL CPC,0,0,TOTAL MOT,8,kg,7613830,FALSE,-1,N/A,,FALSE,7613830,FALSE,,FALSE,1588144,,1588144,0,TRUE,FALSE
C,A,19850101,1985,52,1985,736,SDN,Sudan (...2011),M,Import,0,W00,World,0,W00,World,S1,S1,TRUE,5612,Phosphatic fertilizers and materials,4,FALSE,C00,TOTAL CPC,0,0,TOTAL MOT,8,kg,66000,FALSE,-1,N/A,,FALSE,66000,FALSE,,FALSE,22226,,22226,0,TRUE,FALSE
C,A,19850101,1985,52,1985,890,YUG,Yugoslavia (...1991),M,Import,0,W00,World,0,W00,World,S1,S1,TRUE,5612,Phosphatic fertilizers and materials,4,FALSE,C00,TOTAL CPC,0,0,TOTAL MOT,8,kg,60539000,FALSE,-1,N/A,,FALSE,60539000,FALSE,,FALSE,9928188,,9928188,0,TRUE,FALSE
C,A,19850101,1985,52,1985,890,YUG,Yugoslavia (...1991),X,Export,0,W00,World,0,W00,World,S1,S1,TRUE,5612,Phosphatic fertilizers and materials,4,FALSE,C00,TOTAL CPC,0,0,TOTAL MOT,8,kg,95809000,FALSE,-1,N/A,,FALSE,95809000,FALSE,,FALSE,,17137328,17137328,0,TRUE,FALSE
C,A,19860101,1986,52,1986,44,BHS,Bahamas,M,Import,0,W00,World,0,W00,World,S1,S1,TRUE,5612,Phosphatic fertilizers and materials,4,FALSE,C00,TOTAL CPC,0,0,TOTAL MOT,8,kg,703562,FALSE,-1,N/A,,FALSE,703562,FALSE,,FALSE,276887,,276887,0,TRUE,FALSE
C,A,19860101,1986,52,1986,84,BLZ,Belize,M,Import,0,W00,World,0,W00,World,S1,S1,TRUE,5612,Phosphatic fertilizers and materials,4,FALSE,C00,TOTAL CPC,0,0,TOTAL MOT,8,kg,688819,FALSE,-1,N/A,,FALSE,688819,FALSE,,FALSE,131001,,131001,0,TRUE,FALSE
C,A,19860101,1986,52,1986,180,COD,Dem. Rep. of the Congo,M,Import,0,W00,World,0,W00,World,S1,S1,TRUE,5612,Phosphatic fertilizers and materials,4,FALSE,C00,TOTAL CPC,0,0,TOTAL MOT,8,kg,6540619,FALSE,-1,N/A,,FALSE,6540619,FALSE,,FALSE,1701565,,1701565,0,TRUE,FALSE
C,A,19860101,1986,52,1986,470,MLT,Malta,M,Import,0,W00,World,0,W00,World,S1,S1,TRUE,5612,Phosphatic fertilizers and materials,4,FALSE,C00,TOTAL CPC,0,0,TOTAL MOT,8,kg,15171,FALSE,-1,N/A,,FALSE,15171,FALSE,,FALSE,5412,,5412,0,TRUE,FALSE
C,A,19860101,1986,52,1986,566,NGA,Nigeria,M,Import,0,W00,World,0,W00,World,S1,S1,TRUE,5612,Phosphatic fertilizers and materials,4,FALSE,C00,TOTAL CPC,0,0,TOTAL MOT,8,kg,661302976,FALSE,-1,N/A,,FALSE,661302976,FALSE,,FALSE,20155592,,20155592,0,TRUE,FALSE
C,A,19860101,1986,52,1986,532,ANT,Netherlands Antilles and Aruba (...1985),X,Export,0,W00,World,0,W00,World,S1,S1,TRUE,5612,Phosphatic fertilizers and materials,4,FALSE,C00,TOTAL CPC,0,0,TOTAL MOT,8,kg,1000,FALSE,-1,N/A,,FALSE,1000,FALSE,,FALSE,,1111,1111,0,TRUE,FALSE
C,A,19860101,1986,52,1986,890,YUG,Yugoslavia (...1991),M,Import,0,W00,World,0,W00,World,S1,S1,TRUE,5612,Phosphatic fertilizers and materials,4,FALSE,C00,TOTAL CPC,0,0,TOTAL MOT,8,kg,27295000,FALSE,-1,N/A,,FALSE,27295000,FALSE,,FALSE,4121291,,4121291,0,TRUE,FALSE
C,A,19860101,1986,52,1986,890,YUG,Yugoslavia (...1991),X,Export,0,W00,World,0,W00,World,S1,S1,TRUE,5612,Phosphatic fertilizers and materials,4,FALSE,C00,TOTAL CPC,0,0,TOTAL MOT,8,kg,89834000,FALSE,-1,N/A,,FALSE,89834000,FALSE,,FALSE,,13652105,13652105,0,TRUE,FALSE
C,A,19870101,1987,52,1987,44,BHS,Bahamas,M,Import,0,W00,World,0,W00,World,S1,S1,TRUE,5612,Phosphatic fertilizers and materials,4,FALSE,C00,TOTAL CPC,0,0,TOTAL MOT,8,kg,1279687,FALSE,-1,N/A,,FALSE,1279687,FALSE,,FALSE,348757,,348757,0,TRUE,FALSE
C,A,19870101,1987,52,1987,84,BLZ,Belize,M,Import,0,W00,World,0,W00,World,S1,S1,TRUE,5612,Phosphatic fertilizers and materials,4,FALSE,C00,TOTAL CPC,0,0,TOTAL MOT,8,kg,3222000,FALSE,-1,N/A,,FALSE,3222000,FALSE,,FALSE,710101,,710101,0,TRUE,FALSE
C,A,19870101,1987,52,1987,470,MLT,Malta,M,Import,0,W00,World,0,W00,World,S1,S1,TRUE,5612,Phosphatic fertilizers and materials,4,FALSE,C00,TOTAL CPC,0,0,TOTAL MOT,-1,N/A,0,FALSE,-1,N/A,,FALSE,,FALSE,,FALSE,4502,,4502,0,TRUE,FALSE
C,A,19870101,1987,52,1987,566,NGA,Nigeria,M,Import,0,W00,World,0,W00,World,S1,S1,TRUE,5612,Phosphatic fertilizers and materials,4,FALSE,C00,TOTAL CPC,0,0,TOTAL MOT,8,kg,234583008,FALSE,-1,N/A,,FALSE,234583008,FALSE,,FALSE,7760879,,7760879,0,TRUE,FALSE
C,A,19870101,1987,52,1987,890,YUG,Yugoslavia (...1991),M,Import,0,W00,World,0,W00,World,S1,S1,TRUE,5612,Phosphatic fertilizers and materials,4,FALSE,C00,TOTAL CPC,0,0,TOTAL MOT,8,kg,16945000,FALSE,-1,N/A,,FALSE,16945000,FALSE,,FALSE,3011743,,3011743,0,TRUE,FALSE
C,A,19870101,1987,52,1987,890,YUG,Yugoslavia (...1991),X,Export,0,W00,World,0,W00,World,S1,S1,TRUE,5612,Phosphatic fertilizers and materials,4,FALSE,C00,TOTAL CPC,0,0,TOTAL MOT,8,kg,65290000,FALSE,-1,N/A,,FALSE,65290000,FALSE,,FALSE,,7971480,7971480,0,TRUE,FALSE
C,A,19880101,1988,52,1988,44,BHS,Bahamas,M,Import,0,W00,World,0,W00,World,S1,S1,TRUE,5612,Phosphatic fertilizers and materials,4,FALSE,C00,TOTAL CPC,0,0,TOTAL MOT,8,kg,654375,FALSE,-1,N/A,,FALSE,654375,FALSE,,FALSE,289206,,289206,0,TRUE,FALSE
C,A,19880101,1988,52,1988,84,BLZ,Belize,M,Import,0,W00,World,0,W00,World,S1,S1,TRUE,5612,Phosphatic fertilizers and materials,4,FALSE,C00,TOTAL CPC,0,0,TOTAL MOT,8,kg,2462000,FALSE,-1,N/A,,FALSE,2462000,FALSE,,FALSE,624327,,624327,0,TRUE,FALSE
C,A,19880101,1988,52,1988,44,BHS,Bahamas,X,Export,0,W00,World,0,W00,World,S1,S1,TRUE,5612,Phosphatic fertilizers and materials,4,FALSE,C00,TOTAL CPC,0,0,TOTAL MOT,8,kg,20003,FALSE,-1,N/A,,FALSE,20003,FALSE,,FALSE,,5164,5164,0,TRUE,FALSE
C,A,19880101,1988,52,1988,470,MLT,Malta,M,Import,0,W00,World,0,W00,World,S1,S1,TRUE,5612,Phosphatic fertilizers and materials,4,FALSE,C00,TOTAL CPC,0,0,TOTAL MOT,8,kg,10375,FALSE,-1,N/A,,FALSE,10375,FALSE,,FALSE,2854,,2854,0,TRUE,FALSE
C,A,19890101,1989,52,1989,84,BLZ,Belize,M,Import,0,W00,World,0,W00,World,S1,S1,TRUE,5612,Phosphatic fertilizers and materials,4,FALSE,C00,TOTAL CPC,0,0,TOTAL MOT,8,kg,2900000,FALSE,-1,N/A,,FALSE,2900000,FALSE,,FALSE,589514,,589514,0,TRUE,FALSE
C,A,19890101,1989,52,1989,470,MLT,Malta,M,Import,0,W00,World,0,W00,World,S1,S1,TRUE,5612,Phosphatic fertilizers and materials,4,FALSE,C00,TOTAL CPC,0,0,TOTAL MOT,8,kg,2000,FALSE,-1,N/A,,FALSE,2000,FALSE,,FALSE,732,,732,0,TRUE,FALSE
C,A,19900101,1990,52,1990,84,BLZ,Belize,M,Import,0,W00,World,0,W00,World,S1,S1,TRUE,5612,Phosphatic fertilizers and materials,4,FALSE,C00,TOTAL CPC,0,0,TOTAL MOT,8,kg,4786000,FALSE,-1,N/A,,FALSE,4786000,FALSE,,FALSE,1002895,,1002895,0,TRUE,FALSE
C,A,19920101,1992,52,1992,736,SDN,Sudan (...2011),M,Import,0,W00,World,0,W00,World,S1,S1,TRUE,5612,Phosphatic fertilizers and materials,4,FALSE,C00,TOTAL CPC,0,0,TOTAL MOT,8,kg,22692668,FALSE,-1,N/A,,FALSE,22692668,FALSE,,FALSE,3195691,,3195691,0,TRUE,FALSE
C,A,19930101,1993,52,1993,736,SDN,Sudan (...2011),M,Import,0,W00,World,0,W00,World,S1,S1,TRUE,5612,Phosphatic fertilizers and materials,4,FALSE,C00,TOTAL CPC,0,0,TOTAL MOT,8,kg,35006000,FALSE,-1,N/A,,FALSE,35006000,FALSE,,FALSE,6775113,,6775113,0,TRUE,FALSE
C,A,19940101,1994,52,1994,736,SDN,Sudan (...2011),M,Import,0,W00,World,0,W00,World,S1,S1,TRUE,5612,Phosphatic fertilizers and materials,4,FALSE,C00,TOTAL CPC,0,0,TOTAL MOT,8,kg,28400000,FALSE,-1,N/A,,FALSE,28400000,FALSE,,FALSE,5240844,,5240844,0,TRUE,FALSE
