typeCode,freqCode,refPeriodId,refYear,refMonth,period,reporterCode,reporterISO,reporterDesc,flowCode,flowDesc,partnerCode,partnerISO,partnerDesc,partner2Code,partner2ISO,partner2Desc,classificationCode,classificationSearchCode,isOriginalClassification,cmdCode,cmdDesc,aggrLevel,isLeaf,customsCode,customsDesc,mosCode,motCode,motDesc,qtyUnitCode,qtyUnitAbbr,qty,isQtyEstimated,altQtyUnitCode,altQtyUnitAbbr,altQty,isAltQtyEstimated,netWgt,isNetWgtEstimated,grossWgt,isGrossWgtEstimated,cifvalue,fobvalue,primaryValue,legacyEstimationFlag,isReported,isAggregate
C,A,19620101,1962,52,1962,24,AGO,Angola,M,Import,0,W00,World,0,W00,World,S1,S1,TRUE,5611,Nitrogenous fertilizers and materials nes,4,TRUE,C00,TOTAL CPC,0,0,TOTAL MOT,8,kg,6435101,FALSE,-1,N/A,,FALSE,6435101,FALSE,,FALSE,312908,,312908,0,TRUE,FALSE
C,A,19620101,1962,52,1962,32,ARG,Argentina,M,Import,0,W00,World,0,W00,World,S1,S1,TRUE,5611,Nitrogenous fertilizers and materials nes,4,TRUE,C00,TOTAL CPC,0,0,TOTAL MOT,8,kg,4376460,FALSE,-1,N/A,,FALSE,4376460,FALSE,,FALSE,175198,,175198,0,TRUE,FALSE
C,A,19620101,1962,52,1962,58,BEL,Belgium-Luxembourg (...1998),M,Import,0,W00,World,0,W00,World,S1,S1,TRUE,5611,Nitrogenous fertilizers and materials nes,4,TRUE,C00,TOTAL CPC,0,0,TOTAL MOT,8,kg,45085272,FALSE,-1,N/A,,FALSE,45085272,FALSE,,FALSE,1850113,,1850113,0,TRUE,FALSE
C,A,19620101,1962,52,1962,58,BEL,Belgium-Luxembourg (...1998),X,Export,0,W00,World,0,W00,World,S1,S1,TRUE,5611,Nitrogenous fertilizers and materials nes,4,TRUE,C00,TOTAL CPC,0,0,TOTAL MOT,8,kg,598182592,FALSE,-1,N/A,,FALSE,598182592,FALSE,,FALSE,,21713352,21713352,0,TRUE,FALSE
C,A,19620101,1962,52,1962,68,BOL,Bolivia (Plurinational State of),M,Import,0,W00,World,0,W00,World,S1,S1,TRUE,5611,Nitrogenous fertilizers and materials nes,4,TRUE,C00,TOTAL CPC,0,0,TOTAL MOT,8,kg,84772,FALSE,-1,N/A,,FALSE,84772,FALSE,,FALSE,6397,,6397,0,TRUE,FALSE
C,A,19620101,1962,52,1962,76,BRA,Brazil,M,Import,0,W00,World,0,W00,World,S1,S1,TRUE,5611,Nitrogenous fertilizers and materials nes,4,TRUE,C00,TOTAL CPC,0,0,TOTAL MOT,8,kg,137805600,FALSE,-1,N/A,,FALSE,137805600,FALSE,,FALSE,6439395,,6439395,0,TRUE,FALSE
C,A,19620101,1962,52,1962,96,BRN,Brunei Darussalam,M,Import,0,W00,World,0,W00,World,S1,S1,TRUE,5611,Nitrogenous fertilizers and materials nes,4,TRUE,C00,TOTAL CPC,0,0,TOTAL MOT,8,kg,115823,FALSE,-1,N/A,,FALSE,115823,FALSE,,FALSE,6239,,6239,0,TRUE,FALSE
C,A,19620101,1962,52,1962,96,BRN,Brunei Darussalam,X,Export,0,W00,World,0,W00,World,S1,S1,TRUE,5611,Nitrogenous fertilizers and materials nes,4,TRUE,C00,TOTAL CPC,0,0,TOTAL MOT,-1,N/A,0,FALSE,-1,N/A,,FALSE,,FALSE,,FALSE,,2,2,0,TRUE,FALSE
C,A,19620101,1962,52,1962,104,MMR,Myanmar,M,Import,0,W00,World,0,W00,World,S1,S1,TRUE,5611,Nitrogenous fertilizers and materials nes,4,TRUE,C00,TOTAL CPC,0,0,TOTAL MOT,-1,N/A,0,FALSE,-1,N/A,,FALSE,,FALSE,,FALSE,9665,,9665,0,TRUE,FALSE
C,A,19620101,1962,52,1962,116,KHM,Cambodia,M,Import,0,W00,World,0,W00,World,S1,S1,TRUE,5611,Nitrogenous fertilizers and materials nes,4,TRUE,C00,TOTAL CPC,0,0,TOTAL MOT,8,kg,1087795,FALSE,-1,N/A,,FALSE,1087795,FALSE,,FALSE,71761,,71761,0,TRUE,FALSE
C,A,19620101,1962,52,1962,120,CMR,Cameroon,M,Import,0,W00,World,0,W00,World,S1,S1,TRUE,5611,Nitrogenous fertilizers and materials nes,4,TRUE,C00,TOTAL CPC,0,0,TOTAL MOT,8,kg,10846210,FALSE,-1,N/A,,FALSE,10846210,FALSE,,FALSE,691062,,691062,0,TRUE,FALSE
C,A,19620101,1962,52,1962,120,CMR,Cameroon,X,Export,0,W00,World,0,W00,World,S1,S1,TRUE,5611,Nitrogenous fertilizers and materials nes,4,TRUE,C00,TOTAL CPC,0,0,TOTAL MOT,8,kg,10000,FALSE,-1,N/A,,FALSE,10000,FALSE,,FALSE,,688,688,0,TRUE,FALSE
C,A,19620101,1962,52,1962,124,CAN,Canada,M,Import,0,W00,World,0,W00,World,S1,S1,TRUE,5611,Nitrogenous fertilizers and materials nes,4,TRUE,C00,TOTAL CPC,0,0,TOTAL MOT,8,kg,37810436,FALSE,-1,N/A,,FALSE,37810436,FALSE,,FALSE,1956778,,1956778,0,TRUE,FALSE
C,A,19620101,1962,52,1962,124,CAN,Canada,X,Export,0,W00,World,0,W00,World,S1,S1,TRUE,5611,Nitrogenous fertilizers and materials nes,4,TRUE,C00,TOTAL CPC,0,0,TOTAL MOT,-1,N/A,0,FALSE,-1,N/A,,FALSE,,FALSE,,FALSE,,30497062,30497062,0,TRUE,FALSE
C,A,19620101,1962,52,1962,140,CAF,Central African Rep.,M,Import,0,W00,World,0,W00,World,S1,S1,TRUE,5611,Nitrogenous fertilizers and materials nes,4,TRUE,C00,TOTAL CPC,0,0,TOTAL MOT,8,kg,1116413,FALSE,-1,N/A,,FALSE,1116413,FALSE,,FALSE,77084,,77084,0,TRUE,FALSE
C,A,19620101,1962,52,1962,144,LKA,Sri Lanka,M,Import,0,W00,World,0,W00,World,S1,S1,TRUE,5611,Nitrogenous fertilizers and materials nes,4,TRUE,C00,TOTAL CPC,0,0,TOTAL MOT,8,kg,173617216,FALSE,-1,N/A,,FALSE,173617216,FALSE,,FALSE,7626597,,7626597,0,TRUE,FALSE
C,A,19620101,1962,52,1962,148,TCD,Chad,M,Import,0,W00,World,0,W00,World,S1,S1,TRUE,5611,Nitrogenous fertilizers and materials nes,4,TRUE,C00,TOTAL CPC,0,0,TOTAL MOT,8,kg,187,FALSE,-1,N/A,,FALSE,187,FALSE,,FALSE,62,,62,0,TRUE,FALSE
C,A,19620101,1962,52,1962,152,CHL,Chile,M,Import,0,W00,World,0,W00,World,S1,S1,TRUE,5611,Nitrogenous fertilizers and materials nes,4,TRUE,C00,TOTAL CPC,0,0,TOTAL MOT,8,kg,8362069,FALSE,-1,N/A,,FALSE,8362069,FALSE,,FALSE,754335,,754335,0,TRUE,FALSE
C,A,19620101,1962,52,1962,170,COL,Colombia,M,Import,0,W00,World,0,W00,World,S1,S1,TRUE,5611,Nitrogenous fertilizers and materials nes,4,TRUE,C00,TOTAL CPC,0,0,TOTAL MOT,8,kg,22204790,FALSE,-1,N/A,,FALSE,22204790,FALSE,,FALSE,1854230,,1854230,0,TRUE,FALSE
C,A,19620101,1962,52,1962,178,COG,Congo,M,Import,0,W00,World,0,W00,World,S1,S1,TRUE,5611,Nitrogenous fertilizers and materials nes,4,TRUE,C00,TOTAL CPC,0,0,TOTAL MOT,8,kg,801576,FALSE,-1,N/A,,FALSE,801576,FALSE,,FALSE,47345,,47345,0,TRUE,FALSE
C,A,19620101,1962,52,1962,204,BEN,Benin,M,Import,0,W00,World,0,W00,World,S1,S1,TRUE,5611,Nitrogenous fertilizers and materials nes,4,TRUE,C00,TOTAL CPC,0,0,TOTAL MOT,8,kg,102597,FALSE,-1,N/A,,FALSE,102597,FALSE,,FALSE,7027,,7027,0,TRUE,FALSE
C,A,19620101,1962,52,1962,208,DNK,Denmark,M,Import,0,W00,World,0,W00,World,S1,S1,TRUE,5611,Nitrogenous fertilizers and materials nes,4,TRUE,C00,TOTAL CPC,0,0,TOTAL MOT,8,kg,775349888,FALSE,-1,N/A,,FALSE,775349888,FALSE,,FALSE,28278720,,28278720,0,TRUE,FALSE
C,A,19620101,1962,52,1962,208,DNK,Denmark,X,Export,0,W00,World,0,W00,World,S1,S1,TRUE,5611,Nitrogenous fertilizers and materials nes,4,TRUE,C00,TOTAL CPC,0,0,TOTAL MOT,8,kg,28415,FALSE,-1,N/A,,FALSE,28415,FALSE,,FALSE,,3366,3366,0,TRUE,FALSE
C,A,19620101,1962,52,1962,251,FRA,France,M,Import,0,W00,World,0,W00,World,S1,S1,TRUE,5611,Nitrogenous fertilizers and materials nes,4,TRUE,C00,TOTAL CPC,0,0,TOTAL MOT,8,kg,90514528,FALSE,-1,N/A,,FALSE,90514528,FALSE,,FALSE,3494442,,3494442,0,TRUE,FALSE
C,A,19620101,1962,52,1962,251,FRA,France,X,Export,0,W00,World,0,W00,World,S1,S1,TRUE,5611,Nitrogenous fertilizers and materials nes,4,TRUE,C00,TOTAL CPC,0,0,TOTAL MOT,8,kg,389465760,FALSE,-1,N/A,,FALSE,389465760,FALSE,,FALSE,,14472088,14472088,0,TRUE,FALSE
C,A,19620101,1962,52,1962,266,GAB,Gabon,M,Import,0,W00,World,0,W00,World,S1,S1,TRUE,5611,Nitrogenous fertilizers and materials nes,4,TRUE,C00,TOTAL CPC,0,0,TOTAL MOT,8,kg,35589,FALSE,-1,N/A,,FALSE,35589,FALSE,,FALSE,2701,,2701,0,TRUE,FALSE
C,A,19620101,1962,52,1962,280,DEU,Fed. Rep. of Germany (...1990),M,Import,0,W00,World,0,W00,World,S1,S1,TRUE,5611,Nitrogenous fertilizers and materials nes,4,TRUE,C00,TOTAL CPC,0,0,TOTAL MOT,8,kg,29514662,FALSE,-1,N/A,,TRUE,29514662,FALSE,-1,TRUE,1344000,,1344000,0,FALSE,FALSE
C,A,19620101,1962,52,1962,280,DEU,Fed. Rep. of Germany (...1990),X,Export,0,W00,World,0,W00,World,S1,S1,TRUE,5611,Nitrogenous fertilizers and materials nes,4,TRUE,C00,TOTAL CPC,0,0,TOTAL MOT,8,kg,1810580096,FALSE,-1,N/A,,TRUE,1810580096,FALSE,-1,TRUE,,61535000,61535000,0,FALSE,FALSE
C,A,19620101,1962,52,1962,288,GHA,Ghana,M,Import,0,W00,World,0,W00,World,S1,S1,TRUE,5611,Nitrogenous fertilizers and materials nes,4,TRUE,C00,TOTAL CPC,0,0,TOTAL MOT,8,kg,616764,FALSE,-1,N/A,,FALSE,616764,FALSE,,FALSE,65408,,65408,0,TRUE,FALSE
C,A,19620101,1962,52,1962,300,GRC,Greece,M,Import,0,W00,World,0,W00,World,S1,S1,TRUE,5611,Nitrogenous fertilizers and materials nes,4,TRUE,C00,TOTAL CPC,0,0,TOTAL MOT,8,kg,279021920,FALSE,-1,N/A,,FALSE,279021920,FALSE,,FALSE,11135708,,11135708,0,TRUE,FALSE
C,A,19620101,1962,52,1962,344,HKG,"China, Hong Kong SAR",M,Import,0,W00,World,0,W00,World,S1,S1,TRUE,5611,Nitrogenous fertilizers and materials nes,4,TRUE,C00,TOTAL CPC,0,0,TOTAL MOT,8,kg,10201471,FALSE,-1,N/A,,FALSE,10201471,FALSE,,FALSE,392750,,392750,0,TRUE,FALSE
C,A,19620101,1962,52,1962,344,HKG,"China, Hong Kong SAR",X,Export,0,W00,World,0,W00,World,S1,S1,TRUE,5611,Nitrogenous fertilizers and materials nes,4,TRUE,C00,TOTAL CPC,0,0,TOTAL MOT,-1,N/A,0,FALSE,-1,N/A,,FALSE,,FALSE,,FALSE,,391107,391107,0,TRUE,FALSE
C,A,19620101,1962,52,1962,352,ISL,Iceland,M,Import,0,W00,World,0,W00,World,S1,S1,TRUE,5611,Nitrogenous fertilizers and materials nes,4,TRUE,C00,TOTAL CPC,0,0,TOTAL MOT,8,kg,351000,FALSE,-1,N/A,,FALSE,351000,FALSE,,FALSE,22979,,22979,0,TRUE,FALSE
C,A,19620101,1962,52,1962,356,IND,India (...1974),M,Import,0,W00,World,0,W00,World,S1,S1,TRUE,5611,Nitrogenous fertilizers and materials nes,4,TRUE,C00,TOTAL CPC,0,0,TOTAL MOT,8,kg,714412032,FALSE,-1,N/A,,FALSE,714412032,FALSE,,FALSE,41721724,,41721724,0,TRUE,FALSE
C,A,19620101,1962,52,1962,356,IND,India (...1974),X,Export,0,W00,World,0,W00,World,S1,S1,TRUE,5611,Nitrogenous fertilizers and materials nes,4,TRUE,C00,TOTAL CPC,0,0,TOTAL MOT,8,kg,5000,FALSE,-1,N/A,,FALSE,5000,FALSE,,FALSE,,2037,2037,0,TRUE,FALSE
C,A,19620101,1962,52,1962,376,ISR,Israel,M,Import,0,W00,World,0,W00,World,S1,S1,TRUE,5611,Nitrogenous fertilizers and materials nes,4,TRUE,C00,TOTAL CPC,0,0,TOTAL MOT,-1,N/A,0,FALSE,-1,N/A,,FALSE,,FALSE,,FALSE,247415,,247415,0,TRUE,FALSE
C,A,19620101,1962,52,1962,380,ITA,Italy,M,Import,0,W00,World,0,W00,World,S1,S1,TRUE,5611,Nitrogenous fertilizers and materials nes,4,TRUE,C00,TOTAL CPC,0,0,TOTAL MOT,8,kg,4656173,FALSE,-1,N/A,,TRUE,4656173,FALSE,-1,TRUE,143123,,143123,0,FALSE,FALSE
C,A,19620101,1962,52,1962,380,ITA,Italy,X,Export,0,W00,World,0,W00,World,S1,S1,TRUE,5611,Nitrogenous fertilizers and materials nes,4,TRUE,C00,TOTAL CPC,0,0,TOTAL MOT,8,kg,1344080256,FALSE,-1,N/A,,TRUE,1344080256,FALSE,-1,TRUE,,45421832,45421832,0,FALSE,FALSE
C,A,19620101,1962,52,1962,384,CIV,CÙte d'Ivoire,M,Import,0,W00,World,0,W00,World,S1,S1,TRUE,5611,Nitrogenous fertilizers and materials nes,4,TRUE,C00,TOTAL CPC,0,0,TOTAL MOT,8,kg,4130936,FALSE,-1,N/A,,FALSE,4130936,FALSE,,FALSE,290655,,290655,0,TRUE,FALSE
C,A,19620101,1962,52,1962,388,JAM,Jamaica,M,Import,0,W00,World,0,W00,World,S1,S1,TRUE,5611,Nitrogenous fertilizers and materials nes,4,TRUE,C00,TOTAL CPC,0,0,TOTAL MOT,8,kg,23942194,FALSE,-1,N/A,,FALSE,23942194,FALSE,,FALSE,1015564,,1015564,0,TRUE,FALSE
C,A,19620101,1962,52,1962,392,JPN,Japan,M,Import,0,W00,World,0,W00,World,S1,S1,TRUE,5611,Nitrogenous fertilizers and materials nes,4,TRUE,C00,TOTAL CPC,0,0,TOTAL MOT,8,kg,47000,FALSE,-1,N/A,,FALSE,47000,FALSE,,FALSE,815,,815,0,TRUE,FALSE
C,A,19620101,1962,52,1962,392,JPN,Japan,X,Export,0,W00,World,0,W00,World,S1,S1,TRUE,5611,Nitrogenous fertilizers and materials nes,4,TRUE,C00,TOTAL CPC,0,0,TOTAL MOT,8,kg,1019145024,FALSE,-1,N/A,,FALSE,1019145024,FALSE,,FALSE,,42576528,42576528,0,TRUE,FALSE
C,A,19620101,1962,52,1962,410,KOR,Rep. of Korea,M,Import,0,W00,World,0,W00,World,S1,S1,TRUE,5611,Nitrogenous fertilizers and materials nes,4,TRUE,C00,TOTAL CPC,0,0,TOTAL MOT,8,kg,729184000,FALSE,-1,N/A,,FALSE,729184000,FALSE,,FALSE,39135000,,39135000,0,TRUE,FALSE
C,A,19620101,1962,52,1962,450,MDG,Madagascar,M,Import,0,W00,World,0,W00,World,S1,S1,TRUE,5611,Nitrogenous fertilizers and materials nes,4,TRUE,C00,TOTAL CPC,0,0,TOTAL MOT,8,kg,1398416,FALSE,-1,N/A,,FALSE,1398416,FALSE,,FALSE,149324,,149324,0,TRUE,FALSE
C,A,19620101,1962,52,1962,459,_PM,Peninsula Malaysia (...1963),M,Import,0,W00,World,0,W00,World,S1,S1,TRUE,5611,Nitrogenous fertilizers and materials nes,4,TRUE,C00,TOTAL CPC,0,0,TOTAL MOT,8,kg,96531184,FALSE,-1,N/A,,FALSE,96531184,FALSE,,FALSE,5365558,,5365558,0,TRUE,FALSE
C,A,19620101,1962,52,1962,459,_PM,Peninsula Malaysia (...1963),X,Export,0,W00,World,0,W00,World,S1,S1,TRUE,5611,Nitrogenous fertilizers and materials nes,4,TRUE,C00,TOTAL CPC,0,0,TOTAL MOT,8,kg,33698,FALSE,-1,N/A,,FALSE,33698,FALSE,,FALSE,,2568,2568,0,TRUE,FALSE
C,A,19620101,1962,52,1962,461,_SH,Sabah (...1963),M,Import,0,W00,World,0,W00,World,S1,S1,TRUE,5611,Nitrogenous fertilizers and materials nes,4,TRUE,C00,TOTAL CPC,0,0,TOTAL MOT,8,kg,754954,FALSE,-1,N/A,,FALSE,754954,FALSE,,FALSE,40933,,40933,0,TRUE,FALSE
C,A,19620101,1962,52,1962,466,MLI,Mali,M,Import,0,W00,World,0,W00,World,S1,S1,TRUE,5611,Nitrogenous fertilizers and materials nes,4,TRUE,C00,TOTAL CPC,0,0,TOTAL MOT,8,kg,502917,FALSE,-1,N/A,,FALSE,502917,FALSE,,FALSE,30183,,30183,0,TRUE,FALSE
C,A,19620101,1962,52,1962,478,MRT,Mauritania,M,Import,0,W00,World,0,W00,World,S1,S1,TRUE,5611,Nitrogenous fertilizers and materials nes,4,TRUE,C00,TOTAL CPC,0,0,TOTAL MOT,8,kg,158500,FALSE,-1,N/A,,FALSE,158500,FALSE,,FALSE,20060,,20060,0,TRUE,FALSE
C,A,19620101,1962,52,1962,484,MEX,Mexico,M,Import,0,W00,World,0,W00,World,S1,S1,TRUE,5611,Nitrogenous fertilizers and materials nes,4,TRUE,C00,TOTAL CPC,0,0,TOTAL MOT,8,kg,52629648,FALSE,-1,N/A,,FALSE,52629648,FALSE,,FALSE,4843297,,4843297,0,TRUE,FALSE
C,A,19620101,1962,52,1962,490,S19,"Other Asia, nes",X,Export,0,W00,World,0,W00,World,S1,S1,TRUE,5611,Nitrogenous fertilizers and materials nes,4,TRUE,C00,TOTAL CPC,0,0,TOTAL MOT,8,kg,304125,FALSE,-1,N/A,,FALSE,304125,FALSE,,FALSE,,30843,30843,0,TRUE,FALSE
C,A,19620101,1962,52,1962,504,MAR,Morocco,M,Import,0,W00,World,0,W00,World,S1,S1,TRUE,5611,Nitrogenous fertilizers and materials nes,4,TRUE,C00,TOTAL CPC,0,0,TOTAL MOT,8,kg,50889152,FALSE,-1,N/A,,FALSE,50889152,FALSE,,FALSE,2873845,,2873845,0,TRUE,FALSE
C,A,19620101,1962,52,1962,528,NLD,Netherlands,M,Import,0,W00,World,0,W00,World,S1,S1,TRUE,5611,Nitrogenous fertilizers and materials nes,4,TRUE,C00,TOTAL CPC,0,0,TOTAL MOT,8,kg,99617296,FALSE,-1,N/A,,FALSE,99617296,FALSE,,FALSE,3637619,,3637619,0,TRUE,FALSE
C,A,19620101,1962,52,1962,528,NLD,Netherlands,X,Export,0,W00,World,0,W00,World,S1,S1,TRUE,5611,Nitrogenous fertilizers and materials nes,4,TRUE,C00,TOTAL CPC,0,0,TOTAL MOT,8,kg,671413248,FALSE,-1,N/A,,FALSE,671413248,FALSE,,FALSE,,19988178,19988178,0,TRUE,FALSE
C,A,19620101,1962,52,1962,562,NER,Niger,M,Import,0,W00,World,0,W00,World,S1,S1,TRUE,5611,Nitrogenous fertilizers and materials nes,4,TRUE,C00,TOTAL CPC,0,0,TOTAL MOT,8,kg,0,FALSE,-1,N/A,,FALSE,,FALSE,,FALSE,4,,4,0,TRUE,FALSE
C,A,19620101,1962,52,1962,566,NGA,Nigeria,M,Import,0,W00,World,0,W00,World,S1,S1,TRUE,5611,Nitrogenous fertilizers and materials nes,4,TRUE,C00,TOTAL CPC,0,0,TOTAL MOT,8,kg,4211013,FALSE,-1,N/A,,FALSE,4211013,FALSE,,FALSE,188146,,188146,0,TRUE,FALSE
C,A,19620101,1962,52,1962,579,NOR,Norway,M,Import,0,W00,World,0,W00,World,S1,S1,TRUE,5611,Nitrogenous fertilizers and materials nes,4,TRUE,C00,TOTAL CPC,0,0,TOTAL MOT,8,kg,463647,FALSE,-1,N/A,,FALSE,463647,FALSE,,FALSE,22313,,22313,0,TRUE,FALSE
C,A,19620101,1962,52,1962,579,NOR,Norway,X,Export,0,W00,World,0,W00,World,S1,S1,TRUE,5611,Nitrogenous fertilizers and materials nes,4,TRUE,C00,TOTAL CPC,0,0,TOTAL MOT,8,kg,1205918336,FALSE,-1,N/A,,FALSE,1205918336,FALSE,,FALSE,,41595780,41595780,0,TRUE,FALSE
C,A,19620101,1962,52,1962,588,PAK,East and West Pakistan (...1971),M,Import,0,W00,World,0,W00,World,S1,S1,TRUE,5611,Nitrogenous fertilizers and materials nes,4,TRUE,C00,TOTAL CPC,0,0,TOTAL MOT,-1,N/A,0,FALSE,-1,N/A,,FALSE,,FALSE,,FALSE,7616215,,7616215,0,TRUE,FALSE
C,A,19620101,1962,52,1962,590,PAN,"Panama, excl.Canal Zone (...1977)",M,Import,0,W00,World,0,W00,World,S1,S1,TRUE,5611,Nitrogenous fertilizers and materials nes,4,TRUE,C00,TOTAL CPC,0,0,TOTAL MOT,8,kg,11649178,FALSE,-1,N/A,,FALSE,11649178,FALSE,,FALSE,744664,,744664,0,TRUE,FALSE
C,A,19620101,1962,52,1962,604,PER,Peru,M,Import,0,W00,World,0,W00,World,S1,S1,TRUE,5611,Nitrogenous fertilizers and materials nes,4,TRUE,C00,TOTAL CPC,0,0,TOTAL MOT,8,kg,126373200,FALSE,-1,N/A,,FALSE,126373200,FALSE,,FALSE,6768397,,6768397,0,TRUE,FALSE
C,A,19620101,1962,52,1962,608,PHL,Philippines,M,Import,0,W00,World,0,W00,World,S1,S1,TRUE,5611,Nitrogenous fertilizers and materials nes,4,TRUE,C00,TOTAL CPC,0,0,TOTAL MOT,8,kg,172360064,FALSE,-1,N/A,,FALSE,172360064,FALSE,,FALSE,8058508,,8058508,0,TRUE,FALSE
C,A,19620101,1962,52,1962,620,PRT,Portugal,M,Import,0,W00,World,0,W00,World,S1,S1,TRUE,5611,Nitrogenous fertilizers and materials nes,4,TRUE,C00,TOTAL CPC,0,0,TOTAL MOT,8,kg,2411546,FALSE,-1,N/A,,FALSE,2411546,FALSE,,FALSE,169488,,169488,0,TRUE,FALSE
C,A,19620101,1962,52,1962,620,PRT,Portugal,X,Export,0,W00,World,0,W00,World,S1,S1,TRUE,5611,Nitrogenous fertilizers and materials nes,4,TRUE,C00,TOTAL CPC,0,0,TOTAL MOT,8,kg,42069824,FALSE,-1,N/A,,FALSE,42069824,FALSE,,FALSE,,1430754,1430754,0,TRUE,FALSE
C,A,19620101,1962,52,1962,686,SEN,Senegal,M,Import,0,W00,World,0,W00,World,S1,S1,TRUE,5611,Nitrogenous fertilizers and materials nes,4,TRUE,C00,TOTAL CPC,0,0,TOTAL MOT,8,kg,10463288,FALSE,-1,N/A,,FALSE,10463288,FALSE,,FALSE,719290,,719290,0,TRUE,FALSE
C,A,19620101,1962,52,1962,702,SGP,Singapore,M,Import,0,W00,World,0,W00,World,S1,S1,TRUE,5611,Nitrogenous fertilizers and materials nes,4,TRUE,C00,TOTAL CPC,0,0,TOTAL MOT,8,kg,40676656,FALSE,-1,N/A,,FALSE,40676656,FALSE,,FALSE,2287490,,2287490,0,TRUE,FALSE
C,A,19620101,1962,52,1962,702,SGP,Singapore,X,Export,0,W00,World,0,W00,World,S1,S1,TRUE,5611,Nitrogenous fertilizers and materials nes,4,TRUE,C00,TOTAL CPC,0,0,TOTAL MOT,8,kg,16186362,FALSE,-1,N/A,,FALSE,16186362,FALSE,,FALSE,,1040360,1040360,0,TRUE,FALSE
C,A,19620101,1962,52,1962,724,ESP,Spain,M,Import,0,W00,World,0,W00,World,S1,S1,TRUE,5611,Nitrogenous fertilizers and materials nes,4,TRUE,C00,TOTAL CPC,0,0,TOTAL MOT,8,kg,847607808,FALSE,-1,N/A,,FALSE,847607808,FALSE,,FALSE,31759292,,31759292,0,TRUE,FALSE
C,A,19620101,1962,52,1962,724,ESP,Spain,X,Export,0,W00,World,0,W00,World,S1,S1,TRUE,5611,Nitrogenous fertilizers and materials nes,4,TRUE,C00,TOTAL CPC,0,0,TOTAL MOT,8,kg,3177500,FALSE,-1,N/A,,FALSE,3177500,FALSE,,FALSE,,170276,170276,0,TRUE,FALSE
C,A,19620101,1962,52,1962,752,SWE,Sweden,M,Import,0,W00,World,0,W00,World,S1,S1,TRUE,5611,Nitrogenous fertilizers and materials nes,4,TRUE,C00,TOTAL CPC,0,0,TOTAL MOT,8,kg,368752064,FALSE,-1,N/A,,FALSE,368752064,FALSE,,FALSE,14326371,,14326371,0,TRUE,FALSE
C,A,19620101,1962,52,1962,752,SWE,Sweden,X,Export,0,W00,World,0,W00,World,S1,S1,TRUE,5611,Nitrogenous fertilizers and materials nes,4,TRUE,C00,TOTAL CPC,0,0,TOTAL MOT,8,kg,3238897,FALSE,-1,N/A,,FALSE,3238897,FALSE,,FALSE,,177249,177249,0,TRUE,FALSE
C,A,19620101,1962,52,1962,757,CHE,Switzerland,M,Import,0,W00,World,0,W00,World,S1,S1,TRUE,5611,Nitrogenous fertilizers and materials nes,4,TRUE,C00,TOTAL CPC,0,0,TOTAL MOT,8,kg,1065846,FALSE,-1,N/A,,FALSE,1065846,FALSE,,FALSE,53953,,53953,0,TRUE,FALSE
C,A,19620101,1962,52,1962,757,CHE,Switzerland,X,Export,0,W00,World,0,W00,World,S1,S1,TRUE,5611,Nitrogenous fertilizers and materials nes,4,TRUE,C00,TOTAL CPC,0,0,TOTAL MOT,8,kg,12419788,FALSE,-1,N/A,,FALSE,12419788,FALSE,,FALSE,,428465,428465,0,TRUE,FALSE
C,A,19620101,1962,52,1962,764,THA,Thailand,M,Import,0,W00,World,0,W00,World,S1,S1,TRUE,5611,Nitrogenous fertilizers and materials nes,4,TRUE,C00,TOTAL CPC,0,0,TOTAL MOT,8,kg,33164478,FALSE,-1,N/A,,FALSE,33164478,FALSE,,FALSE,1554394,,1554394,0,TRUE,FALSE
C,A,19620101,1962,52,1962,768,TGO,Togo,M,Import,0,W00,World,0,W00,World,S1,S1,TRUE,5611,Nitrogenous fertilizers and materials nes,4,TRUE,C00,TOTAL CPC,0,0,TOTAL MOT,8,kg,22070,FALSE,-1,N/A,,FALSE,22070,FALSE,,FALSE,1411,,1411,0,TRUE,FALSE
C,A,19620101,1962,52,1962,788,TUN,Tunisia,M,Import,0,W00,World,0,W00,World,S1,S1,TRUE,5611,Nitrogenous fertilizers and materials nes,4,TRUE,C00,TOTAL CPC,0,0,TOTAL MOT,8,kg,13510753,FALSE,-1,N/A,,FALSE,13510753,FALSE,,FALSE,804277,,804277,0,TRUE,FALSE
C,A,19620101,1962,52,1962,792,TUR,TÅEkiye,M,Import,0,W00,World,0,W00,World,S1,S1,TRUE,5611,Nitrogenous fertilizers and materials nes,4,TRUE,C00,TOTAL CPC,0,0,TOTAL MOT,8,kg,147248176,FALSE,-1,N/A,,FALSE,147248176,FALSE,,FALSE,5982238,,5982238,0,TRUE,FALSE
C,A,19620101,1962,52,1962,826,GBR,United Kingdom,M,Import,0,W00,World,0,W00,World,S1,S1,TRUE,5611,Nitrogenous fertilizers and materials nes,4,TRUE,C00,TOTAL CPC,0,0,TOTAL MOT,8,kg,204496016,FALSE,-1,N/A,,FALSE,204496016,FALSE,,FALSE,7753911,,7753911,0,TRUE,FALSE
C,A,19620101,1962,52,1962,826,GBR,United Kingdom,X,Export,0,W00,World,0,W00,World,S1,S1,TRUE,5611,Nitrogenous fertilizers and materials nes,4,TRUE,C00,TOTAL CPC,0,0,TOTAL MOT,8,kg,367441472,FALSE,-1,N/A,,FALSE,367441472,FALSE,,FALSE,,11976069,11976069,0,TRUE,FALSE
C,A,19620101,1962,52,1962,841,USA,USA and Puerto Rico (...1980),M,Import,0,W00,World,0,W00,World,S1,S1,TRUE,5611,Nitrogenous fertilizers and materials nes,4,TRUE,C00,TOTAL CPC,0,0,TOTAL MOT,8,kg,1044753024,FALSE,-1,N/A,,FALSE,1044753024,FALSE,,FALSE,56789656,,56789656,0,TRUE,FALSE
C,A,19620101,1962,52,1962,841,USA,USA and Puerto Rico (...1980),X,Export,0,W00,World,0,W00,World,S1,S1,TRUE,5611,Nitrogenous fertilizers and materials nes,4,TRUE,C00,TOTAL CPC,0,0,TOTAL MOT,-1,N/A,0,FALSE,-1,N/A,,FALSE,,FALSE,,FALSE,,35375712,35375712,0,TRUE,FALSE
C,A,19620101,1962,52,1962,854,BFA,Burkina Faso,M,Import,0,W00,World,0,W00,World,S1,S1,TRUE,5611,Nitrogenous fertilizers and materials nes,4,TRUE,C00,TOTAL CPC,0,0,TOTAL MOT,8,kg,25522,FALSE,-1,N/A,,FALSE,25522,FALSE,,FALSE,2025,,2025,0,TRUE,FALSE
C,A,19620101,1962,52,1962,862,VEN,Venezuela,M,Import,0,W00,World,0,W00,World,S1,S1,TRUE,5611,Nitrogenous fertilizers and materials nes,4,TRUE,C00,TOTAL CPC,0,0,TOTAL MOT,8,kg,22579674,FALSE,-1,N/A,,FALSE,22579674,FALSE,,FALSE,1023297,,1023297,0,TRUE,FALSE
C,A,19620101,1962,52,1962,862,VEN,Venezuela,X,Export,0,W00,World,0,W00,World,S1,S1,TRUE,5611,Nitrogenous fertilizers and materials nes,4,TRUE,C00,TOTAL CPC,0,0,TOTAL MOT,8,kg,20360188,FALSE,-1,N/A,,FALSE,20360188,FALSE,,FALSE,,382698,382698,0,TRUE,FALSE
C,A,19620101,1962,52,1962,890,YUG,Yugoslavia (...1991),M,Import,0,W00,World,0,W00,World,S1,S1,TRUE,5611,Nitrogenous fertilizers and materials nes,4,TRUE,C00,TOTAL CPC,0,0,TOTAL MOT,8,kg,535725632,FALSE,-1,N/A,,FALSE,535725632,FALSE,,FALSE,15341451,,15341451,0,TRUE,FALSE
C,A,19620101,1962,52,1962,890,YUG,Yugoslavia (...1991),X,Export,0,W00,World,0,W00,World,S1,S1,TRUE,5611,Nitrogenous fertilizers and materials nes,4,TRUE,C00,TOTAL CPC,0,0,TOTAL MOT,8,kg,607687,FALSE,-1,N/A,,FALSE,607687,FALSE,,FALSE,,32116,32116,0,TRUE,FALSE
C,A,19630101,1963,52,1963,4,AFG,Afghanistan,M,Import,0,W00,World,0,W00,World,S1,S1,TRUE,5611,Nitrogenous fertilizers and materials nes,4,TRUE,C00,TOTAL CPC,0,0,TOTAL MOT,-1,N/A,0,FALSE,-1,N/A,,FALSE,,FALSE,,FALSE,1612,,1612,0,TRUE,FALSE
C,A,19630101,1963,52,1963,32,ARG,Argentina,M,Import,0,W00,World,0,W00,World,S1,S1,TRUE,5611,Nitrogenous fertilizers and materials nes,4,TRUE,C00,TOTAL CPC,0,0,TOTAL MOT,8,kg,24576136,FALSE,-1,N/A,,FALSE,24576136,FALSE,,FALSE,989195,,989195,0,TRUE,FALSE
C,A,19630101,1963,52,1963,36,AUS,Australia,M,Import,0,W00,World,0,W00,World,S1,S1,TRUE,5611,Nitrogenous fertilizers and materials nes,4,TRUE,C00,TOTAL CPC,0,0,TOTAL MOT,-1,N/A,0,FALSE,-1,N/A,,FALSE,,FALSE,,FALSE,3174354,,3174354,0,TRUE,FALSE
C,A,19630101,1963,52,1963,58,BEL,Belgium-Luxembourg (...1998),M,Import,0,W00,World,0,W00,World,S1,S1,TRUE,5611,Nitrogenous fertilizers and materials nes,4,TRUE,C00,TOTAL CPC,0,0,TOTAL MOT,8,kg,109874384,FALSE,-1,N/A,,FALSE,109874384,FALSE,,FALSE,4519956,,4519956,0,TRUE,FALSE
C,A,19630101,1963,52,1963,58,BEL,Belgium-Luxembourg (...1998),X,Export,0,W00,World,0,W00,World,S1,S1,TRUE,5611,Nitrogenous fertilizers and materials nes,4,TRUE,C00,TOTAL CPC,0,0,TOTAL MOT,8,kg,659559360,FALSE,-1,N/A,,FALSE,659559360,FALSE,,FALSE,,25517116,25517116,0,TRUE,FALSE
C,A,19630101,1963,52,1963,68,BOL,Bolivia (Plurinational State of),M,Import,0,W00,World,0,W00,World,S1,S1,TRUE,5611,Nitrogenous fertilizers and materials nes,4,TRUE,C00,TOTAL CPC,0,0,TOTAL MOT,8,kg,1051823,FALSE,-1,N/A,,FALSE,1051823,FALSE,,FALSE,110397,,110397,0,TRUE,FALSE
C,A,19630101,1963,52,1963,76,BRA,Brazil,M,Import,0,W00,World,0,W00,World,S1,S1,TRUE,5611,Nitrogenous fertilizers and materials nes,4,TRUE,C00,TOTAL CPC,0,0,TOTAL MOT,8,kg,200833952,FALSE,-1,N/A,,FALSE,200833952,FALSE,,FALSE,9361094,,9361094,0,TRUE,FALSE
C,A,19630101,1963,52,1963,96,BRN,Brunei Darussalam,M,Import,0,W00,World,0,W00,World,S1,S1,TRUE,5611,Nitrogenous fertilizers and materials nes,4,TRUE,C00,TOTAL CPC,0,0,TOTAL MOT,8,kg,46718,FALSE,-1,N/A,,FALSE,46718,FALSE,,FALSE,2802,,2802,0,TRUE,FALSE
C,A,19630101,1963,52,1963,104,MMR,Myanmar,M,Import,0,W00,World,0,W00,World,S1,S1,TRUE,5611,Nitrogenous fertilizers and materials nes,4,TRUE,C00,TOTAL CPC,0,0,TOTAL MOT,8,kg,37674000,FALSE,-1,N/A,,FALSE,37674000,FALSE,,FALSE,2167191,,2167191,0,TRUE,FALSE
C,A,19630101,1963,52,1963,116,KHM,Cambodia,M,Import,0,W00,World,0,W00,World,S1,S1,TRUE,5611,Nitrogenous fertilizers and materials nes,4,TRUE,C00,TOTAL CPC,0,0,TOTAL MOT,8,kg,843490,FALSE,-1,N/A,,FALSE,843490,FALSE,,FALSE,53197,,53197,0,TRUE,FALSE
C,A,19630101,1963,52,1963,120,CMR,Cameroon,M,Import,0,W00,World,0,W00,World,S1,S1,TRUE,5611,Nitrogenous fertilizers and materials nes,4,TRUE,C00,TOTAL CPC,0,0,TOTAL MOT,8,kg,13184074,FALSE,-1,N/A,,FALSE,13184074,FALSE,,FALSE,722198,,722198,0,TRUE,FALSE
C,A,19630101,1963,52,1963,120,CMR,Cameroon,X,Export,0,W00,World,0,W00,World,S1,S1,TRUE,5611,Nitrogenous fertilizers and materials nes,4,TRUE,C00,TOTAL CPC,0,0,TOTAL MOT,8,kg,2000,FALSE,-1,N/A,,FALSE,2000,FALSE,,FALSE,,230,230,0,TRUE,FALSE
C,A,19630101,1963,52,1963,124,CAN,Canada,M,Import,0,W00,World,0,W00,World,S1,S1,TRUE,5611,Nitrogenous fertilizers and materials nes,4,TRUE,C00,TOTAL CPC,0,0,TOTAL MOT,8,kg,38663524,FALSE,-1,N/A,,FALSE,38663524,FALSE,,FALSE,2016049,,2016049,0,TRUE,FALSE
C,A,19630101,1963,52,1963,124,CAN,Canada,X,Export,0,W00,World,0,W00,World,S1,S1,TRUE,5611,Nitrogenous fertilizers and materials nes,4,TRUE,C00,TOTAL CPC,0,0,TOTAL MOT,-1,N/A,0,FALSE,-1,N/A,,FALSE,,FALSE,,FALSE,,32958712,32958712,0,TRUE,FALSE
C,A,19630101,1963,52,1963,140,CAF,Central African Rep.,M,Import,0,W00,World,0,W00,World,S1,S1,TRUE,5611,Nitrogenous fertilizers and materials nes,4,TRUE,C00,TOTAL CPC,0,0,TOTAL MOT,8,kg,1052644,FALSE,-1,N/A,,FALSE,1052644,FALSE,,FALSE,64855,,64855,0,TRUE,FALSE
C,A,19630101,1963,52,1963,144,LKA,Sri Lanka,M,Import,0,W00,World,0,W00,World,S1,S1,TRUE,5611,Nitrogenous fertilizers and materials nes,4,TRUE,C00,TOTAL CPC,0,0,TOTAL MOT,8,kg,169271504,FALSE,-1,N/A,,FALSE,169271504,FALSE,,FALSE,7232049,,7232049,0,TRUE,FALSE
C,A,19630101,1963,52,1963,152,CHL,Chile,M,Import,0,W00,World,0,W00,World,S1,S1,TRUE,5611,Nitrogenous fertilizers and materials nes,4,TRUE,C00,TOTAL CPC,0,0,TOTAL MOT,8,kg,23110228,FALSE,-1,N/A,,FALSE,23110228,FALSE,,FALSE,1853493,,1853493,0,TRUE,FALSE
C,A,19630101,1963,52,1963,170,COL,Colombia,M,Import,0,W00,World,0,W00,World,S1,S1,TRUE,5611,Nitrogenous fertilizers and materials nes,4,TRUE,C00,TOTAL CPC,0,0,TOTAL MOT,8,kg,19254332,FALSE,-1,N/A,,FALSE,19254332,FALSE,,FALSE,1411495,,1411495,0,TRUE,FALSE
C,A,19630101,1963,52,1963,178,COG,Congo,M,Import,0,W00,World,0,W00,World,S1,S1,TRUE,5611,Nitrogenous fertilizers and materials nes,4,TRUE,C00,TOTAL CPC,0,0,TOTAL MOT,8,kg,2175125,FALSE,-1,N/A,,FALSE,2175125,FALSE,,FALSE,109198,,109198,0,TRUE,FALSE
C,A,19630101,1963,52,1963,204,BEN,Benin,M,Import,0,W00,World,0,W00,World,S1,S1,TRUE,5611,Nitrogenous fertilizers and materials nes,4,TRUE,C00,TOTAL CPC,0,0,TOTAL MOT,8,kg,69101,FALSE,-1,N/A,,FALSE,69101,FALSE,,FALSE,4273,,4273,0,TRUE,FALSE
C,A,19630101,1963,52,1963,208,DNK,Denmark,M,Import,0,W00,World,0,W00,World,S1,S1,TRUE,5611,Nitrogenous fertilizers and materials nes,4,TRUE,C00,TOTAL CPC,0,0,TOTAL MOT,8,kg,716020480,FALSE,-1,N/A,,FALSE,716020480,FALSE,,FALSE,26109524,,26109524,0,TRUE,FALSE
C,A,19630101,1963,52,1963,208,DNK,Denmark,X,Export,0,W00,World,0,W00,World,S1,S1,TRUE,5611,Nitrogenous fertilizers and materials nes,4,TRUE,C00,TOTAL CPC,0,0,TOTAL MOT,8,kg,22065,FALSE,-1,N/A,,FALSE,22065,FALSE,,FALSE,,2562,2562,0,TRUE,FALSE
C,A,19630101,1963,52,1963,222,SLV,El Salvador,M,Import,0,W00,World,0,W00,World,S1,S1,TRUE,5611,Nitrogenous fertilizers and materials nes,4,TRUE,C00,TOTAL CPC,0,0,TOTAL MOT,8,kg,77676456,FALSE,-1,N/A,,FALSE,77676456,FALSE,,FALSE,3860129,,3860129,0,TRUE,FALSE
C,A,19630101,1963,52,1963,246,FIN,Finland,M,Import,0,W00,World,0,W00,World,S1,S1,TRUE,5611,Nitrogenous fertilizers and materials nes,4,TRUE,C00,TOTAL CPC,0,0,TOTAL MOT,8,kg,138311280,FALSE,-1,N/A,,FALSE,138311280,FALSE,,FALSE,6473286,,6473286,0,TRUE,FALSE
C,A,19630101,1963,52,1963,251,FRA,France,M,Import,0,W00,World,0,W00,World,S1,S1,TRUE,5611,Nitrogenous fertilizers and materials nes,4,TRUE,C00,TOTAL CPC,0,0,TOTAL MOT,8,kg,156161088,FALSE,-1,N/A,,FALSE,156161088,FALSE,,FALSE,6950085,,6950085,0,TRUE,FALSE
C,A,19630101,1963,52,1963,251,FRA,France,X,Export,0,W00,World,0,W00,World,S1,S1,TRUE,5611,Nitrogenous fertilizers and materials nes,4,TRUE,C00,TOTAL CPC,0,0,TOTAL MOT,8,kg,747206976,FALSE,-1,N/A,,FALSE,747206976,FALSE,,FALSE,,22615660,22615660,0,TRUE,FALSE
C,A,19630101,1963,52,1963,266,GAB,Gabon,M,Import,0,W00,World,0,W00,World,S1,S1,TRUE,5611,Nitrogenous fertilizers and materials nes,4,TRUE,C00,TOTAL CPC,0,0,TOTAL MOT,8,kg,22140,FALSE,-1,N/A,,FALSE,22140,FALSE,,FALSE,2118,,2118,0,TRUE,FALSE
C,A,19630101,1963,52,1963,280,DEU,Fed. Rep. of Germany (...1990),M,Import,0,W00,World,0,W00,World,S1,S1,TRUE,5611,Nitrogenous fertilizers and materials nes,4,TRUE,C00,TOTAL CPC,0,0,TOTAL MOT,8,kg,82830696,FALSE,-1,N/A,,TRUE,82830696,FALSE,-1,TRUE,3636000,,3636000,0,FALSE,FALSE
C,A,19630101,1963,52,1963,280,DEU,Fed. Rep. of Germany (...1990),X,Export,0,W00,World,0,W00,World,S1,S1,TRUE,5611,Nitrogenous fertilizers and materials nes,4,TRUE,C00,TOTAL CPC,0,0,TOTAL MOT,8,kg,1967958912,FALSE,-1,N/A,,TRUE,1967958912,FALSE,-1,TRUE,,65650000,65650000,0,FALSE,FALSE
C,A,19630101,1963,52,1963,288,GHA,Ghana,M,Import,0,W00,World,0,W00,World,S1,S1,TRUE,5611,Nitrogenous fertilizers and materials nes,4,TRUE,C00,TOTAL CPC,0,0,TOTAL MOT,8,kg,80717832,FALSE,-1,N/A,,FALSE,80717832,FALSE,,FALSE,130041,,130041,0,TRUE,FALSE
C,A,19630101,1963,52,1963,300,GRC,Greece,M,Import,0,W00,World,0,W00,World,S1,S1,TRUE,5611,Nitrogenous fertilizers and materials nes,4,TRUE,C00,TOTAL CPC,0,0,TOTAL MOT,8,kg,370305920,FALSE,-1,N/A,,FALSE,370305920,FALSE,,FALSE,14720404,,14720404,0,TRUE,FALSE
C,A,19630101,1963,52,1963,340,HND,Honduras,M,Import,0,W00,World,0,W00,World,S1,S1,TRUE,5611,Nitrogenous fertilizers and materials nes,4,TRUE,C00,TOTAL CPC,0,0,TOTAL MOT,8,kg,12608857,FALSE,-1,N/A,,FALSE,12608857,FALSE,,FALSE,977083,,977083,0,TRUE,FALSE
C,A,19630101,1963,52,1963,344,HKG,"China, Hong Kong SAR",M,Import,0,W00,World,0,W00,World,S1,S1,TRUE,5611,Nitrogenous fertilizers and materials nes,4,TRUE,C00,TOTAL CPC,0,0,TOTAL MOT,8,kg,128703808,FALSE,-1,N/A,,FALSE,128703808,FALSE,,FALSE,4676044,,4676044,0,TRUE,FALSE
C,A,19630101,1963,52,1963,344,HKG,"China, Hong Kong SAR",X,Export,0,W00,World,0,W00,World,S1,S1,TRUE,5611,Nitrogenous fertilizers and materials nes,4,TRUE,C00,TOTAL CPC,0,0,TOTAL MOT,8,kg,128197296,FALSE,-1,N/A,,FALSE,128197296,FALSE,,FALSE,,4838184,4838184,0,TRUE,FALSE
C,A,19630101,1963,52,1963,352,ISL,Iceland,M,Import,0,W00,World,0,W00,World,S1,S1,TRUE,5611,Nitrogenous fertilizers and materials nes,4,TRUE,C00,TOTAL CPC,0,0,TOTAL MOT,8,kg,6408698,FALSE,-1,N/A,,FALSE,6408698,FALSE,,FALSE,563604,,563604,0,TRUE,FALSE
C,A,19630101,1963,52,1963,352,ISL,Iceland,X,Export,0,W00,World,0,W00,World,S1,S1,TRUE,5611,Nitrogenous fertilizers and materials nes,4,TRUE,C00,TOTAL CPC,0,0,TOTAL MOT,8,kg,3488937,FALSE,-1,N/A,,FALSE,3488937,FALSE,,FALSE,,43347,43347,0,TRUE,FALSE
C,A,19630101,1963,52,1963,356,IND,India (...1974),M,Import,0,W00,World,0,W00,World,S1,S1,TRUE,5611,Nitrogenous fertilizers and materials nes,4,TRUE,C00,TOTAL CPC,0,0,TOTAL MOT,8,kg,693308032,FALSE,-1,N/A,,FALSE,693308032,FALSE,,FALSE,43283960,,43283960,0,TRUE,FALSE
C,A,19630101,1963,52,1963,364,IRN,Iran,M,Import,0,W00,World,0,W00,World,S1,S1,TRUE,5611,Nitrogenous fertilizers and materials nes,4,TRUE,C00,TOTAL CPC,0,0,TOTAL MOT,8,kg,8678323,FALSE,-1,N/A,,FALSE,8678323,FALSE,,FALSE,758585,,758585,0,TRUE,FALSE
C,A,19630101,1963,52,1963,372,IRL,Ireland,M,Import,0,W00,World,0,W00,World,S1,S1,TRUE,5611,Nitrogenous fertilizers and materials nes,4,TRUE,C00,TOTAL CPC,0,0,TOTAL MOT,8,kg,169624016,FALSE,-1,N/A,,FALSE,169624016,FALSE,,FALSE,6223158,,6223158,0,TRUE,FALSE
C,A,19630101,1963,52,1963,376,ISR,Israel,M,Import,0,W00,World,0,W00,World,S1,S1,TRUE,5611,Nitrogenous fertilizers and materials nes,4,TRUE,C00,TOTAL CPC,0,0,TOTAL MOT,-1,N/A,0,FALSE,-1,N/A,,FALSE,,FALSE,,FALSE,52442,,52442,0,TRUE,FALSE
C,A,19630101,1963,52,1963,380,ITA,Italy,M,Import,0,W00,World,0,W00,World,S1,S1,TRUE,5611,Nitrogenous fertilizers and materials nes,4,TRUE,C00,TOTAL CPC,0,0,TOTAL MOT,8,kg,8585248,FALSE,-1,N/A,,TRUE,8585248,FALSE,-1,TRUE,293092,,293092,0,FALSE,FALSE
C,A,19630101,1963,52,1963,380,ITA,Italy,X,Export,0,W00,World,0,W00,World,S1,S1,TRUE,5611,Nitrogenous fertilizers and materials nes,4,TRUE,C00,TOTAL CPC,0,0,TOTAL MOT,8,kg,1462549120,FALSE,-1,N/A,,TRUE,1462549120,FALSE,-1,TRUE,,47989408,47989408,0,FALSE,FALSE
C,A,19630101,1963,52,1963,384,CIV,CÙte d'Ivoire,M,Import,0,W00,World,0,W00,World,S1,S1,TRUE,5611,Nitrogenous fertilizers and materials nes,4,TRUE,C00,TOTAL CPC,0,0,TOTAL MOT,8,kg,2298064,FALSE,-1,N/A,,FALSE,2298064,FALSE,,FALSE,134655,,134655,0,TRUE,FALSE
C,A,19630101,1963,52,1963,384,CIV,CÙte d'Ivoire,X,Export,0,W00,World,0,W00,World,S1,S1,TRUE,5611,Nitrogenous fertilizers and materials nes,4,TRUE,C00,TOTAL CPC,0,0,TOTAL MOT,8,kg,64889,FALSE,-1,N/A,,FALSE,64889,FALSE,,FALSE,,4481,4481,0,TRUE,FALSE
C,A,19630101,1963,52,1963,388,JAM,Jamaica,M,Import,0,W00,World,0,W00,World,S1,S1,TRUE,5611,Nitrogenous fertilizers and materials nes,4,TRUE,C00,TOTAL CPC,0,0,TOTAL MOT,8,kg,29112814,FALSE,-1,N/A,,FALSE,29112814,FALSE,,FALSE,1342683,,1342683,0,TRUE,FALSE
C,A,19630101,1963,52,1963,388,JAM,Jamaica,X,Export,0,W00,World,0,W00,World,S1,S1,TRUE,5611,Nitrogenous fertilizers and materials nes,4,TRUE,C00,TOTAL CPC,0,0,TOTAL MOT,8,kg,0,FALSE,-1,N/A,,FALSE,,FALSE,,FALSE,,839,839,0,TRUE,FALSE
C,A,19630101,1963,52,1963,392,JPN,Japan,M,Import,0,W00,World,0,W00,World,S1,S1,TRUE,5611,Nitrogenous fertilizers and materials nes,4,TRUE,C00,TOTAL CPC,0,0,TOTAL MOT,8,kg,0,FALSE,-1,N/A,,FALSE,,FALSE,,FALSE,11,,11,0,TRUE,FALSE
C,A,19630101,1963,52,1963,392,JPN,Japan,X,Export,0,W00,World,0,W00,World,S1,S1,TRUE,5611,Nitrogenous fertilizers and materials nes,4,TRUE,C00,TOTAL CPC,0,0,TOTAL MOT,8,kg,1576408064,FALSE,-1,N/A,,FALSE,1576408064,FALSE,,FALSE,,58563688,58563688,0,TRUE,FALSE
C,A,19630101,1963,52,1963,410,KOR,Rep. of Korea,M,Import,0,W00,World,0,W00,World,S1,S1,TRUE,5611,Nitrogenous fertilizers and materials nes,4,TRUE,C00,TOTAL CPC,0,0,TOTAL MOT,8,kg,671421120,FALSE,-1,N/A,,FALSE,671421120,FALSE,,FALSE,27261116,,27261116,0,TRUE,FALSE
C,A,19630101,1963,52,1963,430,LBR,Liberia,M,Import,0,W00,World,0,W00,World,S1,S1,TRUE,5611,Nitrogenous fertilizers and materials nes,4,TRUE,C00,TOTAL CPC,0,0,TOTAL MOT,8,kg,194132,FALSE,-1,N/A,,FALSE,194132,FALSE,,FALSE,13000,,13000,0,TRUE,FALSE
C,A,19630101,1963,52,1963,450,MDG,Madagascar,M,Import,0,W00,World,0,W00,World,S1,S1,TRUE,5611,Nitrogenous fertilizers and materials nes,4,TRUE,C00,TOTAL CPC,0,0,TOTAL MOT,8,kg,1065593,FALSE,-1,N/A,,FALSE,1065593,FALSE,,FALSE,72330,,72330,0,TRUE,FALSE
C,A,19630101,1963,52,1963,459,_PM,Peninsula Malaysia (...1963),M,Import,0,W00,World,0,W00,World,S1,S1,TRUE,5611,Nitrogenous fertilizers and materials nes,4,TRUE,C00,TOTAL CPC,0,0,TOTAL MOT,8,kg,119155096,FALSE,-1,N/A,,FALSE,119155096,FALSE,,FALSE,6155384,,6155384,0,TRUE,FALSE
C,A,19630101,1963,52,1963,459,_PM,Peninsula Malaysia (...1963),X,Export,0,W00,World,0,W00,World,S1,S1,TRUE,5611,Nitrogenous fertilizers and materials nes,4,TRUE,C00,TOTAL CPC,0,0,TOTAL MOT,8,kg,259628,FALSE,-1,N/A,,FALSE,259628,FALSE,,FALSE,,17475,17475,0,TRUE,FALSE
C,A,19630101,1963,52,1963,461,_SH,Sabah (...1963),M,Import,0,W00,World,0,W00,World,S1,S1,TRUE,5611,Nitrogenous fertilizers and materials nes,4,TRUE,C00,TOTAL CPC,0,0,TOTAL MOT,8,kg,740057,FALSE,-1,N/A,,FALSE,740057,FALSE,,FALSE,43739,,43739,0,TRUE,FALSE
C,A,19630101,1963,52,1963,461,_SH,Sabah (...1963),X,Export,0,W00,World,0,W00,World,S1,S1,TRUE,5611,Nitrogenous fertilizers and materials nes,4,TRUE,C00,TOTAL CPC,0,0,TOTAL MOT,8,kg,1000,FALSE,-1,N/A,,FALSE,1000,FALSE,,FALSE,,80,80,0,TRUE,FALSE
C,A,19630101,1963,52,1963,466,MLI,Mali,M,Import,0,W00,World,0,W00,World,S1,S1,TRUE,5611,Nitrogenous fertilizers and materials nes,4,TRUE,C00,TOTAL CPC,0,0,TOTAL MOT,8,kg,2168050,FALSE,-1,N/A,,FALSE,2168050,FALSE,,FALSE,88885,,88885,0,TRUE,FALSE
C,A,19630101,1963,52,1963,478,MRT,Mauritania,M,Import,0,W00,World,0,W00,World,S1,S1,TRUE,5611,Nitrogenous fertilizers and materials nes,4,TRUE,C00,TOTAL CPC,0,0,TOTAL MOT,8,kg,682500,FALSE,-1,N/A,,FALSE,682500,FALSE,,FALSE,70110,,70110,0,TRUE,FALSE
C,A,19630101,1963,52,1963,484,MEX,Mexico,M,Import,0,W00,World,0,W00,World,S1,S1,TRUE,5611,Nitrogenous fertilizers and materials nes,4,TRUE,C00,TOTAL CPC,0,0,TOTAL MOT,8,kg,45174888,FALSE,-1,N/A,,FALSE,45174888,FALSE,,FALSE,4162502,,4162502,0,TRUE,FALSE
C,A,19630101,1963,52,1963,490,S19,"Other Asia, nes",X,Export,0,W00,World,0,W00,World,S1,S1,TRUE,5611,Nitrogenous fertilizers and materials nes,4,TRUE,C00,TOTAL CPC,0,0,TOTAL MOT,8,kg,15558199,FALSE,-1,N/A,,FALSE,15558199,FALSE,,FALSE,,1593311,1593311,0,TRUE,FALSE
C,A,19630101,1963,52,1963,504,MAR,Morocco,M,Import,0,W00,World,0,W00,World,S1,S1,TRUE,5611,Nitrogenous fertilizers and materials nes,4,TRUE,C00,TOTAL CPC,0,0,TOTAL MOT,8,kg,42420044,FALSE,-1,N/A,,FALSE,42420044,FALSE,,FALSE,2298081,,2298081,0,TRUE,FALSE
C,A,19630101,1963,52,1963,528,NLD,Netherlands,M,Import,0,W00,World,0,W00,World,S1,S1,TRUE,5611,Nitrogenous fertilizers and materials nes,4,TRUE,C00,TOTAL CPC,0,0,TOTAL MOT,8,kg,122090360,FALSE,-1,N/A,,FALSE,122090360,FALSE,,FALSE,3560390,,3560390,0,TRUE,FALSE
C,A,19630101,1963,52,1963,528,NLD,Netherlands,X,Export,0,W00,World,0,W00,World,S1,S1,TRUE,5611,Nitrogenous fertilizers and materials nes,4,TRUE,C00,TOTAL CPC,0,0,TOTAL MOT,8,kg,565069888,FALSE,-1,N/A,,FALSE,565069888,FALSE,,FALSE,,16310594,16310594,0,TRUE,FALSE
C,A,19630101,1963,52,1963,566,NGA,Nigeria,M,Import,0,W00,World,0,W00,World,S1,S1,TRUE,5611,Nitrogenous fertilizers and materials nes,4,TRUE,C00,TOTAL CPC,0,0,TOTAL MOT,8,kg,3088818,FALSE,-1,N/A,,FALSE,3088818,FALSE,,FALSE,195616,,195616,0,TRUE,FALSE
C,A,19630101,1963,52,1963,579,NOR,Norway,M,Import,0,W00,World,0,W00,World,S1,S1,TRUE,5611,Nitrogenous fertilizers and materials nes,4,TRUE,C00,TOTAL CPC,0,0,TOTAL MOT,8,kg,487338,FALSE,-1,N/A,,FALSE,487338,FALSE,,FALSE,22449,,22449,0,TRUE,FALSE
C,A,19630101,1963,52,1963,579,NOR,Norway,X,Export,0,W00,World,0,W00,World,S1,S1,TRUE,5611,Nitrogenous fertilizers and materials nes,4,TRUE,C00,TOTAL CPC,0,0,TOTAL MOT,8,kg,1327601792,FALSE,-1,N/A,,FALSE,1327601792,FALSE,,FALSE,,48276212,48276212,0,TRUE,FALSE
C,A,19630101,1963,52,1963,588,PAK,East and West Pakistan (...1971),M,Import,0,W00,World,0,W00,World,S1,S1,TRUE,5611,Nitrogenous fertilizers and materials nes,4,TRUE,C00,TOTAL CPC,0,0,TOTAL MOT,-1,N/A,0,FALSE,-1,N/A,,FALSE,,FALSE,,FALSE,12056334,,12056334,0,TRUE,FALSE
C,A,19630101,1963,52,1963,588,PAK,East and West Pakistan (...1971),X,Export,0,W00,World,0,W00,World,S1,S1,TRUE,5611,Nitrogenous fertilizers and materials nes,4,TRUE,C00,TOTAL CPC,0,0,TOTAL MOT,-1,N/A,0,FALSE,-1,N/A,,FALSE,,FALSE,,FALSE,,293896,293896,0,TRUE,FALSE
C,A,19630101,1963,52,1963,590,PAN,"Panama, excl.Canal Zone (...1977)",M,Import,0,W00,World,0,W00,World,S1,S1,TRUE,5611,Nitrogenous fertilizers and materials nes,4,TRUE,C00,TOTAL CPC,0,0,TOTAL MOT,8,kg,15565190,FALSE,-1,N/A,,FALSE,15565190,FALSE,,FALSE,977664,,977664,0,TRUE,FALSE
C,A,19630101,1963,52,1963,604,PER,Peru,M,Import,0,W00,World,0,W00,World,S1,S1,TRUE,5611,Nitrogenous fertilizers and materials nes,4,TRUE,C00,TOTAL CPC,0,0,TOTAL MOT,8,kg,100980656,FALSE,-1,N/A,,FALSE,100980656,FALSE,,FALSE,5516493,,5516493,0,TRUE,FALSE
C,A,19630101,1963,52,1963,608,PHL,Philippines,M,Import,0,W00,World,0,W00,World,S1,S1,TRUE,5611,Nitrogenous fertilizers and materials nes,4,TRUE,C00,TOTAL CPC,0,0,TOTAL MOT,8,kg,50558640,FALSE,-1,N/A,,FALSE,50558640,FALSE,,FALSE,2819786,,2819786,0,TRUE,FALSE
C,A,19630101,1963,52,1963,620,PRT,Portugal,M,Import,0,W00,World,0,W00,World,S1,S1,TRUE,5611,Nitrogenous fertilizers and materials nes,4,TRUE,C00,TOTAL CPC,0,0,TOTAL MOT,8,kg,11536062,FALSE,-1,N/A,,FALSE,11536062,FALSE,,FALSE,506640,,506640,0,TRUE,FALSE
C,A,19630101,1963,52,1963,620,PRT,Portugal,X,Export,0,W00,World,0,W00,World,S1,S1,TRUE,5611,Nitrogenous fertilizers and materials nes,4,TRUE,C00,TOTAL CPC,0,0,TOTAL MOT,8,kg,74430944,FALSE,-1,N/A,,FALSE,74430944,FALSE,,FALSE,,2687229,2687229,0,TRUE,FALSE
C,A,19630101,1963,52,1963,686,SEN,Senegal,M,Import,0,W00,World,0,W00,World,S1,S1,TRUE,5611,Nitrogenous fertilizers and materials nes,4,TRUE,C00,TOTAL CPC,0,0,TOTAL MOT,8,kg,7618437,FALSE,-1,N/A,,FALSE,7618437,FALSE,,FALSE,396899,,396899,0,TRUE,FALSE
C,A,19630101,1963,52,1963,694,SLE,Sierra Leone,M,Import,0,W00,World,0,W00,World,S1,S1,TRUE,5611,Nitrogenous fertilizers and materials nes,4,TRUE,C00,TOTAL CPC,0,0,TOTAL MOT,8,kg,587250,FALSE,-1,N/A,,FALSE,587250,FALSE,,FALSE,15093,,15093,0,TRUE,FALSE
C,A,19630101,1963,52,1963,702,SGP,Singapore,M,Import,0,W00,World,0,W00,World,S1,S1,TRUE,5611,Nitrogenous fertilizers and materials nes,4,TRUE,C00,TOTAL CPC,0,0,TOTAL MOT,8,kg,47149832,FALSE,-1,N/A,,FALSE,47149832,FALSE,,FALSE,2539319,,2539319,0,TRUE,FALSE
C,A,19630101,1963,52,1963,702,SGP,Singapore,X,Export,0,W00,World,0,W00,World,S1,S1,TRUE,5611,Nitrogenous fertilizers and materials nes,4,TRUE,C00,TOTAL CPC,0,0,TOTAL MOT,8,kg,21935798,FALSE,-1,N/A,,FALSE,21935798,FALSE,,FALSE,,1245494,1245494,0,TRUE,FALSE
C,A,19630101,1963,52,1963,724,ESP,Spain,M,Import,0,W00,World,0,W00,World,S1,S1,TRUE,5611,Nitrogenous fertilizers and materials nes,4,TRUE,C00,TOTAL CPC,0,0,TOTAL MOT,8,kg,714519040,FALSE,-1,N/A,,FALSE,714519040,FALSE,,FALSE,26463072,,26463072,0,TRUE,FALSE
C,A,19630101,1963,52,1963,724,ESP,Spain,X,Export,0,W00,World,0,W00,World,S1,S1,TRUE,5611,Nitrogenous fertilizers and materials nes,4,TRUE,C00,TOTAL CPC,0,0,TOTAL MOT,8,kg,1500000,FALSE,-1,N/A,,FALSE,1500000,FALSE,,FALSE,,66165,66165,0,TRUE,FALSE
C,A,19630101,1963,52,1963,736,SDN,Sudan (...2011),M,Import,0,W00,World,0,W00,World,S1,S1,TRUE,5611,Nitrogenous fertilizers and materials nes,4,TRUE,C00,TOTAL CPC,0,0,TOTAL MOT,8,kg,52005000,FALSE,-1,N/A,,FALSE,52005000,FALSE,,FALSE,3688121,,3688121,0,TRUE,FALSE
C,A,19630101,1963,52,1963,752,SWE,Sweden,M,Import,0,W00,World,0,W00,World,S1,S1,TRUE,5611,Nitrogenous fertilizers and materials nes,4,TRUE,C00,TOTAL CPC,0,0,TOTAL MOT,8,kg,372380992,FALSE,-1,N/A,,FALSE,372380992,FALSE,,FALSE,14191149,,14191149,0,TRUE,FALSE
C,A,19630101,1963,52,1963,752,SWE,Sweden,X,Export,0,W00,World,0,W00,World,S1,S1,TRUE,5611,Nitrogenous fertilizers and materials nes,4,TRUE,C00,TOTAL CPC,0,0,TOTAL MOT,8,kg,10752000,FALSE,-1,N/A,,FALSE,10752000,FALSE,,FALSE,,519239,519239,0,TRUE,FALSE
C,A,19630101,1963,52,1963,757,CHE,Switzerland,M,Import,0,W00,World,0,W00,World,S1,S1,TRUE,5611,Nitrogenous fertilizers and materials nes,4,TRUE,C00,TOTAL CPC,0,0,TOTAL MOT,8,kg,5920374,FALSE,-1,N/A,,FALSE,5920374,FALSE,,FALSE,262412,,262412,0,TRUE,FALSE
C,A,19630101,1963,52,1963,757,CHE,Switzerland,X,Export,0,W00,World,0,W00,World,S1,S1,TRUE,5611,Nitrogenous fertilizers and materials nes,4,TRUE,C00,TOTAL CPC,0,0,TOTAL MOT,8,kg,20371322,FALSE,-1,N/A,,FALSE,20371322,FALSE,,FALSE,,628624,628624,0,TRUE,FALSE
C,A,19630101,1963,52,1963,764,THA,Thailand,M,Import,0,W00,World,0,W00,World,S1,S1,TRUE,5611,Nitrogenous fertilizers and materials nes,4,TRUE,C00,TOTAL CPC,0,0,TOTAL MOT,8,kg,46729732,FALSE,-1,N/A,,FALSE,46729732,FALSE,,FALSE,2127687,,2127687,0,TRUE,FALSE
C,A,19630101,1963,52,1963,764,THA,Thailand,X,Export,0,W00,World,0,W00,World,S1,S1,TRUE,5611,Nitrogenous fertilizers and materials nes,4,TRUE,C00,TOTAL CPC,0,0,TOTAL MOT,8,kg,4125,FALSE,-1,N/A,,FALSE,4125,FALSE,,FALSE,,223,223,0,TRUE,FALSE
C,A,19630101,1963,52,1963,768,TGO,Togo,M,Import,0,W00,World,0,W00,World,S1,S1,TRUE,5611,Nitrogenous fertilizers and materials nes,4,TRUE,C00,TOTAL CPC,0,0,TOTAL MOT,8,kg,38616,FALSE,-1,N/A,,FALSE,38616,FALSE,,FALSE,2002,,2002,0,TRUE,FALSE
C,A,19630101,1963,52,1963,788,TUN,Tunisia,M,Import,0,W00,World,0,W00,World,S1,S1,TRUE,5611,Nitrogenous fertilizers and materials nes,4,TRUE,C00,TOTAL CPC,0,0,TOTAL MOT,8,kg,26284430,FALSE,-1,N/A,,FALSE,26284430,FALSE,,FALSE,1385904,,1385904,0,TRUE,FALSE
C,A,19630101,1963,52,1963,792,TUR,TÅEkiye,M,Import,0,W00,World,0,W00,World,S1,S1,TRUE,5611,Nitrogenous fertilizers and materials nes,4,TRUE,C00,TOTAL CPC,0,0,TOTAL MOT,8,kg,16241348,FALSE,-1,N/A,,FALSE,16241348,FALSE,,FALSE,570709,,570709,0,TRUE,FALSE
C,A,19630101,1963,52,1963,826,GBR,United Kingdom,M,Import,0,W00,World,0,W00,World,S1,S1,TRUE,5611,Nitrogenous fertilizers and materials nes,4,TRUE,C00,TOTAL CPC,0,0,TOTAL MOT,8,kg,320122848,FALSE,-1,N/A,,FALSE,320122848,FALSE,,FALSE,13083604,,13083604,0,TRUE,FALSE
C,A,19630101,1963,52,1963,826,GBR,United Kingdom,X,Export,0,W00,World,0,W00,World,S1,S1,TRUE,5611,Nitrogenous fertilizers and materials nes,4,TRUE,C00,TOTAL CPC,0,0,TOTAL MOT,8,kg,394049408,FALSE,-1,N/A,,FALSE,394049408,FALSE,,FALSE,,12434510,12434510,0,TRUE,FALSE
C,A,19630101,1963,52,1963,841,USA,USA and Puerto Rico (...1980),X,Export,0,W00,World,0,W00,World,S1,S1,TRUE,5611,Nitrogenous fertilizers and materials nes,4,TRUE,C00,TOTAL CPC,0,0,TOTAL MOT,-1,N/A,0,FALSE,-1,N/A,,FALSE,,FALSE,,FALSE,,28293610,28293610,0,TRUE,FALSE
C,A,19630101,1963,52,1963,854,BFA,Burkina Faso,M,Import,0,W00,World,0,W00,World,S1,S1,TRUE,5611,Nitrogenous fertilizers and materials nes,4,TRUE,C00,TOTAL CPC,0,0,TOTAL MOT,8,kg,25265,FALSE,-1,N/A,,FALSE,25265,FALSE,,FALSE,1914,,1914,0,TRUE,FALSE
C,A,19630101,1963,52,1963,854,BFA,Burkina Faso,X,Export,0,W00,World,0,W00,World,S1,S1,TRUE,5611,Nitrogenous fertilizers and materials nes,4,TRUE,C00,TOTAL CPC,0,0,TOTAL MOT,8,kg,218,FALSE,-1,N/A,,FALSE,218,FALSE,,FALSE,,60,60,0,TRUE,FALSE
C,A,19630101,1963,52,1963,862,VEN,Venezuela,M,Import,0,W00,World,0,W00,World,S1,S1,TRUE,5611,Nitrogenous fertilizers and materials nes,4,TRUE,C00,TOTAL CPC,0,0,TOTAL MOT,8,kg,27406616,FALSE,-1,N/A,,FALSE,27406616,FALSE,,FALSE,1031766,,1031766,0,TRUE,FALSE
C,A,19630101,1963,52,1963,862,VEN,Venezuela,X,Export,0,W00,World,0,W00,World,S1,S1,TRUE,5611,Nitrogenous fertilizers and materials nes,4,TRUE,C00,TOTAL CPC,0,0,TOTAL MOT,8,kg,23877812,FALSE,-1,N/A,,FALSE,23877812,FALSE,,FALSE,,539853,539853,0,TRUE,FALSE
C,A,19630101,1963,52,1963,868,VNM,Rep. of Vietnam (...1974),M,Import,0,W00,World,0,W00,World,S1,S1,TRUE,5611,Nitrogenous fertilizers and materials nes,4,TRUE,C00,TOTAL CPC,0,0,TOTAL MOT,8,kg,185024064,FALSE,-1,N/A,,FALSE,185024064,FALSE,,FALSE,15147395,,15147395,0,TRUE,FALSE
C,A,19630101,1963,52,1963,890,YUG,Yugoslavia (...1991),M,Import,0,W00,World,0,W00,World,S1,S1,TRUE,5611,Nitrogenous fertilizers and materials nes,4,TRUE,C00,TOTAL CPC,0,0,TOTAL MOT,8,kg,536704640,FALSE,-1,N/A,,FALSE,536704640,FALSE,,FALSE,16430064,,16430064,0,TRUE,FALSE
C,A,19630101,1963,52,1963,890,YUG,Yugoslavia (...1991),X,Export,0,W00,World,0,W00,World,S1,S1,TRUE,5611,Nitrogenous fertilizers and materials nes,4,TRUE,C00,TOTAL CPC,0,0,TOTAL MOT,8,kg,2216000,FALSE,-1,N/A,,FALSE,2216000,FALSE,,FALSE,,116019,116019,0,TRUE,FALSE
C,A,19640101,1964,52,1964,4,AFG,Afghanistan,M,Import,0,W00,World,0,W00,World,S1,S1,TRUE,5611,Nitrogenous fertilizers and materials nes,4,TRUE,C00,TOTAL CPC,0,0,TOTAL MOT,-1,N/A,0,FALSE,-1,N/A,,FALSE,,FALSE,,FALSE,2800,,2800,0,TRUE,FALSE
C,A,19640101,1964,52,1964,32,ARG,Argentina,M,Import,0,W00,World,0,W00,World,S1,S1,TRUE,5611,Nitrogenous fertilizers and materials nes,4,TRUE,C00,TOTAL CPC,0,0,TOTAL MOT,8,kg,39183312,FALSE,-1,N/A,,FALSE,39183312,FALSE,,FALSE,1988094,,1988094,0,TRUE,FALSE
C,A,19640101,1964,52,1964,32,ARG,Argentina,X,Export,0,W00,World,0,W00,World,S1,S1,TRUE,5611,Nitrogenous fertilizers and materials nes,4,TRUE,C00,TOTAL CPC,0,0,TOTAL MOT,8,kg,50000,FALSE,-1,N/A,,FALSE,50000,FALSE,,FALSE,,3899,3899,0,TRUE,FALSE
C,A,19640101,1964,52,1964,36,AUS,Australia,M,Import,0,W00,World,0,W00,World,S1,S1,TRUE,5611,Nitrogenous fertilizers and materials nes,4,TRUE,C00,TOTAL CPC,0,0,TOTAL MOT,-1,N/A,0,FALSE,-1,N/A,,FALSE,,FALSE,,FALSE,2544329,,2544329,0,TRUE,FALSE
C,A,19640101,1964,52,1964,58,BEL,Belgium-Luxembourg (...1998),M,Import,0,W00,World,0,W00,World,S1,S1,TRUE,5611,Nitrogenous fertilizers and materials nes,4,TRUE,C00,TOTAL CPC,0,0,TOTAL MOT,8,kg,114111536,FALSE,-1,N/A,,FALSE,114111536,FALSE,,FALSE,4739817,,4739817,0,TRUE,FALSE
C,A,19640101,1964,52,1964,58,BEL,Belgium-Luxembourg (...1998),X,Export,0,W00,World,0,W00,World,S1,S1,TRUE,5611,Nitrogenous fertilizers and materials nes,4,TRUE,C00,TOTAL CPC,0,0,TOTAL MOT,8,kg,548647296,FALSE,-1,N/A,,FALSE,548647296,FALSE,,FALSE,,23250878,23250878,0,TRUE,FALSE
C,A,19640101,1964,52,1964,68,BOL,Bolivia (Plurinational State of),M,Import,0,W00,World,0,W00,World,S1,S1,TRUE,5611,Nitrogenous fertilizers and materials nes,4,TRUE,C00,TOTAL CPC,0,0,TOTAL MOT,8,kg,1669612,FALSE,-1,N/A,,FALSE,1669612,FALSE,,FALSE,184999,,184999,0,TRUE,FALSE
C,A,19640101,1964,52,1964,76,BRA,Brazil,M,Import,0,W00,World,0,W00,World,S1,S1,TRUE,5611,Nitrogenous fertilizers and materials nes,4,TRUE,C00,TOTAL CPC,0,0,TOTAL MOT,8,kg,172349872,FALSE,-1,N/A,,FALSE,172349872,FALSE,,FALSE,8794942,,8794942,0,TRUE,FALSE
C,A,19640101,1964,52,1964,76,BRA,Brazil,X,Export,0,W00,World,0,W00,World,S1,S1,TRUE,5611,Nitrogenous fertilizers and materials nes,4,TRUE,C00,TOTAL CPC,0,0,TOTAL MOT,8,kg,1000,FALSE,-1,N/A,,FALSE,1000,FALSE,,FALSE,,75,75,0,TRUE,FALSE
C,A,19640101,1964,52,1964,96,BRN,Brunei Darussalam,M,Import,0,W00,World,0,W00,World,S1,S1,TRUE,5611,Nitrogenous fertilizers and materials nes,4,TRUE,C00,TOTAL CPC,0,0,TOTAL MOT,8,kg,13249,FALSE,-1,N/A,,FALSE,13249,FALSE,,FALSE,1085,,1085,0,TRUE,FALSE
C,A,19640101,1964,52,1964,104,MMR,Myanmar,M,Import,0,W00,World,0,W00,World,S1,S1,TRUE,5611,Nitrogenous fertilizers and materials nes,4,TRUE,C00,TOTAL CPC,0,0,TOTAL MOT,8,kg,14134229,FALSE,-1,N/A,,FALSE,14134229,FALSE,,FALSE,686288,,686288,0,TRUE,FALSE
C,A,19640101,1964,52,1964,116,KHM,Cambodia,M,Import,0,W00,World,0,W00,World,S1,S1,TRUE,5611,Nitrogenous fertilizers and materials nes,4,TRUE,C00,TOTAL CPC,0,0,TOTAL MOT,8,kg,816155,FALSE,-1,N/A,,FALSE,816155,FALSE,,FALSE,63752,,63752,0,TRUE,FALSE
C,A,19640101,1964,52,1964,120,CMR,Cameroon,M,Import,0,W00,World,0,W00,World,S1,S1,TRUE,5611,Nitrogenous fertilizers and materials nes,4,TRUE,C00,TOTAL CPC,0,0,TOTAL MOT,8,kg,34259700,FALSE,-1,N/A,,FALSE,34259700,FALSE,,FALSE,1718313,,1718313,0,TRUE,FALSE
C,A,19640101,1964,52,1964,120,CMR,Cameroon,X,Export,0,W00,World,0,W00,World,S1,S1,TRUE,5611,Nitrogenous fertilizers and materials nes,4,TRUE,C00,TOTAL CPC,0,0,TOTAL MOT,8,kg,4000,FALSE,-1,N/A,,FALSE,4000,FALSE,,FALSE,,441,441,0,TRUE,FALSE
C,A,19640101,1964,52,1964,124,CAN,Canada,M,Import,0,W00,World,0,W00,World,S1,S1,TRUE,5611,Nitrogenous fertilizers and materials nes,4,TRUE,C00,TOTAL CPC,0,0,TOTAL MOT,8,kg,54948228,FALSE,-1,N/A,,FALSE,54948228,FALSE,,FALSE,3051594,,3051594,0,TRUE,FALSE
C,A,19640101,1964,52,1964,124,CAN,Canada,X,Export,0,W00,World,0,W00,World,S1,S1,TRUE,5611,Nitrogenous fertilizers and materials nes,4,TRUE,C00,TOTAL CPC,0,0,TOTAL MOT,-1,N/A,0,FALSE,-1,N/A,,FALSE,,FALSE,,FALSE,,30147496,30147496,0,TRUE,FALSE
C,A,19640101,1964,52,1964,140,CAF,Central African Rep.,M,Import,0,W00,World,0,W00,World,S1,S1,TRUE,5611,Nitrogenous fertilizers and materials nes,4,TRUE,C00,TOTAL CPC,0,0,TOTAL MOT,8,kg,816222,FALSE,-1,N/A,,FALSE,816222,FALSE,,FALSE,67427,,67427,0,TRUE,FALSE
C,A,19640101,1964,52,1964,144,LKA,Sri Lanka,M,Import,0,W00,World,0,W00,World,S1,S1,TRUE,5611,Nitrogenous fertilizers and materials nes,4,TRUE,C00,TOTAL CPC,0,0,TOTAL MOT,8,kg,182247680,FALSE,-1,N/A,,FALSE,182247680,FALSE,,FALSE,9769609,,9769609,0,TRUE,FALSE
C,A,19640101,1964,52,1964,148,TCD,Chad,M,Import,0,W00,World,0,W00,World,S1,S1,TRUE,5611,Nitrogenous fertilizers and materials nes,4,TRUE,C00,TOTAL CPC,0,0,TOTAL MOT,8,kg,363511,FALSE,-1,N/A,,FALSE,363511,FALSE,,FALSE,20878,,20878,0,TRUE,FALSE
C,A,19640101,1964,52,1964,152,CHL,Chile,M,Import,0,W00,World,0,W00,World,S1,S1,TRUE,5611,Nitrogenous fertilizers and materials nes,4,TRUE,C00,TOTAL CPC,0,0,TOTAL MOT,8,kg,24972230,FALSE,-1,N/A,,FALSE,24972230,FALSE,,FALSE,2046996,,2046996,0,TRUE,FALSE
C,A,19640101,1964,52,1964,170,COL,Colombia,M,Import,0,W00,World,0,W00,World,S1,S1,TRUE,5611,Nitrogenous fertilizers and materials nes,4,TRUE,C00,TOTAL CPC,0,0,TOTAL MOT,8,kg,7351886,FALSE,-1,N/A,,FALSE,7351886,FALSE,,FALSE,703218,,703218,0,TRUE,FALSE
C,A,19640101,1964,52,1964,178,COG,Congo,M,Import,0,W00,World,0,W00,World,S1,S1,TRUE,5611,Nitrogenous fertilizers and materials nes,4,TRUE,C00,TOTAL CPC,0,0,TOTAL MOT,8,kg,1159187,FALSE,-1,N/A,,FALSE,1159187,FALSE,,FALSE,68648,,68648,0,TRUE,FALSE
C,A,19640101,1964,52,1964,204,BEN,Benin,M,Import,0,W00,World,0,W00,World,S1,S1,TRUE,5611,Nitrogenous fertilizers and materials nes,4,TRUE,C00,TOTAL CPC,0,0,TOTAL MOT,8,kg,443312,FALSE,-1,N/A,,FALSE,443312,FALSE,,FALSE,27486,,27486,0,TRUE,FALSE
C,A,19640101,1964,52,1964,208,DNK,Denmark,M,Import,0,W00,World,0,W00,World,S1,S1,TRUE,5611,Nitrogenous fertilizers and materials nes,4,TRUE,C00,TOTAL CPC,0,0,TOTAL MOT,8,kg,659328128,FALSE,-1,N/A,,FALSE,659328128,FALSE,,FALSE,24624432,,24624432,0,TRUE,FALSE
C,A,19640101,1964,52,1964,208,DNK,Denmark,X,Export,0,W00,World,0,W00,World,S1,S1,TRUE,5611,Nitrogenous fertilizers and materials nes,4,TRUE,C00,TOTAL CPC,0,0,TOTAL MOT,8,kg,32816,FALSE,-1,N/A,,FALSE,32816,FALSE,,FALSE,,3401,3401,0,TRUE,FALSE
C,A,19640101,1964,52,1964,222,SLV,El Salvador,M,Import,0,W00,World,0,W00,World,S1,S1,TRUE,5611,Nitrogenous fertilizers and materials nes,4,TRUE,C00,TOTAL CPC,0,0,TOTAL MOT,8,kg,102428040,FALSE,-1,N/A,,FALSE,102428040,FALSE,,FALSE,7523526,,7523526,0,TRUE,FALSE
C,A,19640101,1964,52,1964,222,SLV,El Salvador,X,Export,0,W00,World,0,W00,World,S1,S1,TRUE,5611,Nitrogenous fertilizers and materials nes,4,TRUE,C00,TOTAL CPC,0,0,TOTAL MOT,8,kg,326968,FALSE,-1,N/A,,FALSE,326968,FALSE,,FALSE,,27401,27401,0,TRUE,FALSE
C,A,19640101,1964,52,1964,246,FIN,Finland,M,Import,0,W00,World,0,W00,World,S1,S1,TRUE,5611,Nitrogenous fertilizers and materials nes,4,TRUE,C00,TOTAL CPC,0,0,TOTAL MOT,8,kg,141781664,FALSE,-1,N/A,,FALSE,141781664,FALSE,,FALSE,6057513,,6057513,0,TRUE,FALSE
C,A,19640101,1964,52,1964,246,FIN,Finland,X,Export,0,W00,World,0,W00,World,S1,S1,TRUE,5611,Nitrogenous fertilizers and materials nes,4,TRUE,C00,TOTAL CPC,0,0,TOTAL MOT,8,kg,199,FALSE,-1,N/A,,FALSE,199,FALSE,,FALSE,,13,13,0,TRUE,FALSE
C,A,19640101,1964,52,1964,251,FRA,France,M,Import,0,W00,World,0,W00,World,S1,S1,TRUE,5611,Nitrogenous fertilizers and materials nes,4,TRUE,C00,TOTAL CPC,0,0,TOTAL MOT,8,kg,174970048,FALSE,-1,N/A,,FALSE,174970048,FALSE,,FALSE,7800793,,7800793,0,TRUE,FALSE
C,A,19640101,1964,52,1964,251,FRA,France,X,Export,0,W00,World,0,W00,World,S1,S1,TRUE,5611,Nitrogenous fertilizers and materials nes,4,TRUE,C00,TOTAL CPC,0,0,TOTAL MOT,8,kg,488824960,FALSE,-1,N/A,,FALSE,488824960,FALSE,,FALSE,,18842164,18842164,0,TRUE,FALSE
C,A,19640101,1964,52,1964,266,GAB,Gabon,M,Import,0,W00,World,0,W00,World,S1,S1,TRUE,5611,Nitrogenous fertilizers and materials nes,4,TRUE,C00,TOTAL CPC,0,0,TOTAL MOT,8,kg,23562,FALSE,-1,N/A,,FALSE,23562,FALSE,,FALSE,2033,,2033,0,TRUE,FALSE
C,A,19640101,1964,52,1964,280,DEU,Fed. Rep. of Germany (...1990),M,Import,0,W00,World,0,W00,World,S1,S1,TRUE,5611,Nitrogenous fertilizers and materials nes,4,TRUE,C00,TOTAL CPC,0,0,TOTAL MOT,8,kg,120266040,FALSE,-1,N/A,,TRUE,120266040,FALSE,-1,TRUE,5134000,,5134000,0,FALSE,FALSE
C,A,19640101,1964,52,1964,280,DEU,Fed. Rep. of Germany (...1990),X,Export,0,W00,World,0,W00,World,S1,S1,TRUE,5611,Nitrogenous fertilizers and materials nes,4,TRUE,C00,TOTAL CPC,0,0,TOTAL MOT,8,kg,1576801920,FALSE,-1,N/A,,TRUE,1576801920,FALSE,-1,TRUE,,59848000,59848000,0,FALSE,FALSE
C,A,19640101,1964,52,1964,288,GHA,Ghana,M,Import,0,W00,World,0,W00,World,S1,S1,TRUE,5611,Nitrogenous fertilizers and materials nes,4,TRUE,C00,TOTAL CPC,0,0,TOTAL MOT,8,kg,811193,FALSE,-1,N/A,,FALSE,811193,FALSE,,FALSE,70815,,70815,0,TRUE,FALSE
C,A,19640101,1964,52,1964,300,GRC,Greece,M,Import,0,W00,World,0,W00,World,S1,S1,TRUE,5611,Nitrogenous fertilizers and materials nes,4,TRUE,C00,TOTAL CPC,0,0,TOTAL MOT,8,kg,276960608,FALSE,-1,N/A,,FALSE,276960608,FALSE,,FALSE,11479751,,11479751,0,TRUE,FALSE
C,A,19640101,1964,52,1964,300,GRC,Greece,X,Export,0,W00,World,0,W00,World,S1,S1,TRUE,5611,Nitrogenous fertilizers and materials nes,4,TRUE,C00,TOTAL CPC,0,0,TOTAL MOT,8,kg,414,FALSE,-1,N/A,,FALSE,414,FALSE,,FALSE,,115,115,0,TRUE,FALSE
C,A,19640101,1964,52,1964,340,HND,Honduras,M,Import,0,W00,World,0,W00,World,S1,S1,TRUE,5611,Nitrogenous fertilizers and materials nes,4,TRUE,C00,TOTAL CPC,0,0,TOTAL MOT,8,kg,14798584,FALSE,-1,N/A,,FALSE,14798584,FALSE,,FALSE,1190903,,1190903,0,TRUE,FALSE
C,A,19640101,1964,52,1964,344,HKG,"China, Hong Kong SAR",M,Import,0,W00,World,0,W00,World,S1,S1,TRUE,5611,Nitrogenous fertilizers and materials nes,4,TRUE,C00,TOTAL CPC,0,0,TOTAL MOT,8,kg,1464721,FALSE,-1,N/A,,FALSE,1464721,FALSE,,FALSE,94496,,94496,0,TRUE,FALSE
C,A,19640101,1964,52,1964,344,HKG,"China, Hong Kong SAR",X,Export,0,W00,World,0,W00,World,S1,S1,TRUE,5611,Nitrogenous fertilizers and materials nes,4,TRUE,C00,TOTAL CPC,0,0,TOTAL MOT,8,kg,213046,FALSE,-1,N/A,,FALSE,213046,FALSE,,FALSE,,10926,10926,0,TRUE,FALSE
C,A,19640101,1964,52,1964,352,ISL,Iceland,M,Import,0,W00,World,0,W00,World,S1,S1,TRUE,5611,Nitrogenous fertilizers and materials nes,4,TRUE,C00,TOTAL CPC,0,0,TOTAL MOT,8,kg,10430460,FALSE,-1,N/A,,FALSE,10430460,FALSE,,FALSE,640600,,640600,0,TRUE,FALSE
C,A,19640101,1964,52,1964,356,IND,India (...1974),M,Import,0,W00,World,0,W00,World,S1,S1,TRUE,5611,Nitrogenous fertilizers and materials nes,4,TRUE,C00,TOTAL CPC,0,0,TOTAL MOT,8,kg,579060992,FALSE,-1,N/A,,FALSE,579060992,FALSE,,FALSE,40835128,,40835128,0,TRUE,FALSE
C,A,19640101,1964,52,1964,356,IND,India (...1974),X,Export,0,W00,World,0,W00,World,S1,S1,TRUE,5611,Nitrogenous fertilizers and materials nes,4,TRUE,C00,TOTAL CPC,0,0,TOTAL MOT,8,kg,68000,FALSE,-1,N/A,,FALSE,68000,FALSE,,FALSE,,4886,4886,0,TRUE,FALSE
C,A,19640101,1964,52,1964,364,IRN,Iran,M,Import,0,W00,World,0,W00,World,S1,S1,TRUE,5611,Nitrogenous fertilizers and materials nes,4,TRUE,C00,TOTAL CPC,0,0,TOTAL MOT,8,kg,1719812,FALSE,-1,N/A,,FALSE,1719812,FALSE,,FALSE,130679,,130679,0,TRUE,FALSE
C,A,19640101,1964,52,1964,364,IRN,Iran,X,Export,0,W00,World,0,W00,World,S1,S1,TRUE,5611,Nitrogenous fertilizers and materials nes,4,TRUE,C00,TOTAL CPC,0,0,TOTAL MOT,8,kg,6477910,FALSE,-1,N/A,,FALSE,6477910,FALSE,,FALSE,,361844,361844,0,TRUE,FALSE
C,A,19640101,1964,52,1964,372,IRL,Ireland,M,Import,0,W00,World,0,W00,World,S1,S1,TRUE,5611,Nitrogenous fertilizers and materials nes,4,TRUE,C00,TOTAL CPC,0,0,TOTAL MOT,8,kg,160710224,FALSE,-1,N/A,,FALSE,160710224,FALSE,,FALSE,6243705,,6243705,0,TRUE,FALSE
C,A,19640101,1964,52,1964,376,ISR,Israel,M,Import,0,W00,World,0,W00,World,S1,S1,TRUE,5611,Nitrogenous fertilizers and materials nes,4,TRUE,C00,TOTAL CPC,0,0,TOTAL MOT,-1,N/A,0,FALSE,-1,N/A,,FALSE,,FALSE,,FALSE,304184,,304184,0,TRUE,FALSE
C,A,19640101,1964,52,1964,376,ISR,Israel,X,Export,0,W00,World,0,W00,World,S1,S1,TRUE,5611,Nitrogenous fertilizers and materials nes,4,TRUE,C00,TOTAL CPC,0,0,TOTAL MOT,-1,N/A,0,FALSE,-1,N/A,,FALSE,,FALSE,,FALSE,,137100,137100,0,TRUE,FALSE
C,A,19640101,1964,52,1964,380,ITA,Italy,M,Import,0,W00,World,0,W00,World,S1,S1,TRUE,5611,Nitrogenous fertilizers and materials nes,4,TRUE,C00,TOTAL CPC,0,0,TOTAL MOT,8,kg,3012466,FALSE,-1,N/A,,TRUE,3012466,FALSE,-1,TRUE,119184,,119184,0,FALSE,FALSE
C,A,19640101,1964,52,1964,380,ITA,Italy,X,Export,0,W00,World,0,W00,World,S1,S1,TRUE,5611,Nitrogenous fertilizers and materials nes,4,TRUE,C00,TOTAL CPC,0,0,TOTAL MOT,8,kg,1011501376,FALSE,-1,N/A,,TRUE,1011501376,FALSE,-1,TRUE,,40904164,40904164,0,FALSE,FALSE
C,A,19640101,1964,52,1964,384,CIV,CÙte d'Ivoire,M,Import,0,W00,World,0,W00,World,S1,S1,TRUE,5611,Nitrogenous fertilizers and materials nes,4,TRUE,C00,TOTAL CPC,0,0,TOTAL MOT,8,kg,3429261,FALSE,-1,N/A,,FALSE,3429261,FALSE,,FALSE,251429,,251429,0,TRUE,FALSE
C,A,19640101,1964,52,1964,384,CIV,CÙte d'Ivoire,X,Export,0,W00,World,0,W00,World,S1,S1,TRUE,5611,Nitrogenous fertilizers and materials nes,4,TRUE,C00,TOTAL CPC,0,0,TOTAL MOT,8,kg,304750,FALSE,-1,N/A,,FALSE,304750,FALSE,,FALSE,,19722,19722,0,TRUE,FALSE
C,A,19640101,1964,52,1964,392,JPN,Japan,X,Export,0,W00,World,0,W00,World,S1,S1,TRUE,5611,Nitrogenous fertilizers and materials nes,4,TRUE,C00,TOTAL CPC,0,0,TOTAL MOT,8,kg,918873984,FALSE,-1,N/A,,FALSE,918873984,FALSE,,FALSE,,38151312,38151312,0,TRUE,FALSE
C,A,19640101,1964,52,1964,410,KOR,Rep. of Korea,M,Import,0,W00,World,0,W00,World,S1,S1,TRUE,5611,Nitrogenous fertilizers and materials nes,4,TRUE,C00,TOTAL CPC,0,0,TOTAL MOT,8,kg,439107584,FALSE,-1,N/A,,FALSE,439107584,FALSE,,FALSE,35633204,,35633204,0,TRUE,FALSE
C,A,19640101,1964,52,1964,418,LAO,Lao People's Dem. Rep.,M,Import,0,W00,World,0,W00,World,S1,S1,TRUE,5611,Nitrogenous fertilizers and materials nes,4,TRUE,C00,TOTAL CPC,0,0,TOTAL MOT,8,kg,1750,FALSE,-1,N/A,,FALSE,1750,FALSE,,FALSE,335,,335,0,TRUE,FALSE
C,A,19640101,1964,52,1964,450,MDG,Madagascar,M,Import,0,W00,World,0,W00,World,S1,S1,TRUE,5611,Nitrogenous fertilizers and materials nes,4,TRUE,C00,TOTAL CPC,0,0,TOTAL MOT,8,kg,1831752,FALSE,-1,N/A,,FALSE,1831752,FALSE,,FALSE,148379,,148379,0,TRUE,FALSE
C,A,19640101,1964,52,1964,450,MDG,Madagascar,X,Export,0,W00,World,0,W00,World,S1,S1,TRUE,5611,Nitrogenous fertilizers and materials nes,4,TRUE,C00,TOTAL CPC,0,0,TOTAL MOT,8,kg,1000,FALSE,-1,N/A,,FALSE,1000,FALSE,,FALSE,,72,72,0,TRUE,FALSE
C,A,19640101,1964,52,1964,458,MYS,Malaysia,M,Import,0,W00,World,0,W00,World,S1,S1,TRUE,5611,Nitrogenous fertilizers and materials nes,4,TRUE,C00,TOTAL CPC,0,0,TOTAL MOT,8,kg,148057696,FALSE,-1,N/A,,FALSE,148057696,FALSE,,FALSE,8648705,,8648705,0,TRUE,FALSE
C,A,19640101,1964,52,1964,458,MYS,Malaysia,X,Export,0,W00,World,0,W00,World,S1,S1,TRUE,5611,Nitrogenous fertilizers and materials nes,4,TRUE,C00,TOTAL CPC,0,0,TOTAL MOT,8,kg,660268,FALSE,-1,N/A,,FALSE,660268,FALSE,,FALSE,,44269,44269,0,TRUE,FALSE
C,A,19640101,1964,52,1964,466,MLI,Mali,M,Import,0,W00,World,0,W00,World,S1,S1,TRUE,5611,Nitrogenous fertilizers and materials nes,4,TRUE,C00,TOTAL CPC,0,0,TOTAL MOT,8,kg,74,FALSE,-1,N/A,,FALSE,74,FALSE,,FALSE,20,,20,0,TRUE,FALSE
C,A,19640101,1964,52,1964,478,MRT,Mauritania,M,Import,0,W00,World,0,W00,World,S1,S1,TRUE,5611,Nitrogenous fertilizers and materials nes,4,TRUE,C00,TOTAL CPC,0,0,TOTAL MOT,8,kg,2099375,FALSE,-1,N/A,,FALSE,2099375,FALSE,,FALSE,210895,,210895,0,TRUE,FALSE
C,A,19640101,1964,52,1964,484,MEX,Mexico,M,Import,0,W00,World,0,W00,World,S1,S1,TRUE,5611,Nitrogenous fertilizers and materials nes,4,TRUE,C00,TOTAL CPC,0,0,TOTAL MOT,8,kg,83516968,FALSE,-1,N/A,,FALSE,83516968,FALSE,,FALSE,6731583,,6731583,0,TRUE,FALSE
C,A,19640101,1964,52,1964,484,MEX,Mexico,X,Export,0,W00,World,0,W00,World,S1,S1,TRUE,5611,Nitrogenous fertilizers and materials nes,4,TRUE,C00,TOTAL CPC,0,0,TOTAL MOT,8,kg,14964846,FALSE,-1,N/A,,FALSE,14964846,FALSE,,FALSE,,1414549,1414549,0,TRUE,FALSE
C,A,19640101,1964,52,1964,490,S19,"Other Asia, nes",M,Import,0,W00,World,0,W00,World,S1,S1,TRUE,5611,Nitrogenous fertilizers and materials nes,4,TRUE,C00,TOTAL CPC,0,0,TOTAL MOT,8,kg,250303824,FALSE,-1,N/A,,FALSE,250303824,FALSE,,FALSE,10357196,,10357196,0,TRUE,FALSE
C,A,19640101,1964,52,1964,490,S19,"Other Asia, nes",X,Export,0,W00,World,0,W00,World,S1,S1,TRUE,5611,Nitrogenous fertilizers and materials nes,4,TRUE,C00,TOTAL CPC,0,0,TOTAL MOT,8,kg,9020000,FALSE,-1,N/A,,FALSE,9020000,FALSE,,FALSE,,1005550,1005550,0,TRUE,FALSE
C,A,19640101,1964,52,1964,504,MAR,Morocco,M,Import,0,W00,World,0,W00,World,S1,S1,TRUE,5611,Nitrogenous fertilizers and materials nes,4,TRUE,C00,TOTAL CPC,0,0,TOTAL MOT,8,kg,48307772,FALSE,-1,N/A,,FALSE,48307772,FALSE,,FALSE,2713702,,2713702,0,TRUE,FALSE
C,A,19640101,1964,52,1964,528,NLD,Netherlands,M,Import,0,W00,World,0,W00,World,S1,S1,TRUE,5611,Nitrogenous fertilizers and materials nes,4,TRUE,C00,TOTAL CPC,0,0,TOTAL MOT,8,kg,3192019,FALSE,-1,N/A,,FALSE,3192019,FALSE,,FALSE,207253,,207253,0,TRUE,FALSE
C,A,19640101,1964,52,1964,528,NLD,Netherlands,X,Export,0,W00,World,0,W00,World,S1,S1,TRUE,5611,Nitrogenous fertilizers and materials nes,4,TRUE,C00,TOTAL CPC,0,0,TOTAL MOT,8,kg,455332096,FALSE,-1,N/A,,FALSE,455332096,FALSE,,FALSE,,15610162,15610162,0,TRUE,FALSE
C,A,19640101,1964,52,1964,554,NZL,New Zealand,M,Import,0,W00,World,0,W00,World,S1,S1,TRUE,5611,Nitrogenous fertilizers and materials nes,4,TRUE,C00,TOTAL CPC,0,0,TOTAL MOT,-1,N/A,0,FALSE,-1,N/A,,FALSE,,FALSE,,FALSE,1304925,,1304925,0,TRUE,FALSE
C,A,19640101,1964,52,1964,554,NZL,New Zealand,X,Export,0,W00,World,0,W00,World,S1,S1,TRUE,5611,Nitrogenous fertilizers and materials nes,4,TRUE,C00,TOTAL CPC,0,0,TOTAL MOT,8,kg,23382,FALSE,-1,N/A,,FALSE,23382,FALSE,,FALSE,,3259,3259,0,TRUE,FALSE
C,A,19640101,1964,52,1964,562,NER,Niger,M,Import,0,W00,World,0,W00,World,S1,S1,TRUE,5611,Nitrogenous fertilizers and materials nes,4,TRUE,C00,TOTAL CPC,0,0,TOTAL MOT,8,kg,172006,FALSE,-1,N/A,,FALSE,172006,FALSE,,FALSE,22865,,22865,0,TRUE,FALSE
C,A,19640101,1964,52,1964,566,NGA,Nigeria,M,Import,0,W00,World,0,W00,World,S1,S1,TRUE,5611,Nitrogenous fertilizers and materials nes,4,TRUE,C00,TOTAL CPC,0,0,TOTAL MOT,8,kg,8962580,FALSE,-1,N/A,,FALSE,8962580,FALSE,,FALSE,471979,,471979,0,TRUE,FALSE
C,A,19640101,1964,52,1964,579,NOR,Norway,M,Import,0,W00,World,0,W00,World,S1,S1,TRUE,5611,Nitrogenous fertilizers and materials nes,4,TRUE,C00,TOTAL CPC,0,0,TOTAL MOT,8,kg,419194,FALSE,-1,N/A,,FALSE,419194,FALSE,,FALSE,21122,,21122,0,TRUE,FALSE
C,A,19640101,1964,52,1964,579,NOR,Norway,X,Export,0,W00,World,0,W00,World,S1,S1,TRUE,5611,Nitrogenous fertilizers and materials nes,4,TRUE,C00,TOTAL CPC,0,0,TOTAL MOT,8,kg,1333784704,FALSE,-1,N/A,,FALSE,1333784704,FALSE,,FALSE,,49911544,49911544,0,TRUE,FALSE
C,A,19640101,1964,52,1964,588,PAK,East and West Pakistan (...1971),M,Import,0,W00,World,0,W00,World,S1,S1,TRUE,5611,Nitrogenous fertilizers and materials nes,4,TRUE,C00,TOTAL CPC,0,0,TOTAL MOT,-1,N/A,0,FALSE,-1,N/A,,FALSE,,FALSE,,FALSE,699159,,699159,0,TRUE,FALSE
C,A,19640101,1964,52,1964,588,PAK,East and West Pakistan (...1971),X,Export,0,W00,World,0,W00,World,S1,S1,TRUE,5611,Nitrogenous fertilizers and materials nes,4,TRUE,C00,TOTAL CPC,0,0,TOTAL MOT,-1,N/A,0,FALSE,-1,N/A,,FALSE,,FALSE,,FALSE,,4121452,4121452,0,TRUE,FALSE
C,A,19640101,1964,52,1964,590,PAN,"Panama, excl.Canal Zone (...1977)",M,Import,0,W00,World,0,W00,World,S1,S1,TRUE,5611,Nitrogenous fertilizers and materials nes,4,TRUE,C00,TOTAL CPC,0,0,TOTAL MOT,8,kg,19312350,FALSE,-1,N/A,,FALSE,19312350,FALSE,,FALSE,1543138,,1543138,0,TRUE,FALSE
C,A,19640101,1964,52,1964,604,PER,Peru,M,Import,0,W00,World,0,W00,World,S1,S1,TRUE,5611,Nitrogenous fertilizers and materials nes,4,TRUE,C00,TOTAL CPC,0,0,TOTAL MOT,8,kg,98269792,FALSE,-1,N/A,,FALSE,98269792,FALSE,,FALSE,6564796,,6564796,0,TRUE,FALSE
C,A,19640101,1964,52,1964,608,PHL,Philippines,M,Import,0,W00,World,0,W00,World,S1,S1,TRUE,5611,Nitrogenous fertilizers and materials nes,4,TRUE,C00,TOTAL CPC,0,0,TOTAL MOT,8,kg,137827056,FALSE,-1,N/A,,FALSE,137827056,FALSE,,FALSE,8326567,,8326567,0,TRUE,FALSE
C,A,19640101,1964,52,1964,608,PHL,Philippines,X,Export,0,W00,World,0,W00,World,S1,S1,TRUE,5611,Nitrogenous fertilizers and materials nes,4,TRUE,C00,TOTAL CPC,0,0,TOTAL MOT,-1,N/A,0,FALSE,-1,N/A,,FALSE,,FALSE,,FALSE,,322118,322118,0,TRUE,FALSE
C,A,19640101,1964,52,1964,620,PRT,Portugal,M,Import,0,W00,World,0,W00,World,S1,S1,TRUE,5611,Nitrogenous fertilizers and materials nes,4,TRUE,C00,TOTAL CPC,0,0,TOTAL MOT,8,kg,106107,FALSE,-1,N/A,,FALSE,106107,FALSE,,FALSE,12346,,12346,0,TRUE,FALSE
C,A,19640101,1964,52,1964,620,PRT,Portugal,X,Export,0,W00,World,0,W00,World,S1,S1,TRUE,5611,Nitrogenous fertilizers and materials nes,4,TRUE,C00,TOTAL CPC,0,0,TOTAL MOT,8,kg,131421808,FALSE,-1,N/A,,FALSE,131421808,FALSE,,FALSE,,6236931,6236931,0,TRUE,FALSE
C,A,19640101,1964,52,1964,686,SEN,Senegal,M,Import,0,W00,World,0,W00,World,S1,S1,TRUE,5611,Nitrogenous fertilizers and materials nes,4,TRUE,C00,TOTAL CPC,0,0,TOTAL MOT,8,kg,12502100,FALSE,-1,N/A,,FALSE,12502100,FALSE,,FALSE,630391,,630391,0,TRUE,FALSE
C,A,19640101,1964,52,1964,694,SLE,Sierra Leone,M,Import,0,W00,World,0,W00,World,S1,S1,TRUE,5611,Nitrogenous fertilizers and materials nes,4,TRUE,C00,TOTAL CPC,0,0,TOTAL MOT,8,kg,208289,FALSE,-1,N/A,,FALSE,208289,FALSE,,FALSE,19594,,19594,0,TRUE,FALSE
C,A,19640101,1964,52,1964,702,SGP,Singapore,M,Import,0,W00,World,0,W00,World,S1,S1,TRUE,5611,Nitrogenous fertilizers and materials nes,4,TRUE,C00,TOTAL CPC,0,0,TOTAL MOT,8,kg,54323078,FALSE,-1,N/A,,FALSE,54323078,FALSE,,FALSE,3271920,,3271920,0,TRUE,FALSE
C,A,19640101,1964,52,1964,702,SGP,Singapore,X,Export,0,W00,World,0,W00,World,S1,S1,TRUE,5611,Nitrogenous fertilizers and materials nes,4,TRUE,C00,TOTAL CPC,0,0,TOTAL MOT,8,kg,29003760,FALSE,-1,N/A,,FALSE,29003760,FALSE,,FALSE,,1862797,1862797,0,TRUE,FALSE
C,A,19640101,1964,52,1964,724,ESP,Spain,M,Import,0,W00,World,0,W00,World,S1,S1,TRUE,5611,Nitrogenous fertilizers and materials nes,4,TRUE,C00,TOTAL CPC,0,0,TOTAL MOT,8,kg,721165632,FALSE,-1,N/A,,FALSE,721165632,FALSE,,FALSE,30823598,,30823598,0,TRUE,FALSE
C,A,19640101,1964,52,1964,724,ESP,Spain,X,Export,0,W00,World,0,W00,World,S1,S1,TRUE,5611,Nitrogenous fertilizers and materials nes,4,TRUE,C00,TOTAL CPC,0,0,TOTAL MOT,8,kg,1500000,FALSE,-1,N/A,,FALSE,1500000,FALSE,,FALSE,,70114,70114,0,TRUE,FALSE
C,A,19640101,1964,52,1964,736,SDN,Sudan (...2011),M,Import,0,W00,World,0,W00,World,S1,S1,TRUE,5611,Nitrogenous fertilizers and materials nes,4,TRUE,C00,TOTAL CPC,0,0,TOTAL MOT,8,kg,50737128,FALSE,-1,N/A,,FALSE,50737128,FALSE,,FALSE,3310297,,3310297,0,TRUE,FALSE
C,A,19640101,1964,52,1964,752,SWE,Sweden,M,Import,0,W00,World,0,W00,World,S1,S1,TRUE,5611,Nitrogenous fertilizers and materials nes,4,TRUE,C00,TOTAL CPC,0,0,TOTAL MOT,8,kg,400460992,FALSE,-1,N/A,,FALSE,400460992,FALSE,,FALSE,15096262,,15096262,0,TRUE,FALSE
C,A,19640101,1964,52,1964,752,SWE,Sweden,X,Export,0,W00,World,0,W00,World,S1,S1,TRUE,5611,Nitrogenous fertilizers and materials nes,4,TRUE,C00,TOTAL CPC,0,0,TOTAL MOT,8,kg,18599000,FALSE,-1,N/A,,FALSE,18599000,FALSE,,FALSE,,991001,991001,0,TRUE,FALSE
C,A,19640101,1964,52,1964,757,CHE,Switzerland,M,Import,0,W00,World,0,W00,World,S1,S1,TRUE,5611,Nitrogenous fertilizers and materials nes,4,TRUE,C00,TOTAL CPC,0,0,TOTAL MOT,8,kg,963306,FALSE,-1,N/A,,FALSE,963306,FALSE,,FALSE,49397,,49397,0,TRUE,FALSE
C,A,19640101,1964,52,1964,757,CHE,Switzerland,X,Export,0,W00,World,0,W00,World,S1,S1,TRUE,5611,Nitrogenous fertilizers and materials nes,4,TRUE,C00,TOTAL CPC,0,0,TOTAL MOT,8,kg,26995862,FALSE,-1,N/A,,FALSE,26995862,FALSE,,FALSE,,863601,863601,0,TRUE,FALSE
C,A,19640101,1964,52,1964,764,THA,Thailand,M,Import,0,W00,World,0,W00,World,S1,S1,TRUE,5611,Nitrogenous fertilizers and materials nes,4,TRUE,C00,TOTAL CPC,0,0,TOTAL MOT,8,kg,39437216,FALSE,-1,N/A,,FALSE,39437216,FALSE,,FALSE,2193788,,2193788,0,TRUE,FALSE
C,A,19640101,1964,52,1964,764,THA,Thailand,X,Export,0,W00,World,0,W00,World,S1,S1,TRUE,5611,Nitrogenous fertilizers and materials nes,4,TRUE,C00,TOTAL CPC,0,0,TOTAL MOT,8,kg,60,FALSE,-1,N/A,,FALSE,60,FALSE,,FALSE,,9,9,0,TRUE,FALSE
C,A,19640101,1964,52,1964,768,TGO,Togo,M,Import,0,W00,World,0,W00,World,S1,S1,TRUE,5611,Nitrogenous fertilizers and materials nes,4,TRUE,C00,TOTAL CPC,0,0,TOTAL MOT,8,kg,192570,FALSE,-1,N/A,,FALSE,192570,FALSE,,FALSE,15602,,15602,0,TRUE,FALSE
C,A,19640101,1964,52,1964,788,TUN,Tunisia,M,Import,0,W00,World,0,W00,World,S1,S1,TRUE,5611,Nitrogenous fertilizers and materials nes,4,TRUE,C00,TOTAL CPC,0,0,TOTAL MOT,8,kg,25007668,FALSE,-1,N/A,,FALSE,25007668,FALSE,,FALSE,1344805,,1344805,0,TRUE,FALSE
C,A,19640101,1964,52,1964,792,TUR,TÅEkiye,M,Import,0,W00,World,0,W00,World,S1,S1,TRUE,5611,Nitrogenous fertilizers and materials nes,4,TRUE,C00,TOTAL CPC,0,0,TOTAL MOT,8,kg,32557596,FALSE,-1,N/A,,FALSE,32557596,FALSE,,FALSE,1506838,,1506838,0,TRUE,FALSE
C,A,19640101,1964,52,1964,826,GBR,United Kingdom,M,Import,0,W00,World,0,W00,World,S1,S1,TRUE,5611,Nitrogenous fertilizers and materials nes,4,TRUE,C00,TOTAL CPC,0,0,TOTAL MOT,8,kg,297884768,FALSE,-1,N/A,,FALSE,297884768,FALSE,,FALSE,12439832,,12439832,0,TRUE,FALSE
C,A,19640101,1964,52,1964,826,GBR,United Kingdom,X,Export,0,W00,World,0,W00,World,S1,S1,TRUE,5611,Nitrogenous fertilizers and materials nes,4,TRUE,C00,TOTAL CPC,0,0,TOTAL MOT,8,kg,384012896,FALSE,-1,N/A,,FALSE,384012896,FALSE,,FALSE,,14945144,14945144,0,TRUE,FALSE
C,A,19640101,1964,52,1964,841,USA,USA and Puerto Rico (...1980),M,Import,0,W00,World,0,W00,World,S1,S1,TRUE,5611,Nitrogenous fertilizers and materials nes,4,TRUE,C00,TOTAL CPC,0,0,TOTAL MOT,-1,N/A,0,FALSE,-1,N/A,,FALSE,,FALSE,,FALSE,52682323,,52682323,0,TRUE,FALSE
C,A,19640101,1964,52,1964,841,USA,USA and Puerto Rico (...1980),X,Export,0,W00,World,0,W00,World,S1,S1,TRUE,5611,Nitrogenous fertilizers and materials nes,4,TRUE,C00,TOTAL CPC,0,0,TOTAL MOT,-1,N/A,0,FALSE,-1,N/A,,FALSE,,FALSE,,FALSE,,38657840,38657840,0,TRUE,FALSE
C,A,19640101,1964,52,1964,854,BFA,Burkina Faso,M,Import,0,W00,World,0,W00,World,S1,S1,TRUE,5611,Nitrogenous fertilizers and materials nes,4,TRUE,C00,TOTAL CPC,0,0,TOTAL MOT,8,kg,266187,FALSE,-1,N/A,,FALSE,266187,FALSE,,FALSE,23821,,23821,0,TRUE,FALSE
C,A,19640101,1964,52,1964,862,VEN,Venezuela,M,Import,0,W00,World,0,W00,World,S1,S1,TRUE,5611,Nitrogenous fertilizers and materials nes,4,TRUE,C00,TOTAL CPC,0,0,TOTAL MOT,8,kg,6041275,FALSE,-1,N/A,,FALSE,6041275,FALSE,,FALSE,444894,,444894,0,TRUE,FALSE
C,A,19640101,1964,52,1964,868,VNM,Rep. of Vietnam (...1974),M,Import,0,W00,World,0,W00,World,S1,S1,TRUE,5611,Nitrogenous fertilizers and materials nes,4,TRUE,C00,TOTAL CPC,0,0,TOTAL MOT,8,kg,76828960,FALSE,-1,N/A,,FALSE,76828960,FALSE,,FALSE,6605843,,6605843,0,TRUE,FALSE
C,A,19640101,1964,52,1964,890,YUG,Yugoslavia (...1991),M,Import,0,W00,World,0,W00,World,S1,S1,TRUE,5611,Nitrogenous fertilizers and materials nes,4,TRUE,C00,TOTAL CPC,0,0,TOTAL MOT,8,kg,518189728,FALSE,-1,N/A,,FALSE,518189728,FALSE,,FALSE,21996384,,21996384,0,TRUE,FALSE
C,A,19640101,1964,52,1964,890,YUG,Yugoslavia (...1991),X,Export,0,W00,World,0,W00,World,S1,S1,TRUE,5611,Nitrogenous fertilizers and materials nes,4,TRUE,C00,TOTAL CPC,0,0,TOTAL MOT,8,kg,46500,FALSE,-1,N/A,,FALSE,46500,FALSE,,FALSE,,2603,2603,0,TRUE,FALSE
C,A,19650101,1965,52,1965,32,ARG,Argentina,M,Import,0,W00,World,0,W00,World,S1,S1,TRUE,5611,Nitrogenous fertilizers and materials nes,4,TRUE,C00,TOTAL CPC,0,0,TOTAL MOT,8,kg,45804044,FALSE,-1,N/A,,FALSE,45804044,FALSE,,FALSE,2734566,,2734566,0,TRUE,FALSE
C,A,19650101,1965,52,1965,36,AUS,Australia,M,Import,0,W00,World,0,W00,World,S1,S1,TRUE,5611,Nitrogenous fertilizers and materials nes,4,TRUE,C00,TOTAL CPC,0,0,TOTAL MOT,-1,N/A,0,FALSE,-1,N/A,,FALSE,,FALSE,,FALSE,583771,,583771,0,TRUE,FALSE
C,A,19650101,1965,52,1965,58,BEL,Belgium-Luxembourg (...1998),M,Import,0,W00,World,0,W00,World,S1,S1,TRUE,5611,Nitrogenous fertilizers and materials nes,4,TRUE,C00,TOTAL CPC,0,0,TOTAL MOT,8,kg,151379287,FALSE,-1,N/A,,FALSE,151379287,FALSE,,FALSE,6481594,,6481594,0,TRUE,FALSE
C,A,19650101,1965,52,1965,58,BEL,Belgium-Luxembourg (...1998),X,Export,0,W00,World,0,W00,World,S1,S1,TRUE,5611,Nitrogenous fertilizers and materials nes,4,TRUE,C00,TOTAL CPC,0,0,TOTAL MOT,8,kg,763413987,FALSE,-1,N/A,,FALSE,763413987,FALSE,,FALSE,,36416649,36416649,0,TRUE,FALSE
C,A,19650101,1965,52,1965,68,BOL,Bolivia (Plurinational State of),M,Import,0,W00,World,0,W00,World,S1,S1,TRUE,5611,Nitrogenous fertilizers and materials nes,4,TRUE,C00,TOTAL CPC,0,0,TOTAL MOT,8,kg,2714080,FALSE,-1,N/A,,FALSE,2714080,FALSE,,FALSE,296196,,296196,0,TRUE,FALSE
C,A,19650101,1965,52,1965,76,BRA,Brazil,M,Import,0,W00,World,0,W00,World,S1,S1,TRUE,5611,Nitrogenous fertilizers and materials nes,4,TRUE,C00,TOTAL CPC,0,0,TOTAL MOT,8,kg,222999600,FALSE,-1,N/A,,FALSE,222999600,FALSE,,FALSE,12335112,,12335112,0,TRUE,FALSE
C,A,19650101,1965,52,1965,96,BRN,Brunei Darussalam,M,Import,0,W00,World,0,W00,World,S1,S1,TRUE,5611,Nitrogenous fertilizers and materials nes,4,TRUE,C00,TOTAL CPC,0,0,TOTAL MOT,8,kg,22373,FALSE,-1,N/A,,FALSE,22373,FALSE,,FALSE,2035,,2035,0,TRUE,FALSE
C,A,19650101,1965,52,1965,104,MMR,Myanmar,M,Import,0,W00,World,0,W00,World,S1,S1,TRUE,5611,Nitrogenous fertilizers and materials nes,4,TRUE,C00,TOTAL CPC,0,0,TOTAL MOT,8,kg,9077361,FALSE,-1,N/A,,FALSE,9077361,FALSE,,FALSE,575465,,575465,0,TRUE,FALSE
C,A,19650101,1965,52,1965,116,KHM,Cambodia,M,Import,0,W00,World,0,W00,World,S1,S1,TRUE,5611,Nitrogenous fertilizers and materials nes,4,TRUE,C00,TOTAL CPC,0,0,TOTAL MOT,8,kg,1308405,FALSE,-1,N/A,,FALSE,1308405,FALSE,,FALSE,94379,,94379,0,TRUE,FALSE
C,A,19650101,1965,52,1965,120,CMR,Cameroon,M,Import,0,W00,World,0,W00,World,S1,S1,TRUE,5611,Nitrogenous fertilizers and materials nes,4,TRUE,C00,TOTAL CPC,0,0,TOTAL MOT,8,kg,24391500,FALSE,-1,N/A,,FALSE,24391500,FALSE,,FALSE,1369763,,1369763,0,TRUE,FALSE
C,A,19650101,1965,52,1965,120,CMR,Cameroon,X,Export,0,W00,World,0,W00,World,S1,S1,TRUE,5611,Nitrogenous fertilizers and materials nes,4,TRUE,C00,TOTAL CPC,0,0,TOTAL MOT,8,kg,0,FALSE,-1,N/A,,FALSE,,FALSE,,FALSE,,4,4,0,TRUE,FALSE
C,A,19650101,1965,52,1965,124,CAN,Canada,M,Import,0,W00,World,0,W00,World,S1,S1,TRUE,5611,Nitrogenous fertilizers and materials nes,4,TRUE,C00,TOTAL CPC,0,0,TOTAL MOT,8,kg,49321060,FALSE,-1,N/A,,FALSE,49321060,FALSE,,FALSE,2630399,,2630399,0,TRUE,FALSE
C,A,19650101,1965,52,1965,124,CAN,Canada,X,Export,0,W00,World,0,W00,World,S1,S1,TRUE,5611,Nitrogenous fertilizers and materials nes,4,TRUE,C00,TOTAL CPC,0,0,TOTAL MOT,-1,N/A,0,FALSE,-1,N/A,,FALSE,,FALSE,,FALSE,,31481380,31481380,0,TRUE,FALSE
C,A,19650101,1965,52,1965,140,CAF,Central African Rep.,M,Import,0,W00,World,0,W00,World,S1,S1,TRUE,5611,Nitrogenous fertilizers and materials nes,4,TRUE,C00,TOTAL CPC,0,0,TOTAL MOT,8,kg,1967999,FALSE,-1,N/A,,FALSE,1967999,FALSE,,FALSE,137729,,137729,0,TRUE,FALSE
C,A,19650101,1965,52,1965,144,LKA,Sri Lanka,M,Import,0,W00,World,0,W00,World,S1,S1,TRUE,5611,Nitrogenous fertilizers and materials nes,4,TRUE,C00,TOTAL CPC,0,0,TOTAL MOT,8,kg,185653280,FALSE,-1,N/A,,FALSE,185653280,FALSE,,FALSE,11492467,,11492467,0,TRUE,FALSE
C,A,19650101,1965,52,1965,148,TCD,Chad,M,Import,0,W00,World,0,W00,World,S1,S1,TRUE,5611,Nitrogenous fertilizers and materials nes,4,TRUE,C00,TOTAL CPC,0,0,TOTAL MOT,8,kg,398,FALSE,-1,N/A,,FALSE,398,FALSE,,FALSE,85,,85,0,TRUE,FALSE
C,A,19650101,1965,52,1965,152,CHL,Chile,M,Import,0,W00,World,0,W00,World,S1,S1,TRUE,5611,Nitrogenous fertilizers and materials nes,4,TRUE,C00,TOTAL CPC,0,0,TOTAL MOT,8,kg,21087686,FALSE,-1,N/A,,FALSE,21087686,FALSE,,FALSE,2307697,,2307697,0,TRUE,FALSE
C,A,19650101,1965,52,1965,170,COL,Colombia,M,Import,0,W00,World,0,W00,World,S1,S1,TRUE,5611,Nitrogenous fertilizers and materials nes,4,TRUE,C00,TOTAL CPC,0,0,TOTAL MOT,8,kg,203751,FALSE,-1,N/A,,FALSE,203751,FALSE,,FALSE,41716,,41716,0,TRUE,FALSE
C,A,19650101,1965,52,1965,170,COL,Colombia,X,Export,0,W00,World,0,W00,World,S1,S1,TRUE,5611,Nitrogenous fertilizers and materials nes,4,TRUE,C00,TOTAL CPC,0,0,TOTAL MOT,8,kg,6832601,FALSE,-1,N/A,,FALSE,6832601,FALSE,,FALSE,,632932,632932,0,TRUE,FALSE
C,A,19650101,1965,52,1965,178,COG,Congo,M,Import,0,W00,World,0,W00,World,S1,S1,TRUE,5611,Nitrogenous fertilizers and materials nes,4,TRUE,C00,TOTAL CPC,0,0,TOTAL MOT,8,kg,1075625,FALSE,-1,N/A,,FALSE,1075625,FALSE,,FALSE,61567,,61567,0,TRUE,FALSE
C,A,19650101,1965,52,1965,180,COD,Dem. Rep. of the Congo,M,Import,0,W00,World,0,W00,World,S1,S1,TRUE,5611,Nitrogenous fertilizers and materials nes,4,TRUE,C00,TOTAL CPC,0,0,TOTAL MOT,8,kg,1251206,FALSE,-1,N/A,,FALSE,1251206,FALSE,,FALSE,121497,,121497,0,TRUE,FALSE
C,A,19650101,1965,52,1965,188,CRI,Costa Rica,M,Import,0,W00,World,0,W00,World,S1,S1,TRUE,5611,Nitrogenous fertilizers and materials nes,4,TRUE,C00,TOTAL CPC,0,0,TOTAL MOT,8,kg,83820264,FALSE,-1,N/A,,FALSE,83820264,FALSE,,FALSE,6335230,,6335230,0,TRUE,FALSE
C,A,19650101,1965,52,1965,204,BEN,Benin,M,Import,0,W00,World,0,W00,World,S1,S1,TRUE,5611,Nitrogenous fertilizers and materials nes,4,TRUE,C00,TOTAL CPC,0,0,TOTAL MOT,8,kg,831375,FALSE,-1,N/A,,FALSE,831375,FALSE,,FALSE,53865,,53865,0,TRUE,FALSE
C,A,19650101,1965,52,1965,208,DNK,Denmark,M,Import,0,W00,World,0,W00,World,S1,S1,TRUE,5611,Nitrogenous fertilizers and materials nes,4,TRUE,C00,TOTAL CPC,0,0,TOTAL MOT,8,kg,600493952,FALSE,-1,N/A,,FALSE,600493952,FALSE,,FALSE,22376192,,22376192,0,TRUE,FALSE
C,A,19650101,1965,52,1965,208,DNK,Denmark,X,Export,0,W00,World,0,W00,World,S1,S1,TRUE,5611,Nitrogenous fertilizers and materials nes,4,TRUE,C00,TOTAL CPC,0,0,TOTAL MOT,8,kg,13051,FALSE,-1,N/A,,FALSE,13051,FALSE,,FALSE,,1156,1156,0,TRUE,FALSE
C,A,19650101,1965,52,1965,218,ECU,Ecuador,M,Import,0,W00,World,0,W00,World,S1,S1,TRUE,5611,Nitrogenous fertilizers and materials nes,4,TRUE,C00,TOTAL CPC,0,0,TOTAL MOT,8,kg,11820198,FALSE,-1,N/A,,FALSE,11820198,FALSE,,FALSE,1065598,,1065598,0,TRUE,FALSE
C,A,19650101,1965,52,1965,222,SLV,El Salvador,M,Import,0,W00,World,0,W00,World,S1,S1,TRUE,5611,Nitrogenous fertilizers and materials nes,4,TRUE,C00,TOTAL CPC,0,0,TOTAL MOT,8,kg,74827824,FALSE,-1,N/A,,FALSE,74827824,FALSE,,FALSE,4976885,,4976885,0,TRUE,FALSE
C,A,19650101,1965,52,1965,222,SLV,El Salvador,X,Export,0,W00,World,0,W00,World,S1,S1,TRUE,5611,Nitrogenous fertilizers and materials nes,4,TRUE,C00,TOTAL CPC,0,0,TOTAL MOT,8,kg,710850,FALSE,-1,N/A,,FALSE,710850,FALSE,,FALSE,,80249,80249,0,TRUE,FALSE
C,A,19650101,1965,52,1965,246,FIN,Finland,M,Import,0,W00,World,0,W00,World,S1,S1,TRUE,5611,Nitrogenous fertilizers and materials nes,4,TRUE,C00,TOTAL CPC,0,0,TOTAL MOT,8,kg,157126048,FALSE,-1,N/A,,FALSE,157126048,FALSE,,FALSE,7351545,,7351545,0,TRUE,FALSE
C,A,19650101,1965,52,1965,246,FIN,Finland,X,Export,0,W00,World,0,W00,World,S1,S1,TRUE,5611,Nitrogenous fertilizers and materials nes,4,TRUE,C00,TOTAL CPC,0,0,TOTAL MOT,8,kg,398,FALSE,-1,N/A,,FALSE,398,FALSE,,FALSE,,299,299,0,TRUE,FALSE
C,A,19650101,1965,52,1965,251,FRA,France,M,Import,0,W00,World,0,W00,World,S1,S1,TRUE,5611,Nitrogenous fertilizers and materials nes,4,TRUE,C00,TOTAL CPC,0,0,TOTAL MOT,8,kg,128155584,FALSE,-1,N/A,,FALSE,128155584,FALSE,,FALSE,6073244,,6073244,0,TRUE,FALSE
C,A,19650101,1965,52,1965,251,FRA,France,X,Export,0,W00,World,0,W00,World,S1,S1,TRUE,5611,Nitrogenous fertilizers and materials nes,4,TRUE,C00,TOTAL CPC,0,0,TOTAL MOT,8,kg,645416896,FALSE,-1,N/A,,FALSE,645416896,FALSE,,FALSE,,26729236,26729236,0,TRUE,FALSE
C,A,19650101,1965,52,1965,266,GAB,Gabon,M,Import,0,W00,World,0,W00,World,S1,S1,TRUE,5611,Nitrogenous fertilizers and materials nes,4,TRUE,C00,TOTAL CPC,0,0,TOTAL MOT,8,kg,5000,FALSE,-1,N/A,,FALSE,5000,FALSE,,FALSE,664,,664,0,TRUE,FALSE
C,A,19650101,1965,52,1965,280,DEU,Fed. Rep. of Germany (...1990),M,Import,0,W00,World,0,W00,World,S1,S1,TRUE,5611,Nitrogenous fertilizers and materials nes,4,TRUE,C00,TOTAL CPC,0,0,TOTAL MOT,8,kg,158072912,FALSE,-1,N/A,,TRUE,158072912,FALSE,-1,TRUE,7101000,,7101000,0,FALSE,FALSE
C,A,19650101,1965,52,1965,280,DEU,Fed. Rep. of Germany (...1990),X,Export,0,W00,World,0,W00,World,S1,S1,TRUE,5611,Nitrogenous fertilizers and materials nes,4,TRUE,C00,TOTAL CPC,0,0,TOTAL MOT,8,kg,1354221952,FALSE,-1,N/A,,TRUE,1354221952,FALSE,-1,TRUE,,58217000,58217000,0,FALSE,FALSE
C,A,19650101,1965,52,1965,288,GHA,Ghana,M,Import,0,W00,World,0,W00,World,S1,S1,TRUE,5611,Nitrogenous fertilizers and materials nes,4,TRUE,C00,TOTAL CPC,0,0,TOTAL MOT,8,kg,872818,FALSE,-1,N/A,,FALSE,872818,FALSE,,FALSE,58800,,58800,0,TRUE,FALSE
C,A,19650101,1965,52,1965,300,GRC,Greece,M,Import,0,W00,World,0,W00,World,S1,S1,TRUE,5611,Nitrogenous fertilizers and materials nes,4,TRUE,C00,TOTAL CPC,0,0,TOTAL MOT,8,kg,194837552,FALSE,-1,N/A,,FALSE,194837552,FALSE,,FALSE,9574015,,9574015,0,TRUE,FALSE
C,A,19650101,1965,52,1965,320,GTM,Guatemala,M,Import,0,W00,World,0,W00,World,S1,S1,TRUE,5611,Nitrogenous fertilizers and materials nes,4,TRUE,C00,TOTAL CPC,0,0,TOTAL MOT,8,kg,33618424,FALSE,-1,N/A,,FALSE,33618424,FALSE,,FALSE,2255676,,2255676,0,TRUE,FALSE
C,A,19650101,1965,52,1965,340,HND,Honduras,M,Import,0,W00,World,0,W00,World,S1,S1,TRUE,5611,Nitrogenous fertilizers and materials nes,4,TRUE,C00,TOTAL CPC,0,0,TOTAL MOT,8,kg,21060260,FALSE,-1,N/A,,FALSE,21060260,FALSE,,FALSE,2025334,,2025334,0,TRUE,FALSE
C,A,19650101,1965,52,1965,344,HKG,"China, Hong Kong SAR",M,Import,0,W00,World,0,W00,World,S1,S1,TRUE,5611,Nitrogenous fertilizers and materials nes,4,TRUE,C00,TOTAL CPC,0,0,TOTAL MOT,8,kg,1233642,FALSE,-1,N/A,,FALSE,1233642,FALSE,,FALSE,108477,,108477,0,TRUE,FALSE
C,A,19650101,1965,52,1965,352,ISL,Iceland,M,Import,0,W00,World,0,W00,World,S1,S1,TRUE,5611,Nitrogenous fertilizers and materials nes,4,TRUE,C00,TOTAL CPC,0,0,TOTAL MOT,8,kg,11483049,FALSE,-1,N/A,,FALSE,11483049,FALSE,,FALSE,786725,,786725,0,TRUE,FALSE
C,A,19650101,1965,52,1965,356,IND,India (...1974),M,Import,0,W00,World,0,W00,World,S1,S1,TRUE,5611,Nitrogenous fertilizers and materials nes,4,TRUE,C00,TOTAL CPC,0,0,TOTAL MOT,8,kg,1017208000,FALSE,-1,N/A,,FALSE,1017208000,FALSE,,FALSE,63290504,,63290504,0,TRUE,FALSE
C,A,19650101,1965,52,1965,356,IND,India (...1974),X,Export,0,W00,World,0,W00,World,S1,S1,TRUE,5611,Nitrogenous fertilizers and materials nes,4,TRUE,C00,TOTAL CPC,0,0,TOTAL MOT,8,kg,20000,FALSE,-1,N/A,,FALSE,20000,FALSE,,FALSE,,1343,1343,0,TRUE,FALSE
C,A,19650101,1965,52,1965,364,IRN,Iran,M,Import,0,W00,World,0,W00,World,S1,S1,TRUE,5611,Nitrogenous fertilizers and materials nes,4,TRUE,C00,TOTAL CPC,0,0,TOTAL MOT,8,kg,7255101,FALSE,-1,N/A,,FALSE,7255101,FALSE,,FALSE,586228,,586228,0,TRUE,FALSE
C,A,19650101,1965,52,1965,364,IRN,Iran,X,Export,0,W00,World,0,W00,World,S1,S1,TRUE,5611,Nitrogenous fertilizers and materials nes,4,TRUE,C00,TOTAL CPC,0,0,TOTAL MOT,8,kg,6201250,FALSE,-1,N/A,,FALSE,6201250,FALSE,,FALSE,,539024,539024,0,TRUE,FALSE
C,A,19650101,1965,52,1965,372,IRL,Ireland,M,Import,0,W00,World,0,W00,World,S1,S1,TRUE,5611,Nitrogenous fertilizers and materials nes,4,TRUE,C00,TOTAL CPC,0,0,TOTAL MOT,8,kg,115907608,FALSE,-1,N/A,,FALSE,115907608,FALSE,,FALSE,5232259,,5232259,0,TRUE,FALSE
C,A,19650101,1965,52,1965,376,ISR,Israel,M,Import,0,W00,World,0,W00,World,S1,S1,TRUE,5611,Nitrogenous fertilizers and materials nes,4,TRUE,C00,TOTAL CPC,0,0,TOTAL MOT,8,kg,4191863,FALSE,-1,N/A,,FALSE,4191863,FALSE,,FALSE,431479,,431479,0,TRUE,FALSE
C,A,19650101,1965,52,1965,380,ITA,Italy,M,Import,0,W00,World,0,W00,World,S1,S1,TRUE,5611,Nitrogenous fertilizers and materials nes,4,TRUE,C00,TOTAL CPC,0,0,TOTAL MOT,8,kg,1890396,FALSE,-1,N/A,,TRUE,1890396,FALSE,-1,TRUE,70127,,70127,0,FALSE,FALSE
C,A,19650101,1965,52,1965,380,ITA,Italy,X,Export,0,W00,World,0,W00,World,S1,S1,TRUE,5611,Nitrogenous fertilizers and materials nes,4,TRUE,C00,TOTAL CPC,0,0,TOTAL MOT,8,kg,1160838400,FALSE,-1,N/A,,TRUE,1160838400,FALSE,-1,TRUE,,54900992,54900992,0,FALSE,FALSE
C,A,19650101,1965,52,1965,384,CIV,CÙte d'Ivoire,M,Import,0,W00,World,0,W00,World,S1,S1,TRUE,5611,Nitrogenous fertilizers and materials nes,4,TRUE,C00,TOTAL CPC,0,0,TOTAL MOT,8,kg,53893,FALSE,-1,N/A,,FALSE,53893,FALSE,,FALSE,6436,,6436,0,TRUE,FALSE
C,A,19650101,1965,52,1965,392,JPN,Japan,M,Import,0,W00,World,0,W00,World,S1,S1,TRUE,5611,Nitrogenous fertilizers and materials nes,4,TRUE,C00,TOTAL CPC,0,0,TOTAL MOT,8,kg,300000,FALSE,-1,N/A,,FALSE,300000,FALSE,,FALSE,29296,,29296,0,TRUE,FALSE
C,A,19650101,1965,52,1965,392,JPN,Japan,X,Export,0,W00,World,0,W00,World,S1,S1,TRUE,5611,Nitrogenous fertilizers and materials nes,4,TRUE,C00,TOTAL CPC,0,0,TOTAL MOT,8,kg,1363200000,FALSE,-1,N/A,,FALSE,1363200000,FALSE,,FALSE,,67068304,67068304,0,TRUE,FALSE
C,A,19650101,1965,52,1965,410,KOR,Rep. of Korea,M,Import,0,W00,World,0,W00,World,S1,S1,TRUE,5611,Nitrogenous fertilizers and materials nes,4,TRUE,C00,TOTAL CPC,0,0,TOTAL MOT,8,kg,573441920,FALSE,-1,N/A,,FALSE,573441920,FALSE,,FALSE,37758860,,37758860,0,TRUE,FALSE
C,A,19650101,1965,52,1965,418,LAO,Lao People's Dem. Rep.,M,Import,0,W00,World,0,W00,World,S1,S1,TRUE,5611,Nitrogenous fertilizers and materials nes,4,TRUE,C00,TOTAL CPC,0,0,TOTAL MOT,8,kg,250,FALSE,-1,N/A,,FALSE,250,FALSE,,FALSE,21,,21,0,TRUE,FALSE
C,A,19650101,1965,52,1965,450,MDG,Madagascar,M,Import,0,W00,World,0,W00,World,S1,S1,TRUE,5611,Nitrogenous fertilizers and materials nes,4,TRUE,C00,TOTAL CPC,0,0,TOTAL MOT,8,kg,1804975,FALSE,-1,N/A,,FALSE,1804975,FALSE,,FALSE,115510,,115510,0,TRUE,FALSE
C,A,19650101,1965,52,1965,458,MYS,Malaysia,M,Import,0,W00,World,0,W00,World,S1,S1,TRUE,5611,Nitrogenous fertilizers and materials nes,4,TRUE,C00,TOTAL CPC,0,0,TOTAL MOT,8,kg,150654480,FALSE,-1,N/A,,FALSE,150654480,FALSE,,FALSE,9966713,,9966713,0,TRUE,FALSE
C,A,19650101,1965,52,1965,458,MYS,Malaysia,X,Export,0,W00,World,0,W00,World,S1,S1,TRUE,5611,Nitrogenous fertilizers and materials nes,4,TRUE,C00,TOTAL CPC,0,0,TOTAL MOT,8,kg,1666472,FALSE,-1,N/A,,FALSE,1666472,FALSE,,FALSE,,111890,111890,0,TRUE,FALSE
C,A,19650101,1965,52,1965,470,MLT,Malta,M,Import,0,W00,World,0,W00,World,S1,S1,TRUE,5611,Nitrogenous fertilizers and materials nes,4,TRUE,C00,TOTAL CPC,0,0,TOTAL MOT,8,kg,945937,FALSE,-1,N/A,,FALSE,945937,FALSE,,FALSE,39722,,39722,0,TRUE,FALSE
C,A,19650101,1965,52,1965,478,MRT,Mauritania,M,Import,0,W00,World,0,W00,World,S1,S1,TRUE,5611,Nitrogenous fertilizers and materials nes,4,TRUE,C00,TOTAL CPC,0,0,TOTAL MOT,8,kg,1969010,FALSE,-1,N/A,,FALSE,1969010,FALSE,,FALSE,216762,,216762,0,TRUE,FALSE
C,A,19650101,1965,52,1965,484,MEX,Mexico,M,Import,0,W00,World,0,W00,World,S1,S1,TRUE,5611,Nitrogenous fertilizers and materials nes,4,TRUE,C00,TOTAL CPC,0,0,TOTAL MOT,8,kg,162739344,FALSE,-1,N/A,,FALSE,162739344,FALSE,,FALSE,10221515,,10221515,0,TRUE,FALSE
C,A,19650101,1965,52,1965,484,MEX,Mexico,X,Export,0,W00,World,0,W00,World,S1,S1,TRUE,5611,Nitrogenous fertilizers and materials nes,4,TRUE,C00,TOTAL CPC,0,0,TOTAL MOT,8,kg,3658745,FALSE,-1,N/A,,FALSE,3658745,FALSE,,FALSE,,385668,385668,0,TRUE,FALSE
C,A,19650101,1965,52,1965,490,S19,"Other Asia, nes",M,Import,0,W00,World,0,W00,World,S1,S1,TRUE,5611,Nitrogenous fertilizers and materials nes,4,TRUE,C00,TOTAL CPC,0,0,TOTAL MOT,8,kg,183276992,FALSE,-1,N/A,,FALSE,183276992,FALSE,,FALSE,9389866,,9389866,0,TRUE,FALSE
C,A,19650101,1965,52,1965,490,S19,"Other Asia, nes",X,Export,0,W00,World,0,W00,World,S1,S1,TRUE,5611,Nitrogenous fertilizers and materials nes,4,TRUE,C00,TOTAL CPC,0,0,TOTAL MOT,8,kg,32008200,FALSE,-1,N/A,,FALSE,32008200,FALSE,,FALSE,,3374074,3374074,0,TRUE,FALSE
C,A,19650101,1965,52,1965,504,MAR,Morocco,M,Import,0,W00,World,0,W00,World,S1,S1,TRUE,5611,Nitrogenous fertilizers and materials nes,4,TRUE,C00,TOTAL CPC,0,0,TOTAL MOT,8,kg,48481760,FALSE,-1,N/A,,FALSE,48481760,FALSE,,FALSE,3125205,,3125205,0,TRUE,FALSE
C,A,19650101,1965,52,1965,504,MAR,Morocco,X,Export,0,W00,World,0,W00,World,S1,S1,TRUE,5611,Nitrogenous fertilizers and materials nes,4,TRUE,C00,TOTAL CPC,0,0,TOTAL MOT,8,kg,265000,FALSE,-1,N/A,,FALSE,265000,FALSE,,FALSE,,7188,7188,0,TRUE,FALSE
C,A,19650101,1965,52,1965,528,NLD,Netherlands,M,Import,0,W00,World,0,W00,World,S1,S1,TRUE,5611,Nitrogenous fertilizers and materials nes,4,TRUE,C00,TOTAL CPC,0,0,TOTAL MOT,8,kg,6593071,FALSE,-1,N/A,,FALSE,6593071,FALSE,,FALSE,418591,,418591,0,TRUE,FALSE
C,A,19650101,1965,52,1965,528,NLD,Netherlands,X,Export,0,W00,World,0,W00,World,S1,S1,TRUE,5611,Nitrogenous fertilizers and materials nes,4,TRUE,C00,TOTAL CPC,0,0,TOTAL MOT,8,kg,583518656,FALSE,-1,N/A,,FALSE,583518656,FALSE,,FALSE,,25394448,25394448,0,TRUE,FALSE
C,A,19650101,1965,52,1965,554,NZL,New Zealand,M,Import,0,W00,World,0,W00,World,S1,S1,TRUE,5611,Nitrogenous fertilizers and materials nes,4,TRUE,C00,TOTAL CPC,0,0,TOTAL MOT,-1,N/A,0,FALSE,-1,N/A,,FALSE,,FALSE,,FALSE,1496001,,1496001,0,TRUE,FALSE
C,A,19650101,1965,52,1965,554,NZL,New Zealand,X,Export,0,W00,World,0,W00,World,S1,S1,TRUE,5611,Nitrogenous fertilizers and materials nes,4,TRUE,C00,TOTAL CPC,0,0,TOTAL MOT,8,kg,29479,FALSE,-1,N/A,,FALSE,29479,FALSE,,FALSE,,19531,19531,0,TRUE,FALSE
C,A,19650101,1965,52,1965,558,NIC,Nicaragua,M,Import,0,W00,World,0,W00,World,S1,S1,TRUE,5611,Nitrogenous fertilizers and materials nes,4,TRUE,C00,TOTAL CPC,0,0,TOTAL MOT,8,kg,22758784,FALSE,-1,N/A,,FALSE,22758784,FALSE,,FALSE,2998893,,2998893,0,TRUE,FALSE
C,A,19650101,1965,52,1965,562,NER,Niger,M,Import,0,W00,World,0,W00,World,S1,S1,TRUE,5611,Nitrogenous fertilizers and materials nes,4,TRUE,C00,TOTAL CPC,0,0,TOTAL MOT,8,kg,34750,FALSE,-1,N/A,,FALSE,34750,FALSE,,FALSE,5196,,5196,0,TRUE,FALSE
C,A,19650101,1965,52,1965,566,NGA,Nigeria,M,Import,0,W00,World,0,W00,World,S1,S1,TRUE,5611,Nitrogenous fertilizers and materials nes,4,TRUE,C00,TOTAL CPC,0,0,TOTAL MOT,8,kg,14835388,FALSE,-1,N/A,,FALSE,14835388,FALSE,,FALSE,1090167,,1090167,0,TRUE,FALSE
C,A,19650101,1965,52,1965,579,NOR,Norway,M,Import,0,W00,World,0,W00,World,S1,S1,TRUE,5611,Nitrogenous fertilizers and materials nes,4,TRUE,C00,TOTAL CPC,0,0,TOTAL MOT,8,kg,10591042,FALSE,-1,N/A,,FALSE,10591042,FALSE,,FALSE,768767,,768767,0,TRUE,FALSE
C,A,19650101,1965,52,1965,579,NOR,Norway,X,Export,0,W00,World,0,W00,World,S1,S1,TRUE,5611,Nitrogenous fertilizers and materials nes,4,TRUE,C00,TOTAL CPC,0,0,TOTAL MOT,8,kg,1438252032,FALSE,-1,N/A,,FALSE,1438252032,FALSE,,FALSE,,54397432,54397432,0,TRUE,FALSE
C,A,19650101,1965,52,1965,588,PAK,East and West Pakistan (...1971),M,Import,0,W00,World,0,W00,World,S1,S1,TRUE,5611,Nitrogenous fertilizers and materials nes,4,TRUE,C00,TOTAL CPC,0,0,TOTAL MOT,-1,N/A,0,FALSE,-1,N/A,,FALSE,,FALSE,,FALSE,6966202,,6966202,0,TRUE,FALSE
C,A,19650101,1965,52,1965,590,PAN,"Panama, excl.Canal Zone (...1977)",M,Import,0,W00,World,0,W00,World,S1,S1,TRUE,5611,Nitrogenous fertilizers and materials nes,4,TRUE,C00,TOTAL CPC,0,0,TOTAL MOT,8,kg,22846904,FALSE,-1,N/A,,FALSE,22846904,FALSE,,FALSE,1983087,,1983087,0,TRUE,FALSE
C,A,19650101,1965,52,1965,604,PER,Peru,M,Import,0,W00,World,0,W00,World,S1,S1,TRUE,5611,Nitrogenous fertilizers and materials nes,4,TRUE,C00,TOTAL CPC,0,0,TOTAL MOT,8,kg,111595904,FALSE,-1,N/A,,FALSE,111595904,FALSE,,FALSE,8598693,,8598693,0,TRUE,FALSE
C,A,19650101,1965,52,1965,608,PHL,Philippines,M,Import,0,W00,World,0,W00,World,S1,S1,TRUE,5611,Nitrogenous fertilizers and materials nes,4,TRUE,C00,TOTAL CPC,0,0,TOTAL MOT,8,kg,113179792,FALSE,-1,N/A,,FALSE,113179792,FALSE,,FALSE,8061401,,8061401,0,TRUE,FALSE
C,A,19650101,1965,52,1965,620,PRT,Portugal,M,Import,0,W00,World,0,W00,World,S1,S1,TRUE,5611,Nitrogenous fertilizers and materials nes,4,TRUE,C00,TOTAL CPC,0,0,TOTAL MOT,8,kg,7165268,FALSE,-1,N/A,,FALSE,7165268,FALSE,,FALSE,462180,,462180,0,TRUE,FALSE
C,A,19650101,1965,52,1965,620,PRT,Portugal,X,Export,0,W00,World,0,W00,World,S1,S1,TRUE,5611,Nitrogenous fertilizers and materials nes,4,TRUE,C00,TOTAL CPC,0,0,TOTAL MOT,8,kg,86658472,FALSE,-1,N/A,,FALSE,86658472,FALSE,,FALSE,,4859389,4859389,0,TRUE,FALSE
C,A,19650101,1965,52,1965,686,SEN,Senegal,M,Import,0,W00,World,0,W00,World,S1,S1,TRUE,5611,Nitrogenous fertilizers and materials nes,4,TRUE,C00,TOTAL CPC,0,0,TOTAL MOT,8,kg,8302625,FALSE,-1,N/A,,FALSE,8302625,FALSE,,FALSE,561840,,561840,0,TRUE,FALSE
C,A,19650101,1965,52,1965,702,SGP,Singapore,M,Import,0,W00,World,0,W00,World,S1,S1,TRUE,5611,Nitrogenous fertilizers and materials nes,4,TRUE,C00,TOTAL CPC,0,0,TOTAL MOT,8,kg,49218888,FALSE,-1,N/A,,FALSE,49218888,FALSE,,FALSE,3175226,,3175226,0,TRUE,FALSE
C,A,19650101,1965,52,1965,702,SGP,Singapore,X,Export,0,W00,World,0,W00,World,S1,S1,TRUE,5611,Nitrogenous fertilizers and materials nes,4,TRUE,C00,TOTAL CPC,0,0,TOTAL MOT,8,kg,29923244,FALSE,-1,N/A,,FALSE,29923244,FALSE,,FALSE,,2230545,2230545,0,TRUE,FALSE
C,A,19650101,1965,52,1965,724,ESP,Spain,M,Import,0,W00,World,0,W00,World,S1,S1,TRUE,5611,Nitrogenous fertilizers and materials nes,4,TRUE,C00,TOTAL CPC,0,0,TOTAL MOT,8,kg,727632256,FALSE,-1,N/A,,FALSE,727632256,FALSE,,FALSE,34702868,,34702868,0,TRUE,FALSE
C,A,19650101,1965,52,1965,724,ESP,Spain,X,Export,0,W00,World,0,W00,World,S1,S1,TRUE,5611,Nitrogenous fertilizers and materials nes,4,TRUE,C00,TOTAL CPC,0,0,TOTAL MOT,8,kg,1496875,FALSE,-1,N/A,,FALSE,1496875,FALSE,,FALSE,,78009,78009,0,TRUE,FALSE
C,A,19650101,1965,52,1965,736,SDN,Sudan (...2011),M,Import,0,W00,World,0,W00,World,S1,S1,TRUE,5611,Nitrogenous fertilizers and materials nes,4,TRUE,C00,TOTAL CPC,0,0,TOTAL MOT,8,kg,76606000,FALSE,-1,N/A,,FALSE,76606000,FALSE,,FALSE,6092488,,6092488,0,TRUE,FALSE
C,A,19650101,1965,52,1965,752,SWE,Sweden,M,Import,0,W00,World,0,W00,World,S1,S1,TRUE,5611,Nitrogenous fertilizers and materials nes,4,TRUE,C00,TOTAL CPC,0,0,TOTAL MOT,8,kg,425832992,FALSE,-1,N/A,,FALSE,425832992,FALSE,,FALSE,15876659,,15876659,0,TRUE,FALSE
C,A,19650101,1965,52,1965,752,SWE,Sweden,X,Export,0,W00,World,0,W00,World,S1,S1,TRUE,5611,Nitrogenous fertilizers and materials nes,4,TRUE,C00,TOTAL CPC,0,0,TOTAL MOT,8,kg,24858000,FALSE,-1,N/A,,FALSE,24858000,FALSE,,FALSE,,1440993,1440993,0,TRUE,FALSE
C,A,19650101,1965,52,1965,757,CHE,Switzerland,M,Import,0,W00,World,0,W00,World,S1,S1,TRUE,5611,Nitrogenous fertilizers and materials nes,4,TRUE,C00,TOTAL CPC,0,0,TOTAL MOT,8,kg,1029047,FALSE,-1,N/A,,FALSE,1029047,FALSE,,FALSE,61938,,61938,0,TRUE,FALSE
C,A,19650101,1965,52,1965,757,CHE,Switzerland,X,Export,0,W00,World,0,W00,World,S1,S1,TRUE,5611,Nitrogenous fertilizers and materials nes,4,TRUE,C00,TOTAL CPC,0,0,TOTAL MOT,8,kg,29152552,FALSE,-1,N/A,,FALSE,29152552,FALSE,,FALSE,,944721,944721,0,TRUE,FALSE
C,A,19650101,1965,52,1965,764,THA,Thailand,M,Import,0,W00,World,0,W00,World,S1,S1,TRUE,5611,Nitrogenous fertilizers and materials nes,4,TRUE,C00,TOTAL CPC,0,0,TOTAL MOT,8,kg,33357380,FALSE,-1,N/A,,FALSE,33357380,FALSE,,FALSE,2216883,,2216883,0,TRUE,FALSE
C,A,19650101,1965,52,1965,764,THA,Thailand,X,Export,0,W00,World,0,W00,World,S1,S1,TRUE,5611,Nitrogenous fertilizers and materials nes,4,TRUE,C00,TOTAL CPC,0,0,TOTAL MOT,8,kg,156,FALSE,-1,N/A,,FALSE,156,FALSE,,FALSE,,57,57,0,TRUE,FALSE
C,A,19650101,1965,52,1965,768,TGO,Togo,M,Import,0,W00,World,0,W00,World,S1,S1,TRUE,5611,Nitrogenous fertilizers and materials nes,4,TRUE,C00,TOTAL CPC,0,0,TOTAL MOT,8,kg,73783,FALSE,-1,N/A,,FALSE,73783,FALSE,,FALSE,5042,,5042,0,TRUE,FALSE
C,A,19650101,1965,52,1965,788,TUN,Tunisia,M,Import,0,W00,World,0,W00,World,S1,S1,TRUE,5611,Nitrogenous fertilizers and materials nes,4,TRUE,C00,TOTAL CPC,0,0,TOTAL MOT,8,kg,16513320,FALSE,-1,N/A,,FALSE,16513320,FALSE,,FALSE,1086238,,1086238,0,TRUE,FALSE
C,A,19650101,1965,52,1965,792,TUR,TÅEkiye,M,Import,0,W00,World,0,W00,World,S1,S1,TRUE,5611,Nitrogenous fertilizers and materials nes,4,TRUE,C00,TOTAL CPC,0,0,TOTAL MOT,8,kg,141474880,FALSE,-1,N/A,,FALSE,141474880,FALSE,,FALSE,7811991,,7811991,0,TRUE,FALSE
C,A,19650101,1965,52,1965,818,EGY,Egypt,M,Import,0,W00,World,0,W00,World,S1,S1,TRUE,5611,Nitrogenous fertilizers and materials nes,4,TRUE,C00,TOTAL CPC,0,0,TOTAL MOT,8,kg,556984448,FALSE,-1,N/A,,FALSE,556984448,FALSE,,FALSE,27127070,,27127070,0,TRUE,FALSE
C,A,19650101,1965,52,1965,818,EGY,Egypt,X,Export,0,W00,World,0,W00,World,S1,S1,TRUE,5611,Nitrogenous fertilizers and materials nes,4,TRUE,C00,TOTAL CPC,0,0,TOTAL MOT,8,kg,7000000,FALSE,-1,N/A,,FALSE,7000000,FALSE,,FALSE,,300506,300506,0,TRUE,FALSE
C,A,19650101,1965,52,1965,826,GBR,United Kingdom,M,Import,0,W00,World,0,W00,World,S1,S1,TRUE,5611,Nitrogenous fertilizers and materials nes,4,TRUE,C00,TOTAL CPC,0,0,TOTAL MOT,8,kg,269062496,FALSE,-1,N/A,,FALSE,269062496,FALSE,,FALSE,12545658,,12545658,0,TRUE,FALSE
C,A,19650101,1965,52,1965,826,GBR,United Kingdom,X,Export,0,W00,World,0,W00,World,S1,S1,TRUE,5611,Nitrogenous fertilizers and materials nes,4,TRUE,C00,TOTAL CPC,0,0,TOTAL MOT,8,kg,439283936,FALSE,-1,N/A,,FALSE,439283936,FALSE,,FALSE,,19475784,19475784,0,TRUE,FALSE
C,A,19650101,1965,52,1965,841,USA,USA and Puerto Rico (...1980),M,Import,0,W00,World,0,W00,World,S1,S1,TRUE,5611,Nitrogenous fertilizers and materials nes,4,TRUE,C00,TOTAL CPC,0,0,TOTAL MOT,-1,N/A,0,FALSE,-1,N/A,,FALSE,,FALSE,,FALSE,49371417,,49371417,0,TRUE,FALSE
C,A,19650101,1965,52,1965,841,USA,USA and Puerto Rico (...1980),X,Export,0,W00,World,0,W00,World,S1,S1,TRUE,5611,Nitrogenous fertilizers and materials nes,4,TRUE,C00,TOTAL CPC,0,0,TOTAL MOT,8,kg,1029498934,FALSE,-1,N/A,,FALSE,1029498934,FALSE,,FALSE,,51446967,51446967,0,TRUE,FALSE
C,A,19650101,1965,52,1965,854,BFA,Burkina Faso,M,Import,0,W00,World,0,W00,World,S1,S1,TRUE,5611,Nitrogenous fertilizers and materials nes,4,TRUE,C00,TOTAL CPC,0,0,TOTAL MOT,8,kg,183515,FALSE,-1,N/A,,FALSE,183515,FALSE,,FALSE,15769,,15769,0,TRUE,FALSE
C,A,19650101,1965,52,1965,862,VEN,Venezuela,M,Import,0,W00,World,0,W00,World,S1,S1,TRUE,5611,Nitrogenous fertilizers and materials nes,4,TRUE,C00,TOTAL CPC,0,0,TOTAL MOT,8,kg,6005698,FALSE,-1,N/A,,FALSE,6005698,FALSE,,FALSE,516896,,516896,0,TRUE,FALSE
C,A,19650101,1965,52,1965,868,VNM,Rep. of Vietnam (...1974),M,Import,0,W00,World,0,W00,World,S1,S1,TRUE,5611,Nitrogenous fertilizers and materials nes,4,TRUE,C00,TOTAL CPC,0,0,TOTAL MOT,8,kg,37764556,FALSE,-1,N/A,,FALSE,37764556,FALSE,,FALSE,4260135,,4260135,0,TRUE,FALSE
C,A,19650101,1965,52,1965,890,YUG,Yugoslavia (...1991),M,Import,0,W00,World,0,W00,World,S1,S1,TRUE,5611,Nitrogenous fertilizers and materials nes,4,TRUE,C00,TOTAL CPC,0,0,TOTAL MOT,8,kg,253315040,FALSE,-1,N/A,,FALSE,253315040,FALSE,,FALSE,12750038,,12750038,0,TRUE,FALSE
C,A,19650101,1965,52,1965,890,YUG,Yugoslavia (...1991),X,Export,0,W00,World,0,W00,World,S1,S1,TRUE,5611,Nitrogenous fertilizers and materials nes,4,TRUE,C00,TOTAL CPC,0,0,TOTAL MOT,8,kg,687781,FALSE,-1,N/A,,FALSE,687781,FALSE,,FALSE,,49183,49183,0,TRUE,FALSE
C,A,19660101,1966,52,1966,12,DZA,Algeria,M,Import,0,W00,World,0,W00,World,S1,S1,TRUE,5611,Nitrogenous fertilizers and materials nes,4,TRUE,C00,TOTAL CPC,0,0,TOTAL MOT,8,kg,54672544,FALSE,-1,N/A,,FALSE,54672544,FALSE,,FALSE,3404072,,3404072,0,TRUE,FALSE
C,A,19660101,1966,52,1966,32,ARG,Argentina,M,Import,0,W00,World,0,W00,World,S1,S1,TRUE,5611,Nitrogenous fertilizers and materials nes,4,TRUE,C00,TOTAL CPC,0,0,TOTAL MOT,8,kg,16048851,FALSE,-1,N/A,,FALSE,16048851,FALSE,,FALSE,1504420,,1504420,0,TRUE,FALSE
C,A,19660101,1966,52,1966,36,AUS,Australia,M,Import,0,W00,World,0,W00,World,S1,S1,TRUE,5611,Nitrogenous fertilizers and materials nes,4,TRUE,C00,TOTAL CPC,0,0,TOTAL MOT,8,kg,81629632,FALSE,-1,N/A,,FALSE,81629632,FALSE,,FALSE,3723584,,3723584,0,TRUE,FALSE
C,A,19660101,1966,52,1966,58,BEL,Belgium-Luxembourg (...1998),M,Import,0,W00,World,0,W00,World,S1,S1,TRUE,5611,Nitrogenous fertilizers and materials nes,4,TRUE,C00,TOTAL CPC,0,0,TOTAL MOT,8,kg,201024576,FALSE,-1,N/A,,FALSE,201024576,FALSE,,FALSE,7812638,,7812638,0,TRUE,FALSE
C,A,19660101,1966,52,1966,58,BEL,Belgium-Luxembourg (...1998),X,Export,0,W00,World,0,W00,World,S1,S1,TRUE,5611,Nitrogenous fertilizers and materials nes,4,TRUE,C00,TOTAL CPC,0,0,TOTAL MOT,8,kg,620735040,FALSE,-1,N/A,,FALSE,620735040,FALSE,,FALSE,,27268648,27268648,0,TRUE,FALSE
C,A,19660101,1966,52,1966,68,BOL,Bolivia (Plurinational State of),M,Import,0,W00,World,0,W00,World,S1,S1,TRUE,5611,Nitrogenous fertilizers and materials nes,4,TRUE,C00,TOTAL CPC,0,0,TOTAL MOT,8,kg,1312299,FALSE,-1,N/A,,FALSE,1312299,FALSE,,FALSE,133096,,133096,0,TRUE,FALSE
C,A,19660101,1966,52,1966,76,BRA,Brazil,M,Import,0,W00,World,0,W00,World,S1,S1,TRUE,5611,Nitrogenous fertilizers and materials nes,4,TRUE,C00,TOTAL CPC,0,0,TOTAL MOT,8,kg,261840848,FALSE,-1,N/A,,FALSE,261840848,FALSE,,FALSE,13323284,,13323284,0,TRUE,FALSE
C,A,19660101,1966,52,1966,96,BRN,Brunei Darussalam,M,Import,0,W00,World,0,W00,World,S1,S1,TRUE,5611,Nitrogenous fertilizers and materials nes,4,TRUE,C00,TOTAL CPC,0,0,TOTAL MOT,8,kg,20373,FALSE,-1,N/A,,FALSE,20373,FALSE,,FALSE,1895,,1895,0,TRUE,FALSE
C,A,19660101,1966,52,1966,96,BRN,Brunei Darussalam,X,Export,0,W00,World,0,W00,World,S1,S1,TRUE,5611,Nitrogenous fertilizers and materials nes,4,TRUE,C00,TOTAL CPC,0,0,TOTAL MOT,8,kg,1000,FALSE,-1,N/A,,FALSE,1000,FALSE,,FALSE,,72,72,0,TRUE,FALSE
C,A,19660101,1966,52,1966,104,MMR,Myanmar,M,Import,0,W00,World,0,W00,World,S1,S1,TRUE,5611,Nitrogenous fertilizers and materials nes,4,TRUE,C00,TOTAL CPC,0,0,TOTAL MOT,8,kg,14749947,FALSE,-1,N/A,,FALSE,14749947,FALSE,,FALSE,1077882,,1077882,0,TRUE,FALSE
C,A,19660101,1966,52,1966,116,KHM,Cambodia,M,Import,0,W00,World,0,W00,World,S1,S1,TRUE,5611,Nitrogenous fertilizers and materials nes,4,TRUE,C00,TOTAL CPC,0,0,TOTAL MOT,8,kg,1222130,FALSE,-1,N/A,,FALSE,1222130,FALSE,,FALSE,113988,,113988,0,TRUE,FALSE
C,A,19660101,1966,52,1966,120,CMR,Cameroon,M,Import,0,W00,World,0,W00,World,S1,S1,TRUE,5611,Nitrogenous fertilizers and materials nes,4,TRUE,C00,TOTAL CPC,0,0,TOTAL MOT,8,kg,14356737,FALSE,-1,N/A,,FALSE,14356737,FALSE,,FALSE,934551,,934551,0,TRUE,FALSE
C,A,19660101,1966,52,1966,120,CMR,Cameroon,X,Export,0,W00,World,0,W00,World,S1,S1,TRUE,5611,Nitrogenous fertilizers and materials nes,4,TRUE,C00,TOTAL CPC,0,0,TOTAL MOT,8,kg,199,FALSE,-1,N/A,,FALSE,199,FALSE,,FALSE,,28,28,0,TRUE,FALSE
C,A,19660101,1966,52,1966,124,CAN,Canada,M,Import,0,W00,World,0,W00,World,S1,S1,TRUE,5611,Nitrogenous fertilizers and materials nes,4,TRUE,C00,TOTAL CPC,0,0,TOTAL MOT,8,kg,55424432,FALSE,-1,N/A,,FALSE,55424432,FALSE,,FALSE,3188999,,3188999,0,TRUE,FALSE
C,A,19660101,1966,52,1966,124,CAN,Canada,X,Export,0,W00,World,0,W00,World,S1,S1,TRUE,5611,Nitrogenous fertilizers and materials nes,4,TRUE,C00,TOTAL CPC,0,0,TOTAL MOT,-1,N/A,0,FALSE,-1,N/A,,FALSE,,FALSE,,FALSE,,28797556,28797556,0,TRUE,FALSE
C,A,19660101,1966,52,1966,140,CAF,Central African Rep.,M,Import,0,W00,World,0,W00,World,S1,S1,TRUE,5611,Nitrogenous fertilizers and materials nes,4,TRUE,C00,TOTAL CPC,0,0,TOTAL MOT,8,kg,442675,FALSE,-1,N/A,,FALSE,442675,FALSE,,FALSE,30840,,30840,0,TRUE,FALSE
C,A,19660101,1966,52,1966,144,LKA,Sri Lanka,M,Import,0,W00,World,0,W00,World,S1,S1,TRUE,5611,Nitrogenous fertilizers and materials nes,4,TRUE,C00,TOTAL CPC,0,0,TOTAL MOT,8,kg,186776608,FALSE,-1,N/A,,FALSE,186776608,FALSE,,FALSE,11768669,,11768669,0,TRUE,FALSE
C,A,19660101,1966,52,1966,148,TCD,Chad,M,Import,0,W00,World,0,W00,World,S1,S1,TRUE,5611,Nitrogenous fertilizers and materials nes,4,TRUE,C00,TOTAL CPC,0,0,TOTAL MOT,8,kg,50,FALSE,-1,N/A,,FALSE,50,FALSE,,FALSE,12,,12,0,TRUE,FALSE
C,A,19660101,1966,52,1966,152,CHL,Chile,M,Import,0,W00,World,0,W00,World,S1,S1,TRUE,5611,Nitrogenous fertilizers and materials nes,4,TRUE,C00,TOTAL CPC,0,0,TOTAL MOT,8,kg,19638248,FALSE,-1,N/A,,FALSE,19638248,FALSE,,FALSE,1912942,,1912942,0,TRUE,FALSE
C,A,19660101,1966,52,1966,170,COL,Colombia,M,Import,0,W00,World,0,W00,World,S1,S1,TRUE,5611,Nitrogenous fertilizers and materials nes,4,TRUE,C00,TOTAL CPC,0,0,TOTAL MOT,8,kg,21513988,FALSE,-1,N/A,,FALSE,21513988,FALSE,,FALSE,1952661,,1952661,0,TRUE,FALSE
C,A,19660101,1966,52,1966,170,COL,Colombia,X,Export,0,W00,World,0,W00,World,S1,S1,TRUE,5611,Nitrogenous fertilizers and materials nes,4,TRUE,C00,TOTAL CPC,0,0,TOTAL MOT,8,kg,5966000,FALSE,-1,N/A,,FALSE,5966000,FALSE,,FALSE,,524399,524399,0,TRUE,FALSE
C,A,19660101,1966,52,1966,178,COG,Congo,M,Import,0,W00,World,0,W00,World,S1,S1,TRUE,5611,Nitrogenous fertilizers and materials nes,4,TRUE,C00,TOTAL CPC,0,0,TOTAL MOT,8,kg,1285187,FALSE,-1,N/A,,FALSE,1285187,FALSE,,FALSE,84621,,84621,0,TRUE,FALSE
C,A,19660101,1966,52,1966,188,CRI,Costa Rica,M,Import,0,W00,World,0,W00,World,S1,S1,TRUE,5611,Nitrogenous fertilizers and materials nes,4,TRUE,C00,TOTAL CPC,0,0,TOTAL MOT,8,kg,29714080,FALSE,-1,N/A,,FALSE,29714080,FALSE,,FALSE,2391786,,2391786,0,TRUE,FALSE
C,A,19660101,1966,52,1966,204,BEN,Benin,M,Import,0,W00,World,0,W00,World,S1,S1,TRUE,5611,Nitrogenous fertilizers and materials nes,4,TRUE,C00,TOTAL CPC,0,0,TOTAL MOT,8,kg,1230574,FALSE,-1,N/A,,FALSE,1230574,FALSE,,FALSE,88201,,88201,0,TRUE,FALSE
C,A,19660101,1966,52,1966,208,DNK,Denmark,M,Import,0,W00,World,0,W00,World,S1,S1,TRUE,5611,Nitrogenous fertilizers and materials nes,4,TRUE,C00,TOTAL CPC,0,0,TOTAL MOT,8,kg,450357600,FALSE,-1,N/A,,FALSE,450357600,FALSE,,FALSE,16514588,,16514588,0,TRUE,FALSE
C,A,19660101,1966,52,1966,208,DNK,Denmark,X,Export,0,W00,World,0,W00,World,S1,S1,TRUE,5611,Nitrogenous fertilizers and materials nes,4,TRUE,C00,TOTAL CPC,0,0,TOTAL MOT,8,kg,31300,FALSE,-1,N/A,,FALSE,31300,FALSE,,FALSE,,2894,2894,0,TRUE,FALSE
C,A,19660101,1966,52,1966,218,ECU,Ecuador,M,Import,0,W00,World,0,W00,World,S1,S1,TRUE,5611,Nitrogenous fertilizers and materials nes,4,TRUE,C00,TOTAL CPC,0,0,TOTAL MOT,8,kg,9207600,FALSE,-1,N/A,,FALSE,9207600,FALSE,,FALSE,633297,,633297,0,TRUE,FALSE
C,A,19660101,1966,52,1966,222,SLV,El Salvador,M,Import,0,W00,World,0,W00,World,S1,S1,TRUE,5611,Nitrogenous fertilizers and materials nes,4,TRUE,C00,TOTAL CPC,0,0,TOTAL MOT,8,kg,57849608,FALSE,-1,N/A,,FALSE,57849608,FALSE,,FALSE,3287704,,3287704,0,TRUE,FALSE
C,A,19660101,1966,52,1966,246,FIN,Finland,M,Import,0,W00,World,0,W00,World,S1,S1,TRUE,5611,Nitrogenous fertilizers and materials nes,4,TRUE,C00,TOTAL CPC,0,0,TOTAL MOT,8,kg,121980904,FALSE,-1,N/A,,FALSE,121980904,FALSE,,FALSE,5606442,,5606442,0,TRUE,FALSE
C,A,19660101,1966,52,1966,251,FRA,France,M,Import,0,W00,World,0,W00,World,S1,S1,TRUE,5611,Nitrogenous fertilizers and materials nes,4,TRUE,C00,TOTAL CPC,0,0,TOTAL MOT,8,kg,151516496,FALSE,-1,N/A,,FALSE,151516496,FALSE,,FALSE,7186255,,7186255,0,TRUE,FALSE
C,A,19660101,1966,52,1966,251,FRA,France,X,Export,0,W00,World,0,W00,World,S1,S1,TRUE,5611,Nitrogenous fertilizers and materials nes,4,TRUE,C00,TOTAL CPC,0,0,TOTAL MOT,8,kg,720122624,FALSE,-1,N/A,,FALSE,720122624,FALSE,,FALSE,,31220980,31220980,0,TRUE,FALSE
C,A,19660101,1966,52,1966,254,GUF,French Guiana (Overseas France),M,Import,0,W00,World,0,W00,World,S1,S1,TRUE,5611,Nitrogenous fertilizers and materials nes,4,TRUE,C00,TOTAL CPC,0,0,TOTAL MOT,8,kg,4437,FALSE,-1,N/A,,FALSE,4437,FALSE,,FALSE,466,,466,0,TRUE,FALSE
C,A,19660101,1966,52,1966,254,GUF,French Guiana (Overseas France),X,Export,0,W00,World,0,W00,World,S1,S1,TRUE,5611,Nitrogenous fertilizers and materials nes,4,TRUE,C00,TOTAL CPC,0,0,TOTAL MOT,8,kg,992,FALSE,-1,N/A,,FALSE,992,FALSE,,FALSE,,86,86,0,TRUE,FALSE
C,A,19660101,1966,52,1966,266,GAB,Gabon,M,Import,0,W00,World,0,W00,World,S1,S1,TRUE,5611,Nitrogenous fertilizers and materials nes,4,TRUE,C00,TOTAL CPC,0,0,TOTAL MOT,8,kg,5437,FALSE,-1,N/A,,FALSE,5437,FALSE,,FALSE,623,,623,0,TRUE,FALSE
C,A,19660101,1966,52,1966,280,DEU,Fed. Rep. of Germany (...1990),M,Import,0,W00,World,0,W00,World,S1,S1,TRUE,5611,Nitrogenous fertilizers and materials nes,4,TRUE,C00,TOTAL CPC,0,0,TOTAL MOT,8,kg,236740016,FALSE,-1,N/A,,TRUE,236740016,FALSE,-1,TRUE,11009000,,11009000,0,FALSE,FALSE
C,A,19660101,1966,52,1966,280,DEU,Fed. Rep. of Germany (...1990),X,Export,0,W00,World,0,W00,World,S1,S1,TRUE,5611,Nitrogenous fertilizers and materials nes,4,TRUE,C00,TOTAL CPC,0,0,TOTAL MOT,8,kg,1398026368,FALSE,-1,N/A,,TRUE,1398026368,FALSE,-1,TRUE,,59518000,59518000,0,FALSE,FALSE
C,A,19660101,1966,52,1966,288,GHA,Ghana,M,Import,0,W00,World,0,W00,World,S1,S1,TRUE,5611,Nitrogenous fertilizers and materials nes,4,TRUE,C00,TOTAL CPC,0,0,TOTAL MOT,8,kg,5098542,FALSE,-1,N/A,,FALSE,5098542,FALSE,,FALSE,204218,,204218,0,TRUE,FALSE
C,A,19660101,1966,52,1966,300,GRC,Greece,M,Import,0,W00,World,0,W00,World,S1,S1,TRUE,5611,Nitrogenous fertilizers and materials nes,4,TRUE,C00,TOTAL CPC,0,0,TOTAL MOT,8,kg,155592464,FALSE,-1,N/A,,FALSE,155592464,FALSE,,FALSE,7791772,,7791772,0,TRUE,FALSE
C,A,19660101,1966,52,1966,312,GLP,Guadeloupe (Overseas France),M,Import,0,W00,World,0,W00,World,S1,S1,TRUE,5611,Nitrogenous fertilizers and materials nes,4,TRUE,C00,TOTAL CPC,0,0,TOTAL MOT,8,kg,2092169,FALSE,-1,N/A,,FALSE,2092169,FALSE,,FALSE,149476,,149476,0,TRUE,FALSE
C,A,19660101,1966,52,1966,320,GTM,Guatemala,M,Import,0,W00,World,0,W00,World,S1,S1,TRUE,5611,Nitrogenous fertilizers and materials nes,4,TRUE,C00,TOTAL CPC,0,0,TOTAL MOT,8,kg,33341300,FALSE,-1,N/A,,FALSE,33341300,FALSE,,FALSE,3112710,,3112710,0,TRUE,FALSE
C,A,19660101,1966,52,1966,340,HND,Honduras,M,Import,0,W00,World,0,W00,World,S1,S1,TRUE,5611,Nitrogenous fertilizers and materials nes,4,TRUE,C00,TOTAL CPC,0,0,TOTAL MOT,8,kg,15898244,FALSE,-1,N/A,,FALSE,15898244,FALSE,,FALSE,1518402,,1518402,0,TRUE,FALSE
C,A,19660101,1966,52,1966,344,HKG,"China, Hong Kong SAR",M,Import,0,W00,World,0,W00,World,S1,S1,TRUE,5611,Nitrogenous fertilizers and materials nes,4,TRUE,C00,TOTAL CPC,0,0,TOTAL MOT,8,kg,1564564,FALSE,-1,N/A,,FALSE,1564564,FALSE,,FALSE,150532,,150532,0,TRUE,FALSE
C,A,19660101,1966,52,1966,344,HKG,"China, Hong Kong SAR",X,Export,0,W00,World,0,W00,World,S1,S1,TRUE,5611,Nitrogenous fertilizers and materials nes,4,TRUE,C00,TOTAL CPC,0,0,TOTAL MOT,8,kg,9624,FALSE,-1,N/A,,FALSE,9624,FALSE,,FALSE,,1149,1149,0,TRUE,FALSE
C,A,19660101,1966,52,1966,352,ISL,Iceland,M,Import,0,W00,World,0,W00,World,S1,S1,TRUE,5611,Nitrogenous fertilizers and materials nes,4,TRUE,C00,TOTAL CPC,0,0,TOTAL MOT,8,kg,6952003,FALSE,-1,N/A,,FALSE,6952003,FALSE,,FALSE,464911,,464911,0,TRUE,FALSE
C,A,19660101,1966,52,1966,356,IND,India (...1974),M,Import,0,W00,World,0,W00,World,S1,S1,TRUE,5611,Nitrogenous fertilizers and materials nes,4,TRUE,C00,TOTAL CPC,0,0,TOTAL MOT,8,kg,1380510976,FALSE,-1,N/A,,FALSE,1380510976,FALSE,,FALSE,89519200,,89519200,0,TRUE,FALSE
C,A,19660101,1966,52,1966,356,IND,India (...1974),X,Export,0,W00,World,0,W00,World,S1,S1,TRUE,5611,Nitrogenous fertilizers and materials nes,4,TRUE,C00,TOTAL CPC,0,0,TOTAL MOT,8,kg,20000,FALSE,-1,N/A,,FALSE,20000,FALSE,,FALSE,,889,889,0,TRUE,FALSE
C,A,19660101,1966,52,1966,364,IRN,Iran,M,Import,0,W00,World,0,W00,World,S1,S1,TRUE,5611,Nitrogenous fertilizers and materials nes,4,TRUE,C00,TOTAL CPC,0,0,TOTAL MOT,8,kg,11912995,FALSE,-1,N/A,,FALSE,11912995,FALSE,,FALSE,1156048,,1156048,0,TRUE,FALSE
C,A,19660101,1966,52,1966,364,IRN,Iran,X,Export,0,W00,World,0,W00,World,S1,S1,TRUE,5611,Nitrogenous fertilizers and materials nes,4,TRUE,C00,TOTAL CPC,0,0,TOTAL MOT,8,kg,569500,FALSE,-1,N/A,,FALSE,569500,FALSE,,FALSE,,28577,28577,0,TRUE,FALSE
C,A,19660101,1966,52,1966,372,IRL,Ireland,M,Import,0,W00,World,0,W00,World,S1,S1,TRUE,5611,Nitrogenous fertilizers and materials nes,4,TRUE,C00,TOTAL CPC,0,0,TOTAL MOT,8,kg,25519016,FALSE,-1,N/A,,FALSE,25519016,FALSE,,FALSE,1226019,,1226019,0,TRUE,FALSE
C,A,19660101,1966,52,1966,376,ISR,Israel,M,Import,0,W00,World,0,W00,World,S1,S1,TRUE,5611,Nitrogenous fertilizers and materials nes,4,TRUE,C00,TOTAL CPC,0,0,TOTAL MOT,8,kg,2009669,FALSE,-1,N/A,,FALSE,2009669,FALSE,,FALSE,196331,,196331,0,TRUE,FALSE
C,A,19660101,1966,52,1966,376,ISR,Israel,X,Export,0,W00,World,0,W00,World,S1,S1,TRUE,5611,Nitrogenous fertilizers and materials nes,4,TRUE,C00,TOTAL CPC,0,0,TOTAL MOT,8,kg,16,FALSE,-1,N/A,,FALSE,16,FALSE,,FALSE,,149,149,0,TRUE,FALSE
C,A,19660101,1966,52,1966,380,ITA,Italy,M,Import,0,W00,World,0,W00,World,S1,S1,TRUE,5611,Nitrogenous fertilizers and materials nes,4,TRUE,C00,TOTAL CPC,0,0,TOTAL MOT,8,kg,2938234,FALSE,-1,N/A,,TRUE,2938234,FALSE,-1,TRUE,159118,,159118,0,FALSE,FALSE
C,A,19660101,1966,52,1966,380,ITA,Italy,X,Export,0,W00,World,0,W00,World,S1,S1,TRUE,5611,Nitrogenous fertilizers and materials nes,4,TRUE,C00,TOTAL CPC,0,0,TOTAL MOT,8,kg,1013141248,FALSE,-1,N/A,,TRUE,1013141248,FALSE,-1,TRUE,,45346836,45346836,0,FALSE,FALSE
C,A,19660101,1966,52,1966,384,CIV,CÙte d'Ivoire,M,Import,0,W00,World,0,W00,World,S1,S1,TRUE,5611,Nitrogenous fertilizers and materials nes,4,TRUE,C00,TOTAL CPC,0,0,TOTAL MOT,8,kg,675882,FALSE,-1,N/A,,FALSE,675882,FALSE,,FALSE,36231,,36231,0,TRUE,FALSE
C,A,19660101,1966,52,1966,384,CIV,CÙte d'Ivoire,X,Export,0,W00,World,0,W00,World,S1,S1,TRUE,5611,Nitrogenous fertilizers and materials nes,4,TRUE,C00,TOTAL CPC,0,0,TOTAL MOT,8,kg,2296,FALSE,-1,N/A,,FALSE,2296,FALSE,,FALSE,,320,320,0,TRUE,FALSE
C,A,19660101,1966,52,1966,392,JPN,Japan,M,Import,0,W00,World,0,W00,World,S1,S1,TRUE,5611,Nitrogenous fertilizers and materials nes,4,TRUE,C00,TOTAL CPC,0,0,TOTAL MOT,8,kg,1404000,FALSE,-1,N/A,,FALSE,1404000,FALSE,,FALSE,84424,,84424,0,TRUE,FALSE
C,A,19660101,1966,52,1966,392,JPN,Japan,X,Export,0,W00,World,0,W00,World,S1,S1,TRUE,5611,Nitrogenous fertilizers and materials nes,4,TRUE,C00,TOTAL CPC,0,0,TOTAL MOT,8,kg,1347517056,FALSE,-1,N/A,,FALSE,1347517056,FALSE,,FALSE,,64225856,64225856,0,TRUE,FALSE
C,A,19660101,1966,52,1966,410,KOR,Rep. of Korea,M,Import,0,W00,World,0,W00,World,S1,S1,TRUE,5611,Nitrogenous fertilizers and materials nes,4,TRUE,C00,TOTAL CPC,0,0,TOTAL MOT,8,kg,237372064,FALSE,-1,N/A,,FALSE,237372064,FALSE,,FALSE,39139756,,39139756,0,TRUE,FALSE
C,A,19660101,1966,52,1966,410,KOR,Rep. of Korea,X,Export,0,W00,World,0,W00,World,S1,S1,TRUE,5611,Nitrogenous fertilizers and materials nes,4,TRUE,C00,TOTAL CPC,0,0,TOTAL MOT,8,kg,60,FALSE,-1,N/A,,FALSE,60,FALSE,,FALSE,,5,5,0,TRUE,FALSE
C,A,19660101,1966,52,1966,450,MDG,Madagascar,M,Import,0,W00,World,0,W00,World,S1,S1,TRUE,5611,Nitrogenous fertilizers and materials nes,4,TRUE,C00,TOTAL CPC,0,0,TOTAL MOT,8,kg,2908000,FALSE,-1,N/A,,FALSE,2908000,FALSE,,FALSE,192803,,192803,0,TRUE,FALSE
C,A,19660101,1966,52,1966,454,MWI,Malawi,M,Import,0,W00,World,0,W00,World,S1,S1,TRUE,5611,Nitrogenous fertilizers and materials nes,4,TRUE,C00,TOTAL CPC,0,0,TOTAL MOT,8,kg,14346301,FALSE,-1,N/A,,FALSE,14346301,FALSE,,FALSE,728391,,728391,0,TRUE,FALSE
C,A,19660101,1966,52,1966,458,MYS,Malaysia,M,Import,0,W00,World,0,W00,World,S1,S1,TRUE,5611,Nitrogenous fertilizers and materials nes,4,TRUE,C00,TOTAL CPC,0,0,TOTAL MOT,8,kg,162309904,FALSE,-1,N/A,,FALSE,162309904,FALSE,,FALSE,10603681,,10603681,0,TRUE,FALSE
C,A,19660101,1966,52,1966,458,MYS,Malaysia,X,Export,0,W00,World,0,W00,World,S1,S1,TRUE,5611,Nitrogenous fertilizers and materials nes,4,TRUE,C00,TOTAL CPC,0,0,TOTAL MOT,8,kg,964117,FALSE,-1,N/A,,FALSE,964117,FALSE,,FALSE,,62018,62018,0,TRUE,FALSE
C,A,19660101,1966,52,1966,466,MLI,Mali,M,Import,0,W00,World,0,W00,World,S1,S1,TRUE,5611,Nitrogenous fertilizers and materials nes,4,TRUE,C00,TOTAL CPC,0,0,TOTAL MOT,8,kg,29761,FALSE,-1,N/A,,FALSE,29761,FALSE,,FALSE,2972,,2972,0,TRUE,FALSE
C,A,19660101,1966,52,1966,470,MLT,Malta,M,Import,0,W00,World,0,W00,World,S1,S1,TRUE,5611,Nitrogenous fertilizers and materials nes,4,TRUE,C00,TOTAL CPC,0,0,TOTAL MOT,8,kg,1427365,FALSE,-1,N/A,,FALSE,1427365,FALSE,,FALSE,74553,,74553,0,TRUE,FALSE
C,A,19660101,1966,52,1966,474,MTQ,Martinique (Overseas France),M,Import,0,W00,World,0,W00,World,S1,S1,TRUE,5611,Nitrogenous fertilizers and materials nes,4,TRUE,C00,TOTAL CPC,0,0,TOTAL MOT,8,kg,7273125,FALSE,-1,N/A,,FALSE,7273125,FALSE,,FALSE,370620,,370620,0,TRUE,FALSE
C,A,19660101,1966,52,1966,478,MRT,Mauritania,M,Import,0,W00,World,0,W00,World,S1,S1,TRUE,5611,Nitrogenous fertilizers and materials nes,4,TRUE,C00,TOTAL CPC,0,0,TOTAL MOT,8,kg,2326250,FALSE,-1,N/A,,FALSE,2326250,FALSE,,FALSE,234903,,234903,0,TRUE,FALSE
C,A,19660101,1966,52,1966,484,MEX,Mexico,M,Import,0,W00,World,0,W00,World,S1,S1,TRUE,5611,Nitrogenous fertilizers and materials nes,4,TRUE,C00,TOTAL CPC,0,0,TOTAL MOT,8,kg,122616136,FALSE,-1,N/A,,FALSE,122616136,FALSE,,FALSE,7819075,,7819075,0,TRUE,FALSE
C,A,19660101,1966,52,1966,484,MEX,Mexico,X,Export,0,W00,World,0,W00,World,S1,S1,TRUE,5611,Nitrogenous fertilizers and materials nes,4,TRUE,C00,TOTAL CPC,0,0,TOTAL MOT,8,kg,6023204,FALSE,-1,N/A,,FALSE,6023204,FALSE,,FALSE,,513085,513085,0,TRUE,FALSE
C,A,19660101,1966,52,1966,490,S19,"Other Asia, nes",M,Import,0,W00,World,0,W00,World,S1,S1,TRUE,5611,Nitrogenous fertilizers and materials nes,4,TRUE,C00,TOTAL CPC,0,0,TOTAL MOT,8,kg,69750688,FALSE,-1,N/A,,FALSE,69750688,FALSE,,FALSE,3603974,,3603974,0,TRUE,FALSE
C,A,19660101,1966,52,1966,490,S19,"Other Asia, nes",X,Export,0,W00,World,0,W00,World,S1,S1,TRUE,5611,Nitrogenous fertilizers and materials nes,4,TRUE,C00,TOTAL CPC,0,0,TOTAL MOT,8,kg,31120800,FALSE,-1,N/A,,FALSE,31120800,FALSE,,FALSE,,2913714,2913714,0,TRUE,FALSE
C,A,19660101,1966,52,1966,504,MAR,Morocco,M,Import,0,W00,World,0,W00,World,S1,S1,TRUE,5611,Nitrogenous fertilizers and materials nes,4,TRUE,C00,TOTAL CPC,0,0,TOTAL MOT,8,kg,68439056,FALSE,-1,N/A,,FALSE,68439056,FALSE,,FALSE,3850759,,3850759,0,TRUE,FALSE
C,A,19660101,1966,52,1966,528,NLD,Netherlands,M,Import,0,W00,World,0,W00,World,S1,S1,TRUE,5611,Nitrogenous fertilizers and materials nes,4,TRUE,C00,TOTAL CPC,0,0,TOTAL MOT,8,kg,12135950,FALSE,-1,N/A,,FALSE,12135950,FALSE,,FALSE,655197,,655197,0,TRUE,FALSE
C,A,19660101,1966,52,1966,528,NLD,Netherlands,X,Export,0,W00,World,0,W00,World,S1,S1,TRUE,5611,Nitrogenous fertilizers and materials nes,4,TRUE,C00,TOTAL CPC,0,0,TOTAL MOT,8,kg,442165504,FALSE,-1,N/A,,FALSE,442165504,FALSE,,FALSE,,18500636,18500636,0,TRUE,FALSE
C,A,19660101,1966,52,1966,532,ANT,Netherlands Antilles and Aruba (...1985),M,Import,0,W00,World,0,W00,World,S1,S1,TRUE,5611,Nitrogenous fertilizers and materials nes,4,TRUE,C00,TOTAL CPC,0,0,TOTAL MOT,8,kg,183000,FALSE,-1,N/A,,FALSE,183000,FALSE,,FALSE,17497,,17497,0,TRUE,FALSE
C,A,19660101,1966,52,1966,532,ANT,Netherlands Antilles and Aruba (...1985),X,Export,0,W00,World,0,W00,World,S1,S1,TRUE,5611,Nitrogenous fertilizers and materials nes,4,TRUE,C00,TOTAL CPC,0,0,TOTAL MOT,8,kg,78420000,FALSE,-1,N/A,,FALSE,78420000,FALSE,,FALSE,,6048715,6048715,0,TRUE,FALSE
C,A,19660101,1966,52,1966,554,NZL,New Zealand,M,Import,0,W00,World,0,W00,World,S1,S1,TRUE,5611,Nitrogenous fertilizers and materials nes,4,TRUE,C00,TOTAL CPC,0,0,TOTAL MOT,-1,N/A,0,FALSE,-1,N/A,,FALSE,,FALSE,,FALSE,1630983,,1630983,0,TRUE,FALSE
C,A,19660101,1966,52,1966,554,NZL,New Zealand,X,Export,0,W00,World,0,W00,World,S1,S1,TRUE,5611,Nitrogenous fertilizers and materials nes,4,TRUE,C00,TOTAL CPC,0,0,TOTAL MOT,8,kg,153390,FALSE,-1,N/A,,FALSE,153390,FALSE,,FALSE,,11486,11486,0,TRUE,FALSE
C,A,19660101,1966,52,1966,558,NIC,Nicaragua,M,Import,0,W00,World,0,W00,World,S1,S1,TRUE,5611,Nitrogenous fertilizers and materials nes,4,TRUE,C00,TOTAL CPC,0,0,TOTAL MOT,8,kg,18859712,FALSE,-1,N/A,,FALSE,18859712,FALSE,,FALSE,1605202,,1605202,0,TRUE,FALSE
C,A,19660101,1966,52,1966,562,NER,Niger,M,Import,0,W00,World,0,W00,World,S1,S1,TRUE,5611,Nitrogenous fertilizers and materials nes,4,TRUE,C00,TOTAL CPC,0,0,TOTAL MOT,8,kg,428687,FALSE,-1,N/A,,FALSE,428687,FALSE,,FALSE,59901,,59901,0,TRUE,FALSE
C,A,19660101,1966,52,1966,566,NGA,Nigeria,M,Import,0,W00,World,0,W00,World,S1,S1,TRUE,5611,Nitrogenous fertilizers and materials nes,4,TRUE,C00,TOTAL CPC,0,0,TOTAL MOT,8,kg,11123702,FALSE,-1,N/A,,FALSE,11123702,FALSE,,FALSE,858054,,858054,0,TRUE,FALSE
C,A,19660101,1966,52,1966,579,NOR,Norway,M,Import,0,W00,World,0,W00,World,S1,S1,TRUE,5611,Nitrogenous fertilizers and materials nes,4,TRUE,C00,TOTAL CPC,0,0,TOTAL MOT,8,kg,474870,FALSE,-1,N/A,,FALSE,474870,FALSE,,FALSE,27617,,27617,0,TRUE,FALSE
C,A,19660101,1966,52,1966,579,NOR,Norway,X,Export,0,W00,World,0,W00,World,S1,S1,TRUE,5611,Nitrogenous fertilizers and materials nes,4,TRUE,C00,TOTAL CPC,0,0,TOTAL MOT,8,kg,1176097024,FALSE,-1,N/A,,FALSE,1176097024,FALSE,,FALSE,,44316708,44316708,0,TRUE,FALSE
C,A,19660101,1966,52,1966,588,PAK,East and West Pakistan (...1971),M,Import,0,W00,World,0,W00,World,S1,S1,TRUE,5611,Nitrogenous fertilizers and materials nes,4,TRUE,C00,TOTAL CPC,0,0,TOTAL MOT,-1,N/A,0,FALSE,-1,N/A,,FALSE,,FALSE,,FALSE,36107636,,36107636,0,TRUE,FALSE
C,A,19660101,1966,52,1966,588,PAK,East and West Pakistan (...1971),X,Export,0,W00,World,0,W00,World,S1,S1,TRUE,5611,Nitrogenous fertilizers and materials nes,4,TRUE,C00,TOTAL CPC,0,0,TOTAL MOT,-1,N/A,0,FALSE,-1,N/A,,FALSE,,FALSE,,FALSE,,6980,6980,0,TRUE,FALSE
C,A,19660101,1966,52,1966,590,PAN,"Panama, excl.Canal Zone (...1977)",M,Import,0,W00,World,0,W00,World,S1,S1,TRUE,5611,Nitrogenous fertilizers and materials nes,4,TRUE,C00,TOTAL CPC,0,0,TOTAL MOT,8,kg,12952416,FALSE,-1,N/A,,FALSE,12952416,FALSE,,FALSE,1192789,,1192789,0,TRUE,FALSE
C,A,19660101,1966,52,1966,604,PER,Peru,M,Import,0,W00,World,0,W00,World,S1,S1,TRUE,5611,Nitrogenous fertilizers and materials nes,4,TRUE,C00,TOTAL CPC,0,0,TOTAL MOT,8,kg,64403920,FALSE,-1,N/A,,FALSE,64403920,FALSE,,FALSE,5396799,,5396799,0,TRUE,FALSE
C,A,19660101,1966,52,1966,604,PER,Peru,X,Export,0,W00,World,0,W00,World,S1,S1,TRUE,5611,Nitrogenous fertilizers and materials nes,4,TRUE,C00,TOTAL CPC,0,0,TOTAL MOT,8,kg,1097,FALSE,-1,N/A,,FALSE,1097,FALSE,,FALSE,,398,398,0,TRUE,FALSE
C,A,19660101,1966,52,1966,608,PHL,Philippines,M,Import,0,W00,World,0,W00,World,S1,S1,TRUE,5611,Nitrogenous fertilizers and materials nes,4,TRUE,C00,TOTAL CPC,0,0,TOTAL MOT,8,kg,59515968,FALSE,-1,N/A,,FALSE,59515968,FALSE,,FALSE,4317962,,4317962,0,TRUE,FALSE
C,A,19660101,1966,52,1966,620,PRT,Portugal,M,Import,0,W00,World,0,W00,World,S1,S1,TRUE,5611,Nitrogenous fertilizers and materials nes,4,TRUE,C00,TOTAL CPC,0,0,TOTAL MOT,8,kg,1076092,FALSE,-1,N/A,,FALSE,1076092,FALSE,,FALSE,98324,,98324,0,TRUE,FALSE
C,A,19660101,1966,52,1966,620,PRT,Portugal,X,Export,0,W00,World,0,W00,World,S1,S1,TRUE,5611,Nitrogenous fertilizers and materials nes,4,TRUE,C00,TOTAL CPC,0,0,TOTAL MOT,8,kg,85533560,FALSE,-1,N/A,,FALSE,85533560,FALSE,,FALSE,,4495459,4495459,0,TRUE,FALSE
C,A,19660101,1966,52,1966,638,REU,RÈunion (Overseas France),M,Import,0,W00,World,0,W00,World,S1,S1,TRUE,5611,Nitrogenous fertilizers and materials nes,4,TRUE,C00,TOTAL CPC,0,0,TOTAL MOT,8,kg,4990444,FALSE,-1,N/A,,TRUE,4990444,FALSE,-1,TRUE,331365,,331365,0,FALSE,FALSE
C,A,19660101,1966,52,1966,686,SEN,Senegal,M,Import,0,W00,World,0,W00,World,S1,S1,TRUE,5611,Nitrogenous fertilizers and materials nes,4,TRUE,C00,TOTAL CPC,0,0,TOTAL MOT,8,kg,15932210,FALSE,-1,N/A,,FALSE,15932210,FALSE,,FALSE,1009815,,1009815,0,TRUE,FALSE
C,A,19660101,1966,52,1966,686,SEN,Senegal,X,Export,0,W00,World,0,W00,World,S1,S1,TRUE,5611,Nitrogenous fertilizers and materials nes,4,TRUE,C00,TOTAL CPC,0,0,TOTAL MOT,8,kg,1000,FALSE,-1,N/A,,FALSE,1000,FALSE,,FALSE,,141,141,0,TRUE,FALSE
C,A,19660101,1966,52,1966,702,SGP,Singapore,M,Import,0,W00,World,0,W00,World,S1,S1,TRUE,5611,Nitrogenous fertilizers and materials nes,4,TRUE,C00,TOTAL CPC,0,0,TOTAL MOT,8,kg,36727576,FALSE,-1,N/A,,FALSE,36727576,FALSE,,FALSE,2292531,,2292531,0,TRUE,FALSE
C,A,19660101,1966,52,1966,702,SGP,Singapore,X,Export,0,W00,World,0,W00,World,S1,S1,TRUE,5611,Nitrogenous fertilizers and materials nes,4,TRUE,C00,TOTAL CPC,0,0,TOTAL MOT,8,kg,27750,FALSE,-1,N/A,,FALSE,27750,FALSE,,FALSE,,2491158,2491158,0,TRUE,FALSE
C,A,19660101,1966,52,1966,724,ESP,Spain,M,Import,0,W00,World,0,W00,World,S1,S1,TRUE,5611,Nitrogenous fertilizers and materials nes,4,TRUE,C00,TOTAL CPC,0,0,TOTAL MOT,8,kg,431736928,FALSE,-1,N/A,,FALSE,431736928,FALSE,,FALSE,18870902,,18870902,0,TRUE,FALSE
C,A,19660101,1966,52,1966,724,ESP,Spain,X,Export,0,W00,World,0,W00,World,S1,S1,TRUE,5611,Nitrogenous fertilizers and materials nes,4,TRUE,C00,TOTAL CPC,0,0,TOTAL MOT,8,kg,88304,FALSE,-1,N/A,,FALSE,88304,FALSE,,FALSE,,5122,5122,0,TRUE,FALSE
C,A,19660101,1966,52,1966,736,SDN,Sudan (...2011),M,Import,0,W00,World,0,W00,World,S1,S1,TRUE,5611,Nitrogenous fertilizers and materials nes,4,TRUE,C00,TOTAL CPC,0,0,TOTAL MOT,8,kg,74086000,FALSE,-1,N/A,,FALSE,74086000,FALSE,,FALSE,6186525,,6186525,0,TRUE,FALSE
C,A,19660101,1966,52,1966,752,SWE,Sweden,M,Import,0,W00,World,0,W00,World,S1,S1,TRUE,5611,Nitrogenous fertilizers and materials nes,4,TRUE,C00,TOTAL CPC,0,0,TOTAL MOT,8,kg,470280000,FALSE,-1,N/A,,FALSE,470280000,FALSE,,FALSE,17148808,,17148808,0,TRUE,FALSE
C,A,19660101,1966,52,1966,752,SWE,Sweden,X,Export,0,W00,World,0,W00,World,S1,S1,TRUE,5611,Nitrogenous fertilizers and materials nes,4,TRUE,C00,TOTAL CPC,0,0,TOTAL MOT,8,kg,28681000,FALSE,-1,N/A,,FALSE,28681000,FALSE,,FALSE,,1593120,1593120,0,TRUE,FALSE
C,A,19660101,1966,52,1966,757,CHE,Switzerland,M,Import,0,W00,World,0,W00,World,S1,S1,TRUE,5611,Nitrogenous fertilizers and materials nes,4,TRUE,C00,TOTAL CPC,0,0,TOTAL MOT,8,kg,1387230,FALSE,-1,N/A,,FALSE,1387230,FALSE,,FALSE,110672,,110672,0,TRUE,FALSE
C,A,19660101,1966,52,1966,757,CHE,Switzerland,X,Export,0,W00,World,0,W00,World,S1,S1,TRUE,5611,Nitrogenous fertilizers and materials nes,4,TRUE,C00,TOTAL CPC,0,0,TOTAL MOT,8,kg,31923208,FALSE,-1,N/A,,FALSE,31923208,FALSE,,FALSE,,1030396,1030396,0,TRUE,FALSE
C,A,19660101,1966,52,1966,764,THA,Thailand,M,Import,0,W00,World,0,W00,World,S1,S1,TRUE,5611,Nitrogenous fertilizers and materials nes,4,TRUE,C00,TOTAL CPC,0,0,TOTAL MOT,8,kg,51029092,FALSE,-1,N/A,,FALSE,51029092,FALSE,,FALSE,3358199,,3358199,0,TRUE,FALSE
C,A,19660101,1966,52,1966,768,TGO,Togo,M,Import,0,W00,World,0,W00,World,S1,S1,TRUE,5611,Nitrogenous fertilizers and materials nes,4,TRUE,C00,TOTAL CPC,0,0,TOTAL MOT,8,kg,28550,FALSE,-1,N/A,,FALSE,28550,FALSE,,FALSE,2659,,2659,0,TRUE,FALSE
C,A,19660101,1966,52,1966,788,TUN,Tunisia,M,Import,0,W00,World,0,W00,World,S1,S1,TRUE,5611,Nitrogenous fertilizers and materials nes,4,TRUE,C00,TOTAL CPC,0,0,TOTAL MOT,8,kg,20132300,FALSE,-1,N/A,,FALSE,20132300,FALSE,,FALSE,1322041,,1322041,0,TRUE,FALSE
C,A,19660101,1966,52,1966,792,TUR,TÅEkiye,M,Import,0,W00,World,0,W00,World,S1,S1,TRUE,5611,Nitrogenous fertilizers and materials nes,4,TRUE,C00,TOTAL CPC,0,0,TOTAL MOT,8,kg,317925216,FALSE,-1,N/A,,FALSE,317925216,FALSE,,FALSE,13964825,,13964825,0,TRUE,FALSE
C,A,19660101,1966,52,1966,818,EGY,Egypt,M,Import,0,W00,World,0,W00,World,S1,S1,TRUE,5611,Nitrogenous fertilizers and materials nes,4,TRUE,C00,TOTAL CPC,0,0,TOTAL MOT,8,kg,516587648,FALSE,-1,N/A,,FALSE,516587648,FALSE,,FALSE,25473800,,25473800,0,TRUE,FALSE
C,A,19660101,1966,52,1966,826,GBR,United Kingdom,M,Import,0,W00,World,0,W00,World,S1,S1,TRUE,5611,Nitrogenous fertilizers and materials nes,4,TRUE,C00,TOTAL CPC,0,0,TOTAL MOT,8,kg,183405632,FALSE,-1,N/A,,FALSE,183405632,FALSE,,FALSE,8589721,,8589721,0,TRUE,FALSE
C,A,19660101,1966,52,1966,826,GBR,United Kingdom,X,Export,0,W00,World,0,W00,World,S1,S1,TRUE,5611,Nitrogenous fertilizers and materials nes,4,TRUE,C00,TOTAL CPC,0,0,TOTAL MOT,8,kg,362089824,FALSE,-1,N/A,,FALSE,362089824,FALSE,,FALSE,,16855294,16855294,0,TRUE,FALSE
C,A,19660101,1966,52,1966,841,USA,USA and Puerto Rico (...1980),M,Import,0,W00,World,0,W00,World,S1,S1,TRUE,5611,Nitrogenous fertilizers and materials nes,4,TRUE,C00,TOTAL CPC,0,0,TOTAL MOT,-1,N/A,0,FALSE,-1,N/A,,FALSE,,FALSE,,FALSE,34351427,,34351427,0,TRUE,FALSE
C,A,19660101,1966,52,1966,841,USA,USA and Puerto Rico (...1980),X,Export,0,W00,World,0,W00,World,S1,S1,TRUE,5611,Nitrogenous fertilizers and materials nes,4,TRUE,C00,TOTAL CPC,0,0,TOTAL MOT,8,kg,1629338583,FALSE,-1,N/A,,FALSE,1629338583,FALSE,,FALSE,,81366157,81366157,0,TRUE,FALSE
C,A,19660101,1966,52,1966,854,BFA,Burkina Faso,M,Import,0,W00,World,0,W00,World,S1,S1,TRUE,5611,Nitrogenous fertilizers and materials nes,4,TRUE,C00,TOTAL CPC,0,0,TOTAL MOT,8,kg,103987,FALSE,-1,N/A,,FALSE,103987,FALSE,,FALSE,8232,,8232,0,TRUE,FALSE
C,A,19660101,1966,52,1966,862,VEN,Venezuela,M,Import,0,W00,World,0,W00,World,S1,S1,TRUE,5611,Nitrogenous fertilizers and materials nes,4,TRUE,C00,TOTAL CPC,0,0,TOTAL MOT,8,kg,10002312,FALSE,-1,N/A,,FALSE,10002312,FALSE,,FALSE,369598,,369598,0,TRUE,FALSE
C,A,19660101,1966,52,1966,862,VEN,Venezuela,X,Export,0,W00,World,0,W00,World,S1,S1,TRUE,5611,Nitrogenous fertilizers and materials nes,4,TRUE,C00,TOTAL CPC,0,0,TOTAL MOT,8,kg,4966500,FALSE,-1,N/A,,FALSE,4966500,FALSE,,FALSE,,178699,178699,0,TRUE,FALSE
C,A,19660101,1966,52,1966,868,VNM,Rep. of Vietnam (...1974),M,Import,0,W00,World,0,W00,World,S1,S1,TRUE,5611,Nitrogenous fertilizers and materials nes,4,TRUE,C00,TOTAL CPC,0,0,TOTAL MOT,8,kg,25571664,FALSE,-1,N/A,,FALSE,25571664,FALSE,,FALSE,1760763,,1760763,0,TRUE,FALSE
C,A,19660101,1966,52,1966,890,YUG,Yugoslavia (...1991),M,Import,0,W00,World,0,W00,World,S1,S1,TRUE,5611,Nitrogenous fertilizers and materials nes,4,TRUE,C00,TOTAL CPC,0,0,TOTAL MOT,8,kg,422860992,FALSE,-1,N/A,,FALSE,422860992,FALSE,,FALSE,19915268,,19915268,0,TRUE,FALSE
C,A,19660101,1966,52,1966,890,YUG,Yugoslavia (...1991),X,Export,0,W00,World,0,W00,World,S1,S1,TRUE,5611,Nitrogenous fertilizers and materials nes,4,TRUE,C00,TOTAL CPC,0,0,TOTAL MOT,8,kg,6019737,FALSE,-1,N/A,,FALSE,6019737,FALSE,,FALSE,,284308,284308,0,TRUE,FALSE
C,A,19660101,1966,52,1966,894,ZMB,Zambia,M,Import,0,W00,World,0,W00,World,S1,S1,TRUE,5611,Nitrogenous fertilizers and materials nes,4,TRUE,C00,TOTAL CPC,0,0,TOTAL MOT,8,kg,30955956,FALSE,-1,N/A,,FALSE,30955956,FALSE,,FALSE,2697497,,2697497,0,TRUE,FALSE
C,A,19660101,1966,52,1966,894,ZMB,Zambia,X,Export,0,W00,World,0,W00,World,S1,S1,TRUE,5611,Nitrogenous fertilizers and materials nes,4,TRUE,C00,TOTAL CPC,0,0,TOTAL MOT,8,kg,10437,FALSE,-1,N/A,,FALSE,10437,FALSE,,FALSE,,921,921,0,TRUE,FALSE
C,A,19670101,1967,52,1967,32,ARG,Argentina,M,Import,0,W00,World,0,W00,World,S1,S1,TRUE,5611,Nitrogenous fertilizers and materials nes,4,TRUE,C00,TOTAL CPC,0,0,TOTAL MOT,8,kg,57064820,FALSE,-1,N/A,,FALSE,57064820,FALSE,,FALSE,4036469,,4036469,0,TRUE,FALSE
C,A,19670101,1967,52,1967,32,ARG,Argentina,X,Export,0,W00,World,0,W00,World,S1,S1,TRUE,5611,Nitrogenous fertilizers and materials nes,4,TRUE,C00,TOTAL CPC,0,0,TOTAL MOT,8,kg,750,FALSE,-1,N/A,,FALSE,750,FALSE,,FALSE,,89,89,0,TRUE,FALSE
C,A,19670101,1967,52,1967,36,AUS,Australia,M,Import,0,W00,World,0,W00,World,S1,S1,TRUE,5611,Nitrogenous fertilizers and materials nes,4,TRUE,C00,TOTAL CPC,0,0,TOTAL MOT,8,kg,123039297,FALSE,-1,N/A,,FALSE,123039297,FALSE,,FALSE,,5152742,5152742,0,TRUE,FALSE
C,A,19670101,1967,52,1967,52,BRB,Barbados,M,Import,0,W00,World,0,W00,World,S1,S1,TRUE,5611,Nitrogenous fertilizers and materials nes,4,TRUE,C00,TOTAL CPC,0,0,TOTAL MOT,8,kg,8857889,FALSE,-1,N/A,,FALSE,8857889,FALSE,,FALSE,465011,,465011,0,TRUE,FALSE
C,A,19670101,1967,52,1967,58,BEL,Belgium-Luxembourg (...1998),M,Import,0,W00,World,0,W00,World,S1,S1,TRUE,5611,Nitrogenous fertilizers and materials nes,4,TRUE,C00,TOTAL CPC,0,0,TOTAL MOT,8,kg,253908992,FALSE,-1,N/A,,FALSE,253908992,FALSE,,FALSE,9781771,,9781771,0,TRUE,FALSE
C,A,19670101,1967,52,1967,58,BEL,Belgium-Luxembourg (...1998),X,Export,0,W00,World,0,W00,World,S1,S1,TRUE,5611,Nitrogenous fertilizers and materials nes,4,TRUE,C00,TOTAL CPC,0,0,TOTAL MOT,8,kg,753478336,FALSE,-1,N/A,,FALSE,753478336,FALSE,,FALSE,,29331032,29331032,0,TRUE,FALSE
C,A,19670101,1967,52,1967,68,BOL,Bolivia (Plurinational State of),M,Import,0,W00,World,0,W00,World,S1,S1,TRUE,5611,Nitrogenous fertilizers and materials nes,4,TRUE,C00,TOTAL CPC,0,0,TOTAL MOT,8,kg,5244193,FALSE,-1,N/A,,FALSE,5244193,FALSE,,FALSE,504200,,504200,0,TRUE,FALSE
C,A,19670101,1967,52,1967,76,BRA,Brazil,M,Import,0,W00,World,0,W00,World,S1,S1,TRUE,5611,Nitrogenous fertilizers and materials nes,4,TRUE,C00,TOTAL CPC,0,0,TOTAL MOT,8,kg,350272224,FALSE,-1,N/A,,FALSE,350272224,FALSE,,FALSE,16481297,,16481297,0,TRUE,FALSE
C,A,19670101,1967,52,1967,96,BRN,Brunei Darussalam,M,Import,0,W00,World,0,W00,World,S1,S1,TRUE,5611,Nitrogenous fertilizers and materials nes,4,TRUE,C00,TOTAL CPC,0,0,TOTAL MOT,8,kg,151616,FALSE,-1,N/A,,FALSE,151616,FALSE,,FALSE,11618,,11618,0,TRUE,FALSE
C,A,19670101,1967,52,1967,104,MMR,Myanmar,M,Import,0,W00,World,0,W00,World,S1,S1,TRUE,5611,Nitrogenous fertilizers and materials nes,4,TRUE,C00,TOTAL CPC,0,0,TOTAL MOT,8,kg,16198796,FALSE,-1,N/A,,FALSE,16198796,FALSE,,FALSE,1242727,,1242727,0,TRUE,FALSE
C,A,19670101,1967,52,1967,116,KHM,Cambodia,M,Import,0,W00,World,0,W00,World,S1,S1,TRUE,5611,Nitrogenous fertilizers and materials nes,4,TRUE,C00,TOTAL CPC,0,0,TOTAL MOT,8,kg,2531875,FALSE,-1,N/A,,FALSE,2531875,FALSE,,FALSE,232351,,232351,0,TRUE,FALSE
C,A,19670101,1967,52,1967,120,CMR,Cameroon,M,Import,0,W00,World,0,W00,World,S1,S1,TRUE,5611,Nitrogenous fertilizers and materials nes,4,TRUE,C00,TOTAL CPC,0,0,TOTAL MOT,8,kg,27136500,FALSE,-1,N/A,,FALSE,27136500,FALSE,,FALSE,1561893,,1561893,0,TRUE,FALSE
C,A,19670101,1967,52,1967,120,CMR,Cameroon,X,Export,0,W00,World,0,W00,World,S1,S1,TRUE,5611,Nitrogenous fertilizers and materials nes,4,TRUE,C00,TOTAL CPC,0,0,TOTAL MOT,8,kg,199,FALSE,-1,N/A,,FALSE,199,FALSE,,FALSE,,15,15,0,TRUE,FALSE
C,A,19670101,1967,52,1967,124,CAN,Canada,M,Import,0,W00,World,0,W00,World,S1,S1,TRUE,5611,Nitrogenous fertilizers and materials nes,4,TRUE,C00,TOTAL CPC,0,0,TOTAL MOT,8,kg,52867084,FALSE,-1,N/A,,FALSE,52867084,FALSE,,FALSE,,2889938,2889938,0,TRUE,FALSE
C,A,19670101,1967,52,1967,124,CAN,Canada,X,Export,0,W00,World,0,W00,World,S1,S1,TRUE,5611,Nitrogenous fertilizers and materials nes,4,TRUE,C00,TOTAL CPC,0,0,TOTAL MOT,-1,N/A,0,FALSE,-1,N/A,,FALSE,,FALSE,,FALSE,,29777920,29777920,0,TRUE,FALSE
C,A,19670101,1967,52,1967,140,CAF,Central African Rep.,M,Import,0,W00,World,0,W00,World,S1,S1,TRUE,5611,Nitrogenous fertilizers and materials nes,4,TRUE,C00,TOTAL CPC,0,0,TOTAL MOT,8,kg,2157511,FALSE,-1,N/A,,FALSE,2157511,FALSE,,FALSE,207982,,207982,0,TRUE,FALSE
C,A,19670101,1967,52,1967,144,LKA,Sri Lanka,M,Import,0,W00,World,0,W00,World,S1,S1,TRUE,5611,Nitrogenous fertilizers and materials nes,4,TRUE,C00,TOTAL CPC,0,0,TOTAL MOT,8,kg,139343376,FALSE,-1,N/A,,FALSE,139343376,FALSE,,FALSE,9014778,,9014778,0,TRUE,FALSE
C,A,19670101,1967,52,1967,148,TCD,Chad,M,Import,0,W00,World,0,W00,World,S1,S1,TRUE,5611,Nitrogenous fertilizers and materials nes,4,TRUE,C00,TOTAL CPC,0,0,TOTAL MOT,8,kg,849457,FALSE,-1,N/A,,FALSE,849457,FALSE,,FALSE,47395,,47395,0,TRUE,FALSE
C,A,19670101,1967,52,1967,152,CHL,Chile,M,Import,0,W00,World,0,W00,World,S1,S1,TRUE,5611,Nitrogenous fertilizers and materials nes,4,TRUE,C00,TOTAL CPC,0,0,TOTAL MOT,8,kg,15833525,FALSE,-1,N/A,,FALSE,15833525,FALSE,,FALSE,999661,,999661,0,TRUE,FALSE
C,A,19670101,1967,52,1967,170,COL,Colombia,M,Import,0,W00,World,0,W00,World,S1,S1,TRUE,5611,Nitrogenous fertilizers and materials nes,4,TRUE,C00,TOTAL CPC,0,0,TOTAL MOT,8,kg,9799585,FALSE,-1,N/A,,FALSE,9799585,FALSE,,FALSE,928626,,928626,0,TRUE,FALSE
C,A,19670101,1967,52,1967,178,COG,Congo,M,Import,0,W00,World,0,W00,World,S1,S1,TRUE,5611,Nitrogenous fertilizers and materials nes,4,TRUE,C00,TOTAL CPC,0,0,TOTAL MOT,8,kg,45980,FALSE,-1,N/A,,FALSE,45980,FALSE,,FALSE,4152,,4152,0,TRUE,FALSE
C,A,19670101,1967,52,1967,188,CRI,Costa Rica,M,Import,0,W00,World,0,W00,World,S1,S1,TRUE,5611,Nitrogenous fertilizers and materials nes,4,TRUE,C00,TOTAL CPC,0,0,TOTAL MOT,8,kg,28509936,FALSE,-1,N/A,,FALSE,28509936,FALSE,,FALSE,2221875,,2221875,0,TRUE,FALSE
C,A,19670101,1967,52,1967,204,BEN,Benin,M,Import,0,W00,World,0,W00,World,S1,S1,TRUE,5611,Nitrogenous fertilizers and materials nes,4,TRUE,C00,TOTAL CPC,0,0,TOTAL MOT,8,kg,1733335,FALSE,-1,N/A,,FALSE,1733335,FALSE,,FALSE,109542,,109542,0,TRUE,FALSE
C,A,19670101,1967,52,1967,204,BEN,Benin,X,Export,0,W00,World,0,W00,World,S1,S1,TRUE,5611,Nitrogenous fertilizers and materials nes,4,TRUE,C00,TOTAL CPC,0,0,TOTAL MOT,8,kg,12812,FALSE,-1,N/A,,FALSE,12812,FALSE,,FALSE,,959,959,0,TRUE,FALSE
C,A,19670101,1967,52,1967,208,DNK,Denmark,M,Import,0,W00,World,0,W00,World,S1,S1,TRUE,5611,Nitrogenous fertilizers and materials nes,4,TRUE,C00,TOTAL CPC,0,0,TOTAL MOT,8,kg,323255136,FALSE,-1,N/A,,FALSE,323255136,FALSE,,FALSE,11875509,,11875509,0,TRUE,FALSE
C,A,19670101,1967,52,1967,208,DNK,Denmark,X,Export,0,W00,World,0,W00,World,S1,S1,TRUE,5611,Nitrogenous fertilizers and materials nes,4,TRUE,C00,TOTAL CPC,0,0,TOTAL MOT,8,kg,39936,FALSE,-1,N/A,,FALSE,39936,FALSE,,FALSE,,10194,10194,0,TRUE,FALSE
C,A,19670101,1967,52,1967,218,ECU,Ecuador,M,Import,0,W00,World,0,W00,World,S1,S1,TRUE,5611,Nitrogenous fertilizers and materials nes,4,TRUE,C00,TOTAL CPC,0,0,TOTAL MOT,8,kg,5438585,FALSE,-1,N/A,,FALSE,5438585,FALSE,,FALSE,451499,,451499,0,TRUE,FALSE
C,A,19670101,1967,52,1967,222,SLV,El Salvador,M,Import,0,W00,World,0,W00,World,S1,S1,TRUE,5611,Nitrogenous fertilizers and materials nes,4,TRUE,C00,TOTAL CPC,0,0,TOTAL MOT,8,kg,70849448,FALSE,-1,N/A,,FALSE,70849448,FALSE,,FALSE,3822502,,3822502,0,TRUE,FALSE
C,A,19670101,1967,52,1967,242,FJI,Fiji,M,Import,0,W00,World,0,W00,World,S1,S1,TRUE,5611,Nitrogenous fertilizers and materials nes,4,TRUE,C00,TOTAL CPC,0,0,TOTAL MOT,8,kg,20044564,FALSE,-1,N/A,,FALSE,20044564,FALSE,,FALSE,1058131,,1058131,0,TRUE,FALSE
C,A,19670101,1967,52,1967,246,FIN,Finland,M,Import,0,W00,World,0,W00,World,S1,S1,TRUE,5611,Nitrogenous fertilizers and materials nes,4,TRUE,C00,TOTAL CPC,0,0,TOTAL MOT,8,kg,77715032,FALSE,-1,N/A,,FALSE,77715032,FALSE,,FALSE,3362089,,3362089,0,TRUE,FALSE
C,A,19670101,1967,52,1967,246,FIN,Finland,X,Export,0,W00,World,0,W00,World,S1,S1,TRUE,5611,Nitrogenous fertilizers and materials nes,4,TRUE,C00,TOTAL CPC,0,0,TOTAL MOT,8,kg,16841792,FALSE,-1,N/A,,FALSE,16841792,FALSE,,FALSE,,554938,554938,0,TRUE,FALSE
C,A,19670101,1967,52,1967,251,FRA,France,M,Import,0,W00,World,0,W00,World,S1,S1,TRUE,5611,Nitrogenous fertilizers and materials nes,4,TRUE,C00,TOTAL CPC,0,0,TOTAL MOT,8,kg,139107600,FALSE,-1,N/A,,FALSE,139107600,FALSE,,FALSE,6626610,,6626610,0,TRUE,FALSE
C,A,19670101,1967,52,1967,251,FRA,France,X,Export,0,W00,World,0,W00,World,S1,S1,TRUE,5611,Nitrogenous fertilizers and materials nes,4,TRUE,C00,TOTAL CPC,0,0,TOTAL MOT,8,kg,1055526016,FALSE,-1,N/A,,FALSE,1055526016,FALSE,,FALSE,,38153032,38153032,0,TRUE,FALSE
C,A,19670101,1967,52,1967,254,GUF,French Guiana (Overseas France),M,Import,0,W00,World,0,W00,World,S1,S1,TRUE,5611,Nitrogenous fertilizers and materials nes,4,TRUE,C00,TOTAL CPC,0,0,TOTAL MOT,8,kg,25464,FALSE,-1,N/A,,FALSE,25464,FALSE,,FALSE,2513,,2513,0,TRUE,FALSE
C,A,19670101,1967,52,1967,266,GAB,Gabon,M,Import,0,W00,World,0,W00,World,S1,S1,TRUE,5611,Nitrogenous fertilizers and materials nes,4,TRUE,C00,TOTAL CPC,0,0,TOTAL MOT,8,kg,27397,FALSE,-1,N/A,,FALSE,27397,FALSE,,FALSE,3220,,3220,0,TRUE,FALSE
C,A,19670101,1967,52,1967,280,DEU,Fed. Rep. of Germany (...1990),M,Import,0,W00,World,0,W00,World,S1,S1,TRUE,5611,Nitrogenous fertilizers and materials nes,4,TRUE,C00,TOTAL CPC,0,0,TOTAL MOT,8,kg,388234368,FALSE,-1,N/A,,TRUE,388234368,FALSE,-1,TRUE,15919000,,15919000,0,FALSE,FALSE
C,A,19670101,1967,52,1967,280,DEU,Fed. Rep. of Germany (...1990),X,Export,0,W00,World,0,W00,World,S1,S1,TRUE,5611,Nitrogenous fertilizers and materials nes,4,TRUE,C00,TOTAL CPC,0,0,TOTAL MOT,8,kg,1594332672,FALSE,-1,N/A,,TRUE,1594332672,FALSE,-1,TRUE,,55722000,55722000,0,FALSE,FALSE
C,A,19670101,1967,52,1967,288,GHA,Ghana,M,Import,0,W00,World,0,W00,World,S1,S1,TRUE,5611,Nitrogenous fertilizers and materials nes,4,TRUE,C00,TOTAL CPC,0,0,TOTAL MOT,8,kg,148326,FALSE,-1,N/A,,FALSE,148326,FALSE,,FALSE,11286,,11286,0,TRUE,FALSE
C,A,19670101,1967,52,1967,300,GRC,Greece,M,Import,0,W00,World,0,W00,World,S1,S1,TRUE,5611,Nitrogenous fertilizers and materials nes,4,TRUE,C00,TOTAL CPC,0,0,TOTAL MOT,8,kg,140319648,FALSE,-1,N/A,,FALSE,140319648,FALSE,,FALSE,8049464,,8049464,0,TRUE,FALSE
C,A,19670101,1967,52,1967,312,GLP,Guadeloupe (Overseas France),M,Import,0,W00,World,0,W00,World,S1,S1,TRUE,5611,Nitrogenous fertilizers and materials nes,4,TRUE,C00,TOTAL CPC,0,0,TOTAL MOT,8,kg,1507812,FALSE,-1,N/A,,FALSE,1507812,FALSE,,FALSE,94653,,94653,0,TRUE,FALSE
C,A,19670101,1967,52,1967,320,GTM,Guatemala,M,Import,0,W00,World,0,W00,World,S1,S1,TRUE,5611,Nitrogenous fertilizers and materials nes,4,TRUE,C00,TOTAL CPC,0,0,TOTAL MOT,8,kg,24862068,FALSE,-1,N/A,,FALSE,24862068,FALSE,,FALSE,2235385,,2235385,0,TRUE,FALSE
C,A,19670101,1967,52,1967,340,HND,Honduras,M,Import,0,W00,World,0,W00,World,S1,S1,TRUE,5611,Nitrogenous fertilizers and materials nes,4,TRUE,C00,TOTAL CPC,0,0,TOTAL MOT,8,kg,19635880,FALSE,-1,N/A,,FALSE,19635880,FALSE,,FALSE,1687241,,1687241,0,TRUE,FALSE
C,A,19670101,1967,52,1967,344,HKG,"China, Hong Kong SAR",M,Import,0,W00,World,0,W00,World,S1,S1,TRUE,5611,Nitrogenous fertilizers and materials nes,4,TRUE,C00,TOTAL CPC,0,0,TOTAL MOT,8,kg,1632737,FALSE,-1,N/A,,FALSE,1632737,FALSE,,FALSE,125995,,125995,0,TRUE,FALSE
C,A,19670101,1967,52,1967,344,HKG,"China, Hong Kong SAR",X,Export,0,W00,World,0,W00,World,S1,S1,TRUE,5611,Nitrogenous fertilizers and materials nes,4,TRUE,C00,TOTAL CPC,0,0,TOTAL MOT,8,kg,199295,FALSE,-1,N/A,,FALSE,199295,FALSE,,FALSE,,39427,39427,0,TRUE,FALSE
C,A,19670101,1967,52,1967,352,ISL,Iceland,M,Import,0,W00,World,0,W00,World,S1,S1,TRUE,5611,Nitrogenous fertilizers and materials nes,4,TRUE,C00,TOTAL CPC,0,0,TOTAL MOT,8,kg,1806175,FALSE,-1,N/A,,FALSE,1806175,FALSE,,FALSE,95049,,95049,0,TRUE,FALSE
C,A,19670101,1967,52,1967,356,IND,India (...1974),M,Import,0,W00,World,0,W00,World,S1,S1,TRUE,5611,Nitrogenous fertilizers and materials nes,4,TRUE,C00,TOTAL CPC,0,0,TOTAL MOT,8,kg,1203693952,FALSE,-1,N/A,,FALSE,1203693952,FALSE,,FALSE,81174608,,81174608,0,TRUE,FALSE
C,A,19670101,1967,52,1967,356,IND,India (...1974),X,Export,0,W00,World,0,W00,World,S1,S1,TRUE,5611,Nitrogenous fertilizers and materials nes,4,TRUE,C00,TOTAL CPC,0,0,TOTAL MOT,8,kg,26000,FALSE,-1,N/A,,FALSE,26000,FALSE,,FALSE,,1782,1782,0,TRUE,FALSE
C,A,19670101,1967,52,1967,360,IDN,Indonesia,M,Import,0,W00,World,0,W00,World,S1,S1,TRUE,5611,Nitrogenous fertilizers and materials nes,4,TRUE,C00,TOTAL CPC,0,0,TOTAL MOT,8,kg,172710336,FALSE,-1,N/A,,FALSE,172710336,FALSE,,FALSE,15228917,,15228917,0,TRUE,FALSE
C,A,19670101,1967,52,1967,364,IRN,Iran,M,Import,0,W00,World,0,W00,World,S1,S1,TRUE,5611,Nitrogenous fertilizers and materials nes,4,TRUE,C00,TOTAL CPC,0,0,TOTAL MOT,8,kg,446084,FALSE,-1,N/A,,FALSE,446084,FALSE,,FALSE,25719,,25719,0,TRUE,FALSE
C,A,19670101,1967,52,1967,364,IRN,Iran,X,Export,0,W00,World,0,W00,World,S1,S1,TRUE,5611,Nitrogenous fertilizers and materials nes,4,TRUE,C00,TOTAL CPC,0,0,TOTAL MOT,8,kg,9125,FALSE,-1,N/A,,FALSE,9125,FALSE,,FALSE,,521,521,0,TRUE,FALSE
C,A,19670101,1967,52,1967,372,IRL,Ireland,M,Import,0,W00,World,0,W00,World,S1,S1,TRUE,5611,Nitrogenous fertilizers and materials nes,4,TRUE,C00,TOTAL CPC,0,0,TOTAL MOT,8,kg,35271148,FALSE,-1,N/A,,FALSE,35271148,FALSE,,FALSE,1531936,,1531936,0,TRUE,FALSE
C,A,19670101,1967,52,1967,376,ISR,Israel,M,Import,0,W00,World,0,W00,World,S1,S1,TRUE,5611,Nitrogenous fertilizers and materials nes,4,TRUE,C00,TOTAL CPC,0,0,TOTAL MOT,-1,N/A,0,FALSE,-1,N/A,,FALSE,,FALSE,,FALSE,180942,,180942,0,TRUE,FALSE
C,A,19670101,1967,52,1967,380,ITA,Italy,M,Import,0,W00,World,0,W00,World,S1,S1,TRUE,5611,Nitrogenous fertilizers and materials nes,4,TRUE,C00,TOTAL CPC,0,0,TOTAL MOT,8,kg,5431147,FALSE,-1,N/A,,TRUE,5431147,FALSE,-1,TRUE,266108,,266108,0,FALSE,FALSE
C,A,19670101,1967,52,1967,380,ITA,Italy,X,Export,0,W00,World,0,W00,World,S1,S1,TRUE,5611,Nitrogenous fertilizers and materials nes,4,TRUE,C00,TOTAL CPC,0,0,TOTAL MOT,8,kg,1173798528,FALSE,-1,N/A,,TRUE,1173798528,FALSE,-1,TRUE,,38732348,38732348,0,FALSE,FALSE
C,A,19670101,1967,52,1967,384,CIV,CÙte d'Ivoire,M,Import,0,W00,World,0,W00,World,S1,S1,TRUE,5611,Nitrogenous fertilizers and materials nes,4,TRUE,C00,TOTAL CPC,0,0,TOTAL MOT,8,kg,734875,FALSE,-1,N/A,,FALSE,734875,FALSE,,FALSE,38231,,38231,0,TRUE,FALSE
C,A,19670101,1967,52,1967,384,CIV,CÙte d'Ivoire,X,Export,0,W00,World,0,W00,World,S1,S1,TRUE,5611,Nitrogenous fertilizers and materials nes,4,TRUE,C00,TOTAL CPC,0,0,TOTAL MOT,8,kg,9613,FALSE,-1,N/A,,FALSE,9613,FALSE,,FALSE,,1113,1113,0,TRUE,FALSE
C,A,19670101,1967,52,1967,392,JPN,Japan,M,Import,0,W00,World,0,W00,World,S1,S1,TRUE,5611,Nitrogenous fertilizers and materials nes,4,TRUE,C00,TOTAL CPC,0,0,TOTAL MOT,8,kg,9135000,FALSE,-1,N/A,,FALSE,9135000,FALSE,,FALSE,546154,,546154,0,TRUE,FALSE
C,A,19670101,1967,52,1967,392,JPN,Japan,X,Export,0,W00,World,0,W00,World,S1,S1,TRUE,5611,Nitrogenous fertilizers and materials nes,4,TRUE,C00,TOTAL CPC,0,0,TOTAL MOT,8,kg,1721624000,FALSE,-1,N/A,,FALSE,1721624000,FALSE,,FALSE,,62678989,62678989,0,TRUE,FALSE
C,A,19670101,1967,52,1967,400,JOR,Jordan,X,Export,0,W00,World,0,W00,World,S1,S1,TRUE,5611,Nitrogenous fertilizers and materials nes,4,TRUE,C00,TOTAL CPC,0,0,TOTAL MOT,8,kg,11000,FALSE,-1,N/A,,FALSE,11000,FALSE,,FALSE,,447,447,0,TRUE,FALSE
C,A,19670101,1967,52,1967,410,KOR,Rep. of Korea,M,Import,0,W00,World,0,W00,World,S1,S1,TRUE,5611,Nitrogenous fertilizers and materials nes,4,TRUE,C00,TOTAL CPC,0,0,TOTAL MOT,8,kg,280896800,FALSE,-1,N/A,,FALSE,280896800,FALSE,,FALSE,23036864,,23036864,0,TRUE,FALSE
C,A,19670101,1967,52,1967,410,KOR,Rep. of Korea,X,Export,0,W00,World,0,W00,World,S1,S1,TRUE,5611,Nitrogenous fertilizers and materials nes,4,TRUE,C00,TOTAL CPC,0,0,TOTAL MOT,8,kg,20000000,FALSE,-1,N/A,,FALSE,20000000,FALSE,,FALSE,,1640000,1640000,0,TRUE,FALSE
C,A,19670101,1967,52,1967,418,LAO,Lao People's Dem. Rep.,M,Import,0,W00,World,0,W00,World,S1,S1,TRUE,5611,Nitrogenous fertilizers and materials nes,4,TRUE,C00,TOTAL CPC,0,0,TOTAL MOT,8,kg,8437,FALSE,-1,N/A,,FALSE,8437,FALSE,,FALSE,2418,,2418,0,TRUE,FALSE
C,A,19670101,1967,52,1967,422,LBN,Lebanon,M,Import,0,W00,World,0,W00,World,S1,S1,TRUE,5611,Nitrogenous fertilizers and materials nes,4,TRUE,C00,TOTAL CPC,0,0,TOTAL MOT,8,kg,17564312,FALSE,-1,N/A,,FALSE,17564312,FALSE,,FALSE,937619,,937619,0,TRUE,FALSE
C,A,19670101,1967,52,1967,422,LBN,Lebanon,X,Export,0,W00,World,0,W00,World,S1,S1,TRUE,5611,Nitrogenous fertilizers and materials nes,4,TRUE,C00,TOTAL CPC,0,0,TOTAL MOT,8,kg,8185011,FALSE,-1,N/A,,FALSE,8185011,FALSE,,FALSE,,364146,364146,0,TRUE,FALSE
C,A,19670101,1967,52,1967,434,LBY,Libya,M,Import,0,W00,World,0,W00,World,S1,S1,TRUE,5611,Nitrogenous fertilizers and materials nes,4,TRUE,C00,TOTAL CPC,0,0,TOTAL MOT,8,kg,16908794,FALSE,-1,N/A,,FALSE,16908794,FALSE,,FALSE,1361459,,1361459,0,TRUE,FALSE
C,A,19670101,1967,52,1967,450,MDG,Madagascar,M,Import,0,W00,World,0,W00,World,S1,S1,TRUE,5611,Nitrogenous fertilizers and materials nes,4,TRUE,C00,TOTAL CPC,0,0,TOTAL MOT,8,kg,3734068,FALSE,-1,N/A,,FALSE,3734068,FALSE,,FALSE,217777,,217777,0,TRUE,FALSE
C,A,19670101,1967,52,1967,450,MDG,Madagascar,X,Export,0,W00,World,0,W00,World,S1,S1,TRUE,5611,Nitrogenous fertilizers and materials nes,4,TRUE,C00,TOTAL CPC,0,0,TOTAL MOT,8,kg,5687,FALSE,-1,N/A,,FALSE,5687,FALSE,,FALSE,,733,733,0,TRUE,FALSE
C,A,19670101,1967,52,1967,454,MWI,Malawi,M,Import,0,W00,World,0,W00,World,S1,S1,TRUE,5611,Nitrogenous fertilizers and materials nes,4,TRUE,C00,TOTAL CPC,0,0,TOTAL MOT,8,kg,4708284,FALSE,-1,N/A,,FALSE,4708284,FALSE,,FALSE,310077,,310077,0,TRUE,FALSE
C,A,19670101,1967,52,1967,454,MWI,Malawi,X,Export,0,W00,World,0,W00,World,S1,S1,TRUE,5611,Nitrogenous fertilizers and materials nes,4,TRUE,C00,TOTAL CPC,0,0,TOTAL MOT,8,kg,5437,FALSE,-1,N/A,,FALSE,5437,FALSE,,FALSE,,744,744,0,TRUE,FALSE
C,A,19670101,1967,52,1967,458,MYS,Malaysia,M,Import,0,W00,World,0,W00,World,S1,S1,TRUE,5611,Nitrogenous fertilizers and materials nes,4,TRUE,C00,TOTAL CPC,0,0,TOTAL MOT,8,kg,130755152,FALSE,-1,N/A,,FALSE,130755152,FALSE,,FALSE,8080329,,8080329,0,TRUE,FALSE
C,A,19670101,1967,52,1967,458,MYS,Malaysia,X,Export,0,W00,World,0,W00,World,S1,S1,TRUE,5611,Nitrogenous fertilizers and materials nes,4,TRUE,C00,TOTAL CPC,0,0,TOTAL MOT,8,kg,273784,FALSE,-1,N/A,,FALSE,273784,FALSE,,FALSE,,18682,18682,0,TRUE,FALSE
C,A,19670101,1967,52,1967,466,MLI,Mali,M,Import,0,W00,World,0,W00,World,S1,S1,TRUE,5611,Nitrogenous fertilizers and materials nes,4,TRUE,C00,TOTAL CPC,0,0,TOTAL MOT,8,kg,7833,FALSE,-1,N/A,,FALSE,7833,FALSE,,FALSE,1137,,1137,0,TRUE,FALSE
C,A,19670101,1967,52,1967,470,MLT,Malta,M,Import,0,W00,World,0,W00,World,S1,S1,TRUE,5611,Nitrogenous fertilizers and materials nes,4,TRUE,C00,TOTAL CPC,0,0,TOTAL MOT,8,kg,1558625,FALSE,-1,N/A,,FALSE,1558625,FALSE,,FALSE,82536,,82536,0,TRUE,FALSE
C,A,19670101,1967,52,1967,474,MTQ,Martinique (Overseas France),M,Import,0,W00,World,0,W00,World,S1,S1,TRUE,5611,Nitrogenous fertilizers and materials nes,4,TRUE,C00,TOTAL CPC,0,0,TOTAL MOT,8,kg,6863499,FALSE,-1,N/A,,FALSE,6863499,FALSE,,FALSE,357120,,357120,0,TRUE,FALSE
C,A,19670101,1967,52,1967,474,MTQ,Martinique (Overseas France),X,Export,0,W00,World,0,W00,World,S1,S1,TRUE,5611,Nitrogenous fertilizers and materials nes,4,TRUE,C00,TOTAL CPC,0,0,TOTAL MOT,8,kg,597,FALSE,-1,N/A,,FALSE,597,FALSE,,FALSE,,60,60,0,TRUE,FALSE
C,A,19670101,1967,52,1967,478,MRT,Mauritania,M,Import,0,W00,World,0,W00,World,S1,S1,TRUE,5611,Nitrogenous fertilizers and materials nes,4,TRUE,C00,TOTAL CPC,0,0,TOTAL MOT,8,kg,2600300,FALSE,-1,N/A,,FALSE,2600300,FALSE,,FALSE,254306,,254306,0,TRUE,FALSE
C,A,19670101,1967,52,1967,484,MEX,Mexico,M,Import,0,W00,World,0,W00,World,S1,S1,TRUE,5611,Nitrogenous fertilizers and materials nes,4,TRUE,C00,TOTAL CPC,0,0,TOTAL MOT,8,kg,124523904,FALSE,-1,N/A,,FALSE,124523904,FALSE,,FALSE,7385315,,7385315,0,TRUE,FALSE
C,A,19670101,1967,52,1967,484,MEX,Mexico,X,Export,0,W00,World,0,W00,World,S1,S1,TRUE,5611,Nitrogenous fertilizers and materials nes,4,TRUE,C00,TOTAL CPC,0,0,TOTAL MOT,8,kg,1305705,FALSE,-1,N/A,,FALSE,1305705,FALSE,,FALSE,,115517,115517,0,TRUE,FALSE
C,A,19670101,1967,52,1967,490,S19,"Other Asia, nes",M,Import,0,W00,World,0,W00,World,S1,S1,TRUE,5611,Nitrogenous fertilizers and materials nes,4,TRUE,C00,TOTAL CPC,0,0,TOTAL MOT,8,kg,171934368,FALSE,-1,N/A,,FALSE,171934368,FALSE,,FALSE,8726771,,8726771,0,TRUE,FALSE
C,A,19670101,1967,52,1967,490,S19,"Other Asia, nes",X,Export,0,W00,World,0,W00,World,S1,S1,TRUE,5611,Nitrogenous fertilizers and materials nes,4,TRUE,C00,TOTAL CPC,0,0,TOTAL MOT,8,kg,67580120,FALSE,-1,N/A,,FALSE,67580120,FALSE,,FALSE,,5334077,5334077,0,TRUE,FALSE
C,A,19670101,1967,52,1967,504,MAR,Morocco,M,Import,0,W00,World,0,W00,World,S1,S1,TRUE,5611,Nitrogenous fertilizers and materials nes,4,TRUE,C00,TOTAL CPC,0,0,TOTAL MOT,8,kg,89819648,FALSE,-1,N/A,,FALSE,89819648,FALSE,,FALSE,4413173,,4413173,0,TRUE,FALSE
C,A,19670101,1967,52,1967,528,NLD,Netherlands,M,Import,0,W00,World,0,W00,World,S1,S1,TRUE,5611,Nitrogenous fertilizers and materials nes,4,TRUE,C00,TOTAL CPC,0,0,TOTAL MOT,8,kg,8454846,FALSE,-1,N/A,,FALSE,8454846,FALSE,,FALSE,457640,,457640,0,TRUE,FALSE
C,A,19670101,1967,52,1967,528,NLD,Netherlands,X,Export,0,W00,World,0,W00,World,S1,S1,TRUE,5611,Nitrogenous fertilizers and materials nes,4,TRUE,C00,TOTAL CPC,0,0,TOTAL MOT,8,kg,741599552,FALSE,-1,N/A,,FALSE,741599552,FALSE,,FALSE,,25667684,25667684,0,TRUE,FALSE
C,A,19670101,1967,52,1967,532,ANT,Netherlands Antilles and Aruba (...1985),M,Import,0,W00,World,0,W00,World,S1,S1,TRUE,5611,Nitrogenous fertilizers and materials nes,4,TRUE,C00,TOTAL CPC,0,0,TOTAL MOT,8,kg,350000,FALSE,-1,N/A,,FALSE,350000,FALSE,,FALSE,,38709,38709,0,TRUE,FALSE
C,A,19670101,1967,52,1967,532,ANT,Netherlands Antilles and Aruba (...1985),X,Export,0,W00,World,0,W00,World,S1,S1,TRUE,5611,Nitrogenous fertilizers and materials nes,4,TRUE,C00,TOTAL CPC,0,0,TOTAL MOT,8,kg,125759000,FALSE,-1,N/A,,FALSE,125759000,FALSE,,FALSE,,7177649,7177649,0,TRUE,FALSE
C,A,19670101,1967,52,1967,554,NZL,New Zealand,M,Import,0,W00,World,0,W00,World,S1,S1,TRUE,5611,Nitrogenous fertilizers and materials nes,4,TRUE,C00,TOTAL CPC,0,0,TOTAL MOT,-1,N/A,0,FALSE,-1,N/A,,FALSE,,FALSE,,FALSE,1375356,,1375356,0,TRUE,FALSE
C,A,19670101,1967,52,1967,554,NZL,New Zealand,X,Export,0,W00,World,0,W00,World,S1,S1,TRUE,5611,Nitrogenous fertilizers and materials nes,4,TRUE,C00,TOTAL CPC,0,0,TOTAL MOT,8,kg,3062,FALSE,-1,N/A,,FALSE,3062,FALSE,,FALSE,,499,499,0,TRUE,FALSE
C,A,19670101,1967,52,1967,558,NIC,Nicaragua,M,Import,0,W00,World,0,W00,World,S1,S1,TRUE,5611,Nitrogenous fertilizers and materials nes,4,TRUE,C00,TOTAL CPC,0,0,TOTAL MOT,8,kg,26092844,FALSE,-1,N/A,,FALSE,26092844,FALSE,,FALSE,2233994,,2233994,0,TRUE,FALSE
C,A,19670101,1967,52,1967,562,NER,Niger,M,Import,0,W00,World,0,W00,World,S1,S1,TRUE,5611,Nitrogenous fertilizers and materials nes,4,TRUE,C00,TOTAL CPC,0,0,TOTAL MOT,8,kg,75108,FALSE,-1,N/A,,FALSE,75108,FALSE,,FALSE,12270,,12270,0,TRUE,FALSE
C,A,19670101,1967,52,1967,566,NGA,Nigeria,M,Import,0,W00,World,0,W00,World,S1,S1,TRUE,5611,Nitrogenous fertilizers and materials nes,4,TRUE,C00,TOTAL CPC,0,0,TOTAL MOT,8,kg,29378076,FALSE,-1,N/A,,FALSE,29378076,FALSE,,FALSE,1083897,,1083897,0,TRUE,FALSE
C,A,19670101,1967,52,1967,579,NOR,Norway,M,Import,0,W00,World,0,W00,World,S1,S1,TRUE,5611,Nitrogenous fertilizers and materials nes,4,TRUE,C00,TOTAL CPC,0,0,TOTAL MOT,8,kg,265702,FALSE,-1,N/A,,FALSE,265702,FALSE,,FALSE,19058,,19058,0,TRUE,FALSE
C,A,19670101,1967,52,1967,579,NOR,Norway,X,Export,0,W00,World,0,W00,World,S1,S1,TRUE,5611,Nitrogenous fertilizers and materials nes,4,TRUE,C00,TOTAL CPC,0,0,TOTAL MOT,8,kg,893047168,FALSE,-1,N/A,,FALSE,893047168,FALSE,,FALSE,,33088200,33088200,0,TRUE,FALSE
C,A,19670101,1967,52,1967,588,PAK,East and West Pakistan (...1971),M,Import,0,W00,World,0,W00,World,S1,S1,TRUE,5611,Nitrogenous fertilizers and materials nes,4,TRUE,C00,TOTAL CPC,0,0,TOTAL MOT,-1,N/A,0,FALSE,-1,N/A,,FALSE,,FALSE,,FALSE,19408720,,19408720,0,TRUE,FALSE
C,A,19670101,1967,52,1967,588,PAK,East and West Pakistan (...1971),X,Export,0,W00,World,0,W00,World,S1,S1,TRUE,5611,Nitrogenous fertilizers and materials nes,4,TRUE,C00,TOTAL CPC,0,0,TOTAL MOT,-1,N/A,0,FALSE,-1,N/A,,FALSE,,FALSE,,FALSE,,17902,17902,0,TRUE,FALSE
C,A,19670101,1967,52,1967,590,PAN,"Panama, excl.Canal Zone (...1977)",M,Import,0,W00,World,0,W00,World,S1,S1,TRUE,5611,Nitrogenous fertilizers and materials nes,4,TRUE,C00,TOTAL CPC,0,0,TOTAL MOT,8,kg,15856193,FALSE,-1,N/A,,FALSE,15856193,FALSE,,FALSE,1399204,,1399204,0,TRUE,FALSE
C,A,19670101,1967,52,1967,604,PER,Peru,M,Import,0,W00,World,0,W00,World,S1,S1,TRUE,5611,Nitrogenous fertilizers and materials nes,4,TRUE,C00,TOTAL CPC,0,0,TOTAL MOT,8,kg,93546960,FALSE,-1,N/A,,FALSE,93546960,FALSE,,FALSE,5959222,,5959222,0,TRUE,FALSE
C,A,19670101,1967,52,1967,604,PER,Peru,X,Export,0,W00,World,0,W00,World,S1,S1,TRUE,5611,Nitrogenous fertilizers and materials nes,4,TRUE,C00,TOTAL CPC,0,0,TOTAL MOT,8,kg,4006,FALSE,-1,N/A,,FALSE,4006,FALSE,,FALSE,,3278,3278,0,TRUE,FALSE
C,A,19670101,1967,52,1967,608,PHL,Philippines,M,Import,0,W00,World,0,W00,World,S1,S1,TRUE,5611,Nitrogenous fertilizers and materials nes,4,TRUE,C00,TOTAL CPC,0,0,TOTAL MOT,8,kg,153333680,FALSE,-1,N/A,,FALSE,153333680,FALSE,,FALSE,10423514,,10423514,0,TRUE,FALSE
C,A,19670101,1967,52,1967,620,PRT,Portugal,M,Import,0,W00,World,0,W00,World,S1,S1,TRUE,5611,Nitrogenous fertilizers and materials nes,4,TRUE,C00,TOTAL CPC,0,0,TOTAL MOT,8,kg,1114995,FALSE,-1,N/A,,FALSE,1114995,FALSE,,FALSE,98825,,98825,0,TRUE,FALSE
C,A,19670101,1967,52,1967,620,PRT,Portugal,X,Export,0,W00,World,0,W00,World,S1,S1,TRUE,5611,Nitrogenous fertilizers and materials nes,4,TRUE,C00,TOTAL CPC,0,0,TOTAL MOT,8,kg,95724968,FALSE,-1,N/A,,FALSE,95724968,FALSE,,FALSE,,3654526,3654526,0,TRUE,FALSE
C,A,19670101,1967,52,1967,638,REU,RÈunion (Overseas France),M,Import,0,W00,World,0,W00,World,S1,S1,TRUE,5611,Nitrogenous fertilizers and materials nes,4,TRUE,C00,TOTAL CPC,0,0,TOTAL MOT,8,kg,5793695,FALSE,-1,N/A,,TRUE,5793695,FALSE,-1,TRUE,331473,,331473,0,FALSE,FALSE
C,A,19670101,1967,52,1967,686,SEN,Senegal,M,Import,0,W00,World,0,W00,World,S1,S1,TRUE,5611,Nitrogenous fertilizers and materials nes,4,TRUE,C00,TOTAL CPC,0,0,TOTAL MOT,8,kg,25028510,FALSE,-1,N/A,,FALSE,25028510,FALSE,,FALSE,1250118,,1250118,0,TRUE,FALSE
C,A,19670101,1967,52,1967,702,SGP,Singapore,M,Import,0,W00,World,0,W00,World,S1,S1,TRUE,5611,Nitrogenous fertilizers and materials nes,4,TRUE,C00,TOTAL CPC,0,0,TOTAL MOT,8,kg,36327912,FALSE,-1,N/A,,FALSE,36327912,FALSE,,FALSE,2283968,,2283968,0,TRUE,FALSE
C,A,19670101,1967,52,1967,702,SGP,Singapore,X,Export,0,W00,World,0,W00,World,S1,S1,TRUE,5611,Nitrogenous fertilizers and materials nes,4,TRUE,C00,TOTAL CPC,0,0,TOTAL MOT,8,kg,30464356,FALSE,-1,N/A,,FALSE,30464356,FALSE,,FALSE,,2072470,2072470,0,TRUE,FALSE
C,A,19670101,1967,52,1967,724,ESP,Spain,M,Import,0,W00,World,0,W00,World,S1,S1,TRUE,5611,Nitrogenous fertilizers and materials nes,4,TRUE,C00,TOTAL CPC,0,0,TOTAL MOT,8,kg,212594032,FALSE,-1,N/A,,FALSE,212594032,FALSE,,FALSE,8121470,,8121470,0,TRUE,FALSE
C,A,19670101,1967,52,1967,724,ESP,Spain,X,Export,0,W00,World,0,W00,World,S1,S1,TRUE,5611,Nitrogenous fertilizers and materials nes,4,TRUE,C00,TOTAL CPC,0,0,TOTAL MOT,8,kg,20299628,FALSE,-1,N/A,,FALSE,20299628,FALSE,,FALSE,,714082,714082,0,TRUE,FALSE
C,A,19670101,1967,52,1967,736,SDN,Sudan (...2011),M,Import,0,W00,World,0,W00,World,S1,S1,TRUE,5611,Nitrogenous fertilizers and materials nes,4,TRUE,C00,TOTAL CPC,0,0,TOTAL MOT,8,kg,66095000,FALSE,-1,N/A,,FALSE,66095000,FALSE,,FALSE,5970627,,5970627,0,TRUE,FALSE
C,A,19670101,1967,52,1967,752,SWE,Sweden,M,Import,0,W00,World,0,W00,World,S1,S1,TRUE,5611,Nitrogenous fertilizers and materials nes,4,TRUE,C00,TOTAL CPC,0,0,TOTAL MOT,8,kg,392100000,FALSE,-1,N/A,,FALSE,392100000,FALSE,,FALSE,14174120,,14174120,0,TRUE,FALSE
C,A,19670101,1967,52,1967,752,SWE,Sweden,X,Export,0,W00,World,0,W00,World,S1,S1,TRUE,5611,Nitrogenous fertilizers and materials nes,4,TRUE,C00,TOTAL CPC,0,0,TOTAL MOT,8,kg,58546000,FALSE,-1,N/A,,FALSE,58546000,FALSE,,FALSE,,2557426,2557426,0,TRUE,FALSE
C,A,19670101,1967,52,1967,757,CHE,Switzerland,M,Import,0,W00,World,0,W00,World,S1,S1,TRUE,5611,Nitrogenous fertilizers and materials nes,4,TRUE,C00,TOTAL CPC,0,0,TOTAL MOT,8,kg,4468590,FALSE,-1,N/A,,FALSE,4468590,FALSE,,FALSE,231780,,231780,0,TRUE,FALSE
C,A,19670101,1967,52,1967,757,CHE,Switzerland,X,Export,0,W00,World,0,W00,World,S1,S1,TRUE,5611,Nitrogenous fertilizers and materials nes,4,TRUE,C00,TOTAL CPC,0,0,TOTAL MOT,8,kg,22262888,FALSE,-1,N/A,,FALSE,22262888,FALSE,,FALSE,,559989,559989,0,TRUE,FALSE
C,A,19670101,1967,52,1967,764,THA,Thailand,M,Import,0,W00,World,0,W00,World,S1,S1,TRUE,5611,Nitrogenous fertilizers and materials nes,4,TRUE,C00,TOTAL CPC,0,0,TOTAL MOT,8,kg,57484936,FALSE,-1,N/A,,FALSE,57484936,FALSE,,FALSE,3627341,,3627341,0,TRUE,FALSE
C,A,19670101,1967,52,1967,768,TGO,Togo,M,Import,0,W00,World,0,W00,World,S1,S1,TRUE,5611,Nitrogenous fertilizers and materials nes,4,TRUE,C00,TOTAL CPC,0,0,TOTAL MOT,8,kg,246905,FALSE,-1,N/A,,FALSE,246905,FALSE,,FALSE,14749,,14749,0,TRUE,FALSE
C,A,19670101,1967,52,1967,788,TUN,Tunisia,M,Import,0,W00,World,0,W00,World,S1,S1,TRUE,5611,Nitrogenous fertilizers and materials nes,4,TRUE,C00,TOTAL CPC,0,0,TOTAL MOT,8,kg,21504732,FALSE,-1,N/A,,FALSE,21504732,FALSE,,FALSE,1228966,,1228966,0,TRUE,FALSE
C,A,19670101,1967,52,1967,792,TUR,TÅEkiye,M,Import,0,W00,World,0,W00,World,S1,S1,TRUE,5611,Nitrogenous fertilizers and materials nes,4,TRUE,C00,TOTAL CPC,0,0,TOTAL MOT,8,kg,384429408,FALSE,-1,N/A,,FALSE,384429408,FALSE,,FALSE,16709191,,16709191,0,TRUE,FALSE
C,A,19670101,1967,52,1967,818,EGY,Egypt,M,Import,0,W00,World,0,W00,World,S1,S1,TRUE,5611,Nitrogenous fertilizers and materials nes,4,TRUE,C00,TOTAL CPC,0,0,TOTAL MOT,8,kg,183295296,FALSE,-1,N/A,,FALSE,183295296,FALSE,,FALSE,7344165,,7344165,0,TRUE,FALSE
C,A,19670101,1967,52,1967,826,GBR,United Kingdom,M,Import,0,W00,World,0,W00,World,S1,S1,TRUE,5611,Nitrogenous fertilizers and materials nes,4,TRUE,C00,TOTAL CPC,0,0,TOTAL MOT,8,kg,396270496,FALSE,-1,N/A,,FALSE,396270496,FALSE,,FALSE,16214850,,16214850,0,TRUE,FALSE
C,A,19670101,1967,52,1967,826,GBR,United Kingdom,X,Export,0,W00,World,0,W00,World,S1,S1,TRUE,5611,Nitrogenous fertilizers and materials nes,4,TRUE,C00,TOTAL CPC,0,0,TOTAL MOT,8,kg,372709536,FALSE,-1,N/A,,FALSE,372709536,FALSE,,FALSE,,16446085,16446085,0,TRUE,FALSE
C,A,19670101,1967,52,1967,841,USA,USA and Puerto Rico (...1980),M,Import,0,W00,World,0,W00,World,S1,S1,TRUE,5611,Nitrogenous fertilizers and materials nes,4,TRUE,C00,TOTAL CPC,0,0,TOTAL MOT,-1,N/A,0,FALSE,-1,N/A,,FALSE,,FALSE,,FALSE,,38024467,38024467,0,TRUE,FALSE
C,A,19670101,1967,52,1967,841,USA,USA and Puerto Rico (...1980),X,Export,0,W00,World,0,W00,World,S1,S1,TRUE,5611,Nitrogenous fertilizers and materials nes,4,TRUE,C00,TOTAL CPC,0,0,TOTAL MOT,8,kg,1096620610,FALSE,-1,N/A,,FALSE,1096620610,FALSE,,FALSE,,54878407,54878407,0,TRUE,FALSE
C,A,19670101,1967,52,1967,854,BFA,Burkina Faso,M,Import,0,W00,World,0,W00,World,S1,S1,TRUE,5611,Nitrogenous fertilizers and materials nes,4,TRUE,C00,TOTAL CPC,0,0,TOTAL MOT,8,kg,31933,FALSE,-1,N/A,,FALSE,31933,FALSE,,FALSE,3877,,3877,0,TRUE,FALSE
C,A,19670101,1967,52,1967,862,VEN,Venezuela,M,Import,0,W00,World,0,W00,World,S1,S1,TRUE,5611,Nitrogenous fertilizers and materials nes,4,TRUE,C00,TOTAL CPC,0,0,TOTAL MOT,8,kg,27954498,FALSE,-1,N/A,,FALSE,27954498,FALSE,,FALSE,,934799,934799,0,TRUE,FALSE
C,A,19670101,1967,52,1967,868,VNM,Rep. of Vietnam (...1974),M,Import,0,W00,World,0,W00,World,S1,S1,TRUE,5611,Nitrogenous fertilizers and materials nes,4,TRUE,C00,TOTAL CPC,0,0,TOTAL MOT,8,kg,324312,FALSE,-1,N/A,,FALSE,324312,FALSE,,FALSE,41127,,41127,0,TRUE,FALSE
C,A,19670101,1967,52,1967,890,YUG,Yugoslavia (...1991),M,Import,0,W00,World,0,W00,World,S1,S1,TRUE,5611,Nitrogenous fertilizers and materials nes,4,TRUE,C00,TOTAL CPC,0,0,TOTAL MOT,8,kg,433808480,FALSE,-1,N/A,,FALSE,433808480,FALSE,,FALSE,17855588,,17855588,0,TRUE,FALSE
C,A,19670101,1967,52,1967,890,YUG,Yugoslavia (...1991),X,Export,0,W00,World,0,W00,World,S1,S1,TRUE,5611,Nitrogenous fertilizers and materials nes,4,TRUE,C00,TOTAL CPC,0,0,TOTAL MOT,8,kg,1361000,FALSE,-1,N/A,,FALSE,1361000,FALSE,,FALSE,,87946,87946,0,TRUE,FALSE
C,A,19670101,1967,52,1967,894,ZMB,Zambia,M,Import,0,W00,World,0,W00,World,S1,S1,TRUE,5611,Nitrogenous fertilizers and materials nes,4,TRUE,C00,TOTAL CPC,0,0,TOTAL MOT,8,kg,44947072,FALSE,-1,N/A,,FALSE,44947072,FALSE,,FALSE,,3353513,3353513,0,TRUE,FALSE
C,A,19670101,1967,52,1967,894,ZMB,Zambia,X,Export,0,W00,World,0,W00,World,S1,S1,TRUE,5611,Nitrogenous fertilizers and materials nes,4,TRUE,C00,TOTAL CPC,0,0,TOTAL MOT,8,kg,13625,FALSE,-1,N/A,,FALSE,13625,FALSE,,FALSE,,1343,1343,0,TRUE,FALSE
C,A,19680101,1968,52,1968,12,DZA,Algeria,M,Import,0,W00,World,0,W00,World,S1,S1,TRUE,5611,Nitrogenous fertilizers and materials nes,4,TRUE,C00,TOTAL CPC,0,0,TOTAL MOT,8,kg,83727424,FALSE,-1,N/A,,FALSE,83727424,FALSE,,FALSE,4013760,,4013760,0,TRUE,FALSE
C,A,19680101,1968,52,1968,32,ARG,Argentina,M,Import,0,W00,World,0,W00,World,S1,S1,TRUE,5611,Nitrogenous fertilizers and materials nes,4,TRUE,C00,TOTAL CPC,0,0,TOTAL MOT,8,kg,36125448,FALSE,-1,N/A,,FALSE,36125448,FALSE,,FALSE,2585691,,2585691,0,TRUE,FALSE
C,A,19680101,1968,52,1968,32,ARG,Argentina,X,Export,0,W00,World,0,W00,World,S1,S1,TRUE,5611,Nitrogenous fertilizers and materials nes,4,TRUE,C00,TOTAL CPC,0,0,TOTAL MOT,8,kg,346851,FALSE,-1,N/A,,FALSE,346851,FALSE,,FALSE,,32774,32774,0,TRUE,FALSE
C,A,19680101,1968,52,1968,36,AUS,Australia,M,Import,0,W00,World,0,W00,World,S1,S1,TRUE,5611,Nitrogenous fertilizers and materials nes,4,TRUE,C00,TOTAL CPC,0,0,TOTAL MOT,8,kg,154850487,FALSE,-1,N/A,,FALSE,154850487,FALSE,,FALSE,,5672427,5672427,0,TRUE,FALSE
C,A,19680101,1968,52,1968,52,BRB,Barbados,M,Import,0,W00,World,0,W00,World,S1,S1,TRUE,5611,Nitrogenous fertilizers and materials nes,4,TRUE,C00,TOTAL CPC,0,0,TOTAL MOT,8,kg,7096052,FALSE,-1,N/A,,FALSE,7096052,FALSE,,FALSE,324347,,324347,0,TRUE,FALSE
C,A,19680101,1968,52,1968,52,BRB,Barbados,X,Export,0,W00,World,0,W00,World,S1,S1,TRUE,5611,Nitrogenous fertilizers and materials nes,4,TRUE,C00,TOTAL CPC,0,0,TOTAL MOT,8,kg,0,FALSE,-1,N/A,,FALSE,,FALSE,,FALSE,,97,97,0,TRUE,FALSE
C,A,19680101,1968,52,1968,58,BEL,Belgium-Luxembourg (...1998),M,Import,0,W00,World,0,W00,World,S1,S1,TRUE,5611,Nitrogenous fertilizers and materials nes,4,TRUE,C00,TOTAL CPC,0,0,TOTAL MOT,8,kg,240430016,FALSE,-1,N/A,,FALSE,240430016,FALSE,,FALSE,9201972,,9201972,0,TRUE,FALSE
C,A,19680101,1968,52,1968,58,BEL,Belgium-Luxembourg (...1998),X,Export,0,W00,World,0,W00,World,S1,S1,TRUE,5611,Nitrogenous fertilizers and materials nes,4,TRUE,C00,TOTAL CPC,0,0,TOTAL MOT,8,kg,821736832,FALSE,-1,N/A,,FALSE,821736832,FALSE,,FALSE,,28988890,28988890,0,TRUE,FALSE
C,A,19680101,1968,52,1968,68,BOL,Bolivia (Plurinational State of),M,Import,0,W00,World,0,W00,World,S1,S1,TRUE,5611,Nitrogenous fertilizers and materials nes,4,TRUE,C00,TOTAL CPC,0,0,TOTAL MOT,8,kg,1847323,FALSE,-1,N/A,,FALSE,1847323,FALSE,,FALSE,184597,,184597,0,TRUE,FALSE
C,A,19680101,1968,52,1968,76,BRA,Brazil,M,Import,0,W00,World,0,W00,World,S1,S1,TRUE,5611,Nitrogenous fertilizers and materials nes,4,TRUE,C00,TOTAL CPC,0,0,TOTAL MOT,8,kg,482289728,FALSE,-1,N/A,,FALSE,482289728,FALSE,,FALSE,19252702,,19252702,0,TRUE,FALSE
C,A,19680101,1968,52,1968,96,BRN,Brunei Darussalam,M,Import,0,W00,World,0,W00,World,S1,S1,TRUE,5611,Nitrogenous fertilizers and materials nes,4,TRUE,C00,TOTAL CPC,0,0,TOTAL MOT,8,kg,107964,FALSE,-1,N/A,,FALSE,107964,FALSE,,FALSE,9445,,9445,0,TRUE,FALSE
C,A,19680101,1968,52,1968,104,MMR,Myanmar,M,Import,0,W00,World,0,W00,World,S1,S1,TRUE,5611,Nitrogenous fertilizers and materials nes,4,TRUE,C00,TOTAL CPC,0,0,TOTAL MOT,8,kg,111043792,FALSE,-1,N/A,,FALSE,111043792,FALSE,,FALSE,9452824,,9452824,0,TRUE,FALSE
C,A,19680101,1968,52,1968,116,KHM,Cambodia,M,Import,0,W00,World,0,W00,World,S1,S1,TRUE,5611,Nitrogenous fertilizers and materials nes,4,TRUE,C00,TOTAL CPC,0,0,TOTAL MOT,8,kg,6327010,FALSE,-1,N/A,,FALSE,6327010,FALSE,,FALSE,455269,,455269,0,TRUE,FALSE
C,A,19680101,1968,52,1968,120,CMR,Cameroon,M,Import,0,W00,World,0,W00,World,S1,S1,TRUE,5611,Nitrogenous fertilizers and materials nes,4,TRUE,C00,TOTAL CPC,0,0,TOTAL MOT,8,kg,36580512,FALSE,-1,N/A,,FALSE,36580512,FALSE,,FALSE,1754508,,1754508,0,TRUE,FALSE
C,A,19680101,1968,52,1968,120,CMR,Cameroon,X,Export,0,W00,World,0,W00,World,S1,S1,TRUE,5611,Nitrogenous fertilizers and materials nes,4,TRUE,C00,TOTAL CPC,0,0,TOTAL MOT,8,kg,1000,FALSE,-1,N/A,,FALSE,1000,FALSE,,FALSE,,112,112,0,TRUE,FALSE
C,A,19680101,1968,52,1968,124,CAN,Canada,M,Import,0,W00,World,0,W00,World,S1,S1,TRUE,5611,Nitrogenous fertilizers and materials nes,4,TRUE,C00,TOTAL CPC,0,0,TOTAL MOT,8,kg,53557648,FALSE,-1,N/A,,FALSE,53557648,FALSE,,FALSE,,2885936,2885936,0,TRUE,FALSE
C,A,19680101,1968,52,1968,124,CAN,Canada,X,Export,0,W00,World,0,W00,World,S1,S1,TRUE,5611,Nitrogenous fertilizers and materials nes,4,TRUE,C00,TOTAL CPC,0,0,TOTAL MOT,-1,N/A,0,FALSE,-1,N/A,,FALSE,,FALSE,,FALSE,,35972116,35972116,0,TRUE,FALSE
C,A,19680101,1968,52,1968,140,CAF,Central African Rep.,M,Import,0,W00,World,0,W00,World,S1,S1,TRUE,5611,Nitrogenous fertilizers and materials nes,4,TRUE,C00,TOTAL CPC,0,0,TOTAL MOT,8,kg,1066249,FALSE,-1,N/A,,FALSE,1066249,FALSE,,FALSE,97091,,97091,0,TRUE,FALSE
C,A,19680101,1968,52,1968,144,LKA,Sri Lanka,M,Import,0,W00,World,0,W00,World,S1,S1,TRUE,5611,Nitrogenous fertilizers and materials nes,4,TRUE,C00,TOTAL CPC,0,0,TOTAL MOT,8,kg,165116528,FALSE,-1,N/A,,FALSE,165116528,FALSE,,FALSE,9098044,,9098044,0,TRUE,FALSE
C,A,19680101,1968,52,1968,148,TCD,Chad,M,Import,0,W00,World,0,W00,World,S1,S1,TRUE,5611,Nitrogenous fertilizers and materials nes,4,TRUE,C00,TOTAL CPC,0,0,TOTAL MOT,8,kg,1935625,FALSE,-1,N/A,,FALSE,1935625,FALSE,,FALSE,168339,,168339,0,TRUE,FALSE
C,A,19680101,1968,52,1968,152,CHL,Chile,M,Import,0,W00,World,0,W00,World,S1,S1,TRUE,5611,Nitrogenous fertilizers and materials nes,4,TRUE,C00,TOTAL CPC,0,0,TOTAL MOT,8,kg,42507200,FALSE,-1,N/A,,FALSE,42507200,FALSE,,FALSE,2798398,,2798398,0,TRUE,FALSE
C,A,19680101,1968,52,1968,170,COL,Colombia,M,Import,0,W00,World,0,W00,World,S1,S1,TRUE,5611,Nitrogenous fertilizers and materials nes,4,TRUE,C00,TOTAL CPC,0,0,TOTAL MOT,8,kg,7119866,FALSE,-1,N/A,,FALSE,7119866,FALSE,,FALSE,588143,,588143,0,TRUE,FALSE
C,A,19680101,1968,52,1968,170,COL,Colombia,X,Export,0,W00,World,0,W00,World,S1,S1,TRUE,5611,Nitrogenous fertilizers and materials nes,4,TRUE,C00,TOTAL CPC,0,0,TOTAL MOT,8,kg,5409812,FALSE,-1,N/A,,FALSE,5409812,FALSE,,FALSE,,408649,408649,0,TRUE,FALSE
C,A,19680101,1968,52,1968,178,COG,Congo,M,Import,0,W00,World,0,W00,World,S1,S1,TRUE,5611,Nitrogenous fertilizers and materials nes,4,TRUE,C00,TOTAL CPC,0,0,TOTAL MOT,8,kg,1619824,FALSE,-1,N/A,,FALSE,1619824,FALSE,,FALSE,82101,,82101,0,TRUE,FALSE
C,A,19680101,1968,52,1968,188,CRI,Costa Rica,M,Import,0,W00,World,0,W00,World,S1,S1,TRUE,5611,Nitrogenous fertilizers and materials nes,4,TRUE,C00,TOTAL CPC,0,0,TOTAL MOT,8,kg,56447800,FALSE,-1,N/A,,FALSE,56447800,FALSE,,FALSE,3514812,,3514812,0,TRUE,FALSE
C,A,19680101,1968,52,1968,188,CRI,Costa Rica,X,Export,0,W00,World,0,W00,World,S1,S1,TRUE,5611,Nitrogenous fertilizers and materials nes,4,TRUE,C00,TOTAL CPC,0,0,TOTAL MOT,8,kg,21677374,FALSE,-1,N/A,,FALSE,21677374,FALSE,,FALSE,,1622769,1622769,0,TRUE,FALSE
C,A,19680101,1968,52,1968,204,BEN,Benin,M,Import,0,W00,World,0,W00,World,S1,S1,TRUE,5611,Nitrogenous fertilizers and materials nes,4,TRUE,C00,TOTAL CPC,0,0,TOTAL MOT,8,kg,2742608,FALSE,-1,N/A,,FALSE,2742608,FALSE,,FALSE,137792,,137792,0,TRUE,FALSE
C,A,19680101,1968,52,1968,208,DNK,Denmark,M,Import,0,W00,World,0,W00,World,S1,S1,TRUE,5611,Nitrogenous fertilizers and materials nes,4,TRUE,C00,TOTAL CPC,0,0,TOTAL MOT,8,kg,296779840,FALSE,-1,N/A,,FALSE,296779840,FALSE,,FALSE,10394834,,10394834,0,TRUE,FALSE
C,A,19680101,1968,52,1968,208,DNK,Denmark,X,Export,0,W00,World,0,W00,World,S1,S1,TRUE,5611,Nitrogenous fertilizers and materials nes,4,TRUE,C00,TOTAL CPC,0,0,TOTAL MOT,8,kg,24572,FALSE,-1,N/A,,FALSE,24572,FALSE,,FALSE,,4210,4210,0,TRUE,FALSE
C,A,19680101,1968,52,1968,218,ECU,Ecuador,M,Import,0,W00,World,0,W00,World,S1,S1,TRUE,5611,Nitrogenous fertilizers and materials nes,4,TRUE,C00,TOTAL CPC,0,0,TOTAL MOT,8,kg,14655385,FALSE,-1,N/A,,FALSE,14655385,FALSE,,FALSE,856995,,856995,0,TRUE,FALSE
C,A,19680101,1968,52,1968,222,SLV,El Salvador,M,Import,0,W00,World,0,W00,World,S1,S1,TRUE,5611,Nitrogenous fertilizers and materials nes,4,TRUE,C00,TOTAL CPC,0,0,TOTAL MOT,8,kg,93778352,FALSE,-1,N/A,,FALSE,93778352,FALSE,,FALSE,4724386,,4724386,0,TRUE,FALSE
C,A,19680101,1968,52,1968,222,SLV,El Salvador,X,Export,0,W00,World,0,W00,World,S1,S1,TRUE,5611,Nitrogenous fertilizers and materials nes,4,TRUE,C00,TOTAL CPC,0,0,TOTAL MOT,8,kg,305674,FALSE,-1,N/A,,FALSE,305674,FALSE,,FALSE,,20625,20625,0,TRUE,FALSE
C,A,19680101,1968,52,1968,242,FJI,Fiji,M,Import,0,W00,World,0,W00,World,S1,S1,TRUE,5611,Nitrogenous fertilizers and materials nes,4,TRUE,C00,TOTAL CPC,0,0,TOTAL MOT,8,kg,26814510,FALSE,-1,N/A,,FALSE,26814510,FALSE,,FALSE,1170907,,1170907,0,TRUE,FALSE
C,A,19680101,1968,52,1968,246,FIN,Finland,M,Import,0,W00,World,0,W00,World,S1,S1,TRUE,5611,Nitrogenous fertilizers and materials nes,4,TRUE,C00,TOTAL CPC,0,0,TOTAL MOT,8,kg,67563800,FALSE,-1,N/A,,FALSE,67563800,FALSE,,FALSE,2482510,,2482510,0,TRUE,FALSE
C,A,19680101,1968,52,1968,246,FIN,Finland,X,Export,0,W00,World,0,W00,World,S1,S1,TRUE,5611,Nitrogenous fertilizers and materials nes,4,TRUE,C00,TOTAL CPC,0,0,TOTAL MOT,8,kg,13325562,FALSE,-1,N/A,,FALSE,13325562,FALSE,,FALSE,,456671,456671,0,TRUE,FALSE
C,A,19680101,1968,52,1968,251,FRA,France,M,Import,0,W00,World,0,W00,World,S1,S1,TRUE,5611,Nitrogenous fertilizers and materials nes,4,TRUE,C00,TOTAL CPC,0,0,TOTAL MOT,8,kg,213105872,FALSE,-1,N/A,,FALSE,213105872,FALSE,,FALSE,9517602,,9517602,0,TRUE,FALSE
C,A,19680101,1968,52,1968,251,FRA,France,X,Export,0,W00,World,0,W00,World,S1,S1,TRUE,5611,Nitrogenous fertilizers and materials nes,4,TRUE,C00,TOTAL CPC,0,0,TOTAL MOT,8,kg,591529088,FALSE,-1,N/A,,FALSE,591529088,FALSE,,FALSE,,20275598,20275598,0,TRUE,FALSE
C,A,19680101,1968,52,1968,254,GUF,French Guiana (Overseas France),M,Import,0,W00,World,0,W00,World,S1,S1,TRUE,5611,Nitrogenous fertilizers and materials nes,4,TRUE,C00,TOTAL CPC,0,0,TOTAL MOT,8,kg,9562,FALSE,-1,N/A,,FALSE,9562,FALSE,,FALSE,1235,,1235,0,TRUE,FALSE
C,A,19680101,1968,52,1968,266,GAB,Gabon,M,Import,0,W00,World,0,W00,World,S1,S1,TRUE,5611,Nitrogenous fertilizers and materials nes,4,TRUE,C00,TOTAL CPC,0,0,TOTAL MOT,8,kg,9375,FALSE,-1,N/A,,FALSE,9375,FALSE,,FALSE,1037,,1037,0,TRUE,FALSE
C,A,19680101,1968,52,1968,280,DEU,Fed. Rep. of Germany (...1990),M,Import,0,W00,World,0,W00,World,S1,S1,TRUE,5611,Nitrogenous fertilizers and materials nes,4,TRUE,C00,TOTAL CPC,0,0,TOTAL MOT,8,kg,247611808,FALSE,-1,N/A,,TRUE,247611808,FALSE,-1,TRUE,10506000,,10506000,0,FALSE,FALSE
C,A,19680101,1968,52,1968,280,DEU,Fed. Rep. of Germany (...1990),X,Export,0,W00,World,0,W00,World,S1,S1,TRUE,5611,Nitrogenous fertilizers and materials nes,4,TRUE,C00,TOTAL CPC,0,0,TOTAL MOT,8,kg,1635601152,FALSE,-1,N/A,,TRUE,1635601152,FALSE,-1,TRUE,,51274000,51274000,0,FALSE,FALSE
C,A,19680101,1968,52,1968,288,GHA,Ghana,M,Import,0,W00,World,0,W00,World,S1,S1,TRUE,5611,Nitrogenous fertilizers and materials nes,4,TRUE,C00,TOTAL CPC,0,0,TOTAL MOT,8,kg,1132897,FALSE,-1,N/A,,FALSE,1132897,FALSE,,FALSE,79273,,79273,0,TRUE,FALSE
C,A,19680101,1968,52,1968,300,GRC,Greece,M,Import,0,W00,World,0,W00,World,S1,S1,TRUE,5611,Nitrogenous fertilizers and materials nes,4,TRUE,C00,TOTAL CPC,0,0,TOTAL MOT,8,kg,134646384,FALSE,-1,N/A,,FALSE,134646384,FALSE,,FALSE,6486807,,6486807,0,TRUE,FALSE
C,A,19680101,1968,52,1968,312,GLP,Guadeloupe (Overseas France),M,Import,0,W00,World,0,W00,World,S1,S1,TRUE,5611,Nitrogenous fertilizers and materials nes,4,TRUE,C00,TOTAL CPC,0,0,TOTAL MOT,8,kg,2464000,FALSE,-1,N/A,,FALSE,2464000,FALSE,,FALSE,148915,,148915,0,TRUE,FALSE
C,A,19680101,1968,52,1968,320,GTM,Guatemala,M,Import,0,W00,World,0,W00,World,S1,S1,TRUE,5611,Nitrogenous fertilizers and materials nes,4,TRUE,C00,TOTAL CPC,0,0,TOTAL MOT,8,kg,29768132,FALSE,-1,N/A,,FALSE,29768132,FALSE,,FALSE,2685979,,2685979,0,TRUE,FALSE
C,A,19680101,1968,52,1968,340,HND,Honduras,M,Import,0,W00,World,0,W00,World,S1,S1,TRUE,5611,Nitrogenous fertilizers and materials nes,4,TRUE,C00,TOTAL CPC,0,0,TOTAL MOT,8,kg,25427024,FALSE,-1,N/A,,FALSE,25427024,FALSE,,FALSE,1980262,,1980262,0,TRUE,FALSE
C,A,19680101,1968,52,1968,344,HKG,"China, Hong Kong SAR",M,Import,0,W00,World,0,W00,World,S1,S1,TRUE,5611,Nitrogenous fertilizers and materials nes,4,TRUE,C00,TOTAL CPC,0,0,TOTAL MOT,8,kg,1209730,FALSE,-1,N/A,,FALSE,1209730,FALSE,,FALSE,92309,,92309,0,TRUE,FALSE
C,A,19680101,1968,52,1968,344,HKG,"China, Hong Kong SAR",X,Export,0,W00,World,0,W00,World,S1,S1,TRUE,5611,Nitrogenous fertilizers and materials nes,4,TRUE,C00,TOTAL CPC,0,0,TOTAL MOT,8,kg,59437,FALSE,-1,N/A,,FALSE,59437,FALSE,,FALSE,,4713,4713,0,TRUE,FALSE
C,A,19680101,1968,52,1968,352,ISL,Iceland,M,Import,0,W00,World,0,W00,World,S1,S1,TRUE,5611,Nitrogenous fertilizers and materials nes,4,TRUE,C00,TOTAL CPC,0,0,TOTAL MOT,8,kg,3655709,FALSE,-1,N/A,,FALSE,3655709,FALSE,,FALSE,196097,,196097,0,TRUE,FALSE
C,A,19680101,1968,52,1968,356,IND,India (...1974),M,Import,0,W00,World,0,W00,World,S1,S1,TRUE,5611,Nitrogenous fertilizers and materials nes,4,TRUE,C00,TOTAL CPC,0,0,TOTAL MOT,8,kg,2050125952,FALSE,-1,N/A,,FALSE,2050125952,FALSE,,FALSE,143783344,,143783344,0,TRUE,FALSE
C,A,19680101,1968,52,1968,356,IND,India (...1974),X,Export,0,W00,World,0,W00,World,S1,S1,TRUE,5611,Nitrogenous fertilizers and materials nes,4,TRUE,C00,TOTAL CPC,0,0,TOTAL MOT,8,kg,232000,FALSE,-1,N/A,,FALSE,232000,FALSE,,FALSE,,18049,18049,0,TRUE,FALSE
C,A,19680101,1968,52,1968,360,IDN,Indonesia,M,Import,0,W00,World,0,W00,World,S1,S1,TRUE,5611,Nitrogenous fertilizers and materials nes,4,TRUE,C00,TOTAL CPC,0,0,TOTAL MOT,8,kg,315538592,FALSE,-1,N/A,,FALSE,315538592,FALSE,,FALSE,20184874,,20184874,0,TRUE,FALSE
C,A,19680101,1968,52,1968,364,IRN,Iran,M,Import,0,W00,World,0,W00,World,S1,S1,TRUE,5611,Nitrogenous fertilizers and materials nes,4,TRUE,C00,TOTAL CPC,0,0,TOTAL MOT,8,kg,20480488,FALSE,-1,N/A,,FALSE,20480488,FALSE,,FALSE,1602833,,1602833,0,TRUE,FALSE
C,A,19680101,1968,52,1968,364,IRN,Iran,X,Export,0,W00,World,0,W00,World,S1,S1,TRUE,5611,Nitrogenous fertilizers and materials nes,4,TRUE,C00,TOTAL CPC,0,0,TOTAL MOT,8,kg,6875,FALSE,-1,N/A,,FALSE,6875,FALSE,,FALSE,,693,693,0,TRUE,FALSE
C,A,19680101,1968,52,1968,372,IRL,Ireland,M,Import,0,W00,World,0,W00,World,S1,S1,TRUE,5611,Nitrogenous fertilizers and materials nes,4,TRUE,C00,TOTAL CPC,0,0,TOTAL MOT,8,kg,45517924,FALSE,-1,N/A,,FALSE,45517924,FALSE,,FALSE,1942670,,1942670,0,TRUE,FALSE
C,A,19680101,1968,52,1968,376,ISR,Israel,M,Import,0,W00,World,0,W00,World,S1,S1,TRUE,5611,Nitrogenous fertilizers and materials nes,4,TRUE,C00,TOTAL CPC,0,0,TOTAL MOT,8,kg,8292651,FALSE,-1,N/A,,FALSE,8292651,FALSE,,FALSE,548903,,548903,0,TRUE,FALSE
C,A,19680101,1968,52,1968,380,ITA,Italy,M,Import,0,W00,World,0,W00,World,S1,S1,TRUE,5611,Nitrogenous fertilizers and materials nes,4,TRUE,C00,TOTAL CPC,0,0,TOTAL MOT,8,kg,11453117,FALSE,-1,N/A,,TRUE,11453117,FALSE,-1,TRUE,630347,,630347,0,FALSE,FALSE
C,A,19680101,1968,52,1968,380,ITA,Italy,X,Export,0,W00,World,0,W00,World,S1,S1,TRUE,5611,Nitrogenous fertilizers and materials nes,4,TRUE,C00,TOTAL CPC,0,0,TOTAL MOT,8,kg,1181688832,FALSE,-1,N/A,,TRUE,1181688832,FALSE,-1,TRUE,,35403540,35403540,0,FALSE,FALSE
C,A,19680101,1968,52,1968,384,CIV,CÙte d'Ivoire,M,Import,0,W00,World,0,W00,World,S1,S1,TRUE,5611,Nitrogenous fertilizers and materials nes,4,TRUE,C00,TOTAL CPC,0,0,TOTAL MOT,8,kg,6807468,FALSE,-1,N/A,,FALSE,6807468,FALSE,,FALSE,507215,,507215,0,TRUE,FALSE
C,A,19680101,1968,52,1968,384,CIV,CÙte d'Ivoire,X,Export,0,W00,World,0,W00,World,S1,S1,TRUE,5611,Nitrogenous fertilizers and materials nes,4,TRUE,C00,TOTAL CPC,0,0,TOTAL MOT,8,kg,69375,FALSE,-1,N/A,,FALSE,69375,FALSE,,FALSE,,8607,8607,0,TRUE,FALSE
C,A,19680101,1968,52,1968,392,JPN,Japan,M,Import,0,W00,World,0,W00,World,S1,S1,TRUE,5611,Nitrogenous fertilizers and materials nes,4,TRUE,C00,TOTAL CPC,0,0,TOTAL MOT,8,kg,9460125,FALSE,-1,N/A,,FALSE,9460125,FALSE,,FALSE,570474,,570474,0,TRUE,FALSE
C,A,19680101,1968,52,1968,392,JPN,Japan,X,Export,0,W00,World,0,W00,World,S1,S1,TRUE,5611,Nitrogenous fertilizers and materials nes,4,TRUE,C00,TOTAL CPC,0,0,TOTAL MOT,8,kg,1613893351,FALSE,-1,N/A,,FALSE,1613893351,FALSE,,FALSE,,58825196,58825196,0,TRUE,FALSE
C,A,19680101,1968,52,1968,400,JOR,Jordan,M,Import,0,W00,World,0,W00,World,S1,S1,TRUE,5611,Nitrogenous fertilizers and materials nes,4,TRUE,C00,TOTAL CPC,0,0,TOTAL MOT,8,kg,4228924,FALSE,-1,N/A,,FALSE,4228924,FALSE,,FALSE,290073,,290073,0,TRUE,FALSE
C,A,19680101,1968,52,1968,410,KOR,Rep. of Korea,M,Import,0,W00,World,0,W00,World,S1,S1,TRUE,5611,Nitrogenous fertilizers and materials nes,4,TRUE,C00,TOTAL CPC,0,0,TOTAL MOT,8,kg,419998016,FALSE,-1,N/A,,FALSE,419998016,FALSE,,FALSE,20239620,,20239620,0,TRUE,FALSE
C,A,19680101,1968,52,1968,410,KOR,Rep. of Korea,X,Export,0,W00,World,0,W00,World,S1,S1,TRUE,5611,Nitrogenous fertilizers and materials nes,4,TRUE,C00,TOTAL CPC,0,0,TOTAL MOT,8,kg,25000006,FALSE,-1,N/A,,FALSE,25000006,FALSE,,FALSE,,1899260,1899260,0,TRUE,FALSE
C,A,19680101,1968,52,1968,422,LBN,Lebanon,M,Import,0,W00,World,0,W00,World,S1,S1,TRUE,5611,Nitrogenous fertilizers and materials nes,4,TRUE,C00,TOTAL CPC,0,0,TOTAL MOT,8,kg,28082678,FALSE,-1,N/A,,FALSE,28082678,FALSE,,FALSE,1372494,,1372494,0,TRUE,FALSE
C,A,19680101,1968,52,1968,422,LBN,Lebanon,X,Export,0,W00,World,0,W00,World,S1,S1,TRUE,5611,Nitrogenous fertilizers and materials nes,4,TRUE,C00,TOTAL CPC,0,0,TOTAL MOT,8,kg,1393171,FALSE,-1,N/A,,FALSE,1393171,FALSE,,FALSE,,74380,74380,0,TRUE,FALSE
C,A,19680101,1968,52,1968,434,LBY,Libya,M,Import,0,W00,World,0,W00,World,S1,S1,TRUE,5611,Nitrogenous fertilizers and materials nes,4,TRUE,C00,TOTAL CPC,0,0,TOTAL MOT,8,kg,24333260,FALSE,-1,N/A,,FALSE,24333260,FALSE,,FALSE,2123038,,2123038,0,TRUE,FALSE
C,A,19680101,1968,52,1968,450,MDG,Madagascar,M,Import,0,W00,World,0,W00,World,S1,S1,TRUE,5611,Nitrogenous fertilizers and materials nes,4,TRUE,C00,TOTAL CPC,0,0,TOTAL MOT,8,kg,4687108,FALSE,-1,N/A,,FALSE,4687108,FALSE,,FALSE,277570,,277570,0,TRUE,FALSE
C,A,19680101,1968,52,1968,454,MWI,Malawi,M,Import,0,W00,World,0,W00,World,S1,S1,TRUE,5611,Nitrogenous fertilizers and materials nes,4,TRUE,C00,TOTAL CPC,0,0,TOTAL MOT,8,kg,4143798,FALSE,-1,N/A,,FALSE,4143798,FALSE,,FALSE,333266,,333266,0,TRUE,FALSE
C,A,19680101,1968,52,1968,454,MWI,Malawi,X,Export,0,W00,World,0,W00,World,S1,S1,TRUE,5611,Nitrogenous fertilizers and materials nes,4,TRUE,C00,TOTAL CPC,0,0,TOTAL MOT,8,kg,2750,FALSE,-1,N/A,,FALSE,2750,FALSE,,FALSE,,1948,1948,0,TRUE,FALSE
C,A,19680101,1968,52,1968,458,MYS,Malaysia,M,Import,0,W00,World,0,W00,World,S1,S1,TRUE,5611,Nitrogenous fertilizers and materials nes,4,TRUE,C00,TOTAL CPC,0,0,TOTAL MOT,8,kg,62325708,FALSE,-1,N/A,,FALSE,62325708,FALSE,,FALSE,3991044,,3991044,0,TRUE,FALSE
C,A,19680101,1968,52,1968,458,MYS,Malaysia,X,Export,0,W00,World,0,W00,World,S1,S1,TRUE,5611,Nitrogenous fertilizers and materials nes,4,TRUE,C00,TOTAL CPC,0,0,TOTAL MOT,8,kg,30296,FALSE,-1,N/A,,FALSE,30296,FALSE,,FALSE,,2447,2447,0,TRUE,FALSE
C,A,19680101,1968,52,1968,466,MLI,Mali,M,Import,0,W00,World,0,W00,World,S1,S1,TRUE,5611,Nitrogenous fertilizers and materials nes,4,TRUE,C00,TOTAL CPC,0,0,TOTAL MOT,8,kg,19960,FALSE,-1,N/A,,FALSE,19960,FALSE,,FALSE,2065,,2065,0,TRUE,FALSE
C,A,19680101,1968,52,1968,470,MLT,Malta,M,Import,0,W00,World,0,W00,World,S1,S1,TRUE,5611,Nitrogenous fertilizers and materials nes,4,TRUE,C00,TOTAL CPC,0,0,TOTAL MOT,8,kg,2167437,FALSE,-1,N/A,,FALSE,2167437,FALSE,,FALSE,133494,,133494,0,TRUE,FALSE
C,A,19680101,1968,52,1968,474,MTQ,Martinique (Overseas France),M,Import,0,W00,World,0,W00,World,S1,S1,TRUE,5611,Nitrogenous fertilizers and materials nes,4,TRUE,C00,TOTAL CPC,0,0,TOTAL MOT,8,kg,5970312,FALSE,-1,N/A,,FALSE,5970312,FALSE,,FALSE,304292,,304292,0,TRUE,FALSE
C,A,19680101,1968,52,1968,478,MRT,Mauritania,M,Import,0,W00,World,0,W00,World,S1,S1,TRUE,5611,Nitrogenous fertilizers and materials nes,4,TRUE,C00,TOTAL CPC,0,0,TOTAL MOT,8,kg,2040687,FALSE,-1,N/A,,FALSE,2040687,FALSE,,FALSE,169358,,169358,0,TRUE,FALSE
C,A,19680101,1968,52,1968,484,MEX,Mexico,M,Import,0,W00,World,0,W00,World,S1,S1,TRUE,5611,Nitrogenous fertilizers and materials nes,4,TRUE,C00,TOTAL CPC,0,0,TOTAL MOT,8,kg,164454848,FALSE,-1,N/A,,FALSE,164454848,FALSE,,FALSE,9614511,,9614511,0,TRUE,FALSE
C,A,19680101,1968,52,1968,484,MEX,Mexico,X,Export,0,W00,World,0,W00,World,S1,S1,TRUE,5611,Nitrogenous fertilizers and materials nes,4,TRUE,C00,TOTAL CPC,0,0,TOTAL MOT,8,kg,8500004,FALSE,-1,N/A,,FALSE,8500004,FALSE,,FALSE,,551202,551202,0,TRUE,FALSE
C,A,19680101,1968,52,1968,490,S19,"Other Asia, nes",M,Import,0,W00,World,0,W00,World,S1,S1,TRUE,5611,Nitrogenous fertilizers and materials nes,4,TRUE,C00,TOTAL CPC,0,0,TOTAL MOT,8,kg,64001896,FALSE,-1,N/A,,FALSE,64001896,FALSE,,FALSE,2483892,,2483892,0,TRUE,FALSE
C,A,19680101,1968,52,1968,490,S19,"Other Asia, nes",X,Export,0,W00,World,0,W00,World,S1,S1,TRUE,5611,Nitrogenous fertilizers and materials nes,4,TRUE,C00,TOTAL CPC,0,0,TOTAL MOT,8,kg,49377200,FALSE,-1,N/A,,FALSE,49377200,FALSE,,FALSE,,3628753,3628753,0,TRUE,FALSE
C,A,19680101,1968,52,1968,504,MAR,Morocco,M,Import,0,W00,World,0,W00,World,S1,S1,TRUE,5611,Nitrogenous fertilizers and materials nes,4,TRUE,C00,TOTAL CPC,0,0,TOTAL MOT,8,kg,111114488,FALSE,-1,N/A,,FALSE,111114488,FALSE,,FALSE,4699563,,4699563,0,TRUE,FALSE
C,A,19680101,1968,52,1968,528,NLD,Netherlands,M,Import,0,W00,World,0,W00,World,S1,S1,TRUE,5611,Nitrogenous fertilizers and materials nes,4,TRUE,C00,TOTAL CPC,0,0,TOTAL MOT,8,kg,7668198,FALSE,-1,N/A,,FALSE,7668198,FALSE,,FALSE,376300,,376300,0,TRUE,FALSE
C,A,19680101,1968,52,1968,528,NLD,Netherlands,X,Export,0,W00,World,0,W00,World,S1,S1,TRUE,5611,Nitrogenous fertilizers and materials nes,4,TRUE,C00,TOTAL CPC,0,0,TOTAL MOT,8,kg,875805120,FALSE,-1,N/A,,FALSE,875805120,FALSE,,FALSE,,26800834,26800834,0,TRUE,FALSE
C,A,19680101,1968,52,1968,532,ANT,Netherlands Antilles and Aruba (...1985),M,Import,0,W00,World,0,W00,World,S1,S1,TRUE,5611,Nitrogenous fertilizers and materials nes,4,TRUE,C00,TOTAL CPC,0,0,TOTAL MOT,8,kg,527000,FALSE,-1,N/A,,FALSE,527000,FALSE,,FALSE,,66812,66812,0,TRUE,FALSE
C,A,19680101,1968,52,1968,532,ANT,Netherlands Antilles and Aruba (...1985),X,Export,0,W00,World,0,W00,World,S1,S1,TRUE,5611,Nitrogenous fertilizers and materials nes,4,TRUE,C00,TOTAL CPC,0,0,TOTAL MOT,8,kg,145224992,FALSE,-1,N/A,,FALSE,145224992,FALSE,,FALSE,,6773053,6773053,0,TRUE,FALSE
C,A,19680101,1968,52,1968,554,NZL,New Zealand,M,Import,0,W00,World,0,W00,World,S1,S1,TRUE,5611,Nitrogenous fertilizers and materials nes,4,TRUE,C00,TOTAL CPC,0,0,TOTAL MOT,-1,N/A,0,FALSE,-1,N/A,,FALSE,,FALSE,,FALSE,1703645,,1703645,0,TRUE,FALSE
C,A,19680101,1968,52,1968,554,NZL,New Zealand,X,Export,0,W00,World,0,W00,World,S1,S1,TRUE,5611,Nitrogenous fertilizers and materials nes,4,TRUE,C00,TOTAL CPC,0,0,TOTAL MOT,8,kg,21312,FALSE,-1,N/A,,FALSE,21312,FALSE,,FALSE,,1695,1695,0,TRUE,FALSE
C,A,19680101,1968,52,1968,558,NIC,Nicaragua,M,Import,0,W00,World,0,W00,World,S1,S1,TRUE,5611,Nitrogenous fertilizers and materials nes,4,TRUE,C00,TOTAL CPC,0,0,TOTAL MOT,8,kg,44824236,FALSE,-1,N/A,,FALSE,44824236,FALSE,,FALSE,3556830,,3556830,0,TRUE,FALSE
C,A,19680101,1968,52,1968,558,NIC,Nicaragua,X,Export,0,W00,World,0,W00,World,S1,S1,TRUE,5611,Nitrogenous fertilizers and materials nes,4,TRUE,C00,TOTAL CPC,0,0,TOTAL MOT,8,kg,45972,FALSE,-1,N/A,,FALSE,45972,FALSE,,FALSE,,2500,2500,0,TRUE,FALSE
C,A,19680101,1968,52,1968,562,NER,Niger,M,Import,0,W00,World,0,W00,World,S1,S1,TRUE,5611,Nitrogenous fertilizers and materials nes,4,TRUE,C00,TOTAL CPC,0,0,TOTAL MOT,8,kg,339500,FALSE,-1,N/A,,FALSE,339500,FALSE,,FALSE,35056,,35056,0,TRUE,FALSE
C,A,19680101,1968,52,1968,566,NGA,Nigeria,M,Import,0,W00,World,0,W00,World,S1,S1,TRUE,5611,Nitrogenous fertilizers and materials nes,4,TRUE,C00,TOTAL CPC,0,0,TOTAL MOT,8,kg,12922115,FALSE,-1,N/A,,FALSE,12922115,FALSE,,FALSE,643639,,643639,0,TRUE,FALSE
C,A,19680101,1968,52,1968,579,NOR,Norway,M,Import,0,W00,World,0,W00,World,S1,S1,TRUE,5611,Nitrogenous fertilizers and materials nes,4,TRUE,C00,TOTAL CPC,0,0,TOTAL MOT,8,kg,667703,FALSE,-1,N/A,,FALSE,667703,FALSE,,FALSE,33441,,33441,0,TRUE,FALSE
C,A,19680101,1968,52,1968,579,NOR,Norway,X,Export,0,W00,World,0,W00,World,S1,S1,TRUE,5611,Nitrogenous fertilizers and materials nes,4,TRUE,C00,TOTAL CPC,0,0,TOTAL MOT,-1,N/A,0,FALSE,-1,N/A,,FALSE,,FALSE,,FALSE,,36009720,36009720,0,TRUE,FALSE
C,A,19680101,1968,52,1968,588,PAK,East and West Pakistan (...1971),M,Import,0,W00,World,0,W00,World,S1,S1,TRUE,5611,Nitrogenous fertilizers and materials nes,4,TRUE,C00,TOTAL CPC,0,0,TOTAL MOT,-1,N/A,0,FALSE,-1,N/A,,FALSE,,FALSE,,FALSE,22559236,,22559236,0,TRUE,FALSE
C,A,19680101,1968,52,1968,588,PAK,East and West Pakistan (...1971),X,Export,0,W00,World,0,W00,World,S1,S1,TRUE,5611,Nitrogenous fertilizers and materials nes,4,TRUE,C00,TOTAL CPC,0,0,TOTAL MOT,-1,N/A,0,FALSE,-1,N/A,,FALSE,,FALSE,,FALSE,,918331,918331,0,TRUE,FALSE
C,A,19680101,1968,52,1968,590,PAN,"Panama, excl.Canal Zone (...1977)",M,Import,0,W00,World,0,W00,World,S1,S1,TRUE,5611,Nitrogenous fertilizers and materials nes,4,TRUE,C00,TOTAL CPC,0,0,TOTAL MOT,8,kg,18069276,FALSE,-1,N/A,,FALSE,18069276,FALSE,,FALSE,1384113,,1384113,0,TRUE,FALSE
C,A,19680101,1968,52,1968,604,PER,Peru,M,Import,0,W00,World,0,W00,World,S1,S1,TRUE,5611,Nitrogenous fertilizers and materials nes,4,TRUE,C00,TOTAL CPC,0,0,TOTAL MOT,8,kg,100415608,FALSE,-1,N/A,,FALSE,100415608,FALSE,,FALSE,6135707,,6135707,0,TRUE,FALSE
C,A,19680101,1968,52,1968,604,PER,Peru,X,Export,0,W00,World,0,W00,World,S1,S1,TRUE,5611,Nitrogenous fertilizers and materials nes,4,TRUE,C00,TOTAL CPC,0,0,TOTAL MOT,8,kg,3710,FALSE,-1,N/A,,FALSE,3710,FALSE,,FALSE,,3689,3689,0,TRUE,FALSE
C,A,19680101,1968,52,1968,608,PHL,Philippines,M,Import,0,W00,World,0,W00,World,S1,S1,TRUE,5611,Nitrogenous fertilizers and materials nes,4,TRUE,C00,TOTAL CPC,0,0,TOTAL MOT,8,kg,98880464,FALSE,-1,N/A,,FALSE,98880464,FALSE,,FALSE,6245325,,6245325,0,TRUE,FALSE
C,A,19680101,1968,52,1968,620,PRT,Portugal,M,Import,0,W00,World,0,W00,World,S1,S1,TRUE,5611,Nitrogenous fertilizers and materials nes,4,TRUE,C00,TOTAL CPC,0,0,TOTAL MOT,8,kg,1276855,FALSE,-1,N/A,,FALSE,1276855,FALSE,,FALSE,112807,,112807,0,TRUE,FALSE
C,A,19680101,1968,52,1968,620,PRT,Portugal,X,Export,0,W00,World,0,W00,World,S1,S1,TRUE,5611,Nitrogenous fertilizers and materials nes,4,TRUE,C00,TOTAL CPC,0,0,TOTAL MOT,8,kg,64524088,FALSE,-1,N/A,,FALSE,64524088,FALSE,,FALSE,,2662880,2662880,0,TRUE,FALSE
C,A,19680101,1968,52,1968,638,REU,RÈunion (Overseas France),M,Import,0,W00,World,0,W00,World,S1,S1,TRUE,5611,Nitrogenous fertilizers and materials nes,4,TRUE,C00,TOTAL CPC,0,0,TOTAL MOT,8,kg,5377312,FALSE,-1,N/A,,TRUE,5377312,FALSE,-1,TRUE,293145,,293145,0,FALSE,FALSE
C,A,19680101,1968,52,1968,686,SEN,Senegal,M,Import,0,W00,World,0,W00,World,S1,S1,TRUE,5611,Nitrogenous fertilizers and materials nes,4,TRUE,C00,TOTAL CPC,0,0,TOTAL MOT,8,kg,16668021,FALSE,-1,N/A,,FALSE,16668021,FALSE,,FALSE,727200,,727200,0,TRUE,FALSE
C,A,19680101,1968,52,1968,686,SEN,Senegal,X,Export,0,W00,World,0,W00,World,S1,S1,TRUE,5611,Nitrogenous fertilizers and materials nes,4,TRUE,C00,TOTAL CPC,0,0,TOTAL MOT,8,kg,50726,FALSE,-1,N/A,,FALSE,50726,FALSE,,FALSE,,6861,6861,0,TRUE,FALSE
C,A,19680101,1968,52,1968,702,SGP,Singapore,M,Import,0,W00,World,0,W00,World,S1,S1,TRUE,5611,Nitrogenous fertilizers and materials nes,4,TRUE,C00,TOTAL CPC,0,0,TOTAL MOT,8,kg,13858681,FALSE,-1,N/A,,FALSE,13858681,FALSE,,FALSE,794768,,794768,0,TRUE,FALSE
C,A,19680101,1968,52,1968,702,SGP,Singapore,X,Export,0,W00,World,0,W00,World,S1,S1,TRUE,5611,Nitrogenous fertilizers and materials nes,4,TRUE,C00,TOTAL CPC,0,0,TOTAL MOT,8,kg,15342788,FALSE,-1,N/A,,FALSE,15342788,FALSE,,FALSE,,1018538,1018538,0,TRUE,FALSE
C,A,19680101,1968,52,1968,724,ESP,Spain,M,Import,0,W00,World,0,W00,World,S1,S1,TRUE,5611,Nitrogenous fertilizers and materials nes,4,TRUE,C00,TOTAL CPC,0,0,TOTAL MOT,8,kg,329871616,FALSE,-1,N/A,,FALSE,329871616,FALSE,,FALSE,11828958,,11828958,0,TRUE,FALSE
C,A,19680101,1968,52,1968,724,ESP,Spain,X,Export,0,W00,World,0,W00,World,S1,S1,TRUE,5611,Nitrogenous fertilizers and materials nes,4,TRUE,C00,TOTAL CPC,0,0,TOTAL MOT,8,kg,219128,FALSE,-1,N/A,,FALSE,219128,FALSE,,FALSE,,13161,13161,0,TRUE,FALSE
C,A,19680101,1968,52,1968,736,SDN,Sudan (...2011),M,Import,0,W00,World,0,W00,World,S1,S1,TRUE,5611,Nitrogenous fertilizers and materials nes,4,TRUE,C00,TOTAL CPC,0,0,TOTAL MOT,8,kg,35823000,FALSE,-1,N/A,,FALSE,35823000,FALSE,,FALSE,2611805,,2611805,0,TRUE,FALSE
C,A,19680101,1968,52,1968,752,SWE,Sweden,M,Import,0,W00,World,0,W00,World,S1,S1,TRUE,5611,Nitrogenous fertilizers and materials nes,4,TRUE,C00,TOTAL CPC,0,0,TOTAL MOT,8,kg,494076000,FALSE,-1,N/A,,FALSE,494076000,FALSE,,FALSE,18017528,,18017528,0,TRUE,FALSE
C,A,19680101,1968,52,1968,752,SWE,Sweden,X,Export,0,W00,World,0,W00,World,S1,S1,TRUE,5611,Nitrogenous fertilizers and materials nes,4,TRUE,C00,TOTAL CPC,0,0,TOTAL MOT,8,kg,85688000,FALSE,-1,N/A,,FALSE,85688000,FALSE,,FALSE,,3378543,3378543,0,TRUE,FALSE
C,A,19680101,1968,52,1968,757,CHE,Switzerland,M,Import,0,W00,World,0,W00,World,S1,S1,TRUE,5611,Nitrogenous fertilizers and materials nes,4,TRUE,C00,TOTAL CPC,0,0,TOTAL MOT,8,kg,2551768,FALSE,-1,N/A,,FALSE,2551768,FALSE,,FALSE,160758,,160758,0,TRUE,FALSE
C,A,19680101,1968,52,1968,757,CHE,Switzerland,X,Export,0,W00,World,0,W00,World,S1,S1,TRUE,5611,Nitrogenous fertilizers and materials nes,4,TRUE,C00,TOTAL CPC,0,0,TOTAL MOT,8,kg,21721238,FALSE,-1,N/A,,FALSE,21721238,FALSE,,FALSE,,577196,577196,0,TRUE,FALSE
C,A,19680101,1968,52,1968,764,THA,Thailand,M,Import,0,W00,World,0,W00,World,S1,S1,TRUE,5611,Nitrogenous fertilizers and materials nes,4,TRUE,C00,TOTAL CPC,0,0,TOTAL MOT,8,kg,46576464,FALSE,-1,N/A,,FALSE,46576464,FALSE,,FALSE,3557647,,3557647,0,TRUE,FALSE
C,A,19680101,1968,52,1968,764,THA,Thailand,X,Export,0,W00,World,0,W00,World,S1,S1,TRUE,5611,Nitrogenous fertilizers and materials nes,4,TRUE,C00,TOTAL CPC,0,0,TOTAL MOT,8,kg,10000,FALSE,-1,N/A,,FALSE,10000,FALSE,,FALSE,,1626,1626,0,TRUE,FALSE
C,A,19680101,1968,52,1968,768,TGO,Togo,M,Import,0,W00,World,0,W00,World,S1,S1,TRUE,5611,Nitrogenous fertilizers and materials nes,4,TRUE,C00,TOTAL CPC,0,0,TOTAL MOT,8,kg,629910,FALSE,-1,N/A,,FALSE,629910,FALSE,,FALSE,33481,,33481,0,TRUE,FALSE
C,A,19680101,1968,52,1968,780,TTO,Trinidad and Tobago,M,Import,0,W00,World,0,W00,World,S1,S1,TRUE,5611,Nitrogenous fertilizers and materials nes,4,TRUE,C00,TOTAL CPC,0,0,TOTAL MOT,8,kg,178823,FALSE,-1,N/A,,FALSE,178823,FALSE,,FALSE,9224,,9224,0,TRUE,FALSE
C,A,19680101,1968,52,1968,780,TTO,Trinidad and Tobago,X,Export,0,W00,World,0,W00,World,S1,S1,TRUE,5611,Nitrogenous fertilizers and materials nes,4,TRUE,C00,TOTAL CPC,0,0,TOTAL MOT,8,kg,99920144,FALSE,-1,N/A,,FALSE,99920144,FALSE,,FALSE,,5521981,5521981,0,TRUE,FALSE
C,A,19680101,1968,52,1968,788,TUN,Tunisia,M,Import,0,W00,World,0,W00,World,S1,S1,TRUE,5611,Nitrogenous fertilizers and materials nes,4,TRUE,C00,TOTAL CPC,0,0,TOTAL MOT,8,kg,28352936,FALSE,-1,N/A,,FALSE,28352936,FALSE,,FALSE,1780927,,1780927,0,TRUE,FALSE
C,A,19680101,1968,52,1968,792,TUR,TÅEkiye,M,Import,0,W00,World,0,W00,World,S1,S1,TRUE,5611,Nitrogenous fertilizers and materials nes,4,TRUE,C00,TOTAL CPC,0,0,TOTAL MOT,8,kg,540067520,FALSE,-1,N/A,,FALSE,540067520,FALSE,,FALSE,21026548,,21026548,0,TRUE,FALSE
C,A,19680101,1968,52,1968,818,EGY,Egypt,M,Import,0,W00,World,0,W00,World,S1,S1,TRUE,5611,Nitrogenous fertilizers and materials nes,4,TRUE,C00,TOTAL CPC,0,0,TOTAL MOT,8,kg,409046528,FALSE,-1,N/A,,FALSE,409046528,FALSE,,FALSE,15998813,,15998813,0,TRUE,FALSE
C,A,19680101,1968,52,1968,826,GBR,United Kingdom,M,Import,0,W00,World,0,W00,World,S1,S1,TRUE,5611,Nitrogenous fertilizers and materials nes,4,TRUE,C00,TOTAL CPC,0,0,TOTAL MOT,8,kg,379506720,FALSE,-1,N/A,,FALSE,379506720,FALSE,,FALSE,14530373,,14530373,0,TRUE,FALSE
C,A,19680101,1968,52,1968,826,GBR,United Kingdom,X,Export,0,W00,World,0,W00,World,S1,S1,TRUE,5611,Nitrogenous fertilizers and materials nes,4,TRUE,C00,TOTAL CPC,0,0,TOTAL MOT,8,kg,344860672,FALSE,-1,N/A,,FALSE,344860672,FALSE,,FALSE,,10238301,10238301,0,TRUE,FALSE
C,A,19680101,1968,52,1968,841,USA,USA and Puerto Rico (...1980),M,Import,0,W00,World,0,W00,World,S1,S1,TRUE,5611,Nitrogenous fertilizers and materials nes,4,TRUE,C00,TOTAL CPC,0,0,TOTAL MOT,-1,N/A,0,FALSE,-1,N/A,,FALSE,,FALSE,,FALSE,,38100956,38100956,0,TRUE,FALSE
C,A,19680101,1968,52,1968,841,USA,USA and Puerto Rico (...1980),X,Export,0,W00,World,0,W00,World,S1,S1,TRUE,5611,Nitrogenous fertilizers and materials nes,4,TRUE,C00,TOTAL CPC,0,0,TOTAL MOT,8,kg,1787822114,FALSE,-1,N/A,,FALSE,1787822114,FALSE,,FALSE,,83608171,83608171,0,TRUE,FALSE
C,A,19680101,1968,52,1968,854,BFA,Burkina Faso,M,Import,0,W00,World,0,W00,World,S1,S1,TRUE,5611,Nitrogenous fertilizers and materials nes,4,TRUE,C00,TOTAL CPC,0,0,TOTAL MOT,8,kg,1728000,FALSE,-1,N/A,,FALSE,1728000,FALSE,,FALSE,207348,,207348,0,TRUE,FALSE
C,A,19680101,1968,52,1968,862,VEN,Venezuela,M,Import,0,W00,World,0,W00,World,S1,S1,TRUE,5611,Nitrogenous fertilizers and materials nes,4,TRUE,C00,TOTAL CPC,0,0,TOTAL MOT,8,kg,16075898,FALSE,-1,N/A,,FALSE,16075898,FALSE,,FALSE,,451390,451390,0,TRUE,FALSE
C,A,19680101,1968,52,1968,868,VNM,Rep. of Vietnam (...1974),M,Import,0,W00,World,0,W00,World,S1,S1,TRUE,5611,Nitrogenous fertilizers and materials nes,4,TRUE,C00,TOTAL CPC,0,0,TOTAL MOT,8,kg,60865376,FALSE,-1,N/A,,FALSE,60865376,FALSE,,FALSE,5608354,,5608354,0,TRUE,FALSE
C,A,19680101,1968,52,1968,890,YUG,Yugoslavia (...1991),M,Import,0,W00,World,0,W00,World,S1,S1,TRUE,5611,Nitrogenous fertilizers and materials nes,4,TRUE,C00,TOTAL CPC,0,0,TOTAL MOT,8,kg,407667712,FALSE,-1,N/A,,FALSE,407667712,FALSE,,FALSE,16223477,,16223477,0,TRUE,FALSE
C,A,19680101,1968,52,1968,890,YUG,Yugoslavia (...1991),X,Export,0,W00,World,0,W00,World,S1,S1,TRUE,5611,Nitrogenous fertilizers and materials nes,4,TRUE,C00,TOTAL CPC,0,0,TOTAL MOT,8,kg,786750,FALSE,-1,N/A,,FALSE,786750,FALSE,,FALSE,,57582,57582,0,TRUE,FALSE
C,A,19690101,1969,52,1969,4,AFG,Afghanistan,M,Import,0,W00,World,0,W00,World,S1,S1,TRUE,5611,Nitrogenous fertilizers and materials nes,4,TRUE,C00,TOTAL CPC,0,0,TOTAL MOT,-1,N/A,0,FALSE,-1,N/A,,FALSE,,FALSE,,FALSE,2021689,,2021689,0,TRUE,FALSE
C,A,19690101,1969,52,1969,12,DZA,Algeria,M,Import,0,W00,World,0,W00,World,S1,S1,TRUE,5611,Nitrogenous fertilizers and materials nes,4,TRUE,C00,TOTAL CPC,0,0,TOTAL MOT,8,kg,103312040,FALSE,-1,N/A,,FALSE,103312040,FALSE,,FALSE,3695888,,3695888,0,TRUE,FALSE
C,A,19690101,1969,52,1969,24,AGO,Angola,M,Import,0,W00,World,0,W00,World,S1,S1,TRUE,5611,Nitrogenous fertilizers and materials nes,4,TRUE,C00,TOTAL CPC,0,0,TOTAL MOT,8,kg,14547384,FALSE,-1,N/A,,FALSE,14547384,FALSE,,FALSE,667655,,667655,0,TRUE,FALSE
C,A,19690101,1969,52,1969,32,ARG,Argentina,M,Import,0,W00,World,0,W00,World,S1,S1,TRUE,5611,Nitrogenous fertilizers and materials nes,4,TRUE,C00,TOTAL CPC,0,0,TOTAL MOT,8,kg,30194296,FALSE,-1,N/A,,FALSE,30194296,FALSE,,FALSE,1741896,,1741896,0,TRUE,FALSE
C,A,19690101,1969,52,1969,32,ARG,Argentina,X,Export,0,W00,World,0,W00,World,S1,S1,TRUE,5611,Nitrogenous fertilizers and materials nes,4,TRUE,C00,TOTAL CPC,0,0,TOTAL MOT,8,kg,261000,FALSE,-1,N/A,,FALSE,261000,FALSE,,FALSE,,16999,16999,0,TRUE,FALSE
C,A,19690101,1969,52,1969,36,AUS,Australia,M,Import,0,W00,World,0,W00,World,S1,S1,TRUE,5611,Nitrogenous fertilizers and materials nes,4,TRUE,C00,TOTAL CPC,0,0,TOTAL MOT,8,kg,51816651,FALSE,-1,N/A,,FALSE,51816651,FALSE,,FALSE,,2837036,2837036,0,TRUE,FALSE
C,A,19690101,1969,52,1969,52,BRB,Barbados,M,Import,0,W00,World,0,W00,World,S1,S1,TRUE,5611,Nitrogenous fertilizers and materials nes,4,TRUE,C00,TOTAL CPC,0,0,TOTAL MOT,8,kg,4505087,FALSE,-1,N/A,,FALSE,4505087,FALSE,,FALSE,215699,,215699,0,TRUE,FALSE
C,A,19690101,1969,52,1969,52,BRB,Barbados,X,Export,0,W00,World,0,W00,World,S1,S1,TRUE,5611,Nitrogenous fertilizers and materials nes,4,TRUE,C00,TOTAL CPC,0,0,TOTAL MOT,8,kg,8125,FALSE,-1,N/A,,FALSE,8125,FALSE,,FALSE,,1787,1787,0,TRUE,FALSE
C,A,19690101,1969,52,1969,58,BEL,Belgium-Luxembourg (...1998),M,Import,0,W00,World,0,W00,World,S1,S1,TRUE,5611,Nitrogenous fertilizers and materials nes,4,TRUE,C00,TOTAL CPC,0,0,TOTAL MOT,8,kg,278932736,FALSE,-1,N/A,,FALSE,278932736,FALSE,,FALSE,10315332,,10315332,0,TRUE,FALSE
C,A,19690101,1969,52,1969,58,BEL,Belgium-Luxembourg (...1998),X,Export,0,W00,World,0,W00,World,S1,S1,TRUE,5611,Nitrogenous fertilizers and materials nes,4,TRUE,C00,TOTAL CPC,0,0,TOTAL MOT,8,kg,828117696,FALSE,-1,N/A,,FALSE,828117696,FALSE,,FALSE,,28963692,28963692,0,TRUE,FALSE
C,A,19690101,1969,52,1969,68,BOL,Bolivia (Plurinational State of),M,Import,0,W00,World,0,W00,World,S1,S1,TRUE,5611,Nitrogenous fertilizers and materials nes,4,TRUE,C00,TOTAL CPC,0,0,TOTAL MOT,8,kg,2199586,FALSE,-1,N/A,,FALSE,2199586,FALSE,,FALSE,276098,,276098,0,TRUE,FALSE
C,A,19690101,1969,52,1969,76,BRA,Brazil,M,Import,0,W00,World,0,W00,World,S1,S1,TRUE,5611,Nitrogenous fertilizers and materials nes,4,TRUE,C00,TOTAL CPC,0,0,TOTAL MOT,8,kg,528949347,FALSE,-1,N/A,,FALSE,528949347,FALSE,,FALSE,20106467,,20106467,0,TRUE,FALSE
C,A,19690101,1969,52,1969,96,BRN,Brunei Darussalam,M,Import,0,W00,World,0,W00,World,S1,S1,TRUE,5611,Nitrogenous fertilizers and materials nes,4,TRUE,C00,TOTAL CPC,0,0,TOTAL MOT,8,kg,135198,FALSE,-1,N/A,,FALSE,135198,FALSE,,FALSE,11912,,11912,0,TRUE,FALSE
C,A,19690101,1969,52,1969,96,BRN,Brunei Darussalam,X,Export,0,W00,World,0,W00,World,S1,S1,TRUE,5611,Nitrogenous fertilizers and materials nes,4,TRUE,C00,TOTAL CPC,0,0,TOTAL MOT,8,kg,1000,FALSE,-1,N/A,,FALSE,1000,FALSE,,FALSE,,195,195,0,TRUE,FALSE
C,A,19690101,1969,52,1969,104,MMR,Myanmar,M,Import,0,W00,World,0,W00,World,S1,S1,TRUE,5611,Nitrogenous fertilizers and materials nes,4,TRUE,C00,TOTAL CPC,0,0,TOTAL MOT,8,kg,10696917,FALSE,-1,N/A,,FALSE,10696917,FALSE,,FALSE,799981,,799981,0,TRUE,FALSE
C,A,19690101,1969,52,1969,116,KHM,Cambodia,M,Import,0,W00,World,0,W00,World,S1,S1,TRUE,5611,Nitrogenous fertilizers and materials nes,4,TRUE,C00,TOTAL CPC,0,0,TOTAL MOT,8,kg,8630564,FALSE,-1,N/A,,FALSE,8630564,FALSE,,FALSE,565580,,565580,0,TRUE,FALSE
C,A,19690101,1969,52,1969,120,CMR,Cameroon,M,Import,0,W00,World,0,W00,World,S1,S1,TRUE,5611,Nitrogenous fertilizers and materials nes,4,TRUE,C00,TOTAL CPC,0,0,TOTAL MOT,8,kg,41231596,FALSE,-1,N/A,,FALSE,41231596,FALSE,,FALSE,2029794,,2029794,0,TRUE,FALSE
C,A,19690101,1969,52,1969,120,CMR,Cameroon,X,Export,0,W00,World,0,W00,World,S1,S1,TRUE,5611,Nitrogenous fertilizers and materials nes,4,TRUE,C00,TOTAL CPC,0,0,TOTAL MOT,8,kg,7375,FALSE,-1,N/A,,FALSE,7375,FALSE,,FALSE,,482,482,0,TRUE,FALSE
C,A,19690101,1969,52,1969,124,CAN,Canada,M,Import,0,W00,World,0,W00,World,S1,S1,TRUE,5611,Nitrogenous fertilizers and materials nes,4,TRUE,C00,TOTAL CPC,0,0,TOTAL MOT,8,kg,57663712,FALSE,-1,N/A,,FALSE,57663712,FALSE,,FALSE,,2477745,2477745,0,TRUE,FALSE
C,A,19690101,1969,52,1969,124,CAN,Canada,X,Export,0,W00,World,0,W00,World,S1,S1,TRUE,5611,Nitrogenous fertilizers and materials nes,4,TRUE,C00,TOTAL CPC,0,0,TOTAL MOT,-1,N/A,0,FALSE,-1,N/A,,FALSE,,FALSE,,FALSE,,40555216,40555216,0,TRUE,FALSE
C,A,19690101,1969,52,1969,140,CAF,Central African Rep.,M,Import,0,W00,World,0,W00,World,S1,S1,TRUE,5611,Nitrogenous fertilizers and materials nes,4,TRUE,C00,TOTAL CPC,0,0,TOTAL MOT,8,kg,954449,FALSE,-1,N/A,,FALSE,954449,FALSE,,FALSE,68077,,68077,0,TRUE,FALSE
C,A,19690101,1969,52,1969,140,CAF,Central African Rep.,X,Export,0,W00,World,0,W00,World,S1,S1,TRUE,5611,Nitrogenous fertilizers and materials nes,4,TRUE,C00,TOTAL CPC,0,0,TOTAL MOT,8,kg,671875,FALSE,-1,N/A,,FALSE,671875,FALSE,,FALSE,,18727,18727,0,TRUE,FALSE
C,A,19690101,1969,52,1969,144,LKA,Sri Lanka,M,Import,0,W00,World,0,W00,World,S1,S1,TRUE,5611,Nitrogenous fertilizers and materials nes,4,TRUE,C00,TOTAL CPC,0,0,TOTAL MOT,8,kg,128762112,FALSE,-1,N/A,,FALSE,128762112,FALSE,,FALSE,6884977,,6884977,0,TRUE,FALSE
C,A,19690101,1969,52,1969,148,TCD,Chad,M,Import,0,W00,World,0,W00,World,S1,S1,TRUE,5611,Nitrogenous fertilizers and materials nes,4,TRUE,C00,TOTAL CPC,0,0,TOTAL MOT,8,kg,23511,FALSE,-1,N/A,,FALSE,23511,FALSE,,FALSE,73485,,73485,0,TRUE,FALSE
C,A,19690101,1969,52,1969,152,CHL,Chile,M,Import,0,W00,World,0,W00,World,S1,S1,TRUE,5611,Nitrogenous fertilizers and materials nes,4,TRUE,C00,TOTAL CPC,0,0,TOTAL MOT,8,kg,48751572,FALSE,-1,N/A,,FALSE,48751572,FALSE,,FALSE,3845097,,3845097,0,TRUE,FALSE
C,A,19690101,1969,52,1969,170,COL,Colombia,M,Import,0,W00,World,0,W00,World,S1,S1,TRUE,5611,Nitrogenous fertilizers and materials nes,4,TRUE,C00,TOTAL CPC,0,0,TOTAL MOT,8,kg,8334432,FALSE,-1,N/A,,FALSE,8334432,FALSE,,FALSE,705144,,705144,0,TRUE,FALSE
C,A,19690101,1969,52,1969,170,COL,Colombia,X,Export,0,W00,World,0,W00,World,S1,S1,TRUE,5611,Nitrogenous fertilizers and materials nes,4,TRUE,C00,TOTAL CPC,0,0,TOTAL MOT,8,kg,5187,FALSE,-1,N/A,,FALSE,5187,FALSE,,FALSE,,2903,2903,0,TRUE,FALSE
C,A,19690101,1969,52,1969,188,CRI,Costa Rica,M,Import,0,W00,World,0,W00,World,S1,S1,TRUE,5611,Nitrogenous fertilizers and materials nes,4,TRUE,C00,TOTAL CPC,0,0,TOTAL MOT,8,kg,67859392,FALSE,-1,N/A,,FALSE,67859392,FALSE,,FALSE,4075631,,4075631,0,TRUE,FALSE
C,A,19690101,1969,52,1969,188,CRI,Costa Rica,X,Export,0,W00,World,0,W00,World,S1,S1,TRUE,5611,Nitrogenous fertilizers and materials nes,4,TRUE,C00,TOTAL CPC,0,0,TOTAL MOT,8,kg,14077107,FALSE,-1,N/A,,FALSE,14077107,FALSE,,FALSE,,897190,897190,0,TRUE,FALSE
C,A,19690101,1969,52,1969,204,BEN,Benin,M,Import,0,W00,World,0,W00,World,S1,S1,TRUE,5611,Nitrogenous fertilizers and materials nes,4,TRUE,C00,TOTAL CPC,0,0,TOTAL MOT,8,kg,890506,FALSE,-1,N/A,,FALSE,890506,FALSE,,FALSE,45335,,45335,0,TRUE,FALSE
C,A,19690101,1969,52,1969,208,DNK,Denmark,M,Import,0,W00,World,0,W00,World,S1,S1,TRUE,5611,Nitrogenous fertilizers and materials nes,4,TRUE,C00,TOTAL CPC,0,0,TOTAL MOT,8,kg,218115760,FALSE,-1,N/A,,FALSE,218115760,FALSE,,FALSE,7451781,,7451781,0,TRUE,FALSE
C,A,19690101,1969,52,1969,208,DNK,Denmark,X,Export,0,W00,World,0,W00,World,S1,S1,TRUE,5611,Nitrogenous fertilizers and materials nes,4,TRUE,C00,TOTAL CPC,0,0,TOTAL MOT,8,kg,5210064,FALSE,-1,N/A,,FALSE,5210064,FALSE,,FALSE,,254891,254891,0,TRUE,FALSE
C,A,19690101,1969,52,1969,218,ECU,Ecuador,M,Import,0,W00,World,0,W00,World,S1,S1,TRUE,5611,Nitrogenous fertilizers and materials nes,4,TRUE,C00,TOTAL CPC,0,0,TOTAL MOT,8,kg,14726897,FALSE,-1,N/A,,FALSE,14726897,FALSE,,FALSE,1088496,,1088496,0,TRUE,FALSE
C,A,19690101,1969,52,1969,222,SLV,El Salvador,M,Import,0,W00,World,0,W00,World,S1,S1,TRUE,5611,Nitrogenous fertilizers and materials nes,4,TRUE,C00,TOTAL CPC,0,0,TOTAL MOT,8,kg,100244040,FALSE,-1,N/A,,FALSE,100244040,FALSE,,FALSE,4376486,,4376486,0,TRUE,FALSE
C,A,19690101,1969,52,1969,222,SLV,El Salvador,X,Export,0,W00,World,0,W00,World,S1,S1,TRUE,5611,Nitrogenous fertilizers and materials nes,4,TRUE,C00,TOTAL CPC,0,0,TOTAL MOT,8,kg,590249,FALSE,-1,N/A,,FALSE,590249,FALSE,,FALSE,,42928,42928,0,TRUE,FALSE
C,A,19690101,1969,52,1969,242,FJI,Fiji,M,Import,0,W00,World,0,W00,World,S1,S1,TRUE,5611,Nitrogenous fertilizers and materials nes,4,TRUE,C00,TOTAL CPC,0,0,TOTAL MOT,8,kg,22858010,FALSE,-1,N/A,,FALSE,22858010,FALSE,,FALSE,1038474,,1038474,0,TRUE,FALSE
C,A,19690101,1969,52,1969,246,FIN,Finland,M,Import,0,W00,World,0,W00,World,S1,S1,TRUE,5611,Nitrogenous fertilizers and materials nes,4,TRUE,C00,TOTAL CPC,0,0,TOTAL MOT,8,kg,106705616,FALSE,-1,N/A,,FALSE,106705616,FALSE,,FALSE,4279633,,4279633,0,TRUE,FALSE
C,A,19690101,1969,52,1969,246,FIN,Finland,X,Export,0,W00,World,0,W00,World,S1,S1,TRUE,5611,Nitrogenous fertilizers and materials nes,4,TRUE,C00,TOTAL CPC,0,0,TOTAL MOT,8,kg,15952733,FALSE,-1,N/A,,FALSE,15952733,FALSE,,FALSE,,722321,722321,0,TRUE,FALSE
C,A,19690101,1969,52,1969,251,FRA,France,M,Import,0,W00,World,0,W00,World,S1,S1,TRUE,5611,Nitrogenous fertilizers and materials nes,4,TRUE,C00,TOTAL CPC,0,0,TOTAL MOT,8,kg,349359872,FALSE,-1,N/A,,FALSE,349359872,FALSE,,FALSE,15513444,,15513444,0,TRUE,FALSE
C,A,19690101,1969,52,1969,251,FRA,France,X,Export,0,W00,World,0,W00,World,S1,S1,TRUE,5611,Nitrogenous fertilizers and materials nes,4,TRUE,C00,TOTAL CPC,0,0,TOTAL MOT,8,kg,513682208,FALSE,-1,N/A,,FALSE,513682208,FALSE,,FALSE,,18957016,18957016,0,TRUE,FALSE
C,A,19690101,1969,52,1969,254,GUF,French Guiana (Overseas France),M,Import,0,W00,World,0,W00,World,S1,S1,TRUE,5611,Nitrogenous fertilizers and materials nes,4,TRUE,C00,TOTAL CPC,0,0,TOTAL MOT,8,kg,74246,FALSE,-1,N/A,,FALSE,74246,FALSE,,FALSE,7994,,7994,0,TRUE,FALSE
C,A,19690101,1969,52,1969,266,GAB,Gabon,M,Import,0,W00,World,0,W00,World,S1,S1,TRUE,5611,Nitrogenous fertilizers and materials nes,4,TRUE,C00,TOTAL CPC,0,0,TOTAL MOT,8,kg,21820,FALSE,-1,N/A,,FALSE,21820,FALSE,,FALSE,3129,,3129,0,TRUE,FALSE
C,A,19690101,1969,52,1969,280,DEU,Fed. Rep. of Germany (...1990),M,Import,0,W00,World,0,W00,World,S1,S1,TRUE,5611,Nitrogenous fertilizers and materials nes,4,TRUE,C00,TOTAL CPC,0,0,TOTAL MOT,8,kg,292331360,FALSE,-1,N/A,,TRUE,292331360,FALSE,-1,TRUE,12653000,,12653000,0,FALSE,FALSE
C,A,19690101,1969,52,1969,280,DEU,Fed. Rep. of Germany (...1990),X,Export,0,W00,World,0,W00,World,S1,S1,TRUE,5611,Nitrogenous fertilizers and materials nes,4,TRUE,C00,TOTAL CPC,0,0,TOTAL MOT,8,kg,1552995968,FALSE,-1,N/A,,TRUE,1552995968,FALSE,-1,TRUE,,46893000,46893000,0,FALSE,FALSE
C,A,19690101,1969,52,1969,288,GHA,Ghana,M,Import,0,W00,World,0,W00,World,S1,S1,TRUE,5611,Nitrogenous fertilizers and materials nes,4,TRUE,C00,TOTAL CPC,0,0,TOTAL MOT,8,kg,4718571,FALSE,-1,N/A,,FALSE,4718571,FALSE,,FALSE,293754,,293754,0,TRUE,FALSE
C,A,19690101,1969,52,1969,300,GRC,Greece,M,Import,0,W00,World,0,W00,World,S1,S1,TRUE,5611,Nitrogenous fertilizers and materials nes,4,TRUE,C00,TOTAL CPC,0,0,TOTAL MOT,8,kg,115239192,FALSE,-1,N/A,,FALSE,115239192,FALSE,,FALSE,5398275,,5398275,0,TRUE,FALSE
C,A,19690101,1969,52,1969,312,GLP,Guadeloupe (Overseas France),M,Import,0,W00,World,0,W00,World,S1,S1,TRUE,5611,Nitrogenous fertilizers and materials nes,4,TRUE,C00,TOTAL CPC,0,0,TOTAL MOT,8,kg,1590034,FALSE,-1,N/A,,FALSE,1590034,FALSE,,FALSE,83285,,83285,0,TRUE,FALSE
C,A,19690101,1969,52,1969,320,GTM,Guatemala,M,Import,0,W00,World,0,W00,World,S1,S1,TRUE,5611,Nitrogenous fertilizers and materials nes,4,TRUE,C00,TOTAL CPC,0,0,TOTAL MOT,8,kg,34181648,FALSE,-1,N/A,,FALSE,34181648,FALSE,,FALSE,2738111,,2738111,0,TRUE,FALSE
C,A,19690101,1969,52,1969,320,GTM,Guatemala,X,Export,0,W00,World,0,W00,World,S1,S1,TRUE,5611,Nitrogenous fertilizers and materials nes,4,TRUE,C00,TOTAL CPC,0,0,TOTAL MOT,8,kg,296,FALSE,-1,N/A,,FALSE,296,FALSE,,FALSE,,32,32,0,TRUE,FALSE
C,A,19690101,1969,52,1969,340,HND,Honduras,M,Import,0,W00,World,0,W00,World,S1,S1,TRUE,5611,Nitrogenous fertilizers and materials nes,4,TRUE,C00,TOTAL CPC,0,0,TOTAL MOT,8,kg,24888592,FALSE,-1,N/A,,FALSE,24888592,FALSE,,FALSE,1756226,,1756226,0,TRUE,FALSE
C,A,19690101,1969,52,1969,344,HKG,"China, Hong Kong SAR",M,Import,0,W00,World,0,W00,World,S1,S1,TRUE,5611,Nitrogenous fertilizers and materials nes,4,TRUE,C00,TOTAL CPC,0,0,TOTAL MOT,8,kg,1184292,FALSE,-1,N/A,,FALSE,1184292,FALSE,,FALSE,91885,,91885,0,TRUE,FALSE
C,A,19690101,1969,52,1969,352,ISL,Iceland,M,Import,0,W00,World,0,W00,World,S1,S1,TRUE,5611,Nitrogenous fertilizers and materials nes,4,TRUE,C00,TOTAL CPC,0,0,TOTAL MOT,8,kg,3766327,FALSE,-1,N/A,,FALSE,3766327,FALSE,,FALSE,189803,,189803,0,TRUE,FALSE
C,A,19690101,1969,52,1969,356,IND,India (...1974),M,Import,0,W00,World,0,W00,World,S1,S1,TRUE,5611,Nitrogenous fertilizers and materials nes,4,TRUE,C00,TOTAL CPC,0,0,TOTAL MOT,8,kg,1186203008,FALSE,-1,N/A,,FALSE,1186203008,FALSE,,FALSE,71622480,,71622480,0,TRUE,FALSE
C,A,19690101,1969,52,1969,360,IDN,Indonesia,M,Import,0,W00,World,0,W00,World,S1,S1,TRUE,5611,Nitrogenous fertilizers and materials nes,4,TRUE,C00,TOTAL CPC,0,0,TOTAL MOT,8,kg,209228896,FALSE,-1,N/A,,FALSE,209228896,FALSE,,FALSE,16064409,,16064409,0,TRUE,FALSE
C,A,19690101,1969,52,1969,364,IRN,Iran,M,Import,0,W00,World,0,W00,World,S1,S1,TRUE,5611,Nitrogenous fertilizers and materials nes,4,TRUE,C00,TOTAL CPC,0,0,TOTAL MOT,8,kg,15341460,FALSE,-1,N/A,,FALSE,15341460,FALSE,,FALSE,804194,,804194,0,TRUE,FALSE
C,A,19690101,1969,52,1969,364,IRN,Iran,X,Export,0,W00,World,0,W00,World,S1,S1,TRUE,5611,Nitrogenous fertilizers and materials nes,4,TRUE,C00,TOTAL CPC,0,0,TOTAL MOT,8,kg,3000,FALSE,-1,N/A,,FALSE,3000,FALSE,,FALSE,,161,161,0,TRUE,FALSE
C,A,19690101,1969,52,1969,372,IRL,Ireland,M,Import,0,W00,World,0,W00,World,S1,S1,TRUE,5611,Nitrogenous fertilizers and materials nes,4,TRUE,C00,TOTAL CPC,0,0,TOTAL MOT,8,kg,11625623,FALSE,-1,N/A,,FALSE,11625623,FALSE,,FALSE,562007,,562007,0,TRUE,FALSE
C,A,19690101,1969,52,1969,376,ISR,Israel,M,Import,0,W00,World,0,W00,World,S1,S1,TRUE,5611,Nitrogenous fertilizers and materials nes,4,TRUE,C00,TOTAL CPC,0,0,TOTAL MOT,8,kg,7636809,FALSE,-1,N/A,,FALSE,7636809,FALSE,,FALSE,531010,,531010,0,TRUE,FALSE
C,A,19690101,1969,52,1969,376,ISR,Israel,X,Export,0,W00,World,0,W00,World,S1,S1,TRUE,5611,Nitrogenous fertilizers and materials nes,4,TRUE,C00,TOTAL CPC,0,0,TOTAL MOT,8,kg,101601,FALSE,-1,N/A,,FALSE,101601,FALSE,,FALSE,,2757,2757,0,TRUE,FALSE
C,A,19690101,1969,52,1969,380,ITA,Italy,M,Import,0,W00,World,0,W00,World,S1,S1,TRUE,5611,Nitrogenous fertilizers and materials nes,4,TRUE,C00,TOTAL CPC,0,0,TOTAL MOT,8,kg,19107520,FALSE,-1,N/A,,TRUE,19107520,FALSE,-1,TRUE,1040047,,1040047,0,FALSE,FALSE
C,A,19690101,1969,52,1969,380,ITA,Italy,X,Export,0,W00,World,0,W00,World,S1,S1,TRUE,5611,Nitrogenous fertilizers and materials nes,4,TRUE,C00,TOTAL CPC,0,0,TOTAL MOT,8,kg,841454272,FALSE,-1,N/A,,TRUE,841454272,FALSE,-1,TRUE,,25143170,25143170,0,FALSE,FALSE
C,A,19690101,1969,52,1969,384,CIV,CÙte d'Ivoire,M,Import,0,W00,World,0,W00,World,S1,S1,TRUE,5611,Nitrogenous fertilizers and materials nes,4,TRUE,C00,TOTAL CPC,0,0,TOTAL MOT,8,kg,8031319,FALSE,-1,N/A,,FALSE,8031319,FALSE,,FALSE,427383,,427383,0,TRUE,FALSE
C,A,19690101,1969,52,1969,384,CIV,CÙte d'Ivoire,X,Export,0,W00,World,0,W00,World,S1,S1,TRUE,5611,Nitrogenous fertilizers and materials nes,4,TRUE,C00,TOTAL CPC,0,0,TOTAL MOT,8,kg,54335,FALSE,-1,N/A,,FALSE,54335,FALSE,,FALSE,,5158,5158,0,TRUE,FALSE
C,A,19690101,1969,52,1969,392,JPN,Japan,M,Import,0,W00,World,0,W00,World,S1,S1,TRUE,5611,Nitrogenous fertilizers and materials nes,4,TRUE,C00,TOTAL CPC,0,0,TOTAL MOT,8,kg,12684000,FALSE,-1,N/A,,FALSE,12684000,FALSE,,FALSE,757221,,757221,0,TRUE,FALSE
C,A,19690101,1969,52,1969,392,JPN,Japan,X,Export,0,W00,World,0,W00,World,S1,S1,TRUE,5611,Nitrogenous fertilizers and materials nes,4,TRUE,C00,TOTAL CPC,0,0,TOTAL MOT,8,kg,1111821952,FALSE,-1,N/A,,FALSE,1111821952,FALSE,,FALSE,,37601248,37601248,0,TRUE,FALSE
C,A,19690101,1969,52,1969,400,JOR,Jordan,M,Import,0,W00,World,0,W00,World,S1,S1,TRUE,5611,Nitrogenous fertilizers and materials nes,4,TRUE,C00,TOTAL CPC,0,0,TOTAL MOT,8,kg,3874210,FALSE,-1,N/A,,FALSE,3874210,FALSE,,FALSE,203243,,203243,0,TRUE,FALSE
C,A,19690101,1969,52,1969,410,KOR,Rep. of Korea,M,Import,0,W00,World,0,W00,World,S1,S1,TRUE,5611,Nitrogenous fertilizers and materials nes,4,TRUE,C00,TOTAL CPC,0,0,TOTAL MOT,8,kg,110530208,FALSE,-1,N/A,,FALSE,110530208,FALSE,,FALSE,4407615,,4407615,0,TRUE,FALSE
C,A,19690101,1969,52,1969,410,KOR,Rep. of Korea,X,Export,0,W00,World,0,W00,World,S1,S1,TRUE,5611,Nitrogenous fertilizers and materials nes,4,TRUE,C00,TOTAL CPC,0,0,TOTAL MOT,8,kg,99377568,FALSE,-1,N/A,,FALSE,99377568,FALSE,,FALSE,,6229804,6229804,0,TRUE,FALSE
C,A,19690101,1969,52,1969,418,LAO,Lao People's Dem. Rep.,M,Import,0,W00,World,0,W00,World,S1,S1,TRUE,5611,Nitrogenous fertilizers and materials nes,4,TRUE,C00,TOTAL CPC,0,0,TOTAL MOT,8,kg,68656,FALSE,-1,N/A,,FALSE,68656,FALSE,,FALSE,,19129,19129,0,TRUE,FALSE
C,A,19690101,1969,52,1969,422,LBN,Lebanon,M,Import,0,W00,World,0,W00,World,S1,S1,TRUE,5611,Nitrogenous fertilizers and materials nes,4,TRUE,C00,TOTAL CPC,0,0,TOTAL MOT,8,kg,17466000,FALSE,-1,N/A,,FALSE,17466000,FALSE,,FALSE,818827,,818827,0,TRUE,FALSE
C,A,19690101,1969,52,1969,422,LBN,Lebanon,X,Export,0,W00,World,0,W00,World,S1,S1,TRUE,5611,Nitrogenous fertilizers and materials nes,4,TRUE,C00,TOTAL CPC,0,0,TOTAL MOT,8,kg,98789,FALSE,-1,N/A,,FALSE,98789,FALSE,,FALSE,,5581,5581,0,TRUE,FALSE
C,A,19690101,1969,52,1969,434,LBY,Libya,M,Import,0,W00,World,0,W00,World,S1,S1,TRUE,5611,Nitrogenous fertilizers and materials nes,4,TRUE,C00,TOTAL CPC,0,0,TOTAL MOT,8,kg,24060964,FALSE,-1,N/A,,FALSE,24060964,FALSE,,FALSE,2104493,,2104493,0,TRUE,FALSE
C,A,19690101,1969,52,1969,450,MDG,Madagascar,M,Import,0,W00,World,0,W00,World,S1,S1,TRUE,5611,Nitrogenous fertilizers and materials nes,4,TRUE,C00,TOTAL CPC,0,0,TOTAL MOT,8,kg,5908069,FALSE,-1,N/A,,FALSE,5908069,FALSE,,FALSE,325227,,325227,0,TRUE,FALSE
C,A,19690101,1969,52,1969,454,MWI,Malawi,M,Import,0,W00,World,0,W00,World,S1,S1,TRUE,5611,Nitrogenous fertilizers and materials nes,4,TRUE,C00,TOTAL CPC,0,0,TOTAL MOT,8,kg,5945657,FALSE,-1,N/A,,FALSE,5945657,FALSE,,FALSE,458226,,458226,0,TRUE,FALSE
C,A,19690101,1969,52,1969,458,MYS,Malaysia,M,Import,0,W00,World,0,W00,World,S1,S1,TRUE,5611,Nitrogenous fertilizers and materials nes,4,TRUE,C00,TOTAL CPC,0,0,TOTAL MOT,8,kg,76097184,FALSE,-1,N/A,,FALSE,76097184,FALSE,,FALSE,4381401,,4381401,0,TRUE,FALSE
C,A,19690101,1969,52,1969,458,MYS,Malaysia,X,Export,0,W00,World,0,W00,World,S1,S1,TRUE,5611,Nitrogenous fertilizers and materials nes,4,TRUE,C00,TOTAL CPC,0,0,TOTAL MOT,8,kg,51902,FALSE,-1,N/A,,FALSE,51902,FALSE,,FALSE,,3831,3831,0,TRUE,FALSE
C,A,19690101,1969,52,1969,466,MLI,Mali,M,Import,0,W00,World,0,W00,World,S1,S1,TRUE,5611,Nitrogenous fertilizers and materials nes,4,TRUE,C00,TOTAL CPC,0,0,TOTAL MOT,8,kg,409375,FALSE,-1,N/A,,FALSE,409375,FALSE,,FALSE,32846,,32846,0,TRUE,FALSE
C,A,19690101,1969,52,1969,470,MLT,Malta,M,Import,0,W00,World,0,W00,World,S1,S1,TRUE,5611,Nitrogenous fertilizers and materials nes,4,TRUE,C00,TOTAL CPC,0,0,TOTAL MOT,8,kg,1828784,FALSE,-1,N/A,,FALSE,1828784,FALSE,,FALSE,96654,,96654,0,TRUE,FALSE
C,A,19690101,1969,52,1969,474,MTQ,Martinique (Overseas France),M,Import,0,W00,World,0,W00,World,S1,S1,TRUE,5611,Nitrogenous fertilizers and materials nes,4,TRUE,C00,TOTAL CPC,0,0,TOTAL MOT,8,kg,4533250,FALSE,-1,N/A,,FALSE,4533250,FALSE,,FALSE,229863,,229863,0,TRUE,FALSE
C,A,19690101,1969,52,1969,484,MEX,Mexico,M,Import,0,W00,World,0,W00,World,S1,S1,TRUE,5611,Nitrogenous fertilizers and materials nes,4,TRUE,C00,TOTAL CPC,0,0,TOTAL MOT,8,kg,88382992,FALSE,-1,N/A,,FALSE,88382992,FALSE,,FALSE,4694766,,4694766,0,TRUE,FALSE
C,A,19690101,1969,52,1969,484,MEX,Mexico,X,Export,0,W00,World,0,W00,World,S1,S1,TRUE,5611,Nitrogenous fertilizers and materials nes,4,TRUE,C00,TOTAL CPC,0,0,TOTAL MOT,8,kg,23647216,FALSE,-1,N/A,,FALSE,23647216,FALSE,,FALSE,,1575019,1575019,0,TRUE,FALSE
C,A,19690101,1969,52,1969,490,S19,"Other Asia, nes",M,Import,0,W00,World,0,W00,World,S1,S1,TRUE,5611,Nitrogenous fertilizers and materials nes,4,TRUE,C00,TOTAL CPC,0,0,TOTAL MOT,8,kg,199127600,FALSE,-1,N/A,,FALSE,199127600,FALSE,,FALSE,7028471,,7028471,0,TRUE,FALSE
C,A,19690101,1969,52,1969,490,S19,"Other Asia, nes",X,Export,0,W00,World,0,W00,World,S1,S1,TRUE,5611,Nitrogenous fertilizers and materials nes,4,TRUE,C00,TOTAL CPC,0,0,TOTAL MOT,8,kg,90008440,FALSE,-1,N/A,,FALSE,90008440,FALSE,,FALSE,,6237513,6237513,0,TRUE,FALSE
C,A,19690101,1969,52,1969,528,NLD,Netherlands,M,Import,0,W00,World,0,W00,World,S1,S1,TRUE,5611,Nitrogenous fertilizers and materials nes,4,TRUE,C00,TOTAL CPC,0,0,TOTAL MOT,8,kg,14530135,FALSE,-1,N/A,,FALSE,14530135,FALSE,,FALSE,675191,,675191,0,TRUE,FALSE
C,A,19690101,1969,52,1969,528,NLD,Netherlands,X,Export,0,W00,World,0,W00,World,S1,S1,TRUE,5611,Nitrogenous fertilizers and materials nes,4,TRUE,C00,TOTAL CPC,0,0,TOTAL MOT,8,kg,854974272,FALSE,-1,N/A,,FALSE,854974272,FALSE,,FALSE,,25971400,25971400,0,TRUE,FALSE
C,A,19690101,1969,52,1969,532,ANT,Netherlands Antilles and Aruba (...1985),M,Import,0,W00,World,0,W00,World,S1,S1,TRUE,5611,Nitrogenous fertilizers and materials nes,4,TRUE,C00,TOTAL CPC,0,0,TOTAL MOT,8,kg,359000,FALSE,-1,N/A,,FALSE,359000,FALSE,,FALSE,,37118,37118,0,TRUE,FALSE
C,A,19690101,1969,52,1969,532,ANT,Netherlands Antilles and Aruba (...1985),X,Export,0,W00,World,0,W00,World,S1,S1,TRUE,5611,Nitrogenous fertilizers and materials nes,4,TRUE,C00,TOTAL CPC,0,0,TOTAL MOT,8,kg,118751000,FALSE,-1,N/A,,FALSE,118751000,FALSE,,FALSE,,5786232,5786232,0,TRUE,FALSE
C,A,19690101,1969,52,1969,554,NZL,New Zealand,M,Import,0,W00,World,0,W00,World,S1,S1,TRUE,5611,Nitrogenous fertilizers and materials nes,4,TRUE,C00,TOTAL CPC,0,0,TOTAL MOT,-1,N/A,0,FALSE,-1,N/A,,FALSE,,FALSE,,FALSE,1339553,,1339553,0,TRUE,FALSE
C,A,19690101,1969,52,1969,554,NZL,New Zealand,X,Export,0,W00,World,0,W00,World,S1,S1,TRUE,5611,Nitrogenous fertilizers and materials nes,4,TRUE,C00,TOTAL CPC,0,0,TOTAL MOT,8,kg,68080,FALSE,-1,N/A,,FALSE,68080,FALSE,,FALSE,,11935,11935,0,TRUE,FALSE
C,A,19690101,1969,52,1969,558,NIC,Nicaragua,M,Import,0,W00,World,0,W00,World,S1,S1,TRUE,5611,Nitrogenous fertilizers and materials nes,4,TRUE,C00,TOTAL CPC,0,0,TOTAL MOT,8,kg,12194706,FALSE,-1,N/A,,FALSE,12194706,FALSE,,FALSE,920107,,920107,0,TRUE,FALSE
C,A,19690101,1969,52,1969,562,NER,Niger,M,Import,0,W00,World,0,W00,World,S1,S1,TRUE,5611,Nitrogenous fertilizers and materials nes,4,TRUE,C00,TOTAL CPC,0,0,TOTAL MOT,8,kg,819635,FALSE,-1,N/A,,FALSE,819635,FALSE,,FALSE,135455,,135455,0,TRUE,FALSE
C,A,19690101,1969,52,1969,566,NGA,Nigeria,M,Import,0,W00,World,0,W00,World,S1,S1,TRUE,5611,Nitrogenous fertilizers and materials nes,4,TRUE,C00,TOTAL CPC,0,0,TOTAL MOT,8,kg,4251127,FALSE,-1,N/A,,FALSE,4251127,FALSE,,FALSE,261667,,261667,0,TRUE,FALSE
C,A,19690101,1969,52,1969,579,NOR,Norway,M,Import,0,W00,World,0,W00,World,S1,S1,TRUE,5611,Nitrogenous fertilizers and materials nes,4,TRUE,C00,TOTAL CPC,0,0,TOTAL MOT,8,kg,2591740,FALSE,-1,N/A,,FALSE,2591740,FALSE,,FALSE,147409,,147409,0,TRUE,FALSE
C,A,19690101,1969,52,1969,579,NOR,Norway,X,Export,0,W00,World,0,W00,World,S1,S1,TRUE,5611,Nitrogenous fertilizers and materials nes,4,TRUE,C00,TOTAL CPC,0,0,TOTAL MOT,8,kg,981348480,FALSE,-1,N/A,,FALSE,981348480,FALSE,,FALSE,,33226250,33226250,0,TRUE,FALSE
C,A,19690101,1969,52,1969,588,PAK,East and West Pakistan (...1971),M,Import,0,W00,World,0,W00,World,S1,S1,TRUE,5611,Nitrogenous fertilizers and materials nes,4,TRUE,C00,TOTAL CPC,0,0,TOTAL MOT,-1,N/A,0,FALSE,-1,N/A,,FALSE,,FALSE,,FALSE,48765148,,48765148,0,TRUE,FALSE
C,A,19690101,1969,52,1969,590,PAN,"Panama, excl.Canal Zone (...1977)",M,Import,0,W00,World,0,W00,World,S1,S1,TRUE,5611,Nitrogenous fertilizers and materials nes,4,TRUE,C00,TOTAL CPC,0,0,TOTAL MOT,8,kg,24500436,FALSE,-1,N/A,,FALSE,24500436,FALSE,,FALSE,1714242,,1714242,0,TRUE,FALSE
C,A,19690101,1969,52,1969,604,PER,Peru,M,Import,0,W00,World,0,W00,World,S1,S1,TRUE,5611,Nitrogenous fertilizers and materials nes,4,TRUE,C00,TOTAL CPC,0,0,TOTAL MOT,8,kg,78236136,FALSE,-1,N/A,,FALSE,78236136,FALSE,,FALSE,4467679,,4467679,0,TRUE,FALSE
C,A,19690101,1969,52,1969,604,PER,Peru,X,Export,0,W00,World,0,W00,World,S1,S1,TRUE,5611,Nitrogenous fertilizers and materials nes,4,TRUE,C00,TOTAL CPC,0,0,TOTAL MOT,8,kg,15625,FALSE,-1,N/A,,FALSE,15625,FALSE,,FALSE,,5100,5100,0,TRUE,FALSE
C,A,19690101,1969,52,1969,608,PHL,Philippines,M,Import,0,W00,World,0,W00,World,S1,S1,TRUE,5611,Nitrogenous fertilizers and materials nes,4,TRUE,C00,TOTAL CPC,0,0,TOTAL MOT,8,kg,117929624,FALSE,-1,N/A,,FALSE,117929624,FALSE,,FALSE,7271698,,7271698,0,TRUE,FALSE
C,A,19690101,1969,52,1969,620,PRT,Portugal,M,Import,0,W00,World,0,W00,World,S1,S1,TRUE,5611,Nitrogenous fertilizers and materials nes,4,TRUE,C00,TOTAL CPC,0,0,TOTAL MOT,8,kg,1860423,FALSE,-1,N/A,,FALSE,1860423,FALSE,,FALSE,153364,,153364,0,TRUE,FALSE
C,A,19690101,1969,52,1969,620,PRT,Portugal,X,Export,0,W00,World,0,W00,World,S1,S1,TRUE,5611,Nitrogenous fertilizers and materials nes,4,TRUE,C00,TOTAL CPC,0,0,TOTAL MOT,8,kg,75592048,FALSE,-1,N/A,,FALSE,75592048,FALSE,,FALSE,,3104811,3104811,0,TRUE,FALSE
C,A,19690101,1969,52,1969,638,REU,RÈunion (Overseas France),M,Import,0,W00,World,0,W00,World,S1,S1,TRUE,5611,Nitrogenous fertilizers and materials nes,4,TRUE,C00,TOTAL CPC,0,0,TOTAL MOT,8,kg,4368307,FALSE,-1,N/A,,TRUE,4368307,FALSE,-1,TRUE,209235,,209235,0,FALSE,FALSE
C,A,19690101,1969,52,1969,686,SEN,Senegal,M,Import,0,W00,World,0,W00,World,S1,S1,TRUE,5611,Nitrogenous fertilizers and materials nes,4,TRUE,C00,TOTAL CPC,0,0,TOTAL MOT,8,kg,2518506,FALSE,-1,N/A,,FALSE,2518506,FALSE,,FALSE,68293,,68293,0,TRUE,FALSE
C,A,19690101,1969,52,1969,686,SEN,Senegal,X,Export,0,W00,World,0,W00,World,S1,S1,TRUE,5611,Nitrogenous fertilizers and materials nes,4,TRUE,C00,TOTAL CPC,0,0,TOTAL MOT,8,kg,169312,FALSE,-1,N/A,,FALSE,169312,FALSE,,FALSE,,7347,7347,0,TRUE,FALSE
C,A,19690101,1969,52,1969,702,SGP,Singapore,M,Import,0,W00,World,0,W00,World,S1,S1,TRUE,5611,Nitrogenous fertilizers and materials nes,4,TRUE,C00,TOTAL CPC,0,0,TOTAL MOT,8,kg,21143061,FALSE,-1,N/A,,FALSE,21143061,FALSE,,FALSE,1141458,,1141458,0,TRUE,FALSE
C,A,19690101,1969,52,1969,702,SGP,Singapore,X,Export,0,W00,World,0,W00,World,S1,S1,TRUE,5611,Nitrogenous fertilizers and materials nes,4,TRUE,C00,TOTAL CPC,0,0,TOTAL MOT,8,kg,18201515,FALSE,-1,N/A,,FALSE,18201515,FALSE,,FALSE,,1123764,1123764,0,TRUE,FALSE
C,A,19690101,1969,52,1969,724,ESP,Spain,M,Import,0,W00,World,0,W00,World,S1,S1,TRUE,5611,Nitrogenous fertilizers and materials nes,4,TRUE,C00,TOTAL CPC,0,0,TOTAL MOT,8,kg,279938784,FALSE,-1,N/A,,FALSE,279938784,FALSE,,FALSE,10840470,,10840470,0,TRUE,FALSE
C,A,19690101,1969,52,1969,724,ESP,Spain,X,Export,0,W00,World,0,W00,World,S1,S1,TRUE,5611,Nitrogenous fertilizers and materials nes,4,TRUE,C00,TOTAL CPC,0,0,TOTAL MOT,8,kg,915789,FALSE,-1,N/A,,FALSE,915789,FALSE,,FALSE,,55184,55184,0,TRUE,FALSE
C,A,19690101,1969,52,1969,736,SDN,Sudan (...2011),M,Import,0,W00,World,0,W00,World,S1,S1,TRUE,5611,Nitrogenous fertilizers and materials nes,4,TRUE,C00,TOTAL CPC,0,0,TOTAL MOT,8,kg,60148000,FALSE,-1,N/A,,FALSE,60148000,FALSE,,FALSE,3994885,,3994885,0,TRUE,FALSE
C,A,19690101,1969,52,1969,752,SWE,Sweden,M,Import,0,W00,World,0,W00,World,S1,S1,TRUE,5611,Nitrogenous fertilizers and materials nes,4,TRUE,C00,TOTAL CPC,0,0,TOTAL MOT,8,kg,503391008,FALSE,-1,N/A,,FALSE,503391008,FALSE,,FALSE,17369894,,17369894,0,TRUE,FALSE
C,A,19690101,1969,52,1969,752,SWE,Sweden,X,Export,0,W00,World,0,W00,World,S1,S1,TRUE,5611,Nitrogenous fertilizers and materials nes,4,TRUE,C00,TOTAL CPC,0,0,TOTAL MOT,8,kg,54415944,FALSE,-1,N/A,,FALSE,54415944,FALSE,,FALSE,,2382214,2382214,0,TRUE,FALSE
C,A,19690101,1969,52,1969,757,CHE,Switzerland,M,Import,0,W00,World,0,W00,World,S1,S1,TRUE,5611,Nitrogenous fertilizers and materials nes,4,TRUE,C00,TOTAL CPC,0,0,TOTAL MOT,8,kg,3135657,FALSE,-1,N/A,,FALSE,3135657,FALSE,,FALSE,200684,,200684,0,TRUE,FALSE
C,A,19690101,1969,52,1969,757,CHE,Switzerland,X,Export,0,W00,World,0,W00,World,S1,S1,TRUE,5611,Nitrogenous fertilizers and materials nes,4,TRUE,C00,TOTAL CPC,0,0,TOTAL MOT,8,kg,9521732,FALSE,-1,N/A,,FALSE,9521732,FALSE,,FALSE,,255921,255921,0,TRUE,FALSE
C,A,19690101,1969,52,1969,764,THA,Thailand,M,Import,0,W00,World,0,W00,World,S1,S1,TRUE,5611,Nitrogenous fertilizers and materials nes,4,TRUE,C00,TOTAL CPC,0,0,TOTAL MOT,8,kg,25781424,FALSE,-1,N/A,,FALSE,25781424,FALSE,,FALSE,1762071,,1762071,0,TRUE,FALSE
C,A,19690101,1969,52,1969,764,THA,Thailand,X,Export,0,W00,World,0,W00,World,S1,S1,TRUE,5611,Nitrogenous fertilizers and materials nes,4,TRUE,C00,TOTAL CPC,0,0,TOTAL MOT,8,kg,70800,FALSE,-1,N/A,,FALSE,70800,FALSE,,FALSE,,9402,9402,0,TRUE,FALSE
C,A,19690101,1969,52,1969,768,TGO,Togo,M,Import,0,W00,World,0,W00,World,S1,S1,TRUE,5611,Nitrogenous fertilizers and materials nes,4,TRUE,C00,TOTAL CPC,0,0,TOTAL MOT,8,kg,131596,FALSE,-1,N/A,,FALSE,131596,FALSE,,FALSE,21881,,21881,0,TRUE,FALSE
C,A,19690101,1969,52,1969,780,TTO,Trinidad and Tobago,M,Import,0,W00,World,0,W00,World,S1,S1,TRUE,5611,Nitrogenous fertilizers and materials nes,4,TRUE,C00,TOTAL CPC,0,0,TOTAL MOT,8,kg,324061,FALSE,-1,N/A,,FALSE,324061,FALSE,,FALSE,16711,,16711,0,TRUE,FALSE
C,A,19690101,1969,52,1969,780,TTO,Trinidad and Tobago,X,Export,0,W00,World,0,W00,World,S1,S1,TRUE,5611,Nitrogenous fertilizers and materials nes,4,TRUE,C00,TOTAL CPC,0,0,TOTAL MOT,8,kg,116593480,FALSE,-1,N/A,,FALSE,116593480,FALSE,,FALSE,,6185143,6185143,0,TRUE,FALSE
C,A,19690101,1969,52,1969,788,TUN,Tunisia,M,Import,0,W00,World,0,W00,World,S1,S1,TRUE,5611,Nitrogenous fertilizers and materials nes,4,TRUE,C00,TOTAL CPC,0,0,TOTAL MOT,8,kg,42544476,FALSE,-1,N/A,,FALSE,42544476,FALSE,,FALSE,2666914,,2666914,0,TRUE,FALSE
C,A,19690101,1969,52,1969,792,TUR,TÅEkiye,M,Import,0,W00,World,0,W00,World,S1,S1,TRUE,5611,Nitrogenous fertilizers and materials nes,4,TRUE,C00,TOTAL CPC,0,0,TOTAL MOT,8,kg,547310656,FALSE,-1,N/A,,FALSE,547310656,FALSE,,FALSE,21494428,,21494428,0,TRUE,FALSE
C,A,19690101,1969,52,1969,818,EGY,Egypt,M,Import,0,W00,World,0,W00,World,S1,S1,TRUE,5611,Nitrogenous fertilizers and materials nes,4,TRUE,C00,TOTAL CPC,0,0,TOTAL MOT,8,kg,287175616,FALSE,-1,N/A,,FALSE,287175616,FALSE,,FALSE,11239926,,11239926,0,TRUE,FALSE
C,A,19690101,1969,52,1969,826,GBR,United Kingdom,M,Import,0,W00,World,0,W00,World,S1,S1,TRUE,5611,Nitrogenous fertilizers and materials nes,4,TRUE,C00,TOTAL CPC,0,0,TOTAL MOT,8,kg,283406976,FALSE,-1,N/A,,FALSE,283406976,FALSE,,FALSE,10588648,,10588648,0,TRUE,FALSE
C,A,19690101,1969,52,1969,826,GBR,United Kingdom,X,Export,0,W00,World,0,W00,World,S1,S1,TRUE,5611,Nitrogenous fertilizers and materials nes,4,TRUE,C00,TOTAL CPC,0,0,TOTAL MOT,-1,N/A,0,FALSE,-1,N/A,,FALSE,,FALSE,,FALSE,,8261257,8261257,0,TRUE,FALSE
C,A,19690101,1969,52,1969,841,USA,USA and Puerto Rico (...1980),M,Import,0,W00,World,0,W00,World,S1,S1,TRUE,5611,Nitrogenous fertilizers and materials nes,4,TRUE,C00,TOTAL CPC,0,0,TOTAL MOT,-1,N/A,0,FALSE,-1,N/A,,FALSE,,FALSE,,FALSE,,42009864,42009864,0,TRUE,FALSE
C,A,19690101,1969,52,1969,841,USA,USA and Puerto Rico (...1980),X,Export,0,W00,World,0,W00,World,S1,S1,TRUE,5611,Nitrogenous fertilizers and materials nes,4,TRUE,C00,TOTAL CPC,0,0,TOTAL MOT,8,kg,1406621312,FALSE,-1,N/A,,FALSE,1406621312,FALSE,,FALSE,,76203464,76203464,0,TRUE,FALSE
C,A,19690101,1969,52,1969,854,BFA,Burkina Faso,M,Import,0,W00,World,0,W00,World,S1,S1,TRUE,5611,Nitrogenous fertilizers and materials nes,4,TRUE,C00,TOTAL CPC,0,0,TOTAL MOT,8,kg,399339,FALSE,-1,N/A,,FALSE,399339,FALSE,,FALSE,45334,,45334,0,TRUE,FALSE
C,A,19690101,1969,52,1969,854,BFA,Burkina Faso,X,Export,0,W00,World,0,W00,World,S1,S1,TRUE,5611,Nitrogenous fertilizers and materials nes,4,TRUE,C00,TOTAL CPC,0,0,TOTAL MOT,8,kg,1,FALSE,-1,N/A,,FALSE,1,FALSE,,FALSE,,41,41,0,TRUE,FALSE
C,A,19690101,1969,52,1969,862,VEN,Venezuela,M,Import,0,W00,World,0,W00,World,S1,S1,TRUE,5611,Nitrogenous fertilizers and materials nes,4,TRUE,C00,TOTAL CPC,0,0,TOTAL MOT,8,kg,18823200,FALSE,-1,N/A,,FALSE,18823200,FALSE,,FALSE,,500259,500259,0,TRUE,FALSE
C,A,19690101,1969,52,1969,868,VNM,Rep. of Vietnam (...1974),M,Import,0,W00,World,0,W00,World,S1,S1,TRUE,5611,Nitrogenous fertilizers and materials nes,4,TRUE,C00,TOTAL CPC,0,0,TOTAL MOT,8,kg,246108016,FALSE,-1,N/A,,FALSE,246108016,FALSE,,FALSE,21922132,,21922132,0,TRUE,FALSE
C,A,19690101,1969,52,1969,890,YUG,Yugoslavia (...1991),M,Import,0,W00,World,0,W00,World,S1,S1,TRUE,5611,Nitrogenous fertilizers and materials nes,4,TRUE,C00,TOTAL CPC,0,0,TOTAL MOT,8,kg,329882208,FALSE,-1,N/A,,FALSE,329882208,FALSE,,FALSE,13451822,,13451822,0,TRUE,FALSE
C,A,19690101,1969,52,1969,890,YUG,Yugoslavia (...1991),X,Export,0,W00,World,0,W00,World,S1,S1,TRUE,5611,Nitrogenous fertilizers and materials nes,4,TRUE,C00,TOTAL CPC,0,0,TOTAL MOT,8,kg,26031,FALSE,-1,N/A,,FALSE,26031,FALSE,,FALSE,,5769,5769,0,TRUE,FALSE
C,A,19700101,1970,52,1970,12,DZA,Algeria,M,Import,0,W00,World,0,W00,World,S1,S1,TRUE,5611,Nitrogenous fertilizers and materials nes,4,TRUE,C00,TOTAL CPC,0,0,TOTAL MOT,8,kg,60379772,FALSE,-1,N/A,,FALSE,60379772,FALSE,,FALSE,1604647,,1604647,0,TRUE,FALSE
C,A,19700101,1970,52,1970,12,DZA,Algeria,X,Export,0,W00,World,0,W00,World,S1,S1,TRUE,5611,Nitrogenous fertilizers and materials nes,4,TRUE,C00,TOTAL CPC,0,0,TOTAL MOT,8,kg,6948351,FALSE,-1,N/A,,FALSE,6948351,FALSE,,FALSE,,259789,259789,0,TRUE,FALSE
C,A,19700101,1970,52,1970,24,AGO,Angola,M,Import,0,W00,World,0,W00,World,S1,S1,TRUE,5611,Nitrogenous fertilizers and materials nes,4,TRUE,C00,TOTAL CPC,0,0,TOTAL MOT,8,kg,14052685,FALSE,-1,N/A,,FALSE,14052685,FALSE,,FALSE,669870,,669870,0,TRUE,FALSE
C,A,19700101,1970,52,1970,32,ARG,Argentina,M,Import,0,W00,World,0,W00,World,S1,S1,TRUE,5611,Nitrogenous fertilizers and materials nes,4,TRUE,C00,TOTAL CPC,0,0,TOTAL MOT,8,kg,4562255,FALSE,-1,N/A,,FALSE,4562255,FALSE,,FALSE,359095,,359095,0,TRUE,FALSE
C,A,19700101,1970,52,1970,32,ARG,Argentina,X,Export,0,W00,World,0,W00,World,S1,S1,TRUE,5611,Nitrogenous fertilizers and materials nes,4,TRUE,C00,TOTAL CPC,0,0,TOTAL MOT,8,kg,2292097,FALSE,-1,N/A,,FALSE,2292097,FALSE,,FALSE,,58300,58300,0,TRUE,FALSE
C,A,19700101,1970,52,1970,36,AUS,Australia,M,Import,0,W00,World,0,W00,World,S1,S1,TRUE,5611,Nitrogenous fertilizers and materials nes,4,TRUE,C00,TOTAL CPC,0,0,TOTAL MOT,8,kg,19857154,FALSE,-1,N/A,,FALSE,19857154,FALSE,,FALSE,,1483285,1483285,0,TRUE,FALSE
C,A,19700101,1970,52,1970,36,AUS,Australia,X,Export,0,W00,World,0,W00,World,S1,S1,TRUE,5611,Nitrogenous fertilizers and materials nes,4,TRUE,C00,TOTAL CPC,0,0,TOTAL MOT,8,kg,423338,FALSE,-1,N/A,,FALSE,423338,FALSE,,FALSE,,55206,55206,0,TRUE,FALSE
C,A,19700101,1970,52,1970,52,BRB,Barbados,M,Import,0,W00,World,0,W00,World,S1,S1,TRUE,5611,Nitrogenous fertilizers and materials nes,4,TRUE,C00,TOTAL CPC,0,0,TOTAL MOT,8,kg,1606352,FALSE,-1,N/A,,FALSE,1606352,FALSE,,FALSE,94335,,94335,0,TRUE,FALSE
C,A,19700101,1970,52,1970,58,BEL,Belgium-Luxembourg (...1998),M,Import,0,W00,World,0,W00,World,S1,S1,TRUE,5611,Nitrogenous fertilizers and materials nes,4,TRUE,C00,TOTAL CPC,0,0,TOTAL MOT,8,kg,210903008,FALSE,-1,N/A,,FALSE,210903008,FALSE,,FALSE,7242293,,7242293,0,TRUE,FALSE
C,A,19700101,1970,52,1970,58,BEL,Belgium-Luxembourg (...1998),X,Export,0,W00,World,0,W00,World,S1,S1,TRUE,5611,Nitrogenous fertilizers and materials nes,4,TRUE,C00,TOTAL CPC,0,0,TOTAL MOT,8,kg,975939200,FALSE,-1,N/A,,FALSE,975939200,FALSE,,FALSE,,32775656,32775656,0,TRUE,FALSE
C,A,19700101,1970,52,1970,68,BOL,Bolivia (Plurinational State of),M,Import,0,W00,World,0,W00,World,S1,S1,TRUE,5611,Nitrogenous fertilizers and materials nes,4,TRUE,C00,TOTAL CPC,0,0,TOTAL MOT,8,kg,7148576,FALSE,-1,N/A,,FALSE,7148576,FALSE,,FALSE,803734,,803734,0,TRUE,FALSE
C,A,19700101,1970,52,1970,76,BRA,Brazil,M,Import,0,W00,World,0,W00,World,S1,S1,TRUE,5611,Nitrogenous fertilizers and materials nes,4,TRUE,C00,TOTAL CPC,0,0,TOTAL MOT,8,kg,842428992,FALSE,-1,N/A,,FALSE,842428992,FALSE,,FALSE,23492652,,23492652,0,TRUE,FALSE
C,A,19700101,1970,52,1970,96,BRN,Brunei Darussalam,M,Import,0,W00,World,0,W00,World,S1,S1,TRUE,5611,Nitrogenous fertilizers and materials nes,4,TRUE,C00,TOTAL CPC,0,0,TOTAL MOT,8,kg,315002,FALSE,-1,N/A,,FALSE,315002,FALSE,,FALSE,28991,,28991,0,TRUE,FALSE
C,A,19700101,1970,52,1970,104,MMR,Myanmar,M,Import,0,W00,World,0,W00,World,S1,S1,TRUE,5611,Nitrogenous fertilizers and materials nes,4,TRUE,C00,TOTAL CPC,0,0,TOTAL MOT,8,kg,1249716,FALSE,-1,N/A,,FALSE,1249716,FALSE,,FALSE,81091,,81091,0,TRUE,FALSE
C,A,19700101,1970,52,1970,116,KHM,Cambodia,M,Import,0,W00,World,0,W00,World,S1,S1,TRUE,5611,Nitrogenous fertilizers and materials nes,4,TRUE,C00,TOTAL CPC,0,0,TOTAL MOT,8,kg,8221124,FALSE,-1,N/A,,FALSE,8221124,FALSE,,FALSE,490528,,490528,0,TRUE,FALSE
C,A,19700101,1970,52,1970,120,CMR,Cameroon,M,Import,0,W00,World,0,W00,World,S1,S1,TRUE,5611,Nitrogenous fertilizers and materials nes,4,TRUE,C00,TOTAL CPC,0,0,TOTAL MOT,8,kg,32637158,FALSE,-1,N/A,,FALSE,32637158,FALSE,,FALSE,1413659,,1413659,0,TRUE,FALSE
C,A,19700101,1970,52,1970,120,CMR,Cameroon,X,Export,0,W00,World,0,W00,World,S1,S1,TRUE,5611,Nitrogenous fertilizers and materials nes,4,TRUE,C00,TOTAL CPC,0,0,TOTAL MOT,8,kg,17000,FALSE,-1,N/A,,FALSE,17000,FALSE,,FALSE,,956,956,0,TRUE,FALSE
C,A,19700101,1970,52,1970,124,CAN,Canada,M,Import,0,W00,World,0,W00,World,S1,S1,TRUE,5611,Nitrogenous fertilizers and materials nes,4,TRUE,C00,TOTAL CPC,0,0,TOTAL MOT,8,kg,57398116,FALSE,-1,N/A,,FALSE,57398116,FALSE,,FALSE,,2211210,2211210,0,TRUE,FALSE
C,A,19700101,1970,52,1970,124,CAN,Canada,X,Export,0,W00,World,0,W00,World,S1,S1,TRUE,5611,Nitrogenous fertilizers and materials nes,4,TRUE,C00,TOTAL CPC,0,0,TOTAL MOT,8,kg,8243429,FALSE,-1,N/A,,FALSE,8243429,FALSE,,FALSE,,45968708,45968708,0,TRUE,FALSE
C,A,19700101,1970,52,1970,140,CAF,Central African Rep.,M,Import,0,W00,World,0,W00,World,S1,S1,TRUE,5611,Nitrogenous fertilizers and materials nes,4,TRUE,C00,TOTAL CPC,0,0,TOTAL MOT,8,kg,1242140,FALSE,-1,N/A,,FALSE,1242140,FALSE,,FALSE,73723,,73723,0,TRUE,FALSE
C,A,19700101,1970,52,1970,140,CAF,Central African Rep.,X,Export,0,W00,World,0,W00,World,S1,S1,TRUE,5611,Nitrogenous fertilizers and materials nes,4,TRUE,C00,TOTAL CPC,0,0,TOTAL MOT,8,kg,81699,FALSE,-1,N/A,,FALSE,81699,FALSE,,FALSE,,8424,8424,0,TRUE,FALSE
C,A,19700101,1970,52,1970,144,LKA,Sri Lanka,M,Import,0,W00,World,0,W00,World,S1,S1,TRUE,5611,Nitrogenous fertilizers and materials nes,4,TRUE,C00,TOTAL CPC,0,0,TOTAL MOT,8,kg,134399525,FALSE,-1,N/A,,FALSE,134399525,FALSE,,FALSE,8212688,,8212688,0,TRUE,FALSE
C,A,19700101,1970,52,1970,148,TCD,Chad,M,Import,0,W00,World,0,W00,World,S1,S1,TRUE,5611,Nitrogenous fertilizers and materials nes,4,TRUE,C00,TOTAL CPC,0,0,TOTAL MOT,8,kg,15562,FALSE,-1,N/A,,FALSE,15562,FALSE,,FALSE,122640,,122640,0,TRUE,FALSE
C,A,19700101,1970,52,1970,152,CHL,Chile,M,Import,0,W00,World,0,W00,World,S1,S1,TRUE,5611,Nitrogenous fertilizers and materials nes,4,TRUE,C00,TOTAL CPC,0,0,TOTAL MOT,8,kg,78203584,FALSE,-1,N/A,,FALSE,78203584,FALSE,,FALSE,6552569,,6552569,0,TRUE,FALSE
C,A,19700101,1970,52,1970,170,COL,Colombia,M,Import,0,W00,World,0,W00,World,S1,S1,TRUE,5611,Nitrogenous fertilizers and materials nes,4,TRUE,C00,TOTAL CPC,0,0,TOTAL MOT,8,kg,20956300,FALSE,-1,N/A,,FALSE,20956300,FALSE,,FALSE,1218075,,1218075,0,TRUE,FALSE
C,A,19700101,1970,52,1970,178,COG,Congo,M,Import,0,W00,World,0,W00,World,S1,S1,TRUE,5611,Nitrogenous fertilizers and materials nes,4,TRUE,C00,TOTAL CPC,0,0,TOTAL MOT,8,kg,25410,FALSE,-1,N/A,,FALSE,25410,FALSE,,FALSE,1988,,1988,0,TRUE,FALSE
C,A,19700101,1970,52,1970,180,COD,Dem. Rep. of the Congo,M,Import,0,W00,World,0,W00,World,S1,S1,TRUE,5611,Nitrogenous fertilizers and materials nes,4,TRUE,C00,TOTAL CPC,0,0,TOTAL MOT,8,kg,9263245,FALSE,-1,N/A,,FALSE,9263245,FALSE,,FALSE,1027464,,1027464,0,TRUE,FALSE
C,A,19700101,1970,52,1970,188,CRI,Costa Rica,M,Import,0,W00,World,0,W00,World,S1,S1,TRUE,5611,Nitrogenous fertilizers and materials nes,4,TRUE,C00,TOTAL CPC,0,0,TOTAL MOT,8,kg,52985512,FALSE,-1,N/A,,FALSE,52985512,FALSE,,FALSE,2615773,,2615773,0,TRUE,FALSE
C,A,19700101,1970,52,1970,188,CRI,Costa Rica,X,Export,0,W00,World,0,W00,World,S1,S1,TRUE,5611,Nitrogenous fertilizers and materials nes,4,TRUE,C00,TOTAL CPC,0,0,TOTAL MOT,8,kg,13109528,FALSE,-1,N/A,,FALSE,13109528,FALSE,,FALSE,,819748,819748,0,TRUE,FALSE
C,A,19700101,1970,52,1970,196,CYP,Cyprus,M,Import,0,W00,World,0,W00,World,S1,S1,TRUE,5611,Nitrogenous fertilizers and materials nes,4,TRUE,C00,TOTAL CPC,0,0,TOTAL MOT,8,kg,44713244,FALSE,-1,N/A,,FALSE,44713244,FALSE,,FALSE,1672074,,1672074,0,TRUE,FALSE
C,A,19700101,1970,52,1970,204,BEN,Benin,M,Import,0,W00,World,0,W00,World,S1,S1,TRUE,5611,Nitrogenous fertilizers and materials nes,4,TRUE,C00,TOTAL CPC,0,0,TOTAL MOT,8,kg,1337312,FALSE,-1,N/A,,FALSE,1337312,FALSE,,FALSE,74502,,74502,0,TRUE,FALSE
C,A,19700101,1970,52,1970,208,DNK,Denmark,M,Import,0,W00,World,0,W00,World,S1,S1,TRUE,5611,Nitrogenous fertilizers and materials nes,4,TRUE,C00,TOTAL CPC,0,0,TOTAL MOT,8,kg,204820288,FALSE,-1,N/A,,FALSE,204820288,FALSE,,FALSE,6845140,,6845140,0,TRUE,FALSE
C,A,19700101,1970,52,1970,208,DNK,Denmark,X,Export,0,W00,World,0,W00,World,S1,S1,TRUE,5611,Nitrogenous fertilizers and materials nes,4,TRUE,C00,TOTAL CPC,0,0,TOTAL MOT,8,kg,29662,FALSE,-1,N/A,,FALSE,29662,FALSE,,FALSE,,3957,3957,0,TRUE,FALSE
C,A,19700101,1970,52,1970,218,ECU,Ecuador,M,Import,0,W00,World,0,W00,World,S1,S1,TRUE,5611,Nitrogenous fertilizers and materials nes,4,TRUE,C00,TOTAL CPC,0,0,TOTAL MOT,8,kg,19921260,FALSE,-1,N/A,,FALSE,19921260,FALSE,,FALSE,980685,,980685,0,TRUE,FALSE
C,A,19700101,1970,52,1970,222,SLV,El Salvador,M,Import,0,W00,World,0,W00,World,S1,S1,TRUE,5611,Nitrogenous fertilizers and materials nes,4,TRUE,C00,TOTAL CPC,0,0,TOTAL MOT,8,kg,165372864,FALSE,-1,N/A,,FALSE,165372864,FALSE,,FALSE,6509381,,6509381,0,TRUE,FALSE
C,A,19700101,1970,52,1970,222,SLV,El Salvador,X,Export,0,W00,World,0,W00,World,S1,S1,TRUE,5611,Nitrogenous fertilizers and materials nes,4,TRUE,C00,TOTAL CPC,0,0,TOTAL MOT,8,kg,1335375,FALSE,-1,N/A,,FALSE,1335375,FALSE,,FALSE,,103613,103613,0,TRUE,FALSE
C,A,19700101,1970,52,1970,230,ETH,Ethiopia (...1992),M,Import,0,W00,World,0,W00,World,S1,S1,TRUE,5611,Nitrogenous fertilizers and materials nes,4,TRUE,C00,TOTAL CPC,0,0,TOTAL MOT,8,kg,593000,FALSE,-1,N/A,,FALSE,593000,FALSE,,FALSE,63758,,63758,0,TRUE,FALSE
C,A,19700101,1970,52,1970,242,FJI,Fiji,M,Import,0,W00,World,0,W00,World,S1,S1,TRUE,5611,Nitrogenous fertilizers and materials nes,4,TRUE,C00,TOTAL CPC,0,0,TOTAL MOT,8,kg,24886028,FALSE,-1,N/A,,FALSE,24886028,FALSE,,FALSE,1032141,,1032141,0,TRUE,FALSE
C,A,19700101,1970,52,1970,242,FJI,Fiji,X,Export,0,W00,World,0,W00,World,S1,S1,TRUE,5611,Nitrogenous fertilizers and materials nes,4,TRUE,C00,TOTAL CPC,0,0,TOTAL MOT,-1,N/A,0,FALSE,-1,N/A,,FALSE,,FALSE,,FALSE,,34,34,0,TRUE,FALSE
C,A,19700101,1970,52,1970,246,FIN,Finland,M,Import,0,W00,World,0,W00,World,S1,S1,TRUE,5611,Nitrogenous fertilizers and materials nes,4,TRUE,C00,TOTAL CPC,0,0,TOTAL MOT,8,kg,56926420,FALSE,-1,N/A,,FALSE,56926420,FALSE,,FALSE,2350739,,2350739,0,TRUE,FALSE
C,A,19700101,1970,52,1970,246,FIN,Finland,X,Export,0,W00,World,0,W00,World,S1,S1,TRUE,5611,Nitrogenous fertilizers and materials nes,4,TRUE,C00,TOTAL CPC,0,0,TOTAL MOT,8,kg,17865050,FALSE,-1,N/A,,FALSE,17865050,FALSE,,FALSE,,759841,759841,0,TRUE,FALSE
C,A,19700101,1970,52,1970,251,FRA,France,M,Import,0,W00,World,0,W00,World,S1,S1,TRUE,5611,Nitrogenous fertilizers and materials nes,4,TRUE,C00,TOTAL CPC,0,0,TOTAL MOT,8,kg,434882976,FALSE,-1,N/A,,FALSE,434882976,FALSE,,FALSE,18470884,,18470884,0,TRUE,FALSE
C,A,19700101,1970,52,1970,251,FRA,France,X,Export,0,W00,World,0,W00,World,S1,S1,TRUE,5611,Nitrogenous fertilizers and materials nes,4,TRUE,C00,TOTAL CPC,0,0,TOTAL MOT,8,kg,495279680,FALSE,-1,N/A,,FALSE,495279680,FALSE,,FALSE,,17866270,17866270,0,TRUE,FALSE
C,A,19700101,1970,52,1970,254,GUF,French Guiana (Overseas France),M,Import,0,W00,World,0,W00,World,S1,S1,TRUE,5611,Nitrogenous fertilizers and materials nes,4,TRUE,C00,TOTAL CPC,0,0,TOTAL MOT,8,kg,2562,FALSE,-1,N/A,,FALSE,2562,FALSE,,FALSE,280,,280,0,TRUE,FALSE
C,A,19700101,1970,52,1970,266,GAB,Gabon,M,Import,0,W00,World,0,W00,World,S1,S1,TRUE,5611,Nitrogenous fertilizers and materials nes,4,TRUE,C00,TOTAL CPC,0,0,TOTAL MOT,8,kg,80320,FALSE,-1,N/A,,FALSE,80320,FALSE,,FALSE,6417,,6417,0,TRUE,FALSE
C,A,19700101,1970,52,1970,280,DEU,Fed. Rep. of Germany (...1990),M,Import,0,W00,World,0,W00,World,S1,S1,TRUE,5611,Nitrogenous fertilizers and materials nes,4,TRUE,C00,TOTAL CPC,0,0,TOTAL MOT,8,kg,348357856,FALSE,-1,N/A,,TRUE,348357856,FALSE,-1,TRUE,15632002,,15632002,0,FALSE,FALSE
C,A,19700101,1970,52,1970,280,DEU,Fed. Rep. of Germany (...1990),X,Export,0,W00,World,0,W00,World,S1,S1,TRUE,5611,Nitrogenous fertilizers and materials nes,4,TRUE,C00,TOTAL CPC,0,0,TOTAL MOT,8,kg,1260637824,FALSE,-1,N/A,,TRUE,1260637824,FALSE,-1,TRUE,,35574004,35574004,0,FALSE,FALSE
C,A,19700101,1970,52,1970,288,GHA,Ghana,M,Import,0,W00,World,0,W00,World,S1,S1,TRUE,5611,Nitrogenous fertilizers and materials nes,4,TRUE,C00,TOTAL CPC,0,0,TOTAL MOT,8,kg,2737298,FALSE,-1,N/A,,FALSE,2737298,FALSE,,FALSE,203032,,203032,0,TRUE,FALSE
C,A,19700101,1970,52,1970,300,GRC,Greece,M,Import,0,W00,World,0,W00,World,S1,S1,TRUE,5611,Nitrogenous fertilizers and materials nes,4,TRUE,C00,TOTAL CPC,0,0,TOTAL MOT,8,kg,74447808,FALSE,-1,N/A,,FALSE,74447808,FALSE,,FALSE,3987920,,3987920,0,TRUE,FALSE
C,A,19700101,1970,52,1970,312,GLP,Guadeloupe (Overseas France),M,Import,0,W00,World,0,W00,World,S1,S1,TRUE,5611,Nitrogenous fertilizers and materials nes,4,TRUE,C00,TOTAL CPC,0,0,TOTAL MOT,8,kg,552750,FALSE,-1,N/A,,FALSE,552750,FALSE,,FALSE,32996,,32996,0,TRUE,FALSE
C,A,19700101,1970,52,1970,320,GTM,Guatemala,M,Import,0,W00,World,0,W00,World,S1,S1,TRUE,5611,Nitrogenous fertilizers and materials nes,4,TRUE,C00,TOTAL CPC,0,0,TOTAL MOT,8,kg,52346768,FALSE,-1,N/A,,FALSE,52346768,FALSE,,FALSE,3956148,,3956148,0,TRUE,FALSE
C,A,19700101,1970,52,1970,320,GTM,Guatemala,X,Export,0,W00,World,0,W00,World,S1,S1,TRUE,5611,Nitrogenous fertilizers and materials nes,4,TRUE,C00,TOTAL CPC,0,0,TOTAL MOT,8,kg,74000,FALSE,-1,N/A,,FALSE,74000,FALSE,,FALSE,,16033,16033,0,TRUE,FALSE
C,A,19700101,1970,52,1970,328,GUY,Guyana,M,Import,0,W00,World,0,W00,World,S1,S1,TRUE,5611,Nitrogenous fertilizers and materials nes,4,TRUE,C00,TOTAL CPC,0,0,TOTAL MOT,8,kg,25746644,FALSE,-1,N/A,,FALSE,25746644,FALSE,,FALSE,1112766,,1112766,0,TRUE,FALSE
C,A,19700101,1970,52,1970,332,HTI,Haiti,M,Import,0,W00,World,0,W00,World,S1,S1,TRUE,5611,Nitrogenous fertilizers and materials nes,4,TRUE,C00,TOTAL CPC,0,0,TOTAL MOT,8,kg,363,FALSE,-1,N/A,,FALSE,363,FALSE,,FALSE,1611,,1611,0,TRUE,FALSE
C,A,19700101,1970,52,1970,340,HND,Honduras,M,Import,0,W00,World,0,W00,World,S1,S1,TRUE,5611,Nitrogenous fertilizers and materials nes,4,TRUE,C00,TOTAL CPC,0,0,TOTAL MOT,8,kg,24806032,FALSE,-1,N/A,,FALSE,24806032,FALSE,,FALSE,1974436,,1974436,0,TRUE,FALSE
C,A,19700101,1970,52,1970,344,HKG,"China, Hong Kong SAR",M,Import,0,W00,World,0,W00,World,S1,S1,TRUE,5611,Nitrogenous fertilizers and materials nes,4,TRUE,C00,TOTAL CPC,0,0,TOTAL MOT,8,kg,2321034,FALSE,-1,N/A,,FALSE,2321034,FALSE,,FALSE,153385,,153385,0,TRUE,FALSE
C,A,19700101,1970,52,1970,352,ISL,Iceland,M,Import,0,W00,World,0,W00,World,S1,S1,TRUE,5611,Nitrogenous fertilizers and materials nes,4,TRUE,C00,TOTAL CPC,0,0,TOTAL MOT,8,kg,3001000,FALSE,-1,N/A,,FALSE,3001000,FALSE,,FALSE,149785,,149785,0,TRUE,FALSE
C,A,19700101,1970,52,1970,356,IND,India (...1974),M,Import,0,W00,World,0,W00,World,S1,S1,TRUE,5611,Nitrogenous fertilizers and materials nes,4,TRUE,C00,TOTAL CPC,0,0,TOTAL MOT,8,kg,663449984,FALSE,-1,N/A,,FALSE,663449984,FALSE,,FALSE,47015584,,47015584,0,TRUE,FALSE
C,A,19700101,1970,52,1970,360,IDN,Indonesia,M,Import,0,W00,World,0,W00,World,S1,S1,TRUE,5611,Nitrogenous fertilizers and materials nes,4,TRUE,C00,TOTAL CPC,0,0,TOTAL MOT,8,kg,176343728,FALSE,-1,N/A,,FALSE,176343728,FALSE,,FALSE,11157657,,11157657,0,TRUE,FALSE
C,A,19700101,1970,52,1970,364,IRN,Iran,M,Import,0,W00,World,0,W00,World,S1,S1,TRUE,5611,Nitrogenous fertilizers and materials nes,4,TRUE,C00,TOTAL CPC,0,0,TOTAL MOT,8,kg,17665570,FALSE,-1,N/A,,FALSE,17665570,FALSE,,FALSE,988929,,988929,0,TRUE,FALSE
C,A,19700101,1970,52,1970,364,IRN,Iran,X,Export,0,W00,World,0,W00,World,S1,S1,TRUE,5611,Nitrogenous fertilizers and materials nes,4,TRUE,C00,TOTAL CPC,0,0,TOTAL MOT,8,kg,73077,FALSE,-1,N/A,,FALSE,73077,FALSE,,FALSE,,4028,4028,0,TRUE,FALSE
C,A,19700101,1970,52,1970,372,IRL,Ireland,M,Import,0,W00,World,0,W00,World,S1,S1,TRUE,5611,Nitrogenous fertilizers and materials nes,4,TRUE,C00,TOTAL CPC,0,0,TOTAL MOT,8,kg,15767039,FALSE,-1,N/A,,FALSE,15767039,FALSE,,FALSE,739625,,739625,0,TRUE,FALSE
C,A,19700101,1970,52,1970,376,ISR,Israel,M,Import,0,W00,World,0,W00,World,S1,S1,TRUE,5611,Nitrogenous fertilizers and materials nes,4,TRUE,C00,TOTAL CPC,0,0,TOTAL MOT,8,kg,13168753,FALSE,-1,N/A,,FALSE,13168753,FALSE,,FALSE,859566,,859566,0,TRUE,FALSE
C,A,19700101,1970,52,1970,376,ISR,Israel,X,Export,0,W00,World,0,W00,World,S1,S1,TRUE,5611,Nitrogenous fertilizers and materials nes,4,TRUE,C00,TOTAL CPC,0,0,TOTAL MOT,8,kg,34000,FALSE,-1,N/A,,FALSE,34000,FALSE,,FALSE,,1354,1354,0,TRUE,FALSE
C,A,19700101,1970,52,1970,380,ITA,Italy,M,Import,0,W00,World,0,W00,World,S1,S1,TRUE,5611,Nitrogenous fertilizers and materials nes,4,TRUE,C00,TOTAL CPC,0,0,TOTAL MOT,8,kg,73253352,FALSE,-1,N/A,,TRUE,73253352,FALSE,-1,TRUE,2851422,,2851422,0,FALSE,FALSE
C,A,19700101,1970,52,1970,380,ITA,Italy,X,Export,0,W00,World,0,W00,World,S1,S1,TRUE,5611,Nitrogenous fertilizers and materials nes,4,TRUE,C00,TOTAL CPC,0,0,TOTAL MOT,8,kg,697345600,FALSE,-1,N/A,,TRUE,697345600,FALSE,-1,TRUE,,18401698,18401698,0,FALSE,FALSE
C,A,19700101,1970,52,1970,384,CIV,CÙte d'Ivoire,M,Import,0,W00,World,0,W00,World,S1,S1,TRUE,5611,Nitrogenous fertilizers and materials nes,4,TRUE,C00,TOTAL CPC,0,0,TOTAL MOT,8,kg,2632937,FALSE,-1,N/A,,FALSE,2632937,FALSE,,FALSE,215804,,215804,0,TRUE,FALSE
C,A,19700101,1970,52,1970,384,CIV,CÙte d'Ivoire,X,Export,0,W00,World,0,W00,World,S1,S1,TRUE,5611,Nitrogenous fertilizers and materials nes,4,TRUE,C00,TOTAL CPC,0,0,TOTAL MOT,8,kg,46601,FALSE,-1,N/A,,FALSE,46601,FALSE,,FALSE,,4638,4638,0,TRUE,FALSE
C,A,19700101,1970,52,1970,392,JPN,Japan,M,Import,0,W00,World,0,W00,World,S1,S1,TRUE,5611,Nitrogenous fertilizers and materials nes,4,TRUE,C00,TOTAL CPC,0,0,TOTAL MOT,8,kg,10596000,FALSE,-1,N/A,,FALSE,10596000,FALSE,,FALSE,513653,,513653,0,TRUE,FALSE
C,A,19700101,1970,52,1970,392,JPN,Japan,X,Export,0,W00,World,0,W00,World,S1,S1,TRUE,5611,Nitrogenous fertilizers and materials nes,4,TRUE,C00,TOTAL CPC,0,0,TOTAL MOT,8,kg,1146989952,FALSE,-1,N/A,,FALSE,1146989952,FALSE,,FALSE,,36242568,36242568,0,TRUE,FALSE
C,A,19700101,1970,52,1970,410,KOR,Rep. of Korea,M,Import,0,W00,World,0,W00,World,S1,S1,TRUE,5611,Nitrogenous fertilizers and materials nes,4,TRUE,C00,TOTAL CPC,0,0,TOTAL MOT,8,kg,7563534,FALSE,-1,N/A,,FALSE,7563534,FALSE,,FALSE,825099,,825099,0,TRUE,FALSE
C,A,19700101,1970,52,1970,410,KOR,Rep. of Korea,X,Export,0,W00,World,0,W00,World,S1,S1,TRUE,5611,Nitrogenous fertilizers and materials nes,4,TRUE,C00,TOTAL CPC,0,0,TOTAL MOT,8,kg,108975504,FALSE,-1,N/A,,FALSE,108975504,FALSE,,FALSE,,5697791,5697791,0,TRUE,FALSE
C,A,19700101,1970,52,1970,414,KWT,Kuwait,X,Export,0,W00,World,0,W00,World,S1,S1,TRUE,5611,Nitrogenous fertilizers and materials nes,4,TRUE,C00,TOTAL CPC,0,0,TOTAL MOT,8,kg,223450496,FALSE,-1,N/A,,FALSE,223450496,FALSE,,FALSE,,11560513,11560513,0,TRUE,FALSE
C,A,19700101,1970,52,1970,418,LAO,Lao People's Dem. Rep.,M,Import,0,W00,World,0,W00,World,S1,S1,TRUE,5611,Nitrogenous fertilizers and materials nes,4,TRUE,C00,TOTAL CPC,0,0,TOTAL MOT,8,kg,395128,FALSE,-1,N/A,,FALSE,395128,FALSE,,FALSE,,89578,89578,0,TRUE,FALSE
C,A,19700101,1970,52,1970,422,LBN,Lebanon,M,Import,0,W00,World,0,W00,World,S1,S1,TRUE,5611,Nitrogenous fertilizers and materials nes,4,TRUE,C00,TOTAL CPC,0,0,TOTAL MOT,8,kg,28451976,FALSE,-1,N/A,,FALSE,28451976,FALSE,,FALSE,1176891,,1176891,0,TRUE,FALSE
C,A,19700101,1970,52,1970,422,LBN,Lebanon,X,Export,0,W00,World,0,W00,World,S1,S1,TRUE,5611,Nitrogenous fertilizers and materials nes,4,TRUE,C00,TOTAL CPC,0,0,TOTAL MOT,8,kg,9216378,FALSE,-1,N/A,,FALSE,9216378,FALSE,,FALSE,,634682,634682,0,TRUE,FALSE
C,A,19700101,1970,52,1970,430,LBR,Liberia,M,Import,0,W00,World,0,W00,World,S1,S1,TRUE,5611,Nitrogenous fertilizers and materials nes,4,TRUE,C00,TOTAL CPC,0,0,TOTAL MOT,8,kg,5063438,FALSE,-1,N/A,,FALSE,5063438,FALSE,,FALSE,451913,,451913,0,TRUE,FALSE
C,A,19700101,1970,52,1970,434,LBY,Libya,M,Import,0,W00,World,0,W00,World,S1,S1,TRUE,5611,Nitrogenous fertilizers and materials nes,4,TRUE,C00,TOTAL CPC,0,0,TOTAL MOT,8,kg,18616136,FALSE,-1,N/A,,FALSE,18616136,FALSE,,FALSE,1468897,,1468897,0,TRUE,FALSE
C,A,19700101,1970,52,1970,454,MWI,Malawi,M,Import,0,W00,World,0,W00,World,S1,S1,TRUE,5611,Nitrogenous fertilizers and materials nes,4,TRUE,C00,TOTAL CPC,0,0,TOTAL MOT,8,kg,7526956,FALSE,-1,N/A,,FALSE,7526956,FALSE,,FALSE,391879,,391879,0,TRUE,FALSE
C,A,19700101,1970,52,1970,454,MWI,Malawi,X,Export,0,W00,World,0,W00,World,S1,S1,TRUE,5611,Nitrogenous fertilizers and materials nes,4,TRUE,C00,TOTAL CPC,0,0,TOTAL MOT,8,kg,6375,FALSE,-1,N/A,,FALSE,6375,FALSE,,FALSE,,643,643,0,TRUE,FALSE
C,A,19700101,1970,52,1970,458,MYS,Malaysia,M,Import,0,W00,World,0,W00,World,S1,S1,TRUE,5611,Nitrogenous fertilizers and materials nes,4,TRUE,C00,TOTAL CPC,0,0,TOTAL MOT,8,kg,91855176,FALSE,-1,N/A,,FALSE,91855176,FALSE,,FALSE,5020494,,5020494,0,TRUE,FALSE
C,A,19700101,1970,52,1970,458,MYS,Malaysia,X,Export,0,W00,World,0,W00,World,S1,S1,TRUE,5611,Nitrogenous fertilizers and materials nes,4,TRUE,C00,TOTAL CPC,0,0,TOTAL MOT,8,kg,19496,FALSE,-1,N/A,,FALSE,19496,FALSE,,FALSE,,1795,1795,0,TRUE,FALSE
C,A,19700101,1970,52,1970,466,MLI,Mali,M,Import,0,W00,World,0,W00,World,S1,S1,TRUE,5611,Nitrogenous fertilizers and materials nes,4,TRUE,C00,TOTAL CPC,0,0,TOTAL MOT,8,kg,3450000,FALSE,-1,N/A,,FALSE,3450000,FALSE,,FALSE,222465,,222465,0,TRUE,FALSE
C,A,19700101,1970,52,1970,470,MLT,Malta,M,Import,0,W00,World,0,W00,World,S1,S1,TRUE,5611,Nitrogenous fertilizers and materials nes,4,TRUE,C00,TOTAL CPC,0,0,TOTAL MOT,8,kg,2365585,FALSE,-1,N/A,,FALSE,2365585,FALSE,,FALSE,131255,,131255,0,TRUE,FALSE
C,A,19700101,1970,52,1970,474,MTQ,Martinique (Overseas France),M,Import,0,W00,World,0,W00,World,S1,S1,TRUE,5611,Nitrogenous fertilizers and materials nes,4,TRUE,C00,TOTAL CPC,0,0,TOTAL MOT,8,kg,3310812,FALSE,-1,N/A,,FALSE,3310812,FALSE,,FALSE,175944,,175944,0,TRUE,FALSE
C,A,19700101,1970,52,1970,478,MRT,Mauritania,M,Import,0,W00,World,0,W00,World,S1,S1,TRUE,5611,Nitrogenous fertilizers and materials nes,4,TRUE,C00,TOTAL CPC,0,0,TOTAL MOT,8,kg,3507250,FALSE,-1,N/A,,FALSE,3507250,FALSE,,FALSE,252448,,252448,0,TRUE,FALSE
C,A,19700101,1970,52,1970,480,MUS,Mauritius,M,Import,0,W00,World,0,W00,World,S1,S1,TRUE,5611,Nitrogenous fertilizers and materials nes,4,TRUE,C00,TOTAL CPC,0,0,TOTAL MOT,8,kg,17733056,FALSE,-1,N/A,,FALSE,17733056,FALSE,,FALSE,708913,,708913,0,TRUE,FALSE
C,A,19700101,1970,52,1970,484,MEX,Mexico,M,Import,0,W00,World,0,W00,World,S1,S1,TRUE,5611,Nitrogenous fertilizers and materials nes,4,TRUE,C00,TOTAL CPC,0,0,TOTAL MOT,8,kg,19893209,FALSE,-1,N/A,,FALSE,19893209,FALSE,,FALSE,1513174,,1513174,0,TRUE,FALSE
C,A,19700101,1970,52,1970,484,MEX,Mexico,X,Export,0,W00,World,0,W00,World,S1,S1,TRUE,5611,Nitrogenous fertilizers and materials nes,4,TRUE,C00,TOTAL CPC,0,0,TOTAL MOT,8,kg,25048170,FALSE,-1,N/A,,FALSE,25048170,FALSE,,FALSE,,1610205,1610205,0,TRUE,FALSE
C,A,19700101,1970,52,1970,490,S19,"Other Asia, nes",M,Import,0,W00,World,0,W00,World,S1,S1,TRUE,5611,Nitrogenous fertilizers and materials nes,4,TRUE,C00,TOTAL CPC,0,0,TOTAL MOT,8,kg,12281699,FALSE,-1,N/A,,FALSE,12281699,FALSE,,FALSE,610252,,610252,0,TRUE,FALSE
C,A,19700101,1970,52,1970,490,S19,"Other Asia, nes",X,Export,0,W00,World,0,W00,World,S1,S1,TRUE,5611,Nitrogenous fertilizers and materials nes,4,TRUE,C00,TOTAL CPC,0,0,TOTAL MOT,8,kg,17278198,FALSE,-1,N/A,,FALSE,17278198,FALSE,,FALSE,,826597,826597,0,TRUE,FALSE
C,A,19700101,1970,52,1970,504,MAR,Morocco,M,Import,0,W00,World,0,W00,World,S1,S1,TRUE,5611,Nitrogenous fertilizers and materials nes,4,TRUE,C00,TOTAL CPC,0,0,TOTAL MOT,8,kg,67485024,FALSE,-1,N/A,,FALSE,67485024,FALSE,,FALSE,2692731,,2692731,0,TRUE,FALSE
C,A,19700101,1970,52,1970,528,NLD,Netherlands,M,Import,0,W00,World,0,W00,World,S1,S1,TRUE,5611,Nitrogenous fertilizers and materials nes,4,TRUE,C00,TOTAL CPC,0,0,TOTAL MOT,8,kg,51766148,FALSE,-1,N/A,,FALSE,51766148,FALSE,,FALSE,2186137,,2186137,0,TRUE,FALSE
C,A,19700101,1970,52,1970,528,NLD,Netherlands,X,Export,0,W00,World,0,W00,World,S1,S1,TRUE,5611,Nitrogenous fertilizers and materials nes,4,TRUE,C00,TOTAL CPC,0,0,TOTAL MOT,8,kg,841294528,FALSE,-1,N/A,,FALSE,841294528,FALSE,,FALSE,,21741718,21741718,0,TRUE,FALSE
C,A,19700101,1970,52,1970,532,ANT,Netherlands Antilles and Aruba (...1985),M,Import,0,W00,World,0,W00,World,S1,S1,TRUE,5611,Nitrogenous fertilizers and materials nes,4,TRUE,C00,TOTAL CPC,0,0,TOTAL MOT,8,kg,14000,FALSE,-1,N/A,,FALSE,14000,FALSE,,FALSE,,2121,2121,0,TRUE,FALSE
C,A,19700101,1970,52,1970,532,ANT,Netherlands Antilles and Aruba (...1985),X,Export,0,W00,World,0,W00,World,S1,S1,TRUE,5611,Nitrogenous fertilizers and materials nes,4,TRUE,C00,TOTAL CPC,0,0,TOTAL MOT,8,kg,67586000,FALSE,-1,N/A,,FALSE,67586000,FALSE,,FALSE,,3220289,3220289,0,TRUE,FALSE
C,A,19700101,1970,52,1970,554,NZL,New Zealand,M,Import,0,W00,World,0,W00,World,S1,S1,TRUE,5611,Nitrogenous fertilizers and materials nes,4,TRUE,C00,TOTAL CPC,0,0,TOTAL MOT,-1,N/A,0,FALSE,-1,N/A,,FALSE,,FALSE,,FALSE,1949815,,1949815,0,TRUE,FALSE
C,A,19700101,1970,52,1970,554,NZL,New Zealand,X,Export,0,W00,World,0,W00,World,S1,S1,TRUE,5611,Nitrogenous fertilizers and materials nes,4,TRUE,C00,TOTAL CPC,0,0,TOTAL MOT,8,kg,205246,FALSE,-1,N/A,,FALSE,205246,FALSE,,FALSE,,11865,11865,0,TRUE,FALSE
C,A,19700101,1970,52,1970,558,NIC,Nicaragua,M,Import,0,W00,World,0,W00,World,S1,S1,TRUE,5611,Nitrogenous fertilizers and materials nes,4,TRUE,C00,TOTAL CPC,0,0,TOTAL MOT,8,kg,41132416,FALSE,-1,N/A,,FALSE,41132416,FALSE,,FALSE,2527272,,2527272,0,TRUE,FALSE
C,A,19700101,1970,52,1970,558,NIC,Nicaragua,X,Export,0,W00,World,0,W00,World,S1,S1,TRUE,5611,Nitrogenous fertilizers and materials nes,4,TRUE,C00,TOTAL CPC,0,0,TOTAL MOT,8,kg,35608,FALSE,-1,N/A,,FALSE,35608,FALSE,,FALSE,,5132,5132,0,TRUE,FALSE
C,A,19700101,1970,52,1970,562,NER,Niger,M,Import,0,W00,World,0,W00,World,S1,S1,TRUE,5611,Nitrogenous fertilizers and materials nes,4,TRUE,C00,TOTAL CPC,0,0,TOTAL MOT,8,kg,829163,FALSE,-1,N/A,,FALSE,829163,FALSE,,FALSE,94631,,94631,0,TRUE,FALSE
C,A,19700101,1970,52,1970,566,NGA,Nigeria,M,Import,0,W00,World,0,W00,World,S1,S1,TRUE,5611,Nitrogenous fertilizers and materials nes,4,TRUE,C00,TOTAL CPC,0,0,TOTAL MOT,8,kg,7349282,FALSE,-1,N/A,,FALSE,7349282,FALSE,,FALSE,412292,,412292,0,TRUE,FALSE
C,A,19700101,1970,52,1970,579,NOR,Norway,M,Import,0,W00,World,0,W00,World,S1,S1,TRUE,5611,Nitrogenous fertilizers and materials nes,4,TRUE,C00,TOTAL CPC,0,0,TOTAL MOT,8,kg,640655,FALSE,-1,N/A,,FALSE,640655,FALSE,,FALSE,42053,,42053,0,TRUE,FALSE
C,A,19700101,1970,52,1970,579,NOR,Norway,X,Export,0,W00,World,0,W00,World,S1,S1,TRUE,5611,Nitrogenous fertilizers and materials nes,4,TRUE,C00,TOTAL CPC,0,0,TOTAL MOT,8,kg,855331712,FALSE,-1,N/A,,FALSE,855331712,FALSE,,FALSE,,28196610,28196610,0,TRUE,FALSE
C,A,19700101,1970,52,1970,588,PAK,East and West Pakistan (...1971),M,Import,0,W00,World,0,W00,World,S1,S1,TRUE,5611,Nitrogenous fertilizers and materials nes,4,TRUE,C00,TOTAL CPC,0,0,TOTAL MOT,-1,N/A,0,FALSE,-1,N/A,,FALSE,,FALSE,,FALSE,51262964,,51262964,0,TRUE,FALSE
C,A,19700101,1970,52,1970,590,PAN,"Panama, excl.Canal Zone (...1977)",M,Import,0,W00,World,0,W00,World,S1,S1,TRUE,5611,Nitrogenous fertilizers and materials nes,4,TRUE,C00,TOTAL CPC,0,0,TOTAL MOT,8,kg,23772734,FALSE,-1,N/A,,FALSE,23772734,FALSE,,FALSE,1647262,,1647262,0,TRUE,FALSE
C,A,19700101,1970,52,1970,600,PRY,Paraguay,M,Import,0,W00,World,0,W00,World,S1,S1,TRUE,5611,Nitrogenous fertilizers and materials nes,4,TRUE,C00,TOTAL CPC,0,0,TOTAL MOT,8,kg,11883424,FALSE,-1,N/A,,FALSE,11883424,FALSE,,FALSE,1118481,,1118481,0,TRUE,FALSE
C,A,19700101,1970,52,1970,604,PER,Peru,M,Import,0,W00,World,0,W00,World,S1,S1,TRUE,5611,Nitrogenous fertilizers and materials nes,4,TRUE,C00,TOTAL CPC,0,0,TOTAL MOT,8,kg,92058960,FALSE,-1,N/A,,FALSE,92058960,FALSE,,FALSE,4586879,,4586879,0,TRUE,FALSE
C,A,19700101,1970,52,1970,604,PER,Peru,X,Export,0,W00,World,0,W00,World,S1,S1,TRUE,5611,Nitrogenous fertilizers and materials nes,4,TRUE,C00,TOTAL CPC,0,0,TOTAL MOT,8,kg,76222,FALSE,-1,N/A,,FALSE,76222,FALSE,,FALSE,,18799,18799,0,TRUE,FALSE
C,A,19700101,1970,52,1970,608,PHL,Philippines,M,Import,0,W00,World,0,W00,World,S1,S1,TRUE,5611,Nitrogenous fertilizers and materials nes,4,TRUE,C00,TOTAL CPC,0,0,TOTAL MOT,8,kg,133496752,FALSE,-1,N/A,,FALSE,133496752,FALSE,,FALSE,8173909,,8173909,0,TRUE,FALSE
C,A,19700101,1970,52,1970,620,PRT,Portugal,M,Import,0,W00,World,0,W00,World,S1,S1,TRUE,5611,Nitrogenous fertilizers and materials nes,4,TRUE,C00,TOTAL CPC,0,0,TOTAL MOT,8,kg,4601619,FALSE,-1,N/A,,FALSE,4601619,FALSE,,FALSE,363237,,363237,0,TRUE,FALSE
C,A,19700101,1970,52,1970,620,PRT,Portugal,X,Export,0,W00,World,0,W00,World,S1,S1,TRUE,5611,Nitrogenous fertilizers and materials nes,4,TRUE,C00,TOTAL CPC,0,0,TOTAL MOT,8,kg,71341296,FALSE,-1,N/A,,FALSE,71341296,FALSE,,FALSE,,2628872,2628872,0,TRUE,FALSE
C,A,19700101,1970,52,1970,638,REU,RÈunion (Overseas France),M,Import,0,W00,World,0,W00,World,S1,S1,TRUE,5611,Nitrogenous fertilizers and materials nes,4,TRUE,C00,TOTAL CPC,0,0,TOTAL MOT,8,kg,2392311,FALSE,-1,N/A,,TRUE,2392311,FALSE,-1,TRUE,112783,,112783,0,FALSE,FALSE
C,A,19700101,1970,52,1970,686,SEN,Senegal,M,Import,0,W00,World,0,W00,World,S1,S1,TRUE,5611,Nitrogenous fertilizers and materials nes,4,TRUE,C00,TOTAL CPC,0,0,TOTAL MOT,8,kg,1613549,FALSE,-1,N/A,,FALSE,1613549,FALSE,,FALSE,65058,,65058,0,TRUE,FALSE
C,A,19700101,1970,52,1970,686,SEN,Senegal,X,Export,0,W00,World,0,W00,World,S1,S1,TRUE,5611,Nitrogenous fertilizers and materials nes,4,TRUE,C00,TOTAL CPC,0,0,TOTAL MOT,8,kg,13690,FALSE,-1,N/A,,FALSE,13690,FALSE,,FALSE,,1267,1267,0,TRUE,FALSE
C,A,19700101,1970,52,1970,702,SGP,Singapore,M,Import,0,W00,World,0,W00,World,S1,S1,TRUE,5611,Nitrogenous fertilizers and materials nes,4,TRUE,C00,TOTAL CPC,0,0,TOTAL MOT,8,kg,98213384,FALSE,-1,N/A,,FALSE,98213384,FALSE,,FALSE,5806534,,5806534,0,TRUE,FALSE
C,A,19700101,1970,52,1970,702,SGP,Singapore,X,Export,0,W00,World,0,W00,World,S1,S1,TRUE,5611,Nitrogenous fertilizers and materials nes,4,TRUE,C00,TOTAL CPC,0,0,TOTAL MOT,8,kg,12627114,FALSE,-1,N/A,,FALSE,12627114,FALSE,,FALSE,,647965,647965,0,TRUE,FALSE
C,A,19700101,1970,52,1970,724,ESP,Spain,M,Import,0,W00,World,0,W00,World,S1,S1,TRUE,5611,Nitrogenous fertilizers and materials nes,4,TRUE,C00,TOTAL CPC,0,0,TOTAL MOT,8,kg,340227168,FALSE,-1,N/A,,FALSE,340227168,FALSE,,FALSE,13119315,,13119315,0,TRUE,FALSE
C,A,19700101,1970,52,1970,724,ESP,Spain,X,Export,0,W00,World,0,W00,World,S1,S1,TRUE,5611,Nitrogenous fertilizers and materials nes,4,TRUE,C00,TOTAL CPC,0,0,TOTAL MOT,8,kg,98007,FALSE,-1,N/A,,FALSE,98007,FALSE,,FALSE,,5885,5885,0,TRUE,FALSE
C,A,19700101,1970,52,1970,736,SDN,Sudan (...2011),M,Import,0,W00,World,0,W00,World,S1,S1,TRUE,5611,Nitrogenous fertilizers and materials nes,4,TRUE,C00,TOTAL CPC,0,0,TOTAL MOT,8,kg,78277000,FALSE,-1,N/A,,FALSE,78277000,FALSE,,FALSE,4712836,,4712836,0,TRUE,FALSE
C,A,19700101,1970,52,1970,752,SWE,Sweden,M,Import,0,W00,World,0,W00,World,S1,S1,TRUE,5611,Nitrogenous fertilizers and materials nes,4,TRUE,C00,TOTAL CPC,0,0,TOTAL MOT,8,kg,445243040,FALSE,-1,N/A,,FALSE,445243040,FALSE,,FALSE,15010420,,15010420,0,TRUE,FALSE
C,A,19700101,1970,52,1970,752,SWE,Sweden,X,Export,0,W00,World,0,W00,World,S1,S1,TRUE,5611,Nitrogenous fertilizers and materials nes,4,TRUE,C00,TOTAL CPC,0,0,TOTAL MOT,8,kg,57438896,FALSE,-1,N/A,,FALSE,57438896,FALSE,,FALSE,,2129122,2129122,0,TRUE,FALSE
C,A,19700101,1970,52,1970,757,CHE,Switzerland,M,Import,0,W00,World,0,W00,World,S1,S1,TRUE,5611,Nitrogenous fertilizers and materials nes,4,TRUE,C00,TOTAL CPC,0,0,TOTAL MOT,8,kg,7805629,FALSE,-1,N/A,,FALSE,7805629,FALSE,,FALSE,428334,,428334,0,TRUE,FALSE
C,A,19700101,1970,52,1970,757,CHE,Switzerland,X,Export,0,W00,World,0,W00,World,S1,S1,TRUE,5611,Nitrogenous fertilizers and materials nes,4,TRUE,C00,TOTAL CPC,0,0,TOTAL MOT,8,kg,3694,FALSE,-1,N/A,,FALSE,3694,FALSE,,FALSE,,842,842,0,TRUE,FALSE
C,A,19700101,1970,52,1970,764,THA,Thailand,M,Import,0,W00,World,0,W00,World,S1,S1,TRUE,5611,Nitrogenous fertilizers and materials nes,4,TRUE,C00,TOTAL CPC,0,0,TOTAL MOT,8,kg,11611900,FALSE,-1,N/A,,FALSE,11611900,FALSE,,FALSE,965098,,965098,0,TRUE,FALSE
C,A,19700101,1970,52,1970,768,TGO,Togo,M,Import,0,W00,World,0,W00,World,S1,S1,TRUE,5611,Nitrogenous fertilizers and materials nes,4,TRUE,C00,TOTAL CPC,0,0,TOTAL MOT,8,kg,342467,FALSE,-1,N/A,,FALSE,342467,FALSE,,FALSE,17277,,17277,0,TRUE,FALSE
C,A,19700101,1970,52,1970,780,TTO,Trinidad and Tobago,M,Import,0,W00,World,0,W00,World,S1,S1,TRUE,5611,Nitrogenous fertilizers and materials nes,4,TRUE,C00,TOTAL CPC,0,0,TOTAL MOT,8,kg,284491,FALSE,-1,N/A,,FALSE,284491,FALSE,,FALSE,20539,,20539,0,TRUE,FALSE
C,A,19700101,1970,52,1970,780,TTO,Trinidad and Tobago,X,Export,0,W00,World,0,W00,World,S1,S1,TRUE,5611,Nitrogenous fertilizers and materials nes,4,TRUE,C00,TOTAL CPC,0,0,TOTAL MOT,8,kg,87097544,FALSE,-1,N/A,,FALSE,87097544,FALSE,,FALSE,,4304147,4304147,0,TRUE,FALSE
C,A,19700101,1970,52,1970,788,TUN,Tunisia,M,Import,0,W00,World,0,W00,World,S1,S1,TRUE,5611,Nitrogenous fertilizers and materials nes,4,TRUE,C00,TOTAL CPC,0,0,TOTAL MOT,8,kg,11630069,FALSE,-1,N/A,,FALSE,11630069,FALSE,,FALSE,764732,,764732,0,TRUE,FALSE
C,A,19700101,1970,52,1970,792,TUR,TÅEkiye,M,Import,0,W00,World,0,W00,World,S1,S1,TRUE,5611,Nitrogenous fertilizers and materials nes,4,TRUE,C00,TOTAL CPC,0,0,TOTAL MOT,8,kg,313642496,FALSE,-1,N/A,,FALSE,313642496,FALSE,,FALSE,10722645,,10722645,0,TRUE,FALSE
C,A,19700101,1970,52,1970,818,EGY,Egypt,M,Import,0,W00,World,0,W00,World,S1,S1,TRUE,5611,Nitrogenous fertilizers and materials nes,4,TRUE,C00,TOTAL CPC,0,0,TOTAL MOT,8,kg,198768880,FALSE,-1,N/A,,FALSE,198768880,FALSE,,FALSE,8242327,,8242327,0,TRUE,FALSE
C,A,19700101,1970,52,1970,818,EGY,Egypt,X,Export,0,W00,World,0,W00,World,S1,S1,TRUE,5611,Nitrogenous fertilizers and materials nes,4,TRUE,C00,TOTAL CPC,0,0,TOTAL MOT,8,kg,1150000,FALSE,-1,N/A,,FALSE,1150000,FALSE,,FALSE,,23000,23000,0,TRUE,FALSE
C,A,19700101,1970,52,1970,826,GBR,United Kingdom,M,Import,0,W00,World,0,W00,World,S1,S1,TRUE,5611,Nitrogenous fertilizers and materials nes,4,TRUE,C00,TOTAL CPC,0,0,TOTAL MOT,-1,N/A,0,FALSE,-1,N/A,,FALSE,,FALSE,,FALSE,9209923,,9209923,0,TRUE,FALSE
C,A,19700101,1970,52,1970,826,GBR,United Kingdom,X,Export,0,W00,World,0,W00,World,S1,S1,TRUE,5611,Nitrogenous fertilizers and materials nes,4,TRUE,C00,TOTAL CPC,0,0,TOTAL MOT,-1,N/A,0,FALSE,-1,N/A,,FALSE,,FALSE,,FALSE,,4860064,4860064,0,TRUE,FALSE
C,A,19700101,1970,52,1970,841,USA,USA and Puerto Rico (...1980),M,Import,0,W00,World,0,W00,World,S1,S1,TRUE,5611,Nitrogenous fertilizers and materials nes,4,TRUE,C00,TOTAL CPC,0,0,TOTAL MOT,-1,N/A,0,FALSE,-1,N/A,,FALSE,,FALSE,,FALSE,,52063809,52063809,0,TRUE,FALSE
C,A,19700101,1970,52,1970,841,USA,USA and Puerto Rico (...1980),X,Export,0,W00,World,0,W00,World,S1,S1,TRUE,5611,Nitrogenous fertilizers and materials nes,4,TRUE,C00,TOTAL CPC,0,0,TOTAL MOT,8,kg,991824456,FALSE,-1,N/A,,FALSE,991824456,FALSE,,FALSE,,45279926,45279926,0,TRUE,FALSE
C,A,19700101,1970,52,1970,850,VIR,US Virgin Isds (...1980),M,Import,0,W00,World,0,W00,World,S1,S1,TRUE,5611,Nitrogenous fertilizers and materials nes,4,TRUE,C00,TOTAL CPC,0,0,TOTAL MOT,8,kg,68039,FALSE,-1,N/A,,FALSE,68039,FALSE,,FALSE,,6062,6062,0,TRUE,FALSE
C,A,19700101,1970,52,1970,854,BFA,Burkina Faso,M,Import,0,W00,World,0,W00,World,S1,S1,TRUE,5611,Nitrogenous fertilizers and materials nes,4,TRUE,C00,TOTAL CPC,0,0,TOTAL MOT,8,kg,121659,FALSE,-1,N/A,,FALSE,121659,FALSE,,FALSE,16404,,16404,0,TRUE,FALSE
C,A,19700101,1970,52,1970,858,URY,Uruguay,M,Import,0,W00,World,0,W00,World,S1,S1,TRUE,5611,Nitrogenous fertilizers and materials nes,4,TRUE,C00,TOTAL CPC,0,0,TOTAL MOT,-1,N/A,0,FALSE,-1,N/A,,FALSE,,FALSE,,FALSE,126725,,126725,0,TRUE,FALSE
C,A,19700101,1970,52,1970,862,VEN,Venezuela,M,Import,0,W00,World,0,W00,World,S1,S1,TRUE,5611,Nitrogenous fertilizers and materials nes,4,TRUE,C00,TOTAL CPC,0,0,TOTAL MOT,8,kg,68567496,FALSE,-1,N/A,,FALSE,68567496,FALSE,,FALSE,,1062344,1062344,0,TRUE,FALSE
C,A,19700101,1970,52,1970,862,VEN,Venezuela,X,Export,0,W00,World,0,W00,World,S1,S1,TRUE,5611,Nitrogenous fertilizers and materials nes,4,TRUE,C00,TOTAL CPC,0,0,TOTAL MOT,8,kg,500,FALSE,-1,N/A,,FALSE,500,FALSE,,FALSE,,1,1,0,TRUE,FALSE
C,A,19700101,1970,52,1970,868,VNM,Rep. of Vietnam (...1974),M,Import,0,W00,World,0,W00,World,S1,S1,TRUE,5611,Nitrogenous fertilizers and materials nes,4,TRUE,C00,TOTAL CPC,0,0,TOTAL MOT,8,kg,179543920,FALSE,-1,N/A,,FALSE,179543920,FALSE,,FALSE,9262824,,9262824,0,TRUE,FALSE
C,A,19700101,1970,52,1970,890,YUG,Yugoslavia (...1991),M,Import,0,W00,World,0,W00,World,S1,S1,TRUE,5611,Nitrogenous fertilizers and materials nes,4,TRUE,C00,TOTAL CPC,0,0,TOTAL MOT,8,kg,80158240,FALSE,-1,N/A,,FALSE,80158240,FALSE,,FALSE,2377992,,2377992,0,TRUE,FALSE
C,A,19700101,1970,52,1970,890,YUG,Yugoslavia (...1991),X,Export,0,W00,World,0,W00,World,S1,S1,TRUE,5611,Nitrogenous fertilizers and materials nes,4,TRUE,C00,TOTAL CPC,0,0,TOTAL MOT,8,kg,9045632,FALSE,-1,N/A,,FALSE,9045632,FALSE,,FALSE,,326027,326027,0,TRUE,FALSE
C,A,19700101,1970,52,1970,894,ZMB,Zambia,M,Import,0,W00,World,0,W00,World,S1,S1,TRUE,5611,Nitrogenous fertilizers and materials nes,4,TRUE,C00,TOTAL CPC,0,0,TOTAL MOT,8,kg,34244864,FALSE,-1,N/A,,FALSE,34244864,FALSE,,FALSE,,2592970,2592970,0,TRUE,FALSE
C,A,19710101,1971,52,1971,12,DZA,Algeria,M,Import,0,W00,World,0,W00,World,S1,S1,TRUE,5611,Nitrogenous fertilizers and materials nes,4,TRUE,C00,TOTAL CPC,0,0,TOTAL MOT,8,kg,96247288,FALSE,-1,N/A,,FALSE,96247288,FALSE,,FALSE,3628437,,3628437,0,TRUE,FALSE
C,A,19710101,1971,52,1971,12,DZA,Algeria,X,Export,0,W00,World,0,W00,World,S1,S1,TRUE,5611,Nitrogenous fertilizers and materials nes,4,TRUE,C00,TOTAL CPC,0,0,TOTAL MOT,8,kg,8180101,FALSE,-1,N/A,,FALSE,8180101,FALSE,,FALSE,,303486,303486,0,TRUE,FALSE
C,A,19710101,1971,52,1971,24,AGO,Angola,M,Import,0,W00,World,0,W00,World,S1,S1,TRUE,5611,Nitrogenous fertilizers and materials nes,4,TRUE,C00,TOTAL CPC,0,0,TOTAL MOT,8,kg,23615668,FALSE,-1,N/A,,FALSE,23615668,FALSE,,FALSE,1138380,,1138380,0,TRUE,FALSE
C,A,19710101,1971,52,1971,32,ARG,Argentina,M,Import,0,W00,World,0,W00,World,S1,S1,TRUE,5611,Nitrogenous fertilizers and materials nes,4,TRUE,C00,TOTAL CPC,0,0,TOTAL MOT,8,kg,4847044,FALSE,-1,N/A,,FALSE,4847044,FALSE,,FALSE,418114,,418114,0,TRUE,FALSE
C,A,19710101,1971,52,1971,32,ARG,Argentina,X,Export,0,W00,World,0,W00,World,S1,S1,TRUE,5611,Nitrogenous fertilizers and materials nes,4,TRUE,C00,TOTAL CPC,0,0,TOTAL MOT,8,kg,1984249,FALSE,-1,N/A,,FALSE,1984249,FALSE,,FALSE,,52004,52004,0,TRUE,FALSE
C,A,19710101,1971,52,1971,36,AUS,Australia,M,Import,0,W00,World,0,W00,World,S1,S1,TRUE,5611,Nitrogenous fertilizers and materials nes,4,TRUE,C00,TOTAL CPC,0,0,TOTAL MOT,8,kg,12484381,FALSE,-1,N/A,,FALSE,12484381,FALSE,,FALSE,,764633,764633,0,TRUE,FALSE
C,A,19710101,1971,52,1971,36,AUS,Australia,X,Export,0,W00,World,0,W00,World,S1,S1,TRUE,5611,Nitrogenous fertilizers and materials nes,4,TRUE,C00,TOTAL CPC,0,0,TOTAL MOT,8,kg,754777,FALSE,-1,N/A,,FALSE,754777,FALSE,,FALSE,,94006,94006,0,TRUE,FALSE
C,A,19710101,1971,52,1971,52,BRB,Barbados,M,Import,0,W00,World,0,W00,World,S1,S1,TRUE,5611,Nitrogenous fertilizers and materials nes,4,TRUE,C00,TOTAL CPC,0,0,TOTAL MOT,8,kg,971312,FALSE,-1,N/A,,FALSE,971312,FALSE,,FALSE,60230,,60230,0,TRUE,FALSE
C,A,19710101,1971,52,1971,58,BEL,Belgium-Luxembourg (...1998),M,Import,0,W00,World,0,W00,World,S1,S1,TRUE,5611,Nitrogenous fertilizers and materials nes,4,TRUE,C00,TOTAL CPC,0,0,TOTAL MOT,8,kg,264369792,FALSE,-1,N/A,,FALSE,264369792,FALSE,,FALSE,10841441,,10841441,0,TRUE,FALSE
C,A,19710101,1971,52,1971,58,BEL,Belgium-Luxembourg (...1998),X,Export,0,W00,World,0,W00,World,S1,S1,TRUE,5611,Nitrogenous fertilizers and materials nes,4,TRUE,C00,TOTAL CPC,0,0,TOTAL MOT,8,kg,1189017600,FALSE,-1,N/A,,FALSE,1189017600,FALSE,,FALSE,,39444212,39444212,0,TRUE,FALSE
C,A,19710101,1971,52,1971,60,BMU,Bermuda,M,Import,0,W00,World,0,W00,World,S1,S1,TRUE,5611,Nitrogenous fertilizers and materials nes,4,TRUE,C00,TOTAL CPC,0,0,TOTAL MOT,8,kg,6139,FALSE,-1,N/A,,FALSE,6139,FALSE,,FALSE,2675,,2675,0,TRUE,FALSE
C,A,19710101,1971,52,1971,68,BOL,Bolivia (Plurinational State of),M,Import,0,W00,World,0,W00,World,S1,S1,TRUE,5611,Nitrogenous fertilizers and materials nes,4,TRUE,C00,TOTAL CPC,0,0,TOTAL MOT,8,kg,2511954,FALSE,-1,N/A,,FALSE,2511954,FALSE,,FALSE,292093,,292093,0,TRUE,FALSE
C,A,19710101,1971,52,1971,76,BRA,Brazil,M,Import,0,W00,World,0,W00,World,S1,S1,TRUE,5611,Nitrogenous fertilizers and materials nes,4,TRUE,C00,TOTAL CPC,0,0,TOTAL MOT,8,kg,624259968,FALSE,-1,N/A,,FALSE,624259968,FALSE,,FALSE,15695624,,15695624,0,TRUE,FALSE
C,A,19710101,1971,52,1971,76,BRA,Brazil,X,Export,0,W00,World,0,W00,World,S1,S1,TRUE,5611,Nitrogenous fertilizers and materials nes,4,TRUE,C00,TOTAL CPC,0,0,TOTAL MOT,8,kg,49500,FALSE,-1,N/A,,FALSE,49500,FALSE,,FALSE,,9767,9767,0,TRUE,FALSE
C,A,19710101,1971,52,1971,96,BRN,Brunei Darussalam,M,Import,0,W00,World,0,W00,World,S1,S1,TRUE,5611,Nitrogenous fertilizers and materials nes,4,TRUE,C00,TOTAL CPC,0,0,TOTAL MOT,8,kg,119866,FALSE,-1,N/A,,FALSE,119866,FALSE,,FALSE,9361,,9361,0,TRUE,FALSE
C,A,19710101,1971,52,1971,104,MMR,Myanmar,M,Import,0,W00,World,0,W00,World,S1,S1,TRUE,5611,Nitrogenous fertilizers and materials nes,4,TRUE,C00,TOTAL CPC,0,0,TOTAL MOT,8,kg,7125,FALSE,-1,N/A,,FALSE,7125,FALSE,,FALSE,679,,679,0,TRUE,FALSE
C,A,19710101,1971,52,1971,116,KHM,Cambodia,M,Import,0,W00,World,0,W00,World,S1,S1,TRUE,5611,Nitrogenous fertilizers and materials nes,4,TRUE,C00,TOTAL CPC,0,0,TOTAL MOT,8,kg,100004,FALSE,-1,N/A,,FALSE,100004,FALSE,,FALSE,8725,,8725,0,TRUE,FALSE
C,A,19710101,1971,52,1971,120,CMR,Cameroon,M,Import,0,W00,World,0,W00,World,S1,S1,TRUE,5611,Nitrogenous fertilizers and materials nes,4,TRUE,C00,TOTAL CPC,0,0,TOTAL MOT,8,kg,54835096,FALSE,-1,N/A,,FALSE,54835096,FALSE,,FALSE,2947679,,2947679,0,TRUE,FALSE
C,A,19710101,1971,52,1971,120,CMR,Cameroon,X,Export,0,W00,World,0,W00,World,S1,S1,TRUE,5611,Nitrogenous fertilizers and materials nes,4,TRUE,C00,TOTAL CPC,0,0,TOTAL MOT,8,kg,174074,FALSE,-1,N/A,,FALSE,174074,FALSE,,FALSE,,7587,7587,0,TRUE,FALSE
C,A,19710101,1971,52,1971,124,CAN,Canada,M,Import,0,W00,World,0,W00,World,S1,S1,TRUE,5611,Nitrogenous fertilizers and materials nes,4,TRUE,C00,TOTAL CPC,0,0,TOTAL MOT,8,kg,70591104,FALSE,-1,N/A,,FALSE,70591104,FALSE,,FALSE,,2738552,2738552,0,TRUE,FALSE
C,A,19710101,1971,52,1971,124,CAN,Canada,X,Export,0,W00,World,0,W00,World,S1,S1,TRUE,5611,Nitrogenous fertilizers and materials nes,4,TRUE,C00,TOTAL CPC,0,0,TOTAL MOT,8,kg,7329851,FALSE,-1,N/A,,FALSE,7329851,FALSE,,FALSE,,36090112,36090112,0,TRUE,FALSE
C,A,19710101,1971,52,1971,140,CAF,Central African Rep.,M,Import,0,W00,World,0,W00,World,S1,S1,TRUE,5611,Nitrogenous fertilizers and materials nes,4,TRUE,C00,TOTAL CPC,0,0,TOTAL MOT,8,kg,2609937,FALSE,-1,N/A,,FALSE,2609937,FALSE,,FALSE,238177,,238177,0,TRUE,FALSE
C,A,19710101,1971,52,1971,140,CAF,Central African Rep.,X,Export,0,W00,World,0,W00,World,S1,S1,TRUE,5611,Nitrogenous fertilizers and materials nes,4,TRUE,C00,TOTAL CPC,0,0,TOTAL MOT,8,kg,347,FALSE,-1,N/A,,FALSE,347,FALSE,,FALSE,,46,46,0,TRUE,FALSE
C,A,19710101,1971,52,1971,144,LKA,Sri Lanka,M,Import,0,W00,World,0,W00,World,S1,S1,TRUE,5611,Nitrogenous fertilizers and materials nes,4,TRUE,C00,TOTAL CPC,0,0,TOTAL MOT,8,kg,96010505,FALSE,-1,N/A,,FALSE,96010505,FALSE,,FALSE,3734698,,3734698,0,TRUE,FALSE
C,A,19710101,1971,52,1971,148,TCD,Chad,M,Import,0,W00,World,0,W00,World,S1,S1,TRUE,5611,Nitrogenous fertilizers and materials nes,4,TRUE,C00,TOTAL CPC,0,0,TOTAL MOT,8,kg,798589,FALSE,-1,N/A,,FALSE,798589,FALSE,,FALSE,143225,,143225,0,TRUE,FALSE
C,A,19710101,1971,52,1971,152,CHL,Chile,M,Import,0,W00,World,0,W00,World,S1,S1,TRUE,5611,Nitrogenous fertilizers and materials nes,4,TRUE,C00,TOTAL CPC,0,0,TOTAL MOT,8,kg,29798208,FALSE,-1,N/A,,FALSE,29798208,FALSE,,FALSE,2547678,,2547678,0,TRUE,FALSE
C,A,19710101,1971,52,1971,152,CHL,Chile,X,Export,0,W00,World,0,W00,World,S1,S1,TRUE,5611,Nitrogenous fertilizers and materials nes,4,TRUE,C00,TOTAL CPC,0,0,TOTAL MOT,8,kg,3164000,FALSE,-1,N/A,,FALSE,3164000,FALSE,,FALSE,,117067,117067,0,TRUE,FALSE
C,A,19710101,1971,52,1971,170,COL,Colombia,M,Import,0,W00,World,0,W00,World,S1,S1,TRUE,5611,Nitrogenous fertilizers and materials nes,4,TRUE,C00,TOTAL CPC,0,0,TOTAL MOT,8,kg,54562036,FALSE,-1,N/A,,FALSE,54562036,FALSE,,FALSE,3671091,,3671091,0,TRUE,FALSE
C,A,19710101,1971,52,1971,178,COG,Congo,M,Import,0,W00,World,0,W00,World,S1,S1,TRUE,5611,Nitrogenous fertilizers and materials nes,4,TRUE,C00,TOTAL CPC,0,0,TOTAL MOT,8,kg,11812,FALSE,-1,N/A,,FALSE,11812,FALSE,,FALSE,708,,708,0,TRUE,FALSE
C,A,19710101,1971,52,1971,178,COG,Congo,X,Export,0,W00,World,0,W00,World,S1,S1,TRUE,5611,Nitrogenous fertilizers and materials nes,4,TRUE,C00,TOTAL CPC,0,0,TOTAL MOT,8,kg,23351,FALSE,-1,N/A,,FALSE,23351,FALSE,,FALSE,,4197,4197,0,TRUE,FALSE
C,A,19710101,1971,52,1971,188,CRI,Costa Rica,M,Import,0,W00,World,0,W00,World,S1,S1,TRUE,5611,Nitrogenous fertilizers and materials nes,4,TRUE,C00,TOTAL CPC,0,0,TOTAL MOT,8,kg,83405696,FALSE,-1,N/A,,FALSE,83405696,FALSE,,FALSE,4474061,,4474061,0,TRUE,FALSE
C,A,19710101,1971,52,1971,188,CRI,Costa Rica,X,Export,0,W00,World,0,W00,World,S1,S1,TRUE,5611,Nitrogenous fertilizers and materials nes,4,TRUE,C00,TOTAL CPC,0,0,TOTAL MOT,8,kg,38923128,FALSE,-1,N/A,,FALSE,38923128,FALSE,,FALSE,,2128695,2128695,0,TRUE,FALSE
C,A,19710101,1971,52,1971,196,CYP,Cyprus,M,Import,0,W00,World,0,W00,World,S1,S1,TRUE,5611,Nitrogenous fertilizers and materials nes,4,TRUE,C00,TOTAL CPC,0,0,TOTAL MOT,8,kg,41861752,FALSE,-1,N/A,,FALSE,41861752,FALSE,,FALSE,1619210,,1619210,0,TRUE,FALSE
C,A,19710101,1971,52,1971,204,BEN,Benin,M,Import,0,W00,World,0,W00,World,S1,S1,TRUE,5611,Nitrogenous fertilizers and materials nes,4,TRUE,C00,TOTAL CPC,0,0,TOTAL MOT,8,kg,2116687,FALSE,-1,N/A,,FALSE,2116687,FALSE,,FALSE,100888,,100888,0,TRUE,FALSE
C,A,19710101,1971,52,1971,208,DNK,Denmark,M,Import,0,W00,World,0,W00,World,S1,S1,TRUE,5611,Nitrogenous fertilizers and materials nes,4,TRUE,C00,TOTAL CPC,0,0,TOTAL MOT,8,kg,142152480,FALSE,-1,N/A,,FALSE,142152480,FALSE,,FALSE,5001683,,5001683,0,TRUE,FALSE
C,A,19710101,1971,52,1971,208,DNK,Denmark,X,Export,0,W00,World,0,W00,World,S1,S1,TRUE,5611,Nitrogenous fertilizers and materials nes,4,TRUE,C00,TOTAL CPC,0,0,TOTAL MOT,8,kg,46903,FALSE,-1,N/A,,FALSE,46903,FALSE,,FALSE,,12323,12323,0,TRUE,FALSE
C,A,19710101,1971,52,1971,214,DOM,Dominican Rep.,X,Export,0,W00,World,0,W00,World,S1,S1,TRUE,5611,Nitrogenous fertilizers and materials nes,4,TRUE,C00,TOTAL CPC,0,0,TOTAL MOT,8,kg,19716924,FALSE,-1,N/A,,FALSE,19716924,FALSE,,FALSE,,906417,906417,0,TRUE,FALSE
C,A,19710101,1971,52,1971,218,ECU,Ecuador,M,Import,0,W00,World,0,W00,World,S1,S1,TRUE,5611,Nitrogenous fertilizers and materials nes,4,TRUE,C00,TOTAL CPC,0,0,TOTAL MOT,8,kg,5901002,FALSE,-1,N/A,,FALSE,5901002,FALSE,,FALSE,347434,,347434,0,TRUE,FALSE
C,A,19710101,1971,52,1971,222,SLV,El Salvador,M,Import,0,W00,World,0,W00,World,S1,S1,TRUE,5611,Nitrogenous fertilizers and materials nes,4,TRUE,C00,TOTAL CPC,0,0,TOTAL MOT,8,kg,177453952,FALSE,-1,N/A,,FALSE,177453952,FALSE,,FALSE,5215296,,5215296,0,TRUE,FALSE
C,A,19710101,1971,52,1971,222,SLV,El Salvador,X,Export,0,W00,World,0,W00,World,S1,S1,TRUE,5611,Nitrogenous fertilizers and materials nes,4,TRUE,C00,TOTAL CPC,0,0,TOTAL MOT,8,kg,2786937,FALSE,-1,N/A,,FALSE,2786937,FALSE,,FALSE,,323120,323120,0,TRUE,FALSE
C,A,19710101,1971,52,1971,242,FJI,Fiji,M,Import,0,W00,World,0,W00,World,S1,S1,TRUE,5611,Nitrogenous fertilizers and materials nes,4,TRUE,C00,TOTAL CPC,0,0,TOTAL MOT,8,kg,18152688,FALSE,-1,N/A,,FALSE,18152688,FALSE,,FALSE,809374,,809374,0,TRUE,FALSE
C,A,19710101,1971,52,1971,242,FJI,Fiji,X,Export,0,W00,World,0,W00,World,S1,S1,TRUE,5611,Nitrogenous fertilizers and materials nes,4,TRUE,C00,TOTAL CPC,0,0,TOTAL MOT,-1,N/A,0,FALSE,-1,N/A,,FALSE,,FALSE,,FALSE,,990,990,0,TRUE,FALSE
C,A,19710101,1971,52,1971,246,FIN,Finland,M,Import,0,W00,World,0,W00,World,S1,S1,TRUE,5611,Nitrogenous fertilizers and materials nes,4,TRUE,C00,TOTAL CPC,0,0,TOTAL MOT,8,kg,25361036,FALSE,-1,N/A,,FALSE,25361036,FALSE,,FALSE,1070576,,1070576,0,TRUE,FALSE
C,A,19710101,1971,52,1971,246,FIN,Finland,X,Export,0,W00,World,0,W00,World,S1,S1,TRUE,5611,Nitrogenous fertilizers and materials nes,4,TRUE,C00,TOTAL CPC,0,0,TOTAL MOT,8,kg,52099760,FALSE,-1,N/A,,FALSE,52099760,FALSE,,FALSE,,2173730,2173730,0,TRUE,FALSE
C,A,19710101,1971,52,1971,251,FRA,France,M,Import,0,W00,World,0,W00,World,S1,S1,TRUE,5611,Nitrogenous fertilizers and materials nes,4,TRUE,C00,TOTAL CPC,0,0,TOTAL MOT,8,kg,632982976,FALSE,-1,N/A,,FALSE,632982976,FALSE,,FALSE,29171660,,29171660,0,TRUE,FALSE
C,A,19710101,1971,52,1971,251,FRA,France,X,Export,0,W00,World,0,W00,World,S1,S1,TRUE,5611,Nitrogenous fertilizers and materials nes,4,TRUE,C00,TOTAL CPC,0,0,TOTAL MOT,8,kg,307123296,FALSE,-1,N/A,,FALSE,307123296,FALSE,,FALSE,,13172284,13172284,0,TRUE,FALSE
C,A,19710101,1971,52,1971,266,GAB,Gabon,M,Import,0,W00,World,0,W00,World,S1,S1,TRUE,5611,Nitrogenous fertilizers and materials nes,4,TRUE,C00,TOTAL CPC,0,0,TOTAL MOT,8,kg,99273,FALSE,-1,N/A,,FALSE,99273,FALSE,,FALSE,7172,,7172,0,TRUE,FALSE
C,A,19710101,1971,52,1971,270,GMB,Gambia,M,Import,0,W00,World,0,W00,World,S1,S1,TRUE,5611,Nitrogenous fertilizers and materials nes,4,TRUE,C00,TOTAL CPC,0,0,TOTAL MOT,8,kg,0,FALSE,-1,N/A,,FALSE,,FALSE,,FALSE,152,,152,0,TRUE,FALSE
C,A,19710101,1971,52,1971,280,DEU,Fed. Rep. of Germany (...1990),M,Import,0,W00,World,0,W00,World,S1,S1,TRUE,5611,Nitrogenous fertilizers and materials nes,4,TRUE,C00,TOTAL CPC,0,0,TOTAL MOT,8,kg,578385728,FALSE,-1,N/A,,TRUE,578385728,FALSE,-1,TRUE,27955000,,27955000,0,FALSE,FALSE
C,A,19710101,1971,52,1971,280,DEU,Fed. Rep. of Germany (...1990),X,Export,0,W00,World,0,W00,World,S1,S1,TRUE,5611,Nitrogenous fertilizers and materials nes,4,TRUE,C00,TOTAL CPC,0,0,TOTAL MOT,8,kg,951582016,FALSE,-1,N/A,,TRUE,951582016,FALSE,-1,TRUE,,25038008,25038008,0,FALSE,FALSE
C,A,19710101,1971,52,1971,288,GHA,Ghana,M,Import,0,W00,World,0,W00,World,S1,S1,TRUE,5611,Nitrogenous fertilizers and materials nes,4,TRUE,C00,TOTAL CPC,0,0,TOTAL MOT,8,kg,4621677,FALSE,-1,N/A,,FALSE,4621677,FALSE,,FALSE,342907,,342907,0,TRUE,FALSE
C,A,19710101,1971,52,1971,300,GRC,Greece,M,Import,0,W00,World,0,W00,World,S1,S1,TRUE,5611,Nitrogenous fertilizers and materials nes,4,TRUE,C00,TOTAL CPC,0,0,TOTAL MOT,8,kg,124402912,FALSE,-1,N/A,,FALSE,124402912,FALSE,,FALSE,5314661,,5314661,0,TRUE,FALSE
C,A,19710101,1971,52,1971,312,GLP,Guadeloupe (Overseas France),M,Import,0,W00,World,0,W00,World,S1,S1,TRUE,5611,Nitrogenous fertilizers and materials nes,4,TRUE,C00,TOTAL CPC,0,0,TOTAL MOT,8,kg,674437,FALSE,-1,N/A,,FALSE,674437,FALSE,,FALSE,40310,,40310,0,TRUE,FALSE
C,A,19710101,1971,52,1971,320,GTM,Guatemala,M,Import,0,W00,World,0,W00,World,S1,S1,TRUE,5611,Nitrogenous fertilizers and materials nes,4,TRUE,C00,TOTAL CPC,0,0,TOTAL MOT,8,kg,53235424,FALSE,-1,N/A,,FALSE,53235424,FALSE,,FALSE,3536348,,3536348,0,TRUE,FALSE
C,A,19710101,1971,52,1971,320,GTM,Guatemala,X,Export,0,W00,World,0,W00,World,S1,S1,TRUE,5611,Nitrogenous fertilizers and materials nes,4,TRUE,C00,TOTAL CPC,0,0,TOTAL MOT,8,kg,28194,FALSE,-1,N/A,,FALSE,28194,FALSE,,FALSE,,10155,10155,0,TRUE,FALSE
C,A,19710101,1971,52,1971,328,GUY,Guyana,M,Import,0,W00,World,0,W00,World,S1,S1,TRUE,5611,Nitrogenous fertilizers and materials nes,4,TRUE,C00,TOTAL CPC,0,0,TOTAL MOT,8,kg,33486896,FALSE,-1,N/A,,FALSE,33486896,FALSE,,FALSE,1518033,,1518033,0,TRUE,FALSE
C,A,19710101,1971,52,1971,340,HND,Honduras,M,Import,0,W00,World,0,W00,World,S1,S1,TRUE,5611,Nitrogenous fertilizers and materials nes,4,TRUE,C00,TOTAL CPC,0,0,TOTAL MOT,8,kg,40350496,FALSE,-1,N/A,,FALSE,40350496,FALSE,,FALSE,2627174,,2627174,0,TRUE,FALSE
C,A,19710101,1971,52,1971,344,HKG,"China, Hong Kong SAR",M,Import,0,W00,World,0,W00,World,S1,S1,TRUE,5611,Nitrogenous fertilizers and materials nes,4,TRUE,C00,TOTAL CPC,0,0,TOTAL MOT,8,kg,2805472,FALSE,-1,N/A,,FALSE,2805472,FALSE,,FALSE,195965,,195965,0,TRUE,FALSE
C,A,19710101,1971,52,1971,344,HKG,"China, Hong Kong SAR",X,Export,0,W00,World,0,W00,World,S1,S1,TRUE,5611,Nitrogenous fertilizers and materials nes,4,TRUE,C00,TOTAL CPC,0,0,TOTAL MOT,8,kg,4062,FALSE,-1,N/A,,FALSE,4062,FALSE,,FALSE,,535,535,0,TRUE,FALSE
C,A,19710101,1971,52,1971,352,ISL,Iceland,M,Import,0,W00,World,0,W00,World,S1,S1,TRUE,5611,Nitrogenous fertilizers and materials nes,4,TRUE,C00,TOTAL CPC,0,0,TOTAL MOT,8,kg,3449189,FALSE,-1,N/A,,FALSE,3449189,FALSE,,FALSE,185657,,185657,0,TRUE,FALSE
C,A,19710101,1971,52,1971,356,IND,India (...1974),M,Import,0,W00,World,0,W00,World,S1,S1,TRUE,5611,Nitrogenous fertilizers and materials nes,4,TRUE,C00,TOTAL CPC,0,0,TOTAL MOT,8,kg,966412992,FALSE,-1,N/A,,FALSE,966412992,FALSE,,FALSE,62915776,,62915776,0,TRUE,FALSE
C,A,19710101,1971,52,1971,356,IND,India (...1974),X,Export,0,W00,World,0,W00,World,S1,S1,TRUE,5611,Nitrogenous fertilizers and materials nes,4,TRUE,C00,TOTAL CPC,0,0,TOTAL MOT,8,kg,1000,FALSE,-1,N/A,,FALSE,1000,FALSE,,FALSE,,1280,1280,0,TRUE,FALSE
C,A,19710101,1971,52,1971,360,IDN,Indonesia,M,Import,0,W00,World,0,W00,World,S1,S1,TRUE,5611,Nitrogenous fertilizers and materials nes,4,TRUE,C00,TOTAL CPC,0,0,TOTAL MOT,8,kg,367244320,FALSE,-1,N/A,,FALSE,367244320,FALSE,,FALSE,22369468,,22369468,0,TRUE,FALSE
C,A,19710101,1971,52,1971,364,IRN,Iran,M,Import,0,W00,World,0,W00,World,S1,S1,TRUE,5611,Nitrogenous fertilizers and materials nes,4,TRUE,C00,TOTAL CPC,0,0,TOTAL MOT,8,kg,51590252,FALSE,-1,N/A,,FALSE,51590252,FALSE,,FALSE,2814807,,2814807,0,TRUE,FALSE
C,A,19710101,1971,52,1971,364,IRN,Iran,X,Export,0,W00,World,0,W00,World,S1,S1,TRUE,5611,Nitrogenous fertilizers and materials nes,4,TRUE,C00,TOTAL CPC,0,0,TOTAL MOT,8,kg,30605,FALSE,-1,N/A,,FALSE,30605,FALSE,,FALSE,,2828,2828,0,TRUE,FALSE
C,A,19710101,1971,52,1971,372,IRL,Ireland,M,Import,0,W00,World,0,W00,World,S1,S1,TRUE,5611,Nitrogenous fertilizers and materials nes,4,TRUE,C00,TOTAL CPC,0,0,TOTAL MOT,8,kg,31093080,FALSE,-1,N/A,,FALSE,31093080,FALSE,,FALSE,1618242,,1618242,0,TRUE,FALSE
C,A,19710101,1971,52,1971,376,ISR,Israel,M,Import,0,W00,World,0,W00,World,S1,S1,TRUE,5611,Nitrogenous fertilizers and materials nes,4,TRUE,C00,TOTAL CPC,0,0,TOTAL MOT,8,kg,44817152,FALSE,-1,N/A,,FALSE,44817152,FALSE,,FALSE,1484167,,1484167,0,TRUE,FALSE
C,A,19710101,1971,52,1971,380,ITA,Italy,M,Import,0,W00,World,0,W00,World,S1,S1,TRUE,5611,Nitrogenous fertilizers and materials nes,4,TRUE,C00,TOTAL CPC,0,0,TOTAL MOT,8,kg,109894256,FALSE,-1,N/A,,TRUE,109894256,FALSE,-1,TRUE,3738943,,3738943,0,FALSE,FALSE
C,A,19710101,1971,52,1971,380,ITA,Italy,X,Export,0,W00,World,0,W00,World,S1,S1,TRUE,5611,Nitrogenous fertilizers and materials nes,4,TRUE,C00,TOTAL CPC,0,0,TOTAL MOT,8,kg,871567424,FALSE,-1,N/A,,TRUE,871567424,FALSE,-1,TRUE,,21118920,21118920,0,FALSE,FALSE
C,A,19710101,1971,52,1971,384,CIV,CÙte d'Ivoire,M,Import,0,W00,World,0,W00,World,S1,S1,TRUE,5611,Nitrogenous fertilizers and materials nes,4,TRUE,C00,TOTAL CPC,0,0,TOTAL MOT,8,kg,7017449,FALSE,-1,N/A,,FALSE,7017449,FALSE,,FALSE,396616,,396616,0,TRUE,FALSE
C,A,19710101,1971,52,1971,384,CIV,CÙte d'Ivoire,X,Export,0,W00,World,0,W00,World,S1,S1,TRUE,5611,Nitrogenous fertilizers and materials nes,4,TRUE,C00,TOTAL CPC,0,0,TOTAL MOT,8,kg,64550,FALSE,-1,N/A,,FALSE,64550,FALSE,,FALSE,,9031,9031,0,TRUE,FALSE
C,A,19710101,1971,52,1971,392,JPN,Japan,M,Import,0,W00,World,0,W00,World,S1,S1,TRUE,5611,Nitrogenous fertilizers and materials nes,4,TRUE,C00,TOTAL CPC,0,0,TOTAL MOT,8,kg,6948000,FALSE,-1,N/A,,FALSE,6948000,FALSE,,FALSE,401358,,401358,0,TRUE,FALSE
C,A,19710101,1971,52,1971,392,JPN,Japan,X,Export,0,W00,World,0,W00,World,S1,S1,TRUE,5611,Nitrogenous fertilizers and materials nes,4,TRUE,C00,TOTAL CPC,0,0,TOTAL MOT,8,kg,1338151936,FALSE,-1,N/A,,FALSE,1338151936,FALSE,,FALSE,,33900216,33900216,0,TRUE,FALSE
C,A,19710101,1971,52,1971,410,KOR,Rep. of Korea,M,Import,0,W00,World,0,W00,World,S1,S1,TRUE,5611,Nitrogenous fertilizers and materials nes,4,TRUE,C00,TOTAL CPC,0,0,TOTAL MOT,8,kg,10645748,FALSE,-1,N/A,,FALSE,10645748,FALSE,,FALSE,1067505,,1067505,0,TRUE,FALSE
C,A,19710101,1971,52,1971,410,KOR,Rep. of Korea,X,Export,0,W00,World,0,W00,World,S1,S1,TRUE,5611,Nitrogenous fertilizers and materials nes,4,TRUE,C00,TOTAL CPC,0,0,TOTAL MOT,8,kg,96600000,FALSE,-1,N/A,,FALSE,96600000,FALSE,,FALSE,,2891526,2891526,0,TRUE,FALSE
C,A,19710101,1971,52,1971,414,KWT,Kuwait,X,Export,0,W00,World,0,W00,World,S1,S1,TRUE,5611,Nitrogenous fertilizers and materials nes,4,TRUE,C00,TOTAL CPC,0,0,TOTAL MOT,8,kg,182209728,FALSE,-1,N/A,,FALSE,182209728,FALSE,,FALSE,,9045253,9045253,0,TRUE,FALSE
C,A,19710101,1971,52,1971,418,LAO,Lao People's Dem. Rep.,M,Import,0,W00,World,0,W00,World,S1,S1,TRUE,5611,Nitrogenous fertilizers and materials nes,4,TRUE,C00,TOTAL CPC,0,0,TOTAL MOT,8,kg,13937,FALSE,-1,N/A,,FALSE,13937,FALSE,,FALSE,,6249,6249,0,TRUE,FALSE
C,A,19710101,1971,52,1971,422,LBN,Lebanon,M,Import,0,W00,World,0,W00,World,S1,S1,TRUE,5611,Nitrogenous fertilizers and materials nes,4,TRUE,C00,TOTAL CPC,0,0,TOTAL MOT,8,kg,41030136,FALSE,-1,N/A,,FALSE,41030136,FALSE,,FALSE,1437847,,1437847,0,TRUE,FALSE
C,A,19710101,1971,52,1971,422,LBN,Lebanon,X,Export,0,W00,World,0,W00,World,S1,S1,TRUE,5611,Nitrogenous fertilizers and materials nes,4,TRUE,C00,TOTAL CPC,0,0,TOTAL MOT,8,kg,15108674,FALSE,-1,N/A,,FALSE,15108674,FALSE,,FALSE,,699311,699311,0,TRUE,FALSE
C,A,19710101,1971,52,1971,430,LBR,Liberia,M,Import,0,W00,World,0,W00,World,S1,S1,TRUE,5611,Nitrogenous fertilizers and materials nes,4,TRUE,C00,TOTAL CPC,0,0,TOTAL MOT,8,kg,2011731,FALSE,-1,N/A,,FALSE,2011731,FALSE,,FALSE,168929,,168929,0,TRUE,FALSE
C,A,19710101,1971,52,1971,434,LBY,Libya,M,Import,0,W00,World,0,W00,World,S1,S1,TRUE,5611,Nitrogenous fertilizers and materials nes,4,TRUE,C00,TOTAL CPC,0,0,TOTAL MOT,8,kg,27877608,FALSE,-1,N/A,,FALSE,27877608,FALSE,,FALSE,2604754,,2604754,0,TRUE,FALSE
C,A,19710101,1971,52,1971,454,MWI,Malawi,M,Import,0,W00,World,0,W00,World,S1,S1,TRUE,5611,Nitrogenous fertilizers and materials nes,4,TRUE,C00,TOTAL CPC,0,0,TOTAL MOT,-1,N/A,0,FALSE,-1,N/A,,FALSE,,FALSE,,FALSE,1755037,,1755037,0,TRUE,FALSE
C,A,19710101,1971,52,1971,458,MYS,Malaysia,M,Import,0,W00,World,0,W00,World,S1,S1,TRUE,5611,Nitrogenous fertilizers and materials nes,4,TRUE,C00,TOTAL CPC,0,0,TOTAL MOT,8,kg,70821984,FALSE,-1,N/A,,FALSE,70821984,FALSE,,FALSE,3742666,,3742666,0,TRUE,FALSE
C,A,19710101,1971,52,1971,458,MYS,Malaysia,X,Export,0,W00,World,0,W00,World,S1,S1,TRUE,5611,Nitrogenous fertilizers and materials nes,4,TRUE,C00,TOTAL CPC,0,0,TOTAL MOT,8,kg,310312,FALSE,-1,N/A,,FALSE,310312,FALSE,,FALSE,,18315,18315,0,TRUE,FALSE
C,A,19710101,1971,52,1971,466,MLI,Mali,M,Import,0,W00,World,0,W00,World,S1,S1,TRUE,5611,Nitrogenous fertilizers and materials nes,4,TRUE,C00,TOTAL CPC,0,0,TOTAL MOT,8,kg,1952420,FALSE,-1,N/A,,FALSE,1952420,FALSE,,FALSE,166380,,166380,0,TRUE,FALSE
C,A,19710101,1971,52,1971,470,MLT,Malta,M,Import,0,W00,World,0,W00,World,S1,S1,TRUE,5611,Nitrogenous fertilizers and materials nes,4,TRUE,C00,TOTAL CPC,0,0,TOTAL MOT,8,kg,1904250,FALSE,-1,N/A,,FALSE,1904250,FALSE,,FALSE,103321,,103321,0,TRUE,FALSE
C,A,19710101,1971,52,1971,474,MTQ,Martinique (Overseas France),M,Import,0,W00,World,0,W00,World,S1,S1,TRUE,5611,Nitrogenous fertilizers and materials nes,4,TRUE,C00,TOTAL CPC,0,0,TOTAL MOT,8,kg,2660562,FALSE,-1,N/A,,FALSE,2660562,FALSE,,FALSE,123824,,123824,0,TRUE,FALSE
C,A,19710101,1971,52,1971,474,MTQ,Martinique (Overseas France),X,Export,0,W00,World,0,W00,World,S1,S1,TRUE,5611,Nitrogenous fertilizers and materials nes,4,TRUE,C00,TOTAL CPC,0,0,TOTAL MOT,8,kg,1000,FALSE,-1,N/A,,FALSE,1000,FALSE,,FALSE,,125,125,0,TRUE,FALSE
C,A,19710101,1971,52,1971,478,MRT,Mauritania,M,Import,0,W00,World,0,W00,World,S1,S1,TRUE,5611,Nitrogenous fertilizers and materials nes,4,TRUE,C00,TOTAL CPC,0,0,TOTAL MOT,8,kg,3175296,FALSE,-1,N/A,,FALSE,3175296,FALSE,,FALSE,234899,,234899,0,TRUE,FALSE
C,A,19710101,1971,52,1971,480,MUS,Mauritius,M,Import,0,W00,World,0,W00,World,S1,S1,TRUE,5611,Nitrogenous fertilizers and materials nes,4,TRUE,C00,TOTAL CPC,0,0,TOTAL MOT,8,kg,32231,FALSE,-1,N/A,,FALSE,32231,FALSE,,FALSE,1168201,,1168201,0,TRUE,FALSE
C,A,19710101,1971,52,1971,484,MEX,Mexico,M,Import,0,W00,World,0,W00,World,S1,S1,TRUE,5611,Nitrogenous fertilizers and materials nes,4,TRUE,C00,TOTAL CPC,0,0,TOTAL MOT,8,kg,179430112,FALSE,-1,N/A,,FALSE,179430112,FALSE,,FALSE,7295937,,7295937,0,TRUE,FALSE
C,A,19710101,1971,52,1971,484,MEX,Mexico,X,Export,0,W00,World,0,W00,World,S1,S1,TRUE,5611,Nitrogenous fertilizers and materials nes,4,TRUE,C00,TOTAL CPC,0,0,TOTAL MOT,8,kg,70298256,FALSE,-1,N/A,,FALSE,70298256,FALSE,,FALSE,,4517007,4517007,0,TRUE,FALSE
C,A,19710101,1971,52,1971,490,S19,"Other Asia, nes",M,Import,0,W00,World,0,W00,World,S1,S1,TRUE,5611,Nitrogenous fertilizers and materials nes,4,TRUE,C00,TOTAL CPC,0,0,TOTAL MOT,8,kg,16601,FALSE,-1,N/A,,FALSE,16601,FALSE,,FALSE,2459,,2459,0,TRUE,FALSE
C,A,19710101,1971,52,1971,490,S19,"Other Asia, nes",X,Export,0,W00,World,0,W00,World,S1,S1,TRUE,5611,Nitrogenous fertilizers and materials nes,4,TRUE,C00,TOTAL CPC,0,0,TOTAL MOT,8,kg,5580000,FALSE,-1,N/A,,FALSE,5580000,FALSE,,FALSE,,299506,299506,0,TRUE,FALSE
C,A,19710101,1971,52,1971,504,MAR,Morocco,M,Import,0,W00,World,0,W00,World,S1,S1,TRUE,5611,Nitrogenous fertilizers and materials nes,4,TRUE,C00,TOTAL CPC,0,0,TOTAL MOT,8,kg,111135152,FALSE,-1,N/A,,FALSE,111135152,FALSE,,FALSE,3354861,,3354861,0,TRUE,FALSE
C,A,19710101,1971,52,1971,504,MAR,Morocco,X,Export,0,W00,World,0,W00,World,S1,S1,TRUE,5611,Nitrogenous fertilizers and materials nes,4,TRUE,C00,TOTAL CPC,0,0,TOTAL MOT,8,kg,3469000,FALSE,-1,N/A,,FALSE,3469000,FALSE,,FALSE,,218863,218863,0,TRUE,FALSE
C,A,19710101,1971,52,1971,528,NLD,Netherlands,M,Import,0,W00,World,0,W00,World,S1,S1,TRUE,5611,Nitrogenous fertilizers and materials nes,4,TRUE,C00,TOTAL CPC,0,0,TOTAL MOT,8,kg,19566460,FALSE,-1,N/A,,FALSE,19566460,FALSE,,FALSE,884211,,884211,0,TRUE,FALSE
C,A,19710101,1971,52,1971,528,NLD,Netherlands,X,Export,0,W00,World,0,W00,World,S1,S1,TRUE,5611,Nitrogenous fertilizers and materials nes,4,TRUE,C00,TOTAL CPC,0,0,TOTAL MOT,8,kg,957871232,FALSE,-1,N/A,,FALSE,957871232,FALSE,,FALSE,,21057600,21057600,0,TRUE,FALSE
C,A,19710101,1971,52,1971,532,ANT,Netherlands Antilles and Aruba (...1985),X,Export,0,W00,World,0,W00,World,S1,S1,TRUE,5611,Nitrogenous fertilizers and materials nes,4,TRUE,C00,TOTAL CPC,0,0,TOTAL MOT,8,kg,7617000,FALSE,-1,N/A,,FALSE,7617000,FALSE,,FALSE,,351033,351033,0,TRUE,FALSE
C,A,19710101,1971,52,1971,554,NZL,New Zealand,M,Import,0,W00,World,0,W00,World,S1,S1,TRUE,5611,Nitrogenous fertilizers and materials nes,4,TRUE,C00,TOTAL CPC,0,0,TOTAL MOT,-1,N/A,0,FALSE,-1,N/A,,FALSE,,FALSE,,FALSE,1531770,,1531770,0,TRUE,FALSE
C,A,19710101,1971,52,1971,554,NZL,New Zealand,X,Export,0,W00,World,0,W00,World,S1,S1,TRUE,5611,Nitrogenous fertilizers and materials nes,4,TRUE,C00,TOTAL CPC,0,0,TOTAL MOT,8,kg,110705,FALSE,-1,N/A,,FALSE,110705,FALSE,,FALSE,,7221,7221,0,TRUE,FALSE
C,A,19710101,1971,52,1971,558,NIC,Nicaragua,M,Import,0,W00,World,0,W00,World,S1,S1,TRUE,5611,Nitrogenous fertilizers and materials nes,4,TRUE,C00,TOTAL CPC,0,0,TOTAL MOT,8,kg,34104296,FALSE,-1,N/A,,FALSE,34104296,FALSE,,FALSE,1846372,,1846372,0,TRUE,FALSE
C,A,19710101,1971,52,1971,558,NIC,Nicaragua,X,Export,0,W00,World,0,W00,World,S1,S1,TRUE,5611,Nitrogenous fertilizers and materials nes,4,TRUE,C00,TOTAL CPC,0,0,TOTAL MOT,8,kg,21160,FALSE,-1,N/A,,FALSE,21160,FALSE,,FALSE,,2300,2300,0,TRUE,FALSE
C,A,19710101,1971,52,1971,562,NER,Niger,M,Import,0,W00,World,0,W00,World,S1,S1,TRUE,5611,Nitrogenous fertilizers and materials nes,4,TRUE,C00,TOTAL CPC,0,0,TOTAL MOT,8,kg,500760,FALSE,-1,N/A,,FALSE,500760,FALSE,,FALSE,63528,,63528,0,TRUE,FALSE
C,A,19710101,1971,52,1971,566,NGA,Nigeria,M,Import,0,W00,World,0,W00,World,S1,S1,TRUE,5611,Nitrogenous fertilizers and materials nes,4,TRUE,C00,TOTAL CPC,0,0,TOTAL MOT,8,kg,5215373,FALSE,-1,N/A,,FALSE,5215373,FALSE,,FALSE,444351,,444351,0,TRUE,FALSE
C,A,19710101,1971,52,1971,579,NOR,Norway,M,Import,0,W00,World,0,W00,World,S1,S1,TRUE,5611,Nitrogenous fertilizers and materials nes,4,TRUE,C00,TOTAL CPC,0,0,TOTAL MOT,8,kg,1391716,FALSE,-1,N/A,,FALSE,1391716,FALSE,,FALSE,102663,,102663,0,TRUE,FALSE
C,A,19710101,1971,52,1971,579,NOR,Norway,X,Export,0,W00,World,0,W00,World,S1,S1,TRUE,5611,Nitrogenous fertilizers and materials nes,4,TRUE,C00,TOTAL CPC,0,0,TOTAL MOT,8,kg,758703104,FALSE,-1,N/A,,FALSE,758703104,FALSE,,FALSE,,27519770,27519770,0,TRUE,FALSE
C,A,19710101,1971,52,1971,588,PAK,East and West Pakistan (...1971),M,Import,0,W00,World,0,W00,World,S1,S1,TRUE,5611,Nitrogenous fertilizers and materials nes,4,TRUE,C00,TOTAL CPC,0,0,TOTAL MOT,-1,N/A,0,FALSE,-1,N/A,,FALSE,,FALSE,,FALSE,13533382,,13533382,0,TRUE,FALSE
C,A,19710101,1971,52,1971,590,PAN,"Panama, excl.Canal Zone (...1977)",M,Import,0,W00,World,0,W00,World,S1,S1,TRUE,5611,Nitrogenous fertilizers and materials nes,4,TRUE,C00,TOTAL CPC,0,0,TOTAL MOT,8,kg,21451982,FALSE,-1,N/A,,FALSE,21451982,FALSE,,FALSE,1406899,,1406899,0,TRUE,FALSE
C,A,19710101,1971,52,1971,598,PNG,Papua New Guinea,M,Import,0,W00,World,0,W00,World,S1,S1,TRUE,5611,Nitrogenous fertilizers and materials nes,4,TRUE,C00,TOTAL CPC,0,0,TOTAL MOT,8,kg,7892962,FALSE,-1,N/A,,FALSE,7892962,FALSE,,FALSE,406328,,406328,0,TRUE,FALSE
C,A,19710101,1971,52,1971,604,PER,Peru,M,Import,0,W00,World,0,W00,World,S1,S1,TRUE,5611,Nitrogenous fertilizers and materials nes,4,TRUE,C00,TOTAL CPC,0,0,TOTAL MOT,8,kg,79487280,FALSE,-1,N/A,,FALSE,79487280,FALSE,,FALSE,3726164,,3726164,0,TRUE,FALSE
C,A,19710101,1971,52,1971,604,PER,Peru,X,Export,0,W00,World,0,W00,World,S1,S1,TRUE,5611,Nitrogenous fertilizers and materials nes,4,TRUE,C00,TOTAL CPC,0,0,TOTAL MOT,8,kg,24757,FALSE,-1,N/A,,FALSE,24757,FALSE,,FALSE,,6319,6319,0,TRUE,FALSE
C,A,19710101,1971,52,1971,608,PHL,Philippines,M,Import,0,W00,World,0,W00,World,S1,S1,TRUE,5611,Nitrogenous fertilizers and materials nes,4,TRUE,C00,TOTAL CPC,0,0,TOTAL MOT,8,kg,207460688,FALSE,-1,N/A,,FALSE,207460688,FALSE,,FALSE,13036127,,13036127,0,TRUE,FALSE
C,A,19710101,1971,52,1971,620,PRT,Portugal,M,Import,0,W00,World,0,W00,World,S1,S1,TRUE,5611,Nitrogenous fertilizers and materials nes,4,TRUE,C00,TOTAL CPC,0,0,TOTAL MOT,8,kg,3966262,FALSE,-1,N/A,,FALSE,3966262,FALSE,,FALSE,302923,,302923,0,TRUE,FALSE
C,A,19710101,1971,52,1971,620,PRT,Portugal,X,Export,0,W00,World,0,W00,World,S1,S1,TRUE,5611,Nitrogenous fertilizers and materials nes,4,TRUE,C00,TOTAL CPC,0,0,TOTAL MOT,8,kg,70334576,FALSE,-1,N/A,,FALSE,70334576,FALSE,,FALSE,,2683168,2683168,0,TRUE,FALSE
C,A,19710101,1971,52,1971,638,REU,RÈunion (Overseas France),M,Import,0,W00,World,0,W00,World,S1,S1,TRUE,5611,Nitrogenous fertilizers and materials nes,4,TRUE,C00,TOTAL CPC,0,0,TOTAL MOT,8,kg,6016588,FALSE,-1,N/A,,TRUE,6016588,FALSE,-1,TRUE,261014,,261014,0,FALSE,FALSE
C,A,19710101,1971,52,1971,686,SEN,Senegal,M,Import,0,W00,World,0,W00,World,S1,S1,TRUE,5611,Nitrogenous fertilizers and materials nes,4,TRUE,C00,TOTAL CPC,0,0,TOTAL MOT,8,kg,1518483,FALSE,-1,N/A,,FALSE,1518483,FALSE,,FALSE,104479,,104479,0,TRUE,FALSE
C,A,19710101,1971,52,1971,686,SEN,Senegal,X,Export,0,W00,World,0,W00,World,S1,S1,TRUE,5611,Nitrogenous fertilizers and materials nes,4,TRUE,C00,TOTAL CPC,0,0,TOTAL MOT,8,kg,1523838,FALSE,-1,N/A,,FALSE,1523838,FALSE,,FALSE,,114182,114182,0,TRUE,FALSE
C,A,19710101,1971,52,1971,690,SYC,Seychelles,M,Import,0,W00,World,0,W00,World,S1,S1,TRUE,5611,Nitrogenous fertilizers and materials nes,4,TRUE,C00,TOTAL CPC,0,0,TOTAL MOT,-1,N/A,0,FALSE,-1,N/A,,FALSE,,FALSE,,FALSE,1038,,1038,0,TRUE,FALSE
C,A,19710101,1971,52,1971,702,SGP,Singapore,M,Import,0,W00,World,0,W00,World,S1,S1,TRUE,5611,Nitrogenous fertilizers and materials nes,4,TRUE,C00,TOTAL CPC,0,0,TOTAL MOT,8,kg,112329128,FALSE,-1,N/A,,FALSE,112329128,FALSE,,FALSE,5480403,,5480403,0,TRUE,FALSE
C,A,19710101,1971,52,1971,702,SGP,Singapore,X,Export,0,W00,World,0,W00,World,S1,S1,TRUE,5611,Nitrogenous fertilizers and materials nes,4,TRUE,C00,TOTAL CPC,0,0,TOTAL MOT,8,kg,29362292,FALSE,-1,N/A,,FALSE,29362292,FALSE,,FALSE,,1521628,1521628,0,TRUE,FALSE
C,A,19710101,1971,52,1971,724,ESP,Spain,M,Import,0,W00,World,0,W00,World,S1,S1,TRUE,5611,Nitrogenous fertilizers and materials nes,4,TRUE,C00,TOTAL CPC,0,0,TOTAL MOT,8,kg,186614848,FALSE,-1,N/A,,FALSE,186614848,FALSE,,FALSE,5914965,,5914965,0,TRUE,FALSE
C,A,19710101,1971,52,1971,724,ESP,Spain,X,Export,0,W00,World,0,W00,World,S1,S1,TRUE,5611,Nitrogenous fertilizers and materials nes,4,TRUE,C00,TOTAL CPC,0,0,TOTAL MOT,8,kg,996904,FALSE,-1,N/A,,FALSE,996904,FALSE,,FALSE,,48743,48743,0,TRUE,FALSE
C,A,19710101,1971,52,1971,736,SDN,Sudan (...2011),M,Import,0,W00,World,0,W00,World,S1,S1,TRUE,5611,Nitrogenous fertilizers and materials nes,4,TRUE,C00,TOTAL CPC,0,0,TOTAL MOT,8,kg,85554000,FALSE,-1,N/A,,FALSE,85554000,FALSE,,FALSE,5523737,,5523737,0,TRUE,FALSE
C,A,19710101,1971,52,1971,752,SWE,Sweden,M,Import,0,W00,World,0,W00,World,S1,S1,TRUE,5611,Nitrogenous fertilizers and materials nes,4,TRUE,C00,TOTAL CPC,0,0,TOTAL MOT,8,kg,477358592,FALSE,-1,N/A,,FALSE,477358592,FALSE,,FALSE,17534580,,17534580,0,TRUE,FALSE
C,A,19710101,1971,52,1971,752,SWE,Sweden,X,Export,0,W00,World,0,W00,World,S1,S1,TRUE,5611,Nitrogenous fertilizers and materials nes,4,TRUE,C00,TOTAL CPC,0,0,TOTAL MOT,8,kg,54254568,FALSE,-1,N/A,,FALSE,54254568,FALSE,,FALSE,,1866116,1866116,0,TRUE,FALSE
C,A,19710101,1971,52,1971,757,CHE,Switzerland,M,Import,0,W00,World,0,W00,World,S1,S1,TRUE,5611,Nitrogenous fertilizers and materials nes,4,TRUE,C00,TOTAL CPC,0,0,TOTAL MOT,8,kg,20394144,FALSE,-1,N/A,,FALSE,20394144,FALSE,,FALSE,1030699,,1030699,0,TRUE,FALSE
C,A,19710101,1971,52,1971,757,CHE,Switzerland,X,Export,0,W00,World,0,W00,World,S1,S1,TRUE,5611,Nitrogenous fertilizers and materials nes,4,TRUE,C00,TOTAL CPC,0,0,TOTAL MOT,8,kg,54354,FALSE,-1,N/A,,FALSE,54354,FALSE,,FALSE,,14824,14824,0,TRUE,FALSE
C,A,19710101,1971,52,1971,764,THA,Thailand,M,Import,0,W00,World,0,W00,World,S1,S1,TRUE,5611,Nitrogenous fertilizers and materials nes,4,TRUE,C00,TOTAL CPC,0,0,TOTAL MOT,8,kg,53263744,FALSE,-1,N/A,,FALSE,53263744,FALSE,,FALSE,3795106,,3795106,0,TRUE,FALSE
C,A,19710101,1971,52,1971,768,TGO,Togo,M,Import,0,W00,World,0,W00,World,S1,S1,TRUE,5611,Nitrogenous fertilizers and materials nes,4,TRUE,C00,TOTAL CPC,0,0,TOTAL MOT,8,kg,771554,FALSE,-1,N/A,,FALSE,771554,FALSE,,FALSE,34907,,34907,0,TRUE,FALSE
C,A,19710101,1971,52,1971,768,TGO,Togo,X,Export,0,W00,World,0,W00,World,S1,S1,TRUE,5611,Nitrogenous fertilizers and materials nes,4,TRUE,C00,TOTAL CPC,0,0,TOTAL MOT,8,kg,4000,FALSE,-1,N/A,,FALSE,4000,FALSE,,FALSE,,527,527,0,TRUE,FALSE
C,A,19710101,1971,52,1971,780,TTO,Trinidad and Tobago,M,Import,0,W00,World,0,W00,World,S1,S1,TRUE,5611,Nitrogenous fertilizers and materials nes,4,TRUE,C00,TOTAL CPC,0,0,TOTAL MOT,8,kg,644187,FALSE,-1,N/A,,FALSE,644187,FALSE,,FALSE,46352,,46352,0,TRUE,FALSE
C,A,19710101,1971,52,1971,780,TTO,Trinidad and Tobago,X,Export,0,W00,World,0,W00,World,S1,S1,TRUE,5611,Nitrogenous fertilizers and materials nes,4,TRUE,C00,TOTAL CPC,0,0,TOTAL MOT,8,kg,85670032,FALSE,-1,N/A,,FALSE,85670032,FALSE,,FALSE,,4216635,4216635,0,TRUE,FALSE
C,A,19710101,1971,52,1971,788,TUN,Tunisia,M,Import,0,W00,World,0,W00,World,S1,S1,TRUE,5611,Nitrogenous fertilizers and materials nes,4,TRUE,C00,TOTAL CPC,0,0,TOTAL MOT,8,kg,74538584,FALSE,-1,N/A,,FALSE,74538584,FALSE,,FALSE,3279578,,3279578,0,TRUE,FALSE
C,A,19710101,1971,52,1971,792,TUR,TÅEkiye,M,Import,0,W00,World,0,W00,World,S1,S1,TRUE,5611,Nitrogenous fertilizers and materials nes,4,TRUE,C00,TOTAL CPC,0,0,TOTAL MOT,8,kg,330689376,FALSE,-1,N/A,,FALSE,330689376,FALSE,,FALSE,10439018,,10439018,0,TRUE,FALSE
C,A,19710101,1971,52,1971,818,EGY,Egypt,M,Import,0,W00,World,0,W00,World,S1,S1,TRUE,5611,Nitrogenous fertilizers and materials nes,4,TRUE,C00,TOTAL CPC,0,0,TOTAL MOT,8,kg,429830784,FALSE,-1,N/A,,FALSE,429830784,FALSE,,FALSE,12752008,,12752008,0,TRUE,FALSE
C,A,19710101,1971,52,1971,826,GBR,United Kingdom,M,Import,0,W00,World,0,W00,World,S1,S1,TRUE,5611,Nitrogenous fertilizers and materials nes,4,TRUE,C00,TOTAL CPC,0,0,TOTAL MOT,-1,N/A,0,FALSE,-1,N/A,,FALSE,,FALSE,,FALSE,9423357,,9423357,0,TRUE,FALSE
C,A,19710101,1971,52,1971,826,GBR,United Kingdom,X,Export,0,W00,World,0,W00,World,S1,S1,TRUE,5611,Nitrogenous fertilizers and materials nes,4,TRUE,C00,TOTAL CPC,0,0,TOTAL MOT,-1,N/A,0,FALSE,-1,N/A,,FALSE,,FALSE,,FALSE,,2459198,2459198,0,TRUE,FALSE
C,A,19710101,1971,52,1971,841,USA,USA and Puerto Rico (...1980),M,Import,0,W00,World,0,W00,World,S1,S1,TRUE,5611,Nitrogenous fertilizers and materials nes,4,TRUE,C00,TOTAL CPC,0,0,TOTAL MOT,-1,N/A,0,FALSE,-1,N/A,,FALSE,,FALSE,,FALSE,,45792321,45792321,0,TRUE,FALSE
C,A,19710101,1971,52,1971,841,USA,USA and Puerto Rico (...1980),X,Export,0,W00,World,0,W00,World,S1,S1,TRUE,5611,Nitrogenous fertilizers and materials nes,4,TRUE,C00,TOTAL CPC,0,0,TOTAL MOT,8,kg,946266516,FALSE,-1,N/A,,FALSE,946266516,FALSE,,FALSE,,37411233,37411233,0,TRUE,FALSE
C,A,19710101,1971,52,1971,850,VIR,US Virgin Isds (...1980),M,Import,0,W00,World,0,W00,World,S1,S1,TRUE,5611,Nitrogenous fertilizers and materials nes,4,TRUE,C00,TOTAL CPC,0,0,TOTAL MOT,8,kg,109769,FALSE,-1,N/A,,FALSE,109769,FALSE,,FALSE,,16022,16022,0,TRUE,FALSE
C,A,19710101,1971,52,1971,854,BFA,Burkina Faso,M,Import,0,W00,World,0,W00,World,S1,S1,TRUE,5611,Nitrogenous fertilizers and materials nes,4,TRUE,C00,TOTAL CPC,0,0,TOTAL MOT,8,kg,11312,FALSE,-1,N/A,,FALSE,11312,FALSE,,FALSE,1520,,1520,0,TRUE,FALSE
C,A,19710101,1971,52,1971,858,URY,Uruguay,M,Import,0,W00,World,0,W00,World,S1,S1,TRUE,5611,Nitrogenous fertilizers and materials nes,4,TRUE,C00,TOTAL CPC,0,0,TOTAL MOT,-1,N/A,0,FALSE,-1,N/A,,FALSE,,FALSE,,FALSE,298234,,298234,0,TRUE,FALSE
C,A,19710101,1971,52,1971,862,VEN,Venezuela,M,Import,0,W00,World,0,W00,World,S1,S1,TRUE,5611,Nitrogenous fertilizers and materials nes,4,TRUE,C00,TOTAL CPC,0,0,TOTAL MOT,8,kg,121523416,FALSE,-1,N/A,,FALSE,121523416,FALSE,,FALSE,,4756188,4756188,0,TRUE,FALSE
C,A,19710101,1971,52,1971,862,VEN,Venezuela,X,Export,0,W00,World,0,W00,World,S1,S1,TRUE,5611,Nitrogenous fertilizers and materials nes,4,TRUE,C00,TOTAL CPC,0,0,TOTAL MOT,8,kg,738,FALSE,-1,N/A,,FALSE,738,FALSE,,FALSE,,442,442,0,TRUE,FALSE
C,A,19710101,1971,52,1971,868,VNM,Rep. of Vietnam (...1974),M,Import,0,W00,World,0,W00,World,S1,S1,TRUE,5611,Nitrogenous fertilizers and materials nes,4,TRUE,C00,TOTAL CPC,0,0,TOTAL MOT,8,kg,134499680,FALSE,-1,N/A,,FALSE,134499680,FALSE,,FALSE,3583283,,3583283,0,TRUE,FALSE
C,A,19710101,1971,52,1971,890,YUG,Yugoslavia (...1991),M,Import,0,W00,World,0,W00,World,S1,S1,TRUE,5611,Nitrogenous fertilizers and materials nes,4,TRUE,C00,TOTAL CPC,0,0,TOTAL MOT,8,kg,107213536,FALSE,-1,N/A,,FALSE,107213536,FALSE,,FALSE,2642100,,2642100,0,TRUE,FALSE
C,A,19710101,1971,52,1971,890,YUG,Yugoslavia (...1991),X,Export,0,W00,World,0,W00,World,S1,S1,TRUE,5611,Nitrogenous fertilizers and materials nes,4,TRUE,C00,TOTAL CPC,0,0,TOTAL MOT,8,kg,42135980,FALSE,-1,N/A,,FALSE,42135980,FALSE,,FALSE,,1877207,1877207,0,TRUE,FALSE
C,A,19710101,1971,52,1971,894,ZMB,Zambia,M,Import,0,W00,World,0,W00,World,S1,S1,TRUE,5611,Nitrogenous fertilizers and materials nes,4,TRUE,C00,TOTAL CPC,0,0,TOTAL MOT,8,kg,76309736,FALSE,-1,N/A,,FALSE,76309736,FALSE,,FALSE,,5962580,5962580,0,TRUE,FALSE
C,A,19710101,1971,52,1971,894,ZMB,Zambia,X,Export,0,W00,World,0,W00,World,S1,S1,TRUE,5611,Nitrogenous fertilizers and materials nes,4,TRUE,C00,TOTAL CPC,0,0,TOTAL MOT,8,kg,20000,FALSE,-1,N/A,,FALSE,20000,FALSE,,FALSE,,3639,3639,0,TRUE,FALSE
C,A,19720101,1972,52,1972,24,AGO,Angola,M,Import,0,W00,World,0,W00,World,S1,S1,TRUE,5611,Nitrogenous fertilizers and materials nes,4,TRUE,C00,TOTAL CPC,0,0,TOTAL MOT,8,kg,29629998,FALSE,-1,N/A,,FALSE,29629998,FALSE,,FALSE,1182969,,1182969,0,TRUE,FALSE
C,A,19720101,1972,52,1972,32,ARG,Argentina,M,Import,0,W00,World,0,W00,World,S1,S1,TRUE,5611,Nitrogenous fertilizers and materials nes,4,TRUE,C00,TOTAL CPC,0,0,TOTAL MOT,8,kg,21910876,FALSE,-1,N/A,,FALSE,21910876,FALSE,,FALSE,1130527,,1130527,0,TRUE,FALSE
C,A,19720101,1972,52,1972,32,ARG,Argentina,X,Export,0,W00,World,0,W00,World,S1,S1,TRUE,5611,Nitrogenous fertilizers and materials nes,4,TRUE,C00,TOTAL CPC,0,0,TOTAL MOT,8,kg,3000,FALSE,-1,N/A,,FALSE,3000,FALSE,,FALSE,,1573,1573,0,TRUE,FALSE
C,A,19720101,1972,52,1972,36,AUS,Australia,M,Import,0,W00,World,0,W00,World,S1,S1,TRUE,5611,Nitrogenous fertilizers and materials nes,4,TRUE,C00,TOTAL CPC,0,0,TOTAL MOT,8,kg,10639419,FALSE,-1,N/A,,FALSE,10639419,FALSE,,FALSE,,691931,691931,0,TRUE,FALSE
C,A,19720101,1972,52,1972,36,AUS,Australia,X,Export,0,W00,World,0,W00,World,S1,S1,TRUE,5611,Nitrogenous fertilizers and materials nes,4,TRUE,C00,TOTAL CPC,0,0,TOTAL MOT,8,kg,8873602,FALSE,-1,N/A,,FALSE,8873602,FALSE,,FALSE,,535799,535799,0,TRUE,FALSE
C,A,19720101,1972,52,1972,48,BHR,Bahrain,M,Import,0,W00,World,0,W00,World,S1,S1,TRUE,5611,Nitrogenous fertilizers and materials nes,4,TRUE,C00,TOTAL CPC,0,0,TOTAL MOT,8,kg,10796,FALSE,-1,N/A,,FALSE,10796,FALSE,,FALSE,1328,,1328,0,TRUE,FALSE
C,A,19720101,1972,52,1972,52,BRB,Barbados,M,Import,0,W00,World,0,W00,World,S1,S1,TRUE,5611,Nitrogenous fertilizers and materials nes,4,TRUE,C00,TOTAL CPC,0,0,TOTAL MOT,8,kg,3473908,FALSE,-1,N/A,,FALSE,3473908,FALSE,,FALSE,60904,,60904,0,TRUE,FALSE
C,A,19720101,1972,52,1972,58,BEL,Belgium-Luxembourg (...1998),M,Import,0,W00,World,0,W00,World,S1,S1,TRUE,5611,Nitrogenous fertilizers and materials nes,4,TRUE,C00,TOTAL CPC,0,0,TOTAL MOT,8,kg,216488000,FALSE,-1,N/A,,FALSE,216488000,FALSE,,FALSE,11297316,,11297316,0,TRUE,FALSE
C,A,19720101,1972,52,1972,58,BEL,Belgium-Luxembourg (...1998),X,Export,0,W00,World,0,W00,World,S1,S1,TRUE,5611,Nitrogenous fertilizers and materials nes,4,TRUE,C00,TOTAL CPC,0,0,TOTAL MOT,8,kg,1158600832,FALSE,-1,N/A,,FALSE,1158600832,FALSE,,FALSE,,46091528,46091528,0,TRUE,FALSE
C,A,19720101,1972,52,1972,60,BMU,Bermuda,M,Import,0,W00,World,0,W00,World,S1,S1,TRUE,5611,Nitrogenous fertilizers and materials nes,4,TRUE,C00,TOTAL CPC,0,0,TOTAL MOT,8,kg,108916,FALSE,-1,N/A,,FALSE,108916,FALSE,,FALSE,7432,,7432,0,TRUE,FALSE
C,A,19720101,1972,52,1972,68,BOL,Bolivia (Plurinational State of),M,Import,0,W00,World,0,W00,World,S1,S1,TRUE,5611,Nitrogenous fertilizers and materials nes,4,TRUE,C00,TOTAL CPC,0,0,TOTAL MOT,8,kg,2352578,FALSE,-1,N/A,,FALSE,2352578,FALSE,,FALSE,291069,,291069,0,TRUE,FALSE
C,A,19720101,1972,52,1972,76,BRA,Brazil,M,Import,0,W00,World,0,W00,World,S1,S1,TRUE,5611,Nitrogenous fertilizers and materials nes,4,TRUE,C00,TOTAL CPC,0,0,TOTAL MOT,8,kg,902927040,FALSE,-1,N/A,,FALSE,902927040,FALSE,,FALSE,33510700,,33510700,0,TRUE,FALSE
C,A,19720101,1972,52,1972,76,BRA,Brazil,X,Export,0,W00,World,0,W00,World,S1,S1,TRUE,5611,Nitrogenous fertilizers and materials nes,4,TRUE,C00,TOTAL CPC,0,0,TOTAL MOT,8,kg,80121,FALSE,-1,N/A,,FALSE,80121,FALSE,,FALSE,,9076,9076,0,TRUE,FALSE
C,A,19720101,1972,52,1972,96,BRN,Brunei Darussalam,M,Import,0,W00,World,0,W00,World,S1,S1,TRUE,5611,Nitrogenous fertilizers and materials nes,4,TRUE,C00,TOTAL CPC,0,0,TOTAL MOT,8,kg,19311,FALSE,-1,N/A,,FALSE,19311,FALSE,,FALSE,2315,,2315,0,TRUE,FALSE
C,A,19720101,1972,52,1972,104,MMR,Myanmar,M,Import,0,W00,World,0,W00,World,S1,S1,TRUE,5611,Nitrogenous fertilizers and materials nes,4,TRUE,C00,TOTAL CPC,0,0,TOTAL MOT,8,kg,54867,FALSE,-1,N/A,,FALSE,54867,FALSE,,FALSE,3760,,3760,0,TRUE,FALSE
C,A,19720101,1972,52,1972,116,KHM,Cambodia,M,Import,0,W00,World,0,W00,World,S1,S1,TRUE,5611,Nitrogenous fertilizers and materials nes,4,TRUE,C00,TOTAL CPC,0,0,TOTAL MOT,8,kg,6859699,FALSE,-1,N/A,,FALSE,6859699,FALSE,,FALSE,705463,,705463,0,TRUE,FALSE
C,A,19720101,1972,52,1972,120,CMR,Cameroon,M,Import,0,W00,World,0,W00,World,S1,S1,TRUE,5611,Nitrogenous fertilizers and materials nes,4,TRUE,C00,TOTAL CPC,0,0,TOTAL MOT,8,kg,28900296,FALSE,-1,N/A,,FALSE,28900296,FALSE,,FALSE,1744556,,1744556,0,TRUE,FALSE
C,A,19720101,1972,52,1972,120,CMR,Cameroon,X,Export,0,W00,World,0,W00,World,S1,S1,TRUE,5611,Nitrogenous fertilizers and materials nes,4,TRUE,C00,TOTAL CPC,0,0,TOTAL MOT,8,kg,328273,FALSE,-1,N/A,,FALSE,328273,FALSE,,FALSE,,48122,48122,0,TRUE,FALSE
C,A,19720101,1972,52,1972,124,CAN,Canada,M,Import,0,W00,World,0,W00,World,S1,S1,TRUE,5611,Nitrogenous fertilizers and materials nes,4,TRUE,C00,TOTAL CPC,0,0,TOTAL MOT,8,kg,62299000,FALSE,-1,N/A,,FALSE,62299000,FALSE,,FALSE,,2791099,2791099,0,TRUE,FALSE
C,A,19720101,1972,52,1972,124,CAN,Canada,X,Export,0,W00,World,0,W00,World,S1,S1,TRUE,5611,Nitrogenous fertilizers and materials nes,4,TRUE,C00,TOTAL CPC,0,0,TOTAL MOT,8,kg,8347540,FALSE,-1,N/A,,FALSE,8347540,FALSE,,FALSE,,42573104,42573104,0,TRUE,FALSE
C,A,19720101,1972,52,1972,144,LKA,Sri Lanka,M,Import,0,W00,World,0,W00,World,S1,S1,TRUE,5611,Nitrogenous fertilizers and materials nes,4,TRUE,C00,TOTAL CPC,0,0,TOTAL MOT,8,kg,87454664,FALSE,-1,N/A,,FALSE,87454664,FALSE,,FALSE,3527903,,3527903,0,TRUE,FALSE
C,A,19720101,1972,52,1972,148,TCD,Chad,M,Import,0,W00,World,0,W00,World,S1,S1,TRUE,5611,Nitrogenous fertilizers and materials nes,4,TRUE,C00,TOTAL CPC,0,0,TOTAL MOT,8,kg,28937,FALSE,-1,N/A,,FALSE,28937,FALSE,,FALSE,222590,,222590,0,TRUE,FALSE
C,A,19720101,1972,52,1972,152,CHL,Chile,M,Import,0,W00,World,0,W00,World,S1,S1,TRUE,5611,Nitrogenous fertilizers and materials nes,4,TRUE,C00,TOTAL CPC,0,0,TOTAL MOT,8,kg,35952816,FALSE,-1,N/A,,FALSE,35952816,FALSE,,FALSE,3089901,,3089901,0,TRUE,FALSE
C,A,19720101,1972,52,1972,170,COL,Colombia,M,Import,0,W00,World,0,W00,World,S1,S1,TRUE,5611,Nitrogenous fertilizers and materials nes,4,TRUE,C00,TOTAL CPC,0,0,TOTAL MOT,8,kg,33350664,FALSE,-1,N/A,,FALSE,33350664,FALSE,,FALSE,1784747,,1784747,0,TRUE,FALSE
C,A,19720101,1972,52,1972,170,COL,Colombia,X,Export,0,W00,World,0,W00,World,S1,S1,TRUE,5611,Nitrogenous fertilizers and materials nes,4,TRUE,C00,TOTAL CPC,0,0,TOTAL MOT,8,kg,3000,FALSE,-1,N/A,,FALSE,3000,FALSE,,FALSE,,1560,1560,0,TRUE,FALSE
C,A,19720101,1972,52,1972,178,COG,Congo,M,Import,0,W00,World,0,W00,World,S1,S1,TRUE,5611,Nitrogenous fertilizers and materials nes,4,TRUE,C00,TOTAL CPC,0,0,TOTAL MOT,8,kg,26500,FALSE,-1,N/A,,FALSE,26500,FALSE,,FALSE,3437,,3437,0,TRUE,FALSE
C,A,19720101,1972,52,1972,180,COD,Dem. Rep. of the Congo,M,Import,0,W00,World,0,W00,World,S1,S1,TRUE,5611,Nitrogenous fertilizers and materials nes,4,TRUE,C00,TOTAL CPC,0,0,TOTAL MOT,8,kg,9765512,FALSE,-1,N/A,,FALSE,9765512,FALSE,,FALSE,1034841,,1034841,0,TRUE,FALSE
C,A,19720101,1972,52,1972,188,CRI,Costa Rica,M,Import,0,W00,World,0,W00,World,S1,S1,TRUE,5611,Nitrogenous fertilizers and materials nes,4,TRUE,C00,TOTAL CPC,0,0,TOTAL MOT,8,kg,86499904,FALSE,-1,N/A,,FALSE,86499904,FALSE,,FALSE,4894142,,4894142,0,TRUE,FALSE
C,A,19720101,1972,52,1972,188,CRI,Costa Rica,X,Export,0,W00,World,0,W00,World,S1,S1,TRUE,5611,Nitrogenous fertilizers and materials nes,4,TRUE,C00,TOTAL CPC,0,0,TOTAL MOT,8,kg,24682248,FALSE,-1,N/A,,FALSE,24682248,FALSE,,FALSE,,1597675,1597675,0,TRUE,FALSE
C,A,19720101,1972,52,1972,196,CYP,Cyprus,M,Import,0,W00,World,0,W00,World,S1,S1,TRUE,5611,Nitrogenous fertilizers and materials nes,4,TRUE,C00,TOTAL CPC,0,0,TOTAL MOT,8,kg,42864304,FALSE,-1,N/A,,FALSE,42864304,FALSE,,FALSE,1874443,,1874443,0,TRUE,FALSE
C,A,19720101,1972,52,1972,204,BEN,Benin,M,Import,0,W00,World,0,W00,World,S1,S1,TRUE,5611,Nitrogenous fertilizers and materials nes,4,TRUE,C00,TOTAL CPC,0,0,TOTAL MOT,8,kg,9053500,FALSE,-1,N/A,,FALSE,9053500,FALSE,,FALSE,896272,,896272,0,TRUE,FALSE
C,A,19720101,1972,52,1972,208,DNK,Denmark,M,Import,0,W00,World,0,W00,World,S1,S1,TRUE,5611,Nitrogenous fertilizers and materials nes,4,TRUE,C00,TOTAL CPC,0,0,TOTAL MOT,8,kg,118650088,FALSE,-1,N/A,,FALSE,118650088,FALSE,,FALSE,4647102,,4647102,0,TRUE,FALSE
C,A,19720101,1972,52,1972,208,DNK,Denmark,X,Export,0,W00,World,0,W00,World,S1,S1,TRUE,5611,Nitrogenous fertilizers and materials nes,4,TRUE,C00,TOTAL CPC,0,0,TOTAL MOT,8,kg,48502,FALSE,-1,N/A,,FALSE,48502,FALSE,,FALSE,,8270,8270,0,TRUE,FALSE
C,A,19720101,1972,52,1972,214,DOM,Dominican Rep.,M,Import,0,W00,World,0,W00,World,S1,S1,TRUE,5611,Nitrogenous fertilizers and materials nes,4,TRUE,C00,TOTAL CPC,0,0,TOTAL MOT,8,kg,45854320,FALSE,-1,N/A,,FALSE,45854320,FALSE,,FALSE,,1961255,1961255,0,TRUE,FALSE
C,A,19720101,1972,52,1972,214,DOM,Dominican Rep.,X,Export,0,W00,World,0,W00,World,S1,S1,TRUE,5611,Nitrogenous fertilizers and materials nes,4,TRUE,C00,TOTAL CPC,0,0,TOTAL MOT,8,kg,16820764,FALSE,-1,N/A,,FALSE,16820764,FALSE,,FALSE,,967089,967089,0,TRUE,FALSE
C,A,19720101,1972,52,1972,218,ECU,Ecuador,M,Import,0,W00,World,0,W00,World,S1,S1,TRUE,5611,Nitrogenous fertilizers and materials nes,4,TRUE,C00,TOTAL CPC,0,0,TOTAL MOT,8,kg,15681065,FALSE,-1,N/A,,FALSE,15681065,FALSE,,FALSE,739322,,739322,0,TRUE,FALSE
C,A,19720101,1972,52,1972,222,SLV,El Salvador,M,Import,0,W00,World,0,W00,World,S1,S1,TRUE,5611,Nitrogenous fertilizers and materials nes,4,TRUE,C00,TOTAL CPC,0,0,TOTAL MOT,8,kg,193658752,FALSE,-1,N/A,,FALSE,193658752,FALSE,,FALSE,7468204,,7468204,0,TRUE,FALSE
C,A,19720101,1972,52,1972,222,SLV,El Salvador,X,Export,0,W00,World,0,W00,World,S1,S1,TRUE,5611,Nitrogenous fertilizers and materials nes,4,TRUE,C00,TOTAL CPC,0,0,TOTAL MOT,8,kg,3274750,FALSE,-1,N/A,,FALSE,3274750,FALSE,,FALSE,,210376,210376,0,TRUE,FALSE
C,A,19720101,1972,52,1972,230,ETH,Ethiopia (...1992),M,Import,0,W00,World,0,W00,World,S1,S1,TRUE,5611,Nitrogenous fertilizers and materials nes,4,TRUE,C00,TOTAL CPC,0,0,TOTAL MOT,8,kg,3140562,FALSE,-1,N/A,,FALSE,3140562,FALSE,,FALSE,277120,,277120,0,TRUE,FALSE
C,A,19720101,1972,52,1972,242,FJI,Fiji,M,Import,0,W00,World,0,W00,World,S1,S1,TRUE,5611,Nitrogenous fertilizers and materials nes,4,TRUE,C00,TOTAL CPC,0,0,TOTAL MOT,8,kg,32154820,FALSE,-1,N/A,,FALSE,32154820,FALSE,,FALSE,1367026,,1367026,0,TRUE,FALSE
C,A,19720101,1972,52,1972,242,FJI,Fiji,X,Export,0,W00,World,0,W00,World,S1,S1,TRUE,5611,Nitrogenous fertilizers and materials nes,4,TRUE,C00,TOTAL CPC,0,0,TOTAL MOT,8,kg,37621,FALSE,-1,N/A,,FALSE,37621,FALSE,,FALSE,,11355,11355,0,TRUE,FALSE
C,A,19720101,1972,52,1972,246,FIN,Finland,M,Import,0,W00,World,0,W00,World,S1,S1,TRUE,5611,Nitrogenous fertilizers and materials nes,4,TRUE,C00,TOTAL CPC,0,0,TOTAL MOT,8,kg,46941340,FALSE,-1,N/A,,FALSE,46941340,FALSE,,FALSE,2176786,,2176786,0,TRUE,FALSE
C,A,19720101,1972,52,1972,246,FIN,Finland,X,Export,0,W00,World,0,W00,World,S1,S1,TRUE,5611,Nitrogenous fertilizers and materials nes,4,TRUE,C00,TOTAL CPC,0,0,TOTAL MOT,8,kg,48226128,FALSE,-1,N/A,,FALSE,48226128,FALSE,,FALSE,,2372174,2372174,0,TRUE,FALSE
C,A,19720101,1972,52,1972,251,FRA,France,M,Import,0,W00,World,0,W00,World,S1,S1,TRUE,5611,Nitrogenous fertilizers and materials nes,4,TRUE,C00,TOTAL CPC,0,0,TOTAL MOT,8,kg,735137856,FALSE,-1,N/A,,FALSE,735137856,FALSE,,FALSE,39710696,,39710696,0,TRUE,FALSE
C,A,19720101,1972,52,1972,251,FRA,France,X,Export,0,W00,World,0,W00,World,S1,S1,TRUE,5611,Nitrogenous fertilizers and materials nes,4,TRUE,C00,TOTAL CPC,0,0,TOTAL MOT,8,kg,545922048,FALSE,-1,N/A,,FALSE,545922048,FALSE,,FALSE,,28142050,28142050,0,TRUE,FALSE
C,A,19720101,1972,52,1972,254,GUF,French Guiana (Overseas France),M,Import,0,W00,World,0,W00,World,S1,S1,TRUE,5611,Nitrogenous fertilizers and materials nes,4,TRUE,C00,TOTAL CPC,0,0,TOTAL MOT,8,kg,9125,FALSE,-1,N/A,,FALSE,9125,FALSE,,FALSE,940,,940,0,TRUE,FALSE
C,A,19720101,1972,52,1972,280,DEU,Fed. Rep. of Germany (...1990),M,Import,0,W00,World,0,W00,World,S1,S1,TRUE,5611,Nitrogenous fertilizers and materials nes,4,TRUE,C00,TOTAL CPC,0,0,TOTAL MOT,8,kg,849763712,FALSE,-1,N/A,,TRUE,849763712,FALSE,-1,TRUE,46783000,,46783000,0,FALSE,FALSE
C,A,19720101,1972,52,1972,280,DEU,Fed. Rep. of Germany (...1990),X,Export,0,W00,World,0,W00,World,S1,S1,TRUE,5611,Nitrogenous fertilizers and materials nes,4,TRUE,C00,TOTAL CPC,0,0,TOTAL MOT,8,kg,968290688,FALSE,-1,N/A,,TRUE,968290688,FALSE,-1,TRUE,,34265008,34265008,0,FALSE,FALSE
C,A,19720101,1972,52,1972,288,GHA,Ghana,M,Import,0,W00,World,0,W00,World,S1,S1,TRUE,5611,Nitrogenous fertilizers and materials nes,4,TRUE,C00,TOTAL CPC,0,0,TOTAL MOT,8,kg,1870428,FALSE,-1,N/A,,FALSE,1870428,FALSE,,FALSE,133310,,133310,0,TRUE,FALSE
C,A,19720101,1972,52,1972,300,GRC,Greece,M,Import,0,W00,World,0,W00,World,S1,S1,TRUE,5611,Nitrogenous fertilizers and materials nes,4,TRUE,C00,TOTAL CPC,0,0,TOTAL MOT,8,kg,81063104,FALSE,-1,N/A,,FALSE,81063104,FALSE,,FALSE,3864792,,3864792,0,TRUE,FALSE
C,A,19720101,1972,52,1972,300,GRC,Greece,X,Export,0,W00,World,0,W00,World,S1,S1,TRUE,5611,Nitrogenous fertilizers and materials nes,4,TRUE,C00,TOTAL CPC,0,0,TOTAL MOT,8,kg,16995472,FALSE,-1,N/A,,FALSE,16995472,FALSE,,FALSE,,752485,752485,0,TRUE,FALSE
C,A,19720101,1972,52,1972,312,GLP,Guadeloupe (Overseas France),M,Import,0,W00,World,0,W00,World,S1,S1,TRUE,5611,Nitrogenous fertilizers and materials nes,4,TRUE,C00,TOTAL CPC,0,0,TOTAL MOT,8,kg,1116409,FALSE,-1,N/A,,FALSE,1116409,FALSE,,FALSE,71131,,71131,0,TRUE,FALSE
C,A,19720101,1972,52,1972,320,GTM,Guatemala,M,Import,0,W00,World,0,W00,World,S1,S1,TRUE,5611,Nitrogenous fertilizers and materials nes,4,TRUE,C00,TOTAL CPC,0,0,TOTAL MOT,8,kg,68313544,FALSE,-1,N/A,,FALSE,68313544,FALSE,,FALSE,4456765,,4456765,0,TRUE,FALSE
C,A,19720101,1972,52,1972,320,GTM,Guatemala,X,Export,0,W00,World,0,W00,World,S1,S1,TRUE,5611,Nitrogenous fertilizers and materials nes,4,TRUE,C00,TOTAL CPC,0,0,TOTAL MOT,8,kg,60624,FALSE,-1,N/A,,FALSE,60624,FALSE,,FALSE,,20692,20692,0,TRUE,FALSE
C,A,19720101,1972,52,1972,328,GUY,Guyana,M,Import,0,W00,World,0,W00,World,S1,S1,TRUE,5611,Nitrogenous fertilizers and materials nes,4,TRUE,C00,TOTAL CPC,0,0,TOTAL MOT,8,kg,29550728,FALSE,-1,N/A,,FALSE,29550728,FALSE,,FALSE,1432126,,1432126,0,TRUE,FALSE
C,A,19720101,1972,52,1972,328,GUY,Guyana,X,Export,0,W00,World,0,W00,World,S1,S1,TRUE,5611,Nitrogenous fertilizers and materials nes,4,TRUE,C00,TOTAL CPC,0,0,TOTAL MOT,8,kg,0,FALSE,-1,N/A,,FALSE,,FALSE,,FALSE,,4,4,0,TRUE,FALSE
C,A,19720101,1972,52,1972,332,HTI,Haiti,M,Import,0,W00,World,0,W00,World,S1,S1,TRUE,5611,Nitrogenous fertilizers and materials nes,4,TRUE,C00,TOTAL CPC,0,0,TOTAL MOT,8,kg,248818,FALSE,-1,N/A,,FALSE,248818,FALSE,,FALSE,17989,,17989,0,TRUE,FALSE
C,A,19720101,1972,52,1972,340,HND,Honduras,M,Import,0,W00,World,0,W00,World,S1,S1,TRUE,5611,Nitrogenous fertilizers and materials nes,4,TRUE,C00,TOTAL CPC,0,0,TOTAL MOT,8,kg,32144098,FALSE,-1,N/A,,FALSE,32144098,FALSE,,FALSE,2835798,,2835798,0,TRUE,FALSE
C,A,19720101,1972,52,1972,344,HKG,"China, Hong Kong SAR",M,Import,0,W00,World,0,W00,World,S1,S1,TRUE,5611,Nitrogenous fertilizers and materials nes,4,TRUE,C00,TOTAL CPC,0,0,TOTAL MOT,8,kg,1894448,FALSE,-1,N/A,,FALSE,1894448,FALSE,,FALSE,172053,,172053,0,TRUE,FALSE
C,A,19720101,1972,52,1972,344,HKG,"China, Hong Kong SAR",X,Export,0,W00,World,0,W00,World,S1,S1,TRUE,5611,Nitrogenous fertilizers and materials nes,4,TRUE,C00,TOTAL CPC,0,0,TOTAL MOT,8,kg,14750,FALSE,-1,N/A,,FALSE,14750,FALSE,,FALSE,,3530,3530,0,TRUE,FALSE
C,A,19720101,1972,52,1972,352,ISL,Iceland,M,Import,0,W00,World,0,W00,World,S1,S1,TRUE,5611,Nitrogenous fertilizers and materials nes,4,TRUE,C00,TOTAL CPC,0,0,TOTAL MOT,8,kg,3320588,FALSE,-1,N/A,,FALSE,3320588,FALSE,,FALSE,206063,,206063,0,TRUE,FALSE
C,A,19720101,1972,52,1972,356,IND,India (...1974),M,Import,0,W00,World,0,W00,World,S1,S1,TRUE,5611,Nitrogenous fertilizers and materials nes,4,TRUE,C00,TOTAL CPC,0,0,TOTAL MOT,8,kg,800078016,FALSE,-1,N/A,,FALSE,800078016,FALSE,,FALSE,43351380,,43351380,0,TRUE,FALSE
C,A,19720101,1972,52,1972,360,IDN,Indonesia,M,Import,0,W00,World,0,W00,World,S1,S1,TRUE,5611,Nitrogenous fertilizers and materials nes,4,TRUE,C00,TOTAL CPC,0,0,TOTAL MOT,8,kg,431798272,FALSE,-1,N/A,,FALSE,431798272,FALSE,,FALSE,29984348,,29984348,0,TRUE,FALSE
C,A,19720101,1972,52,1972,364,IRN,Iran,M,Import,0,W00,World,0,W00,World,S1,S1,TRUE,5611,Nitrogenous fertilizers and materials nes,4,TRUE,C00,TOTAL CPC,0,0,TOTAL MOT,8,kg,85094136,FALSE,-1,N/A,,FALSE,85094136,FALSE,,FALSE,3396308,,3396308,0,TRUE,FALSE
C,A,19720101,1972,52,1972,364,IRN,Iran,X,Export,0,W00,World,0,W00,World,S1,S1,TRUE,5611,Nitrogenous fertilizers and materials nes,4,TRUE,C00,TOTAL CPC,0,0,TOTAL MOT,8,kg,31250,FALSE,-1,N/A,,FALSE,31250,FALSE,,FALSE,,3248,3248,0,TRUE,FALSE
C,A,19720101,1972,52,1972,368,IRQ,Iraq,M,Import,0,W00,World,0,W00,World,S1,S1,TRUE,5611,Nitrogenous fertilizers and materials nes,4,TRUE,C00,TOTAL CPC,0,0,TOTAL MOT,8,kg,29533062,FALSE,-1,N/A,,FALSE,29533062,FALSE,,FALSE,1546191,,1546191,0,TRUE,FALSE
C,A,19720101,1972,52,1972,368,IRQ,Iraq,X,Export,0,W00,World,0,W00,World,S1,S1,TRUE,5611,Nitrogenous fertilizers and materials nes,4,TRUE,C00,TOTAL CPC,0,0,TOTAL MOT,8,kg,72115187,FALSE,-1,N/A,,FALSE,72115187,FALSE,,FALSE,,2453105,2453105,0,TRUE,FALSE
C,A,19720101,1972,52,1972,372,IRL,Ireland,M,Import,0,W00,World,0,W00,World,S1,S1,TRUE,5611,Nitrogenous fertilizers and materials nes,4,TRUE,C00,TOTAL CPC,0,0,TOTAL MOT,8,kg,86670832,FALSE,-1,N/A,,FALSE,86670832,FALSE,,FALSE,5292376,,5292376,0,TRUE,FALSE
C,A,19720101,1972,52,1972,376,ISR,Israel,M,Import,0,W00,World,0,W00,World,S1,S1,TRUE,5611,Nitrogenous fertilizers and materials nes,4,TRUE,C00,TOTAL CPC,0,0,TOTAL MOT,8,kg,56092844,FALSE,-1,N/A,,FALSE,56092844,FALSE,,FALSE,2216178,,2216178,0,TRUE,FALSE
C,A,19720101,1972,52,1972,376,ISR,Israel,X,Export,0,W00,World,0,W00,World,S1,S1,TRUE,5611,Nitrogenous fertilizers and materials nes,4,TRUE,C00,TOTAL CPC,0,0,TOTAL MOT,8,kg,2000,FALSE,-1,N/A,,FALSE,2000,FALSE,,FALSE,,627,627,0,TRUE,FALSE
C,A,19720101,1972,52,1972,380,ITA,Italy,M,Import,0,W00,World,0,W00,World,S1,S1,TRUE,5611,Nitrogenous fertilizers and materials nes,4,TRUE,C00,TOTAL CPC,0,0,TOTAL MOT,8,kg,148030832,FALSE,-1,N/A,,TRUE,148030832,FALSE,-1,TRUE,7923829,,7923829,0,FALSE,FALSE
C,A,19720101,1972,52,1972,380,ITA,Italy,X,Export,0,W00,World,0,W00,World,S1,S1,TRUE,5611,Nitrogenous fertilizers and materials nes,4,TRUE,C00,TOTAL CPC,0,0,TOTAL MOT,8,kg,1195608448,FALSE,-1,N/A,,TRUE,1195608448,FALSE,-1,TRUE,,39671388,39671388,0,FALSE,FALSE
C,A,19720101,1972,52,1972,384,CIV,CÙte d'Ivoire,M,Import,0,W00,World,0,W00,World,S1,S1,TRUE,5611,Nitrogenous fertilizers and materials nes,4,TRUE,C00,TOTAL CPC,0,0,TOTAL MOT,8,kg,4554625,FALSE,-1,N/A,,FALSE,4554625,FALSE,,FALSE,384667,,384667,0,TRUE,FALSE
C,A,19720101,1972,52,1972,384,CIV,CÙte d'Ivoire,X,Export,0,W00,World,0,W00,World,S1,S1,TRUE,5611,Nitrogenous fertilizers and materials nes,4,TRUE,C00,TOTAL CPC,0,0,TOTAL MOT,8,kg,4845812,FALSE,-1,N/A,,FALSE,4845812,FALSE,,FALSE,,443239,443239,0,TRUE,FALSE
C,A,19720101,1972,52,1972,388,JAM,Jamaica,M,Import,0,W00,World,0,W00,World,S1,S1,TRUE,5611,Nitrogenous fertilizers and materials nes,4,TRUE,C00,TOTAL CPC,0,0,TOTAL MOT,8,kg,31422256,FALSE,-1,N/A,,FALSE,31422256,FALSE,,FALSE,1295863,,1295863,0,TRUE,FALSE
C,A,19720101,1972,52,1972,388,JAM,Jamaica,X,Export,0,W00,World,0,W00,World,S1,S1,TRUE,5611,Nitrogenous fertilizers and materials nes,4,TRUE,C00,TOTAL CPC,0,0,TOTAL MOT,8,kg,1389937,FALSE,-1,N/A,,FALSE,1389937,FALSE,,FALSE,,72884,72884,0,TRUE,FALSE
C,A,19720101,1972,52,1972,392,JPN,Japan,M,Import,0,W00,World,0,W00,World,S1,S1,TRUE,5611,Nitrogenous fertilizers and materials nes,4,TRUE,C00,TOTAL CPC,0,0,TOTAL MOT,8,kg,19804000,FALSE,-1,N/A,,FALSE,19804000,FALSE,,FALSE,1305672,,1305672,0,TRUE,FALSE
C,A,19720101,1972,52,1972,392,JPN,Japan,X,Export,0,W00,World,0,W00,World,S1,S1,TRUE,5611,Nitrogenous fertilizers and materials nes,4,TRUE,C00,TOTAL CPC,0,0,TOTAL MOT,8,kg,1537200000,FALSE,-1,N/A,,FALSE,1537200000,FALSE,,FALSE,,35562096,35562096,0,TRUE,FALSE
C,A,19720101,1972,52,1972,410,KOR,Rep. of Korea,M,Import,0,W00,World,0,W00,World,S1,S1,TRUE,5611,Nitrogenous fertilizers and materials nes,4,TRUE,C00,TOTAL CPC,0,0,TOTAL MOT,8,kg,7560222,FALSE,-1,N/A,,FALSE,7560222,FALSE,,FALSE,804781,,804781,0,TRUE,FALSE
C,A,19720101,1972,52,1972,410,KOR,Rep. of Korea,X,Export,0,W00,World,0,W00,World,S1,S1,TRUE,5611,Nitrogenous fertilizers and materials nes,4,TRUE,C00,TOTAL CPC,0,0,TOTAL MOT,8,kg,78565000,FALSE,-1,N/A,,FALSE,78565000,FALSE,,FALSE,,4325365,4325365,0,TRUE,FALSE
C,A,19720101,1972,52,1972,414,KWT,Kuwait,X,Export,0,W00,World,0,W00,World,S1,S1,TRUE,5611,Nitrogenous fertilizers and materials nes,4,TRUE,C00,TOTAL CPC,0,0,TOTAL MOT,8,kg,559333760,FALSE,-1,N/A,,FALSE,559333760,FALSE,,FALSE,,33143164,33143164,0,TRUE,FALSE
C,A,19720101,1972,52,1972,418,LAO,Lao People's Dem. Rep.,M,Import,0,W00,World,0,W00,World,S1,S1,TRUE,5611,Nitrogenous fertilizers and materials nes,4,TRUE,C00,TOTAL CPC,0,0,TOTAL MOT,8,kg,41,FALSE,-1,N/A,,FALSE,41,FALSE,,FALSE,,41,41,0,TRUE,FALSE
C,A,19720101,1972,52,1972,422,LBN,Lebanon,M,Import,0,W00,World,0,W00,World,S1,S1,TRUE,5611,Nitrogenous fertilizers and materials nes,4,TRUE,C00,TOTAL CPC,0,0,TOTAL MOT,8,kg,112420928,FALSE,-1,N/A,,FALSE,112420928,FALSE,,FALSE,3747059,,3747059,0,TRUE,FALSE
C,A,19720101,1972,52,1972,422,LBN,Lebanon,X,Export,0,W00,World,0,W00,World,S1,S1,TRUE,5611,Nitrogenous fertilizers and materials nes,4,TRUE,C00,TOTAL CPC,0,0,TOTAL MOT,8,kg,10018514,FALSE,-1,N/A,,FALSE,10018514,FALSE,,FALSE,,1267444,1267444,0,TRUE,FALSE
C,A,19720101,1972,52,1972,430,LBR,Liberia,M,Import,0,W00,World,0,W00,World,S1,S1,TRUE,5611,Nitrogenous fertilizers and materials nes,4,TRUE,C00,TOTAL CPC,0,0,TOTAL MOT,8,kg,11110739,FALSE,-1,N/A,,FALSE,11110739,FALSE,,FALSE,860669,,860669,0,TRUE,FALSE
C,A,19720101,1972,52,1972,434,LBY,Libya,M,Import,0,W00,World,0,W00,World,S1,S1,TRUE,5611,Nitrogenous fertilizers and materials nes,4,TRUE,C00,TOTAL CPC,0,0,TOTAL MOT,8,kg,20216124,FALSE,-1,N/A,,FALSE,20216124,FALSE,,FALSE,1506434,,1506434,0,TRUE,FALSE
C,A,19720101,1972,52,1972,454,MWI,Malawi,M,Import,0,W00,World,0,W00,World,S1,S1,TRUE,5611,Nitrogenous fertilizers and materials nes,4,TRUE,C00,TOTAL CPC,0,0,TOTAL MOT,8,kg,20240178,FALSE,-1,N/A,,FALSE,20240178,FALSE,,FALSE,1739844,,1739844,0,TRUE,FALSE
C,A,19720101,1972,52,1972,458,MYS,Malaysia,M,Import,0,W00,World,0,W00,World,S1,S1,TRUE,5611,Nitrogenous fertilizers and materials nes,4,TRUE,C00,TOTAL CPC,0,0,TOTAL MOT,8,kg,82597576,FALSE,-1,N/A,,FALSE,82597576,FALSE,,FALSE,4889394,,4889394,0,TRUE,FALSE
C,A,19720101,1972,52,1972,458,MYS,Malaysia,X,Export,0,W00,World,0,W00,World,S1,S1,TRUE,5611,Nitrogenous fertilizers and materials nes,4,TRUE,C00,TOTAL CPC,0,0,TOTAL MOT,8,kg,9625,FALSE,-1,N/A,,FALSE,9625,FALSE,,FALSE,,543,543,0,TRUE,FALSE
C,A,19720101,1972,52,1972,466,MLI,Mali,M,Import,0,W00,World,0,W00,World,S1,S1,TRUE,5611,Nitrogenous fertilizers and materials nes,4,TRUE,C00,TOTAL CPC,0,0,TOTAL MOT,8,kg,6971667,FALSE,-1,N/A,,FALSE,6971667,FALSE,,FALSE,802181,,802181,0,TRUE,FALSE
C,A,19720101,1972,52,1972,470,MLT,Malta,M,Import,0,W00,World,0,W00,World,S1,S1,TRUE,5611,Nitrogenous fertilizers and materials nes,4,TRUE,C00,TOTAL CPC,0,0,TOTAL MOT,8,kg,2192773,FALSE,-1,N/A,,FALSE,2192773,FALSE,,FALSE,140387,,140387,0,TRUE,FALSE
C,A,19720101,1972,52,1972,474,MTQ,Martinique (Overseas France),M,Import,0,W00,World,0,W00,World,S1,S1,TRUE,5611,Nitrogenous fertilizers and materials nes,4,TRUE,C00,TOTAL CPC,0,0,TOTAL MOT,8,kg,3291375,FALSE,-1,N/A,,FALSE,3291375,FALSE,,FALSE,210550,,210550,0,TRUE,FALSE
C,A,19720101,1972,52,1972,474,MTQ,Martinique (Overseas France),X,Export,0,W00,World,0,W00,World,S1,S1,TRUE,5611,Nitrogenous fertilizers and materials nes,4,TRUE,C00,TOTAL CPC,0,0,TOTAL MOT,8,kg,5937,FALSE,-1,N/A,,FALSE,5937,FALSE,,FALSE,,798,798,0,TRUE,FALSE
C,A,19720101,1972,52,1972,478,MRT,Mauritania,M,Import,0,W00,World,0,W00,World,S1,S1,TRUE,5611,Nitrogenous fertilizers and materials nes,4,TRUE,C00,TOTAL CPC,0,0,TOTAL MOT,8,kg,4462800,FALSE,-1,N/A,,FALSE,4462800,FALSE,,FALSE,373830,,373830,0,TRUE,FALSE
C,A,19720101,1972,52,1972,480,MUS,Mauritius,M,Import,0,W00,World,0,W00,World,S1,S1,TRUE,5611,Nitrogenous fertilizers and materials nes,4,TRUE,C00,TOTAL CPC,0,0,TOTAL MOT,8,kg,36719000,FALSE,-1,N/A,,FALSE,36719000,FALSE,,FALSE,1637390,,1637390,0,TRUE,FALSE
C,A,19720101,1972,52,1972,484,MEX,Mexico,M,Import,0,W00,World,0,W00,World,S1,S1,TRUE,5611,Nitrogenous fertilizers and materials nes,4,TRUE,C00,TOTAL CPC,0,0,TOTAL MOT,8,kg,264147744,FALSE,-1,N/A,,FALSE,264147744,FALSE,,FALSE,10001439,,10001439,0,TRUE,FALSE
C,A,19720101,1972,52,1972,484,MEX,Mexico,X,Export,0,W00,World,0,W00,World,S1,S1,TRUE,5611,Nitrogenous fertilizers and materials nes,4,TRUE,C00,TOTAL CPC,0,0,TOTAL MOT,8,kg,135568400,FALSE,-1,N/A,,FALSE,135568400,FALSE,,FALSE,,7905070,7905070,0,TRUE,FALSE
C,A,19720101,1972,52,1972,504,MAR,Morocco,M,Import,0,W00,World,0,W00,World,S1,S1,TRUE,5611,Nitrogenous fertilizers and materials nes,4,TRUE,C00,TOTAL CPC,0,0,TOTAL MOT,8,kg,123712448,FALSE,-1,N/A,,FALSE,123712448,FALSE,,FALSE,5006473,,5006473,0,TRUE,FALSE
C,A,19720101,1972,52,1972,504,MAR,Morocco,X,Export,0,W00,World,0,W00,World,S1,S1,TRUE,5611,Nitrogenous fertilizers and materials nes,4,TRUE,C00,TOTAL CPC,0,0,TOTAL MOT,8,kg,1400000,FALSE,-1,N/A,,FALSE,1400000,FALSE,,FALSE,,100723,100723,0,TRUE,FALSE
C,A,19720101,1972,52,1972,528,NLD,Netherlands,M,Import,0,W00,World,0,W00,World,S1,S1,TRUE,5611,Nitrogenous fertilizers and materials nes,4,TRUE,C00,TOTAL CPC,0,0,TOTAL MOT,8,kg,51144660,FALSE,-1,N/A,,FALSE,51144660,FALSE,,FALSE,2909832,,2909832,0,TRUE,FALSE
C,A,19720101,1972,52,1972,528,NLD,Netherlands,X,Export,0,W00,World,0,W00,World,S1,S1,TRUE,5611,Nitrogenous fertilizers and materials nes,4,TRUE,C00,TOTAL CPC,0,0,TOTAL MOT,8,kg,2203080192,FALSE,-1,N/A,,FALSE,2203080192,FALSE,,FALSE,,83368104,83368104,0,TRUE,FALSE
C,A,19720101,1972,52,1972,532,ANT,Netherlands Antilles and Aruba (...1985),M,Import,0,W00,World,0,W00,World,S1,S1,TRUE,5611,Nitrogenous fertilizers and materials nes,4,TRUE,C00,TOTAL CPC,0,0,TOTAL MOT,8,kg,306000,FALSE,-1,N/A,,FALSE,306000,FALSE,,FALSE,,53071,53071,0,TRUE,FALSE
C,A,19720101,1972,52,1972,554,NZL,New Zealand,M,Import,0,W00,World,0,W00,World,S1,S1,TRUE,5611,Nitrogenous fertilizers and materials nes,4,TRUE,C00,TOTAL CPC,0,0,TOTAL MOT,-1,N/A,0,FALSE,-1,N/A,,FALSE,,FALSE,,FALSE,3844150,,3844150,0,TRUE,FALSE
C,A,19720101,1972,52,1972,554,NZL,New Zealand,X,Export,0,W00,World,0,W00,World,S1,S1,TRUE,5611,Nitrogenous fertilizers and materials nes,4,TRUE,C00,TOTAL CPC,0,0,TOTAL MOT,8,kg,138138,FALSE,-1,N/A,,FALSE,138138,FALSE,,FALSE,,9873,9873,0,TRUE,FALSE
C,A,19720101,1972,52,1972,558,NIC,Nicaragua,M,Import,0,W00,World,0,W00,World,S1,S1,TRUE,5611,Nitrogenous fertilizers and materials nes,4,TRUE,C00,TOTAL CPC,0,0,TOTAL MOT,8,kg,56177912,FALSE,-1,N/A,,FALSE,56177912,FALSE,,FALSE,3174179,,3174179,0,TRUE,FALSE
C,A,19720101,1972,52,1972,558,NIC,Nicaragua,X,Export,0,W00,World,0,W00,World,S1,S1,TRUE,5611,Nitrogenous fertilizers and materials nes,4,TRUE,C00,TOTAL CPC,0,0,TOTAL MOT,8,kg,21875,FALSE,-1,N/A,,FALSE,21875,FALSE,,FALSE,,7626,7626,0,TRUE,FALSE
C,A,19720101,1972,52,1972,562,NER,Niger,M,Import,0,W00,World,0,W00,World,S1,S1,TRUE,5611,Nitrogenous fertilizers and materials nes,4,TRUE,C00,TOTAL CPC,0,0,TOTAL MOT,8,kg,385530,FALSE,-1,N/A,,FALSE,385530,FALSE,,FALSE,56416,,56416,0,TRUE,FALSE
C,A,19720101,1972,52,1972,566,NGA,Nigeria,M,Import,0,W00,World,0,W00,World,S1,S1,TRUE,5611,Nitrogenous fertilizers and materials nes,4,TRUE,C00,TOTAL CPC,0,0,TOTAL MOT,8,kg,32892492,FALSE,-1,N/A,,FALSE,32892492,FALSE,,FALSE,2407257,,2407257,0,TRUE,FALSE
C,A,19720101,1972,52,1972,579,NOR,Norway,M,Import,0,W00,World,0,W00,World,S1,S1,TRUE,5611,Nitrogenous fertilizers and materials nes,4,TRUE,C00,TOTAL CPC,0,0,TOTAL MOT,8,kg,2453421,FALSE,-1,N/A,,FALSE,2453421,FALSE,,FALSE,170600,,170600,0,TRUE,FALSE
C,A,19720101,1972,52,1972,579,NOR,Norway,X,Export,0,W00,World,0,W00,World,S1,S1,TRUE,5611,Nitrogenous fertilizers and materials nes,4,TRUE,C00,TOTAL CPC,0,0,TOTAL MOT,8,kg,819398592,FALSE,-1,N/A,,FALSE,819398592,FALSE,,FALSE,,31687914,31687914,0,TRUE,FALSE
C,A,19720101,1972,52,1972,586,PAK,Pakistan,M,Import,0,W00,World,0,W00,World,S1,S1,TRUE,5611,Nitrogenous fertilizers and materials nes,4,TRUE,C00,TOTAL CPC,0,0,TOTAL MOT,-1,N/A,0,FALSE,-1,N/A,,FALSE,,FALSE,,FALSE,8169542,,8169542,0,TRUE,FALSE
C,A,19720101,1972,52,1972,586,PAK,Pakistan,X,Export,0,W00,World,0,W00,World,S1,S1,TRUE,5611,Nitrogenous fertilizers and materials nes,4,TRUE,C00,TOTAL CPC,0,0,TOTAL MOT,-1,N/A,0,FALSE,-1,N/A,,FALSE,,FALSE,,FALSE,,1528515,1528515,0,TRUE,FALSE
C,A,19720101,1972,52,1972,590,PAN,"Panama, excl.Canal Zone (...1977)",M,Import,0,W00,World,0,W00,World,S1,S1,TRUE,5611,Nitrogenous fertilizers and materials nes,4,TRUE,C00,TOTAL CPC,0,0,TOTAL MOT,8,kg,24475792,FALSE,-1,N/A,,FALSE,24475792,FALSE,,FALSE,1770762,,1770762,0,TRUE,FALSE
C,A,19720101,1972,52,1972,598,PNG,Papua New Guinea,M,Import,0,W00,World,0,W00,World,S1,S1,TRUE,5611,Nitrogenous fertilizers and materials nes,4,TRUE,C00,TOTAL CPC,0,0,TOTAL MOT,8,kg,6356371,FALSE,-1,N/A,,FALSE,6356371,FALSE,,FALSE,327755,,327755,0,TRUE,FALSE
C,A,19720101,1972,52,1972,604,PER,Peru,M,Import,0,W00,World,0,W00,World,S1,S1,TRUE,5611,Nitrogenous fertilizers and materials nes,4,TRUE,C00,TOTAL CPC,0,0,TOTAL MOT,8,kg,91196896,FALSE,-1,N/A,,FALSE,91196896,FALSE,,FALSE,4914609,,4914609,0,TRUE,FALSE
C,A,19720101,1972,52,1972,604,PER,Peru,X,Export,0,W00,World,0,W00,World,S1,S1,TRUE,5611,Nitrogenous fertilizers and materials nes,4,TRUE,C00,TOTAL CPC,0,0,TOTAL MOT,8,kg,12944,FALSE,-1,N/A,,FALSE,12944,FALSE,,FALSE,,17702,17702,0,TRUE,FALSE
C,A,19720101,1972,52,1972,608,PHL,Philippines,M,Import,0,W00,World,0,W00,World,S1,S1,TRUE,5611,Nitrogenous fertilizers and materials nes,4,TRUE,C00,TOTAL CPC,0,0,TOTAL MOT,8,kg,156785456,FALSE,-1,N/A,,FALSE,156785456,FALSE,,FALSE,8433531,,8433531,0,TRUE,FALSE
C,A,19720101,1972,52,1972,620,PRT,Portugal,M,Import,0,W00,World,0,W00,World,S1,S1,TRUE,5611,Nitrogenous fertilizers and materials nes,4,TRUE,C00,TOTAL CPC,0,0,TOTAL MOT,8,kg,14318559,FALSE,-1,N/A,,FALSE,14318559,FALSE,,FALSE,1018176,,1018176,0,TRUE,FALSE
C,A,19720101,1972,52,1972,620,PRT,Portugal,X,Export,0,W00,World,0,W00,World,S1,S1,TRUE,5611,Nitrogenous fertilizers and materials nes,4,TRUE,C00,TOTAL CPC,0,0,TOTAL MOT,8,kg,116799128,FALSE,-1,N/A,,FALSE,116799128,FALSE,,FALSE,,5468698,5468698,0,TRUE,FALSE
C,A,19720101,1972,52,1972,638,REU,RÈunion (Overseas France),M,Import,0,W00,World,0,W00,World,S1,S1,TRUE,5611,Nitrogenous fertilizers and materials nes,4,TRUE,C00,TOTAL CPC,0,0,TOTAL MOT,8,kg,1216288,FALSE,-1,N/A,,TRUE,1216288,FALSE,-1,TRUE,78617,,78617,0,FALSE,FALSE
C,A,19720101,1972,52,1972,686,SEN,Senegal,M,Import,0,W00,World,0,W00,World,S1,S1,TRUE,5611,Nitrogenous fertilizers and materials nes,4,TRUE,C00,TOTAL CPC,0,0,TOTAL MOT,8,kg,3581188,FALSE,-1,N/A,,FALSE,3581188,FALSE,,FALSE,323512,,323512,0,TRUE,FALSE
C,A,19720101,1972,52,1972,686,SEN,Senegal,X,Export,0,W00,World,0,W00,World,S1,S1,TRUE,5611,Nitrogenous fertilizers and materials nes,4,TRUE,C00,TOTAL CPC,0,0,TOTAL MOT,8,kg,240312,FALSE,-1,N/A,,FALSE,240312,FALSE,,FALSE,,32003,32003,0,TRUE,FALSE
C,A,19720101,1972,52,1972,690,SYC,Seychelles,M,Import,0,W00,World,0,W00,World,S1,S1,TRUE,5611,Nitrogenous fertilizers and materials nes,4,TRUE,C00,TOTAL CPC,0,0,TOTAL MOT,-1,N/A,0,FALSE,-1,N/A,,FALSE,,FALSE,,FALSE,14151,,14151,0,TRUE,FALSE
C,A,19720101,1972,52,1972,694,SLE,Sierra Leone,M,Import,0,W00,World,0,W00,World,S1,S1,TRUE,5611,Nitrogenous fertilizers and materials nes,4,TRUE,C00,TOTAL CPC,0,0,TOTAL MOT,8,kg,2802281,FALSE,-1,N/A,,FALSE,2802281,FALSE,,FALSE,79991,,79991,0,TRUE,FALSE
C,A,19720101,1972,52,1972,702,SGP,Singapore,M,Import,0,W00,World,0,W00,World,S1,S1,TRUE,5611,Nitrogenous fertilizers and materials nes,4,TRUE,C00,TOTAL CPC,0,0,TOTAL MOT,8,kg,116028320,FALSE,-1,N/A,,FALSE,116028320,FALSE,,FALSE,6364993,,6364993,0,TRUE,FALSE
C,A,19720101,1972,52,1972,702,SGP,Singapore,X,Export,0,W00,World,0,W00,World,S1,S1,TRUE,5611,Nitrogenous fertilizers and materials nes,4,TRUE,C00,TOTAL CPC,0,0,TOTAL MOT,8,kg,83428936,FALSE,-1,N/A,,FALSE,83428936,FALSE,,FALSE,,4592926,4592926,0,TRUE,FALSE
C,A,19720101,1972,52,1972,724,ESP,Spain,M,Import,0,W00,World,0,W00,World,S1,S1,TRUE,5611,Nitrogenous fertilizers and materials nes,4,TRUE,C00,TOTAL CPC,0,0,TOTAL MOT,8,kg,235607168,FALSE,-1,N/A,,FALSE,235607168,FALSE,,FALSE,9634152,,9634152,0,TRUE,FALSE
C,A,19720101,1972,52,1972,724,ESP,Spain,X,Export,0,W00,World,0,W00,World,S1,S1,TRUE,5611,Nitrogenous fertilizers and materials nes,4,TRUE,C00,TOTAL CPC,0,0,TOTAL MOT,8,kg,241206,FALSE,-1,N/A,,FALSE,241206,FALSE,,FALSE,,22943,22943,0,TRUE,FALSE
C,A,19720101,1972,52,1972,736,SDN,Sudan (...2011),M,Import,0,W00,World,0,W00,World,S1,S1,TRUE,5611,Nitrogenous fertilizers and materials nes,4,TRUE,C00,TOTAL CPC,0,0,TOTAL MOT,8,kg,193588992,FALSE,-1,N/A,,FALSE,193588992,FALSE,,FALSE,7143501,,7143501,0,TRUE,FALSE
C,A,19720101,1972,52,1972,752,SWE,Sweden,M,Import,0,W00,World,0,W00,World,S1,S1,TRUE,5611,Nitrogenous fertilizers and materials nes,4,TRUE,C00,TOTAL CPC,0,0,TOTAL MOT,8,kg,529696768,FALSE,-1,N/A,,FALSE,529696768,FALSE,,FALSE,21726844,,21726844,0,TRUE,FALSE
C,A,19720101,1972,52,1972,757,CHE,Switzerland,M,Import,0,W00,World,0,W00,World,S1,S1,TRUE,5611,Nitrogenous fertilizers and materials nes,4,TRUE,C00,TOTAL CPC,0,0,TOTAL MOT,8,kg,56843200,FALSE,-1,N/A,,FALSE,56843200,FALSE,,FALSE,3535266,,3535266,0,TRUE,FALSE
C,A,19720101,1972,52,1972,757,CHE,Switzerland,X,Export,0,W00,World,0,W00,World,S1,S1,TRUE,5611,Nitrogenous fertilizers and materials nes,4,TRUE,C00,TOTAL CPC,0,0,TOTAL MOT,8,kg,89672,FALSE,-1,N/A,,FALSE,89672,FALSE,,FALSE,,12115,12115,0,TRUE,FALSE
C,A,19720101,1972,52,1972,764,THA,Thailand,M,Import,0,W00,World,0,W00,World,S1,S1,TRUE,5611,Nitrogenous fertilizers and materials nes,4,TRUE,C00,TOTAL CPC,0,0,TOTAL MOT,8,kg,39250120,FALSE,-1,N/A,,FALSE,39250120,FALSE,,FALSE,2955062,,2955062,0,TRUE,FALSE
C,A,19720101,1972,52,1972,768,TGO,Togo,M,Import,0,W00,World,0,W00,World,S1,S1,TRUE,5611,Nitrogenous fertilizers and materials nes,4,TRUE,C00,TOTAL CPC,0,0,TOTAL MOT,8,kg,1107499,FALSE,-1,N/A,,FALSE,1107499,FALSE,,FALSE,77442,,77442,0,TRUE,FALSE
C,A,19720101,1972,52,1972,780,TTO,Trinidad and Tobago,M,Import,0,W00,World,0,W00,World,S1,S1,TRUE,5611,Nitrogenous fertilizers and materials nes,4,TRUE,C00,TOTAL CPC,0,0,TOTAL MOT,8,kg,344440,FALSE,-1,N/A,,FALSE,344440,FALSE,,FALSE,21682,,21682,0,TRUE,FALSE
C,A,19720101,1972,52,1972,780,TTO,Trinidad and Tobago,X,Export,0,W00,World,0,W00,World,S1,S1,TRUE,5611,Nitrogenous fertilizers and materials nes,4,TRUE,C00,TOTAL CPC,0,0,TOTAL MOT,8,kg,106655448,FALSE,-1,N/A,,FALSE,106655448,FALSE,,FALSE,,5057599,5057599,0,TRUE,FALSE
C,A,19720101,1972,52,1972,788,TUN,Tunisia,M,Import,0,W00,World,0,W00,World,S1,S1,TRUE,5611,Nitrogenous fertilizers and materials nes,4,TRUE,C00,TOTAL CPC,0,0,TOTAL MOT,8,kg,37353328,FALSE,-1,N/A,,FALSE,37353328,FALSE,,FALSE,1981364,,1981364,0,TRUE,FALSE
C,A,19720101,1972,52,1972,792,TUR,TÅEkiye,M,Import,0,W00,World,0,W00,World,S1,S1,TRUE,5611,Nitrogenous fertilizers and materials nes,4,TRUE,C00,TOTAL CPC,0,0,TOTAL MOT,8,kg,650929024,FALSE,-1,N/A,,FALSE,650929024,FALSE,,FALSE,21968948,,21968948,0,TRUE,FALSE
C,A,19720101,1972,52,1972,818,EGY,Egypt,M,Import,0,W00,World,0,W00,World,S1,S1,TRUE,5611,Nitrogenous fertilizers and materials nes,4,TRUE,C00,TOTAL CPC,0,0,TOTAL MOT,8,kg,273638592,FALSE,-1,N/A,,FALSE,273638592,FALSE,,FALSE,8808505,,8808505,0,TRUE,FALSE
C,A,19720101,1972,52,1972,826,GBR,United Kingdom,M,Import,0,W00,World,0,W00,World,S1,S1,TRUE,5611,Nitrogenous fertilizers and materials nes,4,TRUE,C00,TOTAL CPC,0,0,TOTAL MOT,-1,N/A,0,FALSE,-1,N/A,,FALSE,,FALSE,,FALSE,17848670,,17848670,0,TRUE,FALSE
C,A,19720101,1972,52,1972,826,GBR,United Kingdom,X,Export,0,W00,World,0,W00,World,S1,S1,TRUE,5611,Nitrogenous fertilizers and materials nes,4,TRUE,C00,TOTAL CPC,0,0,TOTAL MOT,-1,N/A,0,FALSE,-1,N/A,,FALSE,,FALSE,,FALSE,,5967092,5967092,0,TRUE,FALSE
C,A,19720101,1972,52,1972,841,USA,USA and Puerto Rico (...1980),M,Import,0,W00,World,0,W00,World,S1,S1,TRUE,5611,Nitrogenous fertilizers and materials nes,4,TRUE,C00,TOTAL CPC,0,0,TOTAL MOT,-1,N/A,0,FALSE,-1,N/A,,FALSE,,FALSE,,FALSE,,57731194,57731194,0,TRUE,FALSE
C,A,19720101,1972,52,1972,841,USA,USA and Puerto Rico (...1980),X,Export,0,W00,World,0,W00,World,S1,S1,TRUE,5611,Nitrogenous fertilizers and materials nes,4,TRUE,C00,TOTAL CPC,0,0,TOTAL MOT,8,kg,1006355830,FALSE,-1,N/A,,FALSE,1006355830,FALSE,,FALSE,,46534921,46534921,0,TRUE,FALSE
C,A,19720101,1972,52,1972,850,VIR,US Virgin Isds (...1980),M,Import,0,W00,World,0,W00,World,S1,S1,TRUE,5611,Nitrogenous fertilizers and materials nes,4,TRUE,C00,TOTAL CPC,0,0,TOTAL MOT,8,kg,65343,FALSE,-1,N/A,,FALSE,65343,FALSE,,FALSE,,10729,10729,0,TRUE,FALSE
C,A,19720101,1972,52,1972,854,BFA,Burkina Faso,M,Import,0,W00,World,0,W00,World,S1,S1,TRUE,5611,Nitrogenous fertilizers and materials nes,4,TRUE,C00,TOTAL CPC,0,0,TOTAL MOT,8,kg,847511,FALSE,-1,N/A,,FALSE,847511,FALSE,,FALSE,116788,,116788,0,TRUE,FALSE
C,A,19720101,1972,52,1972,858,URY,Uruguay,M,Import,0,W00,World,0,W00,World,S1,S1,TRUE,5611,Nitrogenous fertilizers and materials nes,4,TRUE,C00,TOTAL CPC,0,0,TOTAL MOT,-1,N/A,0,FALSE,-1,N/A,,FALSE,,FALSE,,FALSE,211476,,211476,0,TRUE,FALSE
C,A,19720101,1972,52,1972,862,VEN,Venezuela,M,Import,0,W00,World,0,W00,World,S1,S1,TRUE,5611,Nitrogenous fertilizers and materials nes,4,TRUE,C00,TOTAL CPC,0,0,TOTAL MOT,8,kg,71643848,FALSE,-1,N/A,,FALSE,71643848,FALSE,,FALSE,,3292973,3292973,0,TRUE,FALSE
C,A,19720101,1972,52,1972,862,VEN,Venezuela,X,Export,0,W00,World,0,W00,World,S1,S1,TRUE,5611,Nitrogenous fertilizers and materials nes,4,TRUE,C00,TOTAL CPC,0,0,TOTAL MOT,8,kg,2000,FALSE,-1,N/A,,FALSE,2000,FALSE,,FALSE,,125,125,0,TRUE,FALSE
C,A,19720101,1972,52,1972,868,VNM,Rep. of Vietnam (...1974),M,Import,0,W00,World,0,W00,World,S1,S1,TRUE,5611,Nitrogenous fertilizers and materials nes,4,TRUE,C00,TOTAL CPC,0,0,TOTAL MOT,8,kg,156155120,FALSE,-1,N/A,,FALSE,156155120,FALSE,,FALSE,13428976,,13428976,0,TRUE,FALSE
C,A,19720101,1972,52,1972,890,YUG,Yugoslavia (...1991),M,Import,0,W00,World,0,W00,World,S1,S1,TRUE,5611,Nitrogenous fertilizers and materials nes,4,TRUE,C00,TOTAL CPC,0,0,TOTAL MOT,8,kg,151120640,FALSE,-1,N/A,,FALSE,151120640,FALSE,,FALSE,3475252,,3475252,0,TRUE,FALSE
C,A,19720101,1972,52,1972,890,YUG,Yugoslavia (...1991),X,Export,0,W00,World,0,W00,World,S1,S1,TRUE,5611,Nitrogenous fertilizers and materials nes,4,TRUE,C00,TOTAL CPC,0,0,TOTAL MOT,8,kg,48590636,FALSE,-1,N/A,,FALSE,48590636,FALSE,,FALSE,,2430987,2430987,0,TRUE,FALSE
C,A,19720101,1972,52,1972,894,ZMB,Zambia,M,Import,0,W00,World,0,W00,World,S1,S1,TRUE,5611,Nitrogenous fertilizers and materials nes,4,TRUE,C00,TOTAL CPC,0,0,TOTAL MOT,8,kg,75697640,FALSE,-1,N/A,,FALSE,75697640,FALSE,,FALSE,,6149622,6149622,0,TRUE,FALSE
C,A,19720101,1972,52,1972,894,ZMB,Zambia,X,Export,0,W00,World,0,W00,World,S1,S1,TRUE,5611,Nitrogenous fertilizers and materials nes,4,TRUE,C00,TOTAL CPC,0,0,TOTAL MOT,8,kg,298800,FALSE,-1,N/A,,FALSE,298800,FALSE,,FALSE,,59254,59254,0,TRUE,FALSE
C,A,19730101,1973,52,1973,12,DZA,Algeria,M,Import,0,W00,World,0,W00,World,S1,S1,TRUE,5611,Nitrogenous fertilizers and materials nes,4,TRUE,C00,TOTAL CPC,0,0,TOTAL MOT,8,kg,59401000,FALSE,-1,N/A,,FALSE,59401000,FALSE,,FALSE,4360354,,4360354,0,TRUE,FALSE
C,A,19730101,1973,52,1973,24,AGO,Angola,M,Import,0,W00,World,0,W00,World,S1,S1,TRUE,5611,Nitrogenous fertilizers and materials nes,4,TRUE,C00,TOTAL CPC,0,0,TOTAL MOT,8,kg,23592124,FALSE,-1,N/A,,FALSE,23592124,FALSE,,FALSE,1655294,,1655294,0,TRUE,FALSE
C,A,19730101,1973,52,1973,28,ATG,Antigua and Barbuda,M,Import,0,W00,World,0,W00,World,S1,S1,TRUE,5611,Nitrogenous fertilizers and materials nes,4,TRUE,C00,TOTAL CPC,0,0,TOTAL MOT,8,kg,24452,FALSE,-1,N/A,,FALSE,24452,FALSE,,FALSE,14136,,14136,0,TRUE,FALSE
C,A,19730101,1973,52,1973,32,ARG,Argentina,M,Import,0,W00,World,0,W00,World,S1,S1,TRUE,5611,Nitrogenous fertilizers and materials nes,4,TRUE,C00,TOTAL CPC,0,0,TOTAL MOT,8,kg,11661142,FALSE,-1,N/A,,FALSE,11661142,FALSE,,FALSE,1489741,,1489741,0,TRUE,FALSE
C,A,19730101,1973,52,1973,32,ARG,Argentina,X,Export,0,W00,World,0,W00,World,S1,S1,TRUE,5611,Nitrogenous fertilizers and materials nes,4,TRUE,C00,TOTAL CPC,0,0,TOTAL MOT,8,kg,4312,FALSE,-1,N/A,,FALSE,4312,FALSE,,FALSE,,3039,3039,0,TRUE,FALSE
C,A,19730101,1973,52,1973,36,AUS,Australia,M,Import,0,W00,World,0,W00,World,S1,S1,TRUE,5611,Nitrogenous fertilizers and materials nes,4,TRUE,C00,TOTAL CPC,0,0,TOTAL MOT,8,kg,9788388,FALSE,-1,N/A,,FALSE,9788388,FALSE,,FALSE,,785472,785472,0,TRUE,FALSE
C,A,19730101,1973,52,1973,36,AUS,Australia,X,Export,0,W00,World,0,W00,World,S1,S1,TRUE,5611,Nitrogenous fertilizers and materials nes,4,TRUE,C00,TOTAL CPC,0,0,TOTAL MOT,8,kg,28343514,FALSE,-1,N/A,,FALSE,28343514,FALSE,,FALSE,,1171431,1171431,0,TRUE,FALSE
C,A,19730101,1973,52,1973,52,BRB,Barbados,M,Import,0,W00,World,0,W00,World,S1,S1,TRUE,5611,Nitrogenous fertilizers and materials nes,4,TRUE,C00,TOTAL CPC,0,0,TOTAL MOT,8,kg,2453777,FALSE,-1,N/A,,FALSE,2453777,FALSE,,FALSE,255368,,255368,0,TRUE,FALSE
C,A,19730101,1973,52,1973,52,BRB,Barbados,X,Export,0,W00,World,0,W00,World,S1,S1,TRUE,5611,Nitrogenous fertilizers and materials nes,4,TRUE,C00,TOTAL CPC,0,0,TOTAL MOT,8,kg,5062,FALSE,-1,N/A,,FALSE,5062,FALSE,,FALSE,,456,456,0,TRUE,FALSE
C,A,19730101,1973,52,1973,58,BEL,Belgium-Luxembourg (...1998),M,Import,0,W00,World,0,W00,World,S1,S1,TRUE,5611,Nitrogenous fertilizers and materials nes,4,TRUE,C00,TOTAL CPC,0,0,TOTAL MOT,8,kg,420672992,FALSE,-1,N/A,,FALSE,420672992,FALSE,,FALSE,21643644,,21643644,0,TRUE,FALSE
C,A,19730101,1973,52,1973,58,BEL,Belgium-Luxembourg (...1998),X,Export,0,W00,World,0,W00,World,S1,S1,TRUE,5611,Nitrogenous fertilizers and materials nes,4,TRUE,C00,TOTAL CPC,0,0,TOTAL MOT,8,kg,1415598336,FALSE,-1,N/A,,FALSE,1415598336,FALSE,,FALSE,,69487744,69487744,0,TRUE,FALSE
C,A,19730101,1973,52,1973,60,BMU,Bermuda,M,Import,0,W00,World,0,W00,World,S1,S1,TRUE,5611,Nitrogenous fertilizers and materials nes,4,TRUE,C00,TOTAL CPC,0,0,TOTAL MOT,8,kg,41007,FALSE,-1,N/A,,FALSE,41007,FALSE,,FALSE,4145,,4145,0,TRUE,FALSE
C,A,19730101,1973,52,1973,76,BRA,Brazil,M,Import,0,W00,World,0,W00,World,S1,S1,TRUE,5611,Nitrogenous fertilizers and materials nes,4,TRUE,C00,TOTAL CPC,0,0,TOTAL MOT,8,kg,653437504,FALSE,-1,N/A,,FALSE,653437504,FALSE,,FALSE,33912272,,33912272,0,TRUE,FALSE
C,A,19730101,1973,52,1973,76,BRA,Brazil,X,Export,0,W00,World,0,W00,World,S1,S1,TRUE,5611,Nitrogenous fertilizers and materials nes,4,TRUE,C00,TOTAL CPC,0,0,TOTAL MOT,8,kg,301000,FALSE,-1,N/A,,FALSE,301000,FALSE,,FALSE,,29057,29057,0,TRUE,FALSE
C,A,19730101,1973,52,1973,96,BRN,Brunei Darussalam,M,Import,0,W00,World,0,W00,World,S1,S1,TRUE,5611,Nitrogenous fertilizers and materials nes,4,TRUE,C00,TOTAL CPC,0,0,TOTAL MOT,-1,N/A,0,FALSE,-1,N/A,,FALSE,,FALSE,,FALSE,3761,,3761,0,TRUE,FALSE
C,A,19730101,1973,52,1973,96,BRN,Brunei Darussalam,X,Export,0,W00,World,0,W00,World,S1,S1,TRUE,5611,Nitrogenous fertilizers and materials nes,4,TRUE,C00,TOTAL CPC,0,0,TOTAL MOT,-1,N/A,0,FALSE,-1,N/A,,FALSE,,FALSE,,FALSE,,21,21,0,TRUE,FALSE
C,A,19730101,1973,52,1973,104,MMR,Myanmar,M,Import,0,W00,World,0,W00,World,S1,S1,TRUE,5611,Nitrogenous fertilizers and materials nes,4,TRUE,C00,TOTAL CPC,0,0,TOTAL MOT,8,kg,27433,FALSE,-1,N/A,,FALSE,27433,FALSE,,FALSE,2310,,2310,0,TRUE,FALSE
C,A,19730101,1973,52,1973,120,CMR,Cameroon,M,Import,0,W00,World,0,W00,World,S1,S1,TRUE,5611,Nitrogenous fertilizers and materials nes,4,TRUE,C00,TOTAL CPC,0,0,TOTAL MOT,8,kg,39368624,FALSE,-1,N/A,,FALSE,39368624,FALSE,,FALSE,3028437,,3028437,0,TRUE,FALSE
C,A,19730101,1973,52,1973,120,CMR,Cameroon,X,Export,0,W00,World,0,W00,World,S1,S1,TRUE,5611,Nitrogenous fertilizers and materials nes,4,TRUE,C00,TOTAL CPC,0,0,TOTAL MOT,8,kg,2000,FALSE,-1,N/A,,FALSE,2000,FALSE,,FALSE,,279,279,0,TRUE,FALSE
C,A,19730101,1973,52,1973,124,CAN,Canada,M,Import,0,W00,World,0,W00,World,S1,S1,TRUE,5611,Nitrogenous fertilizers and materials nes,4,TRUE,C00,TOTAL CPC,0,0,TOTAL MOT,8,kg,59196000,FALSE,-1,N/A,,FALSE,59196000,FALSE,,FALSE,,3218836,3218836,0,TRUE,FALSE
C,A,19730101,1973,52,1973,124,CAN,Canada,X,Export,0,W00,World,0,W00,World,S1,S1,TRUE,5611,Nitrogenous fertilizers and materials nes,4,TRUE,C00,TOTAL CPC,0,0,TOTAL MOT,8,kg,7722722,FALSE,-1,N/A,,FALSE,7722722,FALSE,,FALSE,,41115432,41115432,0,TRUE,FALSE
C,A,19730101,1973,52,1973,140,CAF,Central African Rep.,M,Import,0,W00,World,0,W00,World,S1,S1,TRUE,5611,Nitrogenous fertilizers and materials nes,4,TRUE,C00,TOTAL CPC,0,0,TOTAL MOT,8,kg,1024687,FALSE,-1,N/A,,FALSE,1024687,FALSE,,FALSE,149298,,149298,0,TRUE,FALSE
C,A,19730101,1973,52,1973,140,CAF,Central African Rep.,X,Export,0,W00,World,0,W00,World,S1,S1,TRUE,5611,Nitrogenous fertilizers and materials nes,4,TRUE,C00,TOTAL CPC,0,0,TOTAL MOT,8,kg,292,FALSE,-1,N/A,,FALSE,292,FALSE,,FALSE,,53,53,0,TRUE,FALSE
C,A,19730101,1973,52,1973,148,TCD,Chad,M,Import,0,W00,World,0,W00,World,S1,S1,TRUE,5611,Nitrogenous fertilizers and materials nes,4,TRUE,C00,TOTAL CPC,0,0,TOTAL MOT,8,kg,326,FALSE,-1,N/A,,FALSE,326,FALSE,,FALSE,170,,170,0,TRUE,FALSE
C,A,19730101,1973,52,1973,152,CHL,Chile,M,Import,0,W00,World,0,W00,World,S1,S1,TRUE,5611,Nitrogenous fertilizers and materials nes,4,TRUE,C00,TOTAL CPC,0,0,TOTAL MOT,8,kg,23254480,FALSE,-1,N/A,,FALSE,23254480,FALSE,,FALSE,2205232,,2205232,0,TRUE,FALSE
C,A,19730101,1973,52,1973,170,COL,Colombia,M,Import,0,W00,World,0,W00,World,S1,S1,TRUE,5611,Nitrogenous fertilizers and materials nes,4,TRUE,C00,TOTAL CPC,0,0,TOTAL MOT,8,kg,136549520,FALSE,-1,N/A,,FALSE,136549520,FALSE,,FALSE,12153096,,12153096,0,TRUE,FALSE
C,A,19730101,1973,52,1973,170,COL,Colombia,X,Export,0,W00,World,0,W00,World,S1,S1,TRUE,5611,Nitrogenous fertilizers and materials nes,4,TRUE,C00,TOTAL CPC,0,0,TOTAL MOT,8,kg,5200858,FALSE,-1,N/A,,FALSE,5200858,FALSE,,FALSE,,436942,436942,0,TRUE,FALSE
C,A,19730101,1973,52,1973,178,COG,Congo,M,Import,0,W00,World,0,W00,World,S1,S1,TRUE,5611,Nitrogenous fertilizers and materials nes,4,TRUE,C00,TOTAL CPC,0,0,TOTAL MOT,8,kg,3444812,FALSE,-1,N/A,,FALSE,3444812,FALSE,,FALSE,204431,,204431,0,TRUE,FALSE
C,A,19730101,1973,52,1973,180,COD,Dem. Rep. of the Congo,M,Import,0,W00,World,0,W00,World,S1,S1,TRUE,5611,Nitrogenous fertilizers and materials nes,4,TRUE,C00,TOTAL CPC,0,0,TOTAL MOT,8,kg,10661335,FALSE,-1,N/A,,FALSE,10661335,FALSE,,FALSE,1273252,,1273252,0,TRUE,FALSE
C,A,19730101,1973,52,1973,188,CRI,Costa Rica,M,Import,0,W00,World,0,W00,World,S1,S1,TRUE,5611,Nitrogenous fertilizers and materials nes,4,TRUE,C00,TOTAL CPC,0,0,TOTAL MOT,8,kg,87538928,FALSE,-1,N/A,,FALSE,87538928,FALSE,,FALSE,6442641,,6442641,0,TRUE,FALSE
C,A,19730101,1973,52,1973,188,CRI,Costa Rica,X,Export,0,W00,World,0,W00,World,S1,S1,TRUE,5611,Nitrogenous fertilizers and materials nes,4,TRUE,C00,TOTAL CPC,0,0,TOTAL MOT,8,kg,24206592,FALSE,-1,N/A,,FALSE,24206592,FALSE,,FALSE,,1568898,1568898,0,TRUE,FALSE
C,A,19730101,1973,52,1973,196,CYP,Cyprus,M,Import,0,W00,World,0,W00,World,S1,S1,TRUE,5611,Nitrogenous fertilizers and materials nes,4,TRUE,C00,TOTAL CPC,0,0,TOTAL MOT,8,kg,41721136,FALSE,-1,N/A,,FALSE,41721136,FALSE,,FALSE,2464759,,2464759,0,TRUE,FALSE
C,A,19730101,1973,52,1973,204,BEN,Benin,M,Import,0,W00,World,0,W00,World,S1,S1,TRUE,5611,Nitrogenous fertilizers and materials nes,4,TRUE,C00,TOTAL CPC,0,0,TOTAL MOT,8,kg,25187,FALSE,-1,N/A,,FALSE,25187,FALSE,,FALSE,3352,,3352,0,TRUE,FALSE
C,A,19730101,1973,52,1973,208,DNK,Denmark,M,Import,0,W00,World,0,W00,World,S1,S1,TRUE,5611,Nitrogenous fertilizers and materials nes,4,TRUE,C00,TOTAL CPC,0,0,TOTAL MOT,8,kg,236137952,FALSE,-1,N/A,,FALSE,236137952,FALSE,,FALSE,12562375,,12562375,0,TRUE,FALSE
C,A,19730101,1973,52,1973,208,DNK,Denmark,X,Export,0,W00,World,0,W00,World,S1,S1,TRUE,5611,Nitrogenous fertilizers and materials nes,4,TRUE,C00,TOTAL CPC,0,0,TOTAL MOT,8,kg,87629,FALSE,-1,N/A,,FALSE,87629,FALSE,,FALSE,,21990,21990,0,TRUE,FALSE
C,A,19730101,1973,52,1973,214,DOM,Dominican Rep.,M,Import,0,W00,World,0,W00,World,S1,S1,TRUE,5611,Nitrogenous fertilizers and materials nes,4,TRUE,C00,TOTAL CPC,0,0,TOTAL MOT,8,kg,78098272,FALSE,-1,N/A,,FALSE,78098272,FALSE,,FALSE,,3337640,3337640,0,TRUE,FALSE
C,A,19730101,1973,52,1973,214,DOM,Dominican Rep.,X,Export,0,W00,World,0,W00,World,S1,S1,TRUE,5611,Nitrogenous fertilizers and materials nes,4,TRUE,C00,TOTAL CPC,0,0,TOTAL MOT,8,kg,36124952,FALSE,-1,N/A,,FALSE,36124952,FALSE,,FALSE,,2414556,2414556,0,TRUE,FALSE
C,A,19730101,1973,52,1973,218,ECU,Ecuador,M,Import,0,W00,World,0,W00,World,S1,S1,TRUE,5611,Nitrogenous fertilizers and materials nes,4,TRUE,C00,TOTAL CPC,0,0,TOTAL MOT,8,kg,15070611,FALSE,-1,N/A,,FALSE,15070611,FALSE,,FALSE,1126073,,1126073,0,TRUE,FALSE
C,A,19730101,1973,52,1973,222,SLV,El Salvador,M,Import,0,W00,World,0,W00,World,S1,S1,TRUE,5611,Nitrogenous fertilizers and materials nes,4,TRUE,C00,TOTAL CPC,0,0,TOTAL MOT,8,kg,228983776,FALSE,-1,N/A,,FALSE,228983776,FALSE,,FALSE,11785031,,11785031,0,TRUE,FALSE
C,A,19730101,1973,52,1973,222,SLV,El Salvador,X,Export,0,W00,World,0,W00,World,S1,S1,TRUE,5611,Nitrogenous fertilizers and materials nes,4,TRUE,C00,TOTAL CPC,0,0,TOTAL MOT,8,kg,3101651,FALSE,-1,N/A,,FALSE,3101651,FALSE,,FALSE,,305001,305001,0,TRUE,FALSE
C,A,19730101,1973,52,1973,230,ETH,Ethiopia (...1992),M,Import,0,W00,World,0,W00,World,S1,S1,TRUE,5611,Nitrogenous fertilizers and materials nes,4,TRUE,C00,TOTAL CPC,0,0,TOTAL MOT,8,kg,2881063,FALSE,-1,N/A,,FALSE,2881063,FALSE,,FALSE,288936,,288936,0,TRUE,FALSE
C,A,19730101,1973,52,1973,242,FJI,Fiji,M,Import,0,W00,World,0,W00,World,S1,S1,TRUE,5611,Nitrogenous fertilizers and materials nes,4,TRUE,C00,TOTAL CPC,0,0,TOTAL MOT,8,kg,32392574,FALSE,-1,N/A,,FALSE,32392574,FALSE,,FALSE,1989404,,1989404,0,TRUE,FALSE
C,A,19730101,1973,52,1973,242,FJI,Fiji,X,Export,0,W00,World,0,W00,World,S1,S1,TRUE,5611,Nitrogenous fertilizers and materials nes,4,TRUE,C00,TOTAL CPC,0,0,TOTAL MOT,8,kg,95492,FALSE,-1,N/A,,FALSE,95492,FALSE,,FALSE,,37208,37208,0,TRUE,FALSE
C,A,19730101,1973,52,1973,246,FIN,Finland,M,Import,0,W00,World,0,W00,World,S1,S1,TRUE,5611,Nitrogenous fertilizers and materials nes,4,TRUE,C00,TOTAL CPC,0,0,TOTAL MOT,8,kg,17928980,FALSE,-1,N/A,,FALSE,17928980,FALSE,,FALSE,1301635,,1301635,0,TRUE,FALSE
C,A,19730101,1973,52,1973,246,FIN,Finland,X,Export,0,W00,World,0,W00,World,S1,S1,TRUE,5611,Nitrogenous fertilizers and materials nes,4,TRUE,C00,TOTAL CPC,0,0,TOTAL MOT,8,kg,74757488,FALSE,-1,N/A,,FALSE,74757488,FALSE,,FALSE,,4928880,4928880,0,TRUE,FALSE
C,A,19730101,1973,52,1973,251,FRA,France,M,Import,0,W00,World,0,W00,World,S1,S1,TRUE,5611,Nitrogenous fertilizers and materials nes,4,TRUE,C00,TOTAL CPC,0,0,TOTAL MOT,8,kg,784880448,FALSE,-1,N/A,,FALSE,784880448,FALSE,,FALSE,51860848,,51860848,0,TRUE,FALSE
C,A,19730101,1973,52,1973,251,FRA,France,X,Export,0,W00,World,0,W00,World,S1,S1,TRUE,5611,Nitrogenous fertilizers and materials nes,4,TRUE,C00,TOTAL CPC,0,0,TOTAL MOT,8,kg,539718528,FALSE,-1,N/A,,FALSE,539718528,FALSE,,FALSE,,34386644,34386644,0,TRUE,FALSE
C,A,19730101,1973,52,1973,254,GUF,French Guiana (Overseas France),M,Import,0,W00,World,0,W00,World,S1,S1,TRUE,5611,Nitrogenous fertilizers and materials nes,4,TRUE,C00,TOTAL CPC,0,0,TOTAL MOT,8,kg,31894,FALSE,-1,N/A,,FALSE,31894,FALSE,,FALSE,4387,,4387,0,TRUE,FALSE
C,A,19730101,1973,52,1973,258,PYF,French Polynesia,M,Import,0,W00,World,0,W00,World,S1,S1,TRUE,5611,Nitrogenous fertilizers and materials nes,4,TRUE,C00,TOTAL CPC,0,0,TOTAL MOT,8,kg,35487,FALSE,-1,N/A,,FALSE,35487,FALSE,,FALSE,5804,,5804,0,TRUE,FALSE
C,A,19730101,1973,52,1973,280,DEU,Fed. Rep. of Germany (...1990),M,Import,0,W00,World,0,W00,World,S1,S1,TRUE,5611,Nitrogenous fertilizers and materials nes,4,TRUE,C00,TOTAL CPC,0,0,TOTAL MOT,8,kg,774824512,FALSE,-1,N/A,,TRUE,774824512,FALSE,-1,TRUE,55070000,,55070000,0,FALSE,FALSE
C,A,19730101,1973,52,1973,280,DEU,Fed. Rep. of Germany (...1990),X,Export,0,W00,World,0,W00,World,S1,S1,TRUE,5611,Nitrogenous fertilizers and materials nes,4,TRUE,C00,TOTAL CPC,0,0,TOTAL MOT,8,kg,1294352384,FALSE,-1,N/A,,TRUE,1294352384,FALSE,-1,TRUE,,66849000,66849000,0,FALSE,FALSE
C,A,19730101,1973,52,1973,288,GHA,Ghana,M,Import,0,W00,World,0,W00,World,S1,S1,TRUE,5611,Nitrogenous fertilizers and materials nes,4,TRUE,C00,TOTAL CPC,0,0,TOTAL MOT,8,kg,5076364,FALSE,-1,N/A,,FALSE,5076364,FALSE,,FALSE,542687,,542687,0,TRUE,FALSE
C,A,19730101,1973,52,1973,300,GRC,Greece,M,Import,0,W00,World,0,W00,World,S1,S1,TRUE,5611,Nitrogenous fertilizers and materials nes,4,TRUE,C00,TOTAL CPC,0,0,TOTAL MOT,8,kg,33246668,FALSE,-1,N/A,,FALSE,33246668,FALSE,,FALSE,2511433,,2511433,0,TRUE,FALSE
C,A,19730101,1973,52,1973,300,GRC,Greece,X,Export,0,W00,World,0,W00,World,S1,S1,TRUE,5611,Nitrogenous fertilizers and materials nes,4,TRUE,C00,TOTAL CPC,0,0,TOTAL MOT,8,kg,92882992,FALSE,-1,N/A,,FALSE,92882992,FALSE,,FALSE,,4991129,4991129,0,TRUE,FALSE
C,A,19730101,1973,52,1973,312,GLP,Guadeloupe (Overseas France),M,Import,0,W00,World,0,W00,World,S1,S1,TRUE,5611,Nitrogenous fertilizers and materials nes,4,TRUE,C00,TOTAL CPC,0,0,TOTAL MOT,8,kg,546406,FALSE,-1,N/A,,FALSE,546406,FALSE,,FALSE,58805,,58805,0,TRUE,FALSE
C,A,19730101,1973,52,1973,312,GLP,Guadeloupe (Overseas France),X,Export,0,W00,World,0,W00,World,S1,S1,TRUE,5611,Nitrogenous fertilizers and materials nes,4,TRUE,C00,TOTAL CPC,0,0,TOTAL MOT,8,kg,5000,FALSE,-1,N/A,,FALSE,5000,FALSE,,FALSE,,784,784,0,TRUE,FALSE
C,A,19730101,1973,52,1973,320,GTM,Guatemala,M,Import,0,W00,World,0,W00,World,S1,S1,TRUE,5611,Nitrogenous fertilizers and materials nes,4,TRUE,C00,TOTAL CPC,0,0,TOTAL MOT,8,kg,83683992,FALSE,-1,N/A,,FALSE,83683992,FALSE,,FALSE,6491900,,6491900,0,TRUE,FALSE
C,A,19730101,1973,52,1973,320,GTM,Guatemala,X,Export,0,W00,World,0,W00,World,S1,S1,TRUE,5611,Nitrogenous fertilizers and materials nes,4,TRUE,C00,TOTAL CPC,0,0,TOTAL MOT,8,kg,452896,FALSE,-1,N/A,,FALSE,452896,FALSE,,FALSE,,84298,84298,0,TRUE,FALSE
C,A,19730101,1973,52,1973,328,GUY,Guyana,M,Import,0,W00,World,0,W00,World,S1,S1,TRUE,5611,Nitrogenous fertilizers and materials nes,4,TRUE,C00,TOTAL CPC,0,0,TOTAL MOT,8,kg,31035186,FALSE,-1,N/A,,FALSE,31035186,FALSE,,FALSE,2140984,,2140984,0,TRUE,FALSE
C,A,19730101,1973,52,1973,332,HTI,Haiti,M,Import,0,W00,World,0,W00,World,S1,S1,TRUE,5611,Nitrogenous fertilizers and materials nes,4,TRUE,C00,TOTAL CPC,0,0,TOTAL MOT,8,kg,119972,FALSE,-1,N/A,,FALSE,119972,FALSE,,FALSE,12258,,12258,0,TRUE,FALSE
C,A,19730101,1973,52,1973,340,HND,Honduras,M,Import,0,W00,World,0,W00,World,S1,S1,TRUE,5611,Nitrogenous fertilizers and materials nes,4,TRUE,C00,TOTAL CPC,0,0,TOTAL MOT,8,kg,38159944,FALSE,-1,N/A,,FALSE,38159944,FALSE,,FALSE,3576056,,3576056,0,TRUE,FALSE
C,A,19730101,1973,52,1973,340,HND,Honduras,X,Export,0,W00,World,0,W00,World,S1,S1,TRUE,5611,Nitrogenous fertilizers and materials nes,4,TRUE,C00,TOTAL CPC,0,0,TOTAL MOT,8,kg,25679,FALSE,-1,N/A,,FALSE,25679,FALSE,,FALSE,,2972,2972,0,TRUE,FALSE
C,A,19730101,1973,52,1973,344,HKG,"China, Hong Kong SAR",M,Import,0,W00,World,0,W00,World,S1,S1,TRUE,5611,Nitrogenous fertilizers and materials nes,4,TRUE,C00,TOTAL CPC,0,0,TOTAL MOT,8,kg,2123499,FALSE,-1,N/A,,FALSE,2123499,FALSE,,FALSE,239480,,239480,0,TRUE,FALSE
C,A,19730101,1973,52,1973,344,HKG,"China, Hong Kong SAR",X,Export,0,W00,World,0,W00,World,S1,S1,TRUE,5611,Nitrogenous fertilizers and materials nes,4,TRUE,C00,TOTAL CPC,0,0,TOTAL MOT,8,kg,3000,FALSE,-1,N/A,,FALSE,3000,FALSE,,FALSE,,553,553,0,TRUE,FALSE
C,A,19730101,1973,52,1973,352,ISL,Iceland,M,Import,0,W00,World,0,W00,World,S1,S1,TRUE,5611,Nitrogenous fertilizers and materials nes,4,TRUE,C00,TOTAL CPC,0,0,TOTAL MOT,8,kg,1973090,FALSE,-1,N/A,,FALSE,1973090,FALSE,,FALSE,127880,,127880,0,TRUE,FALSE
C,A,19730101,1973,52,1973,356,IND,India (...1974),M,Import,0,W00,World,0,W00,World,S1,S1,TRUE,5611,Nitrogenous fertilizers and materials nes,4,TRUE,C00,TOTAL CPC,0,0,TOTAL MOT,8,kg,776220032,FALSE,-1,N/A,,FALSE,776220032,FALSE,,FALSE,62813348,,62813348,0,TRUE,FALSE
C,A,19730101,1973,52,1973,356,IND,India (...1974),X,Export,0,W00,World,0,W00,World,S1,S1,TRUE,5611,Nitrogenous fertilizers and materials nes,4,TRUE,C00,TOTAL CPC,0,0,TOTAL MOT,8,kg,7250000,FALSE,-1,N/A,,FALSE,7250000,FALSE,,FALSE,,877665,877665,0,TRUE,FALSE
C,A,19730101,1973,52,1973,360,IDN,Indonesia,M,Import,0,W00,World,0,W00,World,S1,S1,TRUE,5611,Nitrogenous fertilizers and materials nes,4,TRUE,C00,TOTAL CPC,0,0,TOTAL MOT,8,kg,315143417,FALSE,-1,N/A,,FALSE,315143417,FALSE,,FALSE,26661430,,26661430,0,TRUE,FALSE
C,A,19730101,1973,52,1973,364,IRN,Iran,M,Import,0,W00,World,0,W00,World,S1,S1,TRUE,5611,Nitrogenous fertilizers and materials nes,4,TRUE,C00,TOTAL CPC,0,0,TOTAL MOT,8,kg,45020228,FALSE,-1,N/A,,FALSE,45020228,FALSE,,FALSE,4726368,,4726368,0,TRUE,FALSE
C,A,19730101,1973,52,1973,364,IRN,Iran,X,Export,0,W00,World,0,W00,World,S1,S1,TRUE,5611,Nitrogenous fertilizers and materials nes,4,TRUE,C00,TOTAL CPC,0,0,TOTAL MOT,8,kg,6000,FALSE,-1,N/A,,FALSE,6000,FALSE,,FALSE,,464,464,0,TRUE,FALSE
C,A,19730101,1973,52,1973,368,IRQ,Iraq,M,Import,0,W00,World,0,W00,World,S1,S1,TRUE,5611,Nitrogenous fertilizers and materials nes,4,TRUE,C00,TOTAL CPC,0,0,TOTAL MOT,8,kg,10007000,FALSE,-1,N/A,,FALSE,10007000,FALSE,,FALSE,1718372,,1718372,0,TRUE,FALSE
C,A,19730101,1973,52,1973,368,IRQ,Iraq,X,Export,0,W00,World,0,W00,World,S1,S1,TRUE,5611,Nitrogenous fertilizers and materials nes,4,TRUE,C00,TOTAL CPC,0,0,TOTAL MOT,8,kg,25645000,FALSE,-1,N/A,,FALSE,25645000,FALSE,,FALSE,,883930,883930,0,TRUE,FALSE
C,A,19730101,1973,52,1973,372,IRL,Ireland,M,Import,0,W00,World,0,W00,World,S1,S1,TRUE,5611,Nitrogenous fertilizers and materials nes,4,TRUE,C00,TOTAL CPC,0,0,TOTAL MOT,8,kg,225904992,FALSE,-1,N/A,,FALSE,225904992,FALSE,,FALSE,13134589,,13134589,0,TRUE,FALSE
C,A,19730101,1973,52,1973,372,IRL,Ireland,X,Export,0,W00,World,0,W00,World,S1,S1,TRUE,5611,Nitrogenous fertilizers and materials nes,4,TRUE,C00,TOTAL CPC,0,0,TOTAL MOT,8,kg,14491000,FALSE,-1,N/A,,FALSE,14491000,FALSE,,FALSE,,933774,933774,0,TRUE,FALSE
C,A,19730101,1973,52,1973,376,ISR,Israel,M,Import,0,W00,World,0,W00,World,S1,S1,TRUE,5611,Nitrogenous fertilizers and materials nes,4,TRUE,C00,TOTAL CPC,0,0,TOTAL MOT,-1,N/A,0,FALSE,-1,N/A,,FALSE,,FALSE,,FALSE,3500420,,3500420,0,TRUE,FALSE
C,A,19730101,1973,52,1973,380,ITA,Italy,M,Import,0,W00,World,0,W00,World,S1,S1,TRUE,5611,Nitrogenous fertilizers and materials nes,4,TRUE,C00,TOTAL CPC,0,0,TOTAL MOT,8,kg,69893728,FALSE,-1,N/A,,TRUE,69893728,FALSE,-1,TRUE,5306088,,5306088,0,FALSE,FALSE
C,A,19730101,1973,52,1973,380,ITA,Italy,X,Export,0,W00,World,0,W00,World,S1,S1,TRUE,5611,Nitrogenous fertilizers and materials nes,4,TRUE,C00,TOTAL CPC,0,0,TOTAL MOT,8,kg,1039896832,FALSE,-1,N/A,,TRUE,1039896832,FALSE,-1,TRUE,,57409936,57409936,0,FALSE,FALSE
C,A,19730101,1973,52,1973,384,CIV,CÙte d'Ivoire,M,Import,0,W00,World,0,W00,World,S1,S1,TRUE,5611,Nitrogenous fertilizers and materials nes,4,TRUE,C00,TOTAL CPC,0,0,TOTAL MOT,8,kg,4363749,FALSE,-1,N/A,,FALSE,4363749,FALSE,,FALSE,511579,,511579,0,TRUE,FALSE
C,A,19730101,1973,52,1973,384,CIV,CÙte d'Ivoire,X,Export,0,W00,World,0,W00,World,S1,S1,TRUE,5611,Nitrogenous fertilizers and materials nes,4,TRUE,C00,TOTAL CPC,0,0,TOTAL MOT,8,kg,6006937,FALSE,-1,N/A,,FALSE,6006937,FALSE,,FALSE,,1267710,1267710,0,TRUE,FALSE
C,A,19730101,1973,52,1973,388,JAM,Jamaica,M,Import,0,W00,World,0,W00,World,S1,S1,TRUE,5611,Nitrogenous fertilizers and materials nes,4,TRUE,C00,TOTAL CPC,0,0,TOTAL MOT,8,kg,33583416,FALSE,-1,N/A,,FALSE,33583416,FALSE,,FALSE,1863749,,1863749,0,TRUE,FALSE
C,A,19730101,1973,52,1973,388,JAM,Jamaica,X,Export,0,W00,World,0,W00,World,S1,S1,TRUE,5611,Nitrogenous fertilizers and materials nes,4,TRUE,C00,TOTAL CPC,0,0,TOTAL MOT,8,kg,46768,FALSE,-1,N/A,,FALSE,46768,FALSE,,FALSE,,3860,3860,0,TRUE,FALSE
C,A,19730101,1973,52,1973,392,JPN,Japan,M,Import,0,W00,World,0,W00,World,S1,S1,TRUE,5611,Nitrogenous fertilizers and materials nes,4,TRUE,C00,TOTAL CPC,0,0,TOTAL MOT,8,kg,36601000,FALSE,-1,N/A,,FALSE,36601000,FALSE,,FALSE,2582915,,2582915,0,TRUE,FALSE
C,A,19730101,1973,52,1973,392,JPN,Japan,X,Export,0,W00,World,0,W00,World,S1,S1,TRUE,5611,Nitrogenous fertilizers and materials nes,4,TRUE,C00,TOTAL CPC,0,0,TOTAL MOT,8,kg,3453812000,FALSE,-1,N/A,,FALSE,3453812000,FALSE,,FALSE,,222710526,222710526,0,TRUE,FALSE
C,A,19730101,1973,52,1973,410,KOR,Rep. of Korea,M,Import,0,W00,World,0,W00,World,S1,S1,TRUE,5611,Nitrogenous fertilizers and materials nes,4,TRUE,C00,TOTAL CPC,0,0,TOTAL MOT,8,kg,9551525,FALSE,-1,N/A,,FALSE,9551525,FALSE,,FALSE,1165036,,1165036,0,TRUE,FALSE
C,A,19730101,1973,52,1973,410,KOR,Rep. of Korea,X,Export,0,W00,World,0,W00,World,S1,S1,TRUE,5611,Nitrogenous fertilizers and materials nes,4,TRUE,C00,TOTAL CPC,0,0,TOTAL MOT,8,kg,28050000,FALSE,-1,N/A,,FALSE,28050000,FALSE,,FALSE,,2659973,2659973,0,TRUE,FALSE
C,A,19730101,1973,52,1973,422,LBN,Lebanon,M,Import,0,W00,World,0,W00,World,S1,S1,TRUE,5611,Nitrogenous fertilizers and materials nes,4,TRUE,C00,TOTAL CPC,0,0,TOTAL MOT,8,kg,84355800,FALSE,-1,N/A,,FALSE,84355800,FALSE,,FALSE,4537651,,4537651,0,TRUE,FALSE
C,A,19730101,1973,52,1973,422,LBN,Lebanon,X,Export,0,W00,World,0,W00,World,S1,S1,TRUE,5611,Nitrogenous fertilizers and materials nes,4,TRUE,C00,TOTAL CPC,0,0,TOTAL MOT,8,kg,447537,FALSE,-1,N/A,,FALSE,447537,FALSE,,FALSE,,47755,47755,0,TRUE,FALSE
C,A,19730101,1973,52,1973,430,LBR,Liberia,M,Import,0,W00,World,0,W00,World,S1,S1,TRUE,5611,Nitrogenous fertilizers and materials nes,4,TRUE,C00,TOTAL CPC,0,0,TOTAL MOT,8,kg,9373440,FALSE,-1,N/A,,FALSE,9373440,FALSE,,FALSE,717209,,717209,0,TRUE,FALSE
C,A,19730101,1973,52,1973,434,LBY,Libya,M,Import,0,W00,World,0,W00,World,S1,S1,TRUE,5611,Nitrogenous fertilizers and materials nes,4,TRUE,C00,TOTAL CPC,0,0,TOTAL MOT,8,kg,70051504,FALSE,-1,N/A,,FALSE,70051504,FALSE,,FALSE,6895417,,6895417,0,TRUE,FALSE
C,A,19730101,1973,52,1973,446,MAC,"China, Macao SAR",M,Import,0,W00,World,0,W00,World,S1,S1,TRUE,5611,Nitrogenous fertilizers and materials nes,4,TRUE,C00,TOTAL CPC,0,0,TOTAL MOT,8,kg,468468,FALSE,-1,N/A,,FALSE,468468,FALSE,,FALSE,45277,,45277,0,TRUE,FALSE
C,A,19730101,1973,52,1973,454,MWI,Malawi,M,Import,0,W00,World,0,W00,World,S1,S1,TRUE,5611,Nitrogenous fertilizers and materials nes,4,TRUE,C00,TOTAL CPC,0,0,TOTAL MOT,8,kg,12840288,FALSE,-1,N/A,,FALSE,12840288,FALSE,,FALSE,1364699,,1364699,0,TRUE,FALSE
C,A,19730101,1973,52,1973,458,MYS,Malaysia,M,Import,0,W00,World,0,W00,World,S1,S1,TRUE,5611,Nitrogenous fertilizers and materials nes,4,TRUE,C00,TOTAL CPC,0,0,TOTAL MOT,8,kg,108662968,FALSE,-1,N/A,,FALSE,108662968,FALSE,,FALSE,10080320,,10080320,0,TRUE,FALSE
C,A,19730101,1973,52,1973,458,MYS,Malaysia,X,Export,0,W00,World,0,W00,World,S1,S1,TRUE,5611,Nitrogenous fertilizers and materials nes,4,TRUE,C00,TOTAL CPC,0,0,TOTAL MOT,8,kg,1516062,FALSE,-1,N/A,,FALSE,1516062,FALSE,,FALSE,,222938,222938,0,TRUE,FALSE
C,A,19730101,1973,52,1973,470,MLT,Malta,M,Import,0,W00,World,0,W00,World,S1,S1,TRUE,5611,Nitrogenous fertilizers and materials nes,4,TRUE,C00,TOTAL CPC,0,0,TOTAL MOT,8,kg,1623687,FALSE,-1,N/A,,FALSE,1623687,FALSE,,FALSE,129213,,129213,0,TRUE,FALSE
C,A,19730101,1973,52,1973,474,MTQ,Martinique (Overseas France),M,Import,0,W00,World,0,W00,World,S1,S1,TRUE,5611,Nitrogenous fertilizers and materials nes,4,TRUE,C00,TOTAL CPC,0,0,TOTAL MOT,8,kg,4040245,FALSE,-1,N/A,,FALSE,4040245,FALSE,,FALSE,390641,,390641,0,TRUE,FALSE
C,A,19730101,1973,52,1973,480,MUS,Mauritius,M,Import,0,W00,World,0,W00,World,S1,S1,TRUE,5611,Nitrogenous fertilizers and materials nes,4,TRUE,C00,TOTAL CPC,0,0,TOTAL MOT,8,kg,28460000,FALSE,-1,N/A,,FALSE,28460000,FALSE,,FALSE,1865574,,1865574,0,TRUE,FALSE
C,A,19730101,1973,52,1973,484,MEX,Mexico,M,Import,0,W00,World,0,W00,World,S1,S1,TRUE,5611,Nitrogenous fertilizers and materials nes,4,TRUE,C00,TOTAL CPC,0,0,TOTAL MOT,8,kg,229866624,FALSE,-1,N/A,,FALSE,229866624,FALSE,,FALSE,9812986,,9812986,0,TRUE,FALSE
C,A,19730101,1973,52,1973,484,MEX,Mexico,X,Export,0,W00,World,0,W00,World,S1,S1,TRUE,5611,Nitrogenous fertilizers and materials nes,4,TRUE,C00,TOTAL CPC,0,0,TOTAL MOT,8,kg,77851408,FALSE,-1,N/A,,FALSE,77851408,FALSE,,FALSE,,6187092,6187092,0,TRUE,FALSE
C,A,19730101,1973,52,1973,504,MAR,Morocco,M,Import,0,W00,World,0,W00,World,S1,S1,TRUE,5611,Nitrogenous fertilizers and materials nes,4,TRUE,C00,TOTAL CPC,0,0,TOTAL MOT,8,kg,177109280,FALSE,-1,N/A,,FALSE,177109280,FALSE,,FALSE,9564959,,9564959,0,TRUE,FALSE
C,A,19730101,1973,52,1973,504,MAR,Morocco,X,Export,0,W00,World,0,W00,World,S1,S1,TRUE,5611,Nitrogenous fertilizers and materials nes,4,TRUE,C00,TOTAL CPC,0,0,TOTAL MOT,8,kg,4300000,FALSE,-1,N/A,,FALSE,4300000,FALSE,,FALSE,,331639,331639,0,TRUE,FALSE
C,A,19730101,1973,52,1973,528,NLD,Netherlands,M,Import,0,W00,World,0,W00,World,S1,S1,TRUE,5611,Nitrogenous fertilizers and materials nes,4,TRUE,C00,TOTAL CPC,0,0,TOTAL MOT,8,kg,83403392,FALSE,-1,N/A,,FALSE,83403392,FALSE,,FALSE,5782926,,5782926,0,TRUE,FALSE
C,A,19730101,1973,52,1973,528,NLD,Netherlands,X,Export,0,W00,World,0,W00,World,S1,S1,TRUE,5611,Nitrogenous fertilizers and materials nes,4,TRUE,C00,TOTAL CPC,0,0,TOTAL MOT,8,kg,2563719680,FALSE,-1,N/A,,FALSE,2563719680,FALSE,,FALSE,,135182864,135182864,0,TRUE,FALSE
C,A,19730101,1973,52,1973,532,ANT,Netherlands Antilles and Aruba (...1985),M,Import,0,W00,World,0,W00,World,S1,S1,TRUE,5611,Nitrogenous fertilizers and materials nes,4,TRUE,C00,TOTAL CPC,0,0,TOTAL MOT,8,kg,124000,FALSE,-1,N/A,,FALSE,124000,FALSE,,FALSE,,20670,20670,0,TRUE,FALSE
C,A,19730101,1973,52,1973,554,NZL,New Zealand,M,Import,0,W00,World,0,W00,World,S1,S1,TRUE,5611,Nitrogenous fertilizers and materials nes,4,TRUE,C00,TOTAL CPC,0,0,TOTAL MOT,-1,N/A,0,FALSE,-1,N/A,,FALSE,,FALSE,,FALSE,9615409,,9615409,0,TRUE,FALSE
C,A,19730101,1973,52,1973,554,NZL,New Zealand,X,Export,0,W00,World,0,W00,World,S1,S1,TRUE,5611,Nitrogenous fertilizers and materials nes,4,TRUE,C00,TOTAL CPC,0,0,TOTAL MOT,8,kg,198150,FALSE,-1,N/A,,FALSE,198150,FALSE,,FALSE,,29743,29743,0,TRUE,FALSE
C,A,19730101,1973,52,1973,558,NIC,Nicaragua,M,Import,0,W00,World,0,W00,World,S1,S1,TRUE,5611,Nitrogenous fertilizers and materials nes,4,TRUE,C00,TOTAL CPC,0,0,TOTAL MOT,8,kg,86478568,FALSE,-1,N/A,,FALSE,86478568,FALSE,,FALSE,6858754,,6858754,0,TRUE,FALSE
C,A,19730101,1973,52,1973,558,NIC,Nicaragua,X,Export,0,W00,World,0,W00,World,S1,S1,TRUE,5611,Nitrogenous fertilizers and materials nes,4,TRUE,C00,TOTAL CPC,0,0,TOTAL MOT,8,kg,9812,FALSE,-1,N/A,,FALSE,9812,FALSE,,FALSE,,4884,4884,0,TRUE,FALSE
C,A,19730101,1973,52,1973,562,NER,Niger,M,Import,0,W00,World,0,W00,World,S1,S1,TRUE,5611,Nitrogenous fertilizers and materials nes,4,TRUE,C00,TOTAL CPC,0,0,TOTAL MOT,8,kg,814062,FALSE,-1,N/A,,FALSE,814062,FALSE,,FALSE,135368,,135368,0,TRUE,FALSE
C,A,19730101,1973,52,1973,566,NGA,Nigeria,M,Import,0,W00,World,0,W00,World,S1,S1,TRUE,5611,Nitrogenous fertilizers and materials nes,4,TRUE,C00,TOTAL CPC,0,0,TOTAL MOT,8,kg,8515000,FALSE,-1,N/A,,FALSE,8515000,FALSE,,FALSE,678614,,678614,0,TRUE,FALSE
C,A,19730101,1973,52,1973,579,NOR,Norway,M,Import,0,W00,World,0,W00,World,S1,S1,TRUE,5611,Nitrogenous fertilizers and materials nes,4,TRUE,C00,TOTAL CPC,0,0,TOTAL MOT,8,kg,1947333,FALSE,-1,N/A,,FALSE,1947333,FALSE,,FALSE,200278,,200278,0,TRUE,FALSE
C,A,19730101,1973,52,1973,579,NOR,Norway,X,Export,0,W00,World,0,W00,World,S1,S1,TRUE,5611,Nitrogenous fertilizers and materials nes,4,TRUE,C00,TOTAL CPC,0,0,TOTAL MOT,8,kg,853378112,FALSE,-1,N/A,,FALSE,853378112,FALSE,,FALSE,,37315256,37315256,0,TRUE,FALSE
C,A,19730101,1973,52,1973,586,PAK,Pakistan,M,Import,0,W00,World,0,W00,World,S1,S1,TRUE,5611,Nitrogenous fertilizers and materials nes,4,TRUE,C00,TOTAL CPC,0,0,TOTAL MOT,-1,N/A,0,FALSE,-1,N/A,,FALSE,,FALSE,,FALSE,38554712,,38554712,0,TRUE,FALSE
C,A,19730101,1973,52,1973,590,PAN,"Panama, excl.Canal Zone (...1977)",M,Import,0,W00,World,0,W00,World,S1,S1,TRUE,5611,Nitrogenous fertilizers and materials nes,4,TRUE,C00,TOTAL CPC,0,0,TOTAL MOT,8,kg,16708037,FALSE,-1,N/A,,FALSE,16708037,FALSE,,FALSE,1392417,,1392417,0,TRUE,FALSE
C,A,19730101,1973,52,1973,598,PNG,Papua New Guinea,M,Import,0,W00,World,0,W00,World,S1,S1,TRUE,5611,Nitrogenous fertilizers and materials nes,4,TRUE,C00,TOTAL CPC,0,0,TOTAL MOT,8,kg,6663198,FALSE,-1,N/A,,FALSE,6663198,FALSE,,FALSE,363991,,363991,0,TRUE,FALSE
C,A,19730101,1973,52,1973,600,PRY,Paraguay,M,Import,0,W00,World,0,W00,World,S1,S1,TRUE,5611,Nitrogenous fertilizers and materials nes,4,TRUE,C00,TOTAL CPC,0,0,TOTAL MOT,8,kg,44238,FALSE,-1,N/A,,FALSE,44238,FALSE,,FALSE,5861,,5861,0,TRUE,FALSE
C,A,19730101,1973,52,1973,604,PER,Peru,M,Import,0,W00,World,0,W00,World,S1,S1,TRUE,5611,Nitrogenous fertilizers and materials nes,4,TRUE,C00,TOTAL CPC,0,0,TOTAL MOT,8,kg,160399184,FALSE,-1,N/A,,FALSE,160399184,FALSE,,FALSE,10214667,,10214667,0,TRUE,FALSE
C,A,19730101,1973,52,1973,604,PER,Peru,X,Export,0,W00,World,0,W00,World,S1,S1,TRUE,5611,Nitrogenous fertilizers and materials nes,4,TRUE,C00,TOTAL CPC,0,0,TOTAL MOT,8,kg,135746,FALSE,-1,N/A,,FALSE,135746,FALSE,,FALSE,,14852,14852,0,TRUE,FALSE
C,A,19730101,1973,52,1973,608,PHL,Philippines,M,Import,0,W00,World,0,W00,World,S1,S1,TRUE,5611,Nitrogenous fertilizers and materials nes,4,TRUE,C00,TOTAL CPC,0,0,TOTAL MOT,8,kg,156402752,FALSE,-1,N/A,,FALSE,156402752,FALSE,,FALSE,10940562,,10940562,0,TRUE,FALSE
C,A,19730101,1973,52,1973,620,PRT,Portugal,M,Import,0,W00,World,0,W00,World,S1,S1,TRUE,5611,Nitrogenous fertilizers and materials nes,4,TRUE,C00,TOTAL CPC,0,0,TOTAL MOT,8,kg,13514938,FALSE,-1,N/A,,FALSE,13514938,FALSE,,FALSE,1207197,,1207197,0,TRUE,FALSE
C,A,19730101,1973,52,1973,620,PRT,Portugal,X,Export,0,W00,World,0,W00,World,S1,S1,TRUE,5611,Nitrogenous fertilizers and materials nes,4,TRUE,C00,TOTAL CPC,0,0,TOTAL MOT,8,kg,90401072,FALSE,-1,N/A,,FALSE,90401072,FALSE,,FALSE,,5289847,5289847,0,TRUE,FALSE
C,A,19730101,1973,52,1973,638,REU,RÈunion (Overseas France),M,Import,0,W00,World,0,W00,World,S1,S1,TRUE,5611,Nitrogenous fertilizers and materials nes,4,TRUE,C00,TOTAL CPC,0,0,TOTAL MOT,8,kg,3557812,FALSE,-1,N/A,,TRUE,3557812,FALSE,-1,TRUE,303903,,303903,0,FALSE,FALSE
C,A,19730101,1973,52,1973,662,LCA,Saint Lucia,M,Import,0,W00,World,0,W00,World,S1,S1,TRUE,5611,Nitrogenous fertilizers and materials nes,4,TRUE,C00,TOTAL CPC,0,0,TOTAL MOT,8,kg,4059599,FALSE,-1,N/A,,FALSE,4059599,FALSE,,FALSE,398832,,398832,0,TRUE,FALSE
C,A,19730101,1973,52,1973,662,LCA,Saint Lucia,X,Export,0,W00,World,0,W00,World,S1,S1,TRUE,5611,Nitrogenous fertilizers and materials nes,4,TRUE,C00,TOTAL CPC,0,0,TOTAL MOT,8,kg,101605,FALSE,-1,N/A,,FALSE,101605,FALSE,,FALSE,,9391,9391,0,TRUE,FALSE
C,A,19730101,1973,52,1973,686,SEN,Senegal,M,Import,0,W00,World,0,W00,World,S1,S1,TRUE,5611,Nitrogenous fertilizers and materials nes,4,TRUE,C00,TOTAL CPC,0,0,TOTAL MOT,8,kg,4863925,FALSE,-1,N/A,,FALSE,4863925,FALSE,,FALSE,556953,,556953,0,TRUE,FALSE
C,A,19730101,1973,52,1973,686,SEN,Senegal,X,Export,0,W00,World,0,W00,World,S1,S1,TRUE,5611,Nitrogenous fertilizers and materials nes,4,TRUE,C00,TOTAL CPC,0,0,TOTAL MOT,8,kg,50937,FALSE,-1,N/A,,FALSE,50937,FALSE,,FALSE,,4786,4786,0,TRUE,FALSE
C,A,19730101,1973,52,1973,690,SYC,Seychelles,M,Import,0,W00,World,0,W00,World,S1,S1,TRUE,5611,Nitrogenous fertilizers and materials nes,4,TRUE,C00,TOTAL CPC,0,0,TOTAL MOT,-1,N/A,0,FALSE,-1,N/A,,FALSE,,FALSE,,FALSE,6617,,6617,0,TRUE,FALSE
C,A,19730101,1973,52,1973,694,SLE,Sierra Leone,M,Import,0,W00,World,0,W00,World,S1,S1,TRUE,5611,Nitrogenous fertilizers and materials nes,4,TRUE,C00,TOTAL CPC,0,0,TOTAL MOT,8,kg,2324737,FALSE,-1,N/A,,FALSE,2324737,FALSE,,FALSE,81691,,81691,0,TRUE,FALSE
C,A,19730101,1973,52,1973,702,SGP,Singapore,M,Import,0,W00,World,0,W00,World,S1,S1,TRUE,5611,Nitrogenous fertilizers and materials nes,4,TRUE,C00,TOTAL CPC,0,0,TOTAL MOT,8,kg,111579624,FALSE,-1,N/A,,FALSE,111579624,FALSE,,FALSE,8863419,,8863419,0,TRUE,FALSE
C,A,19730101,1973,52,1973,702,SGP,Singapore,X,Export,0,W00,World,0,W00,World,S1,S1,TRUE,5611,Nitrogenous fertilizers and materials nes,4,TRUE,C00,TOTAL CPC,0,0,TOTAL MOT,8,kg,80260872,FALSE,-1,N/A,,FALSE,80260872,FALSE,,FALSE,,6546700,6546700,0,TRUE,FALSE
C,A,19730101,1973,52,1973,724,ESP,Spain,M,Import,0,W00,World,0,W00,World,S1,S1,TRUE,5611,Nitrogenous fertilizers and materials nes,4,TRUE,C00,TOTAL CPC,0,0,TOTAL MOT,8,kg,230902448,FALSE,-1,N/A,,FALSE,230902448,FALSE,,FALSE,12411161,,12411161,0,TRUE,FALSE
C,A,19730101,1973,52,1973,724,ESP,Spain,X,Export,0,W00,World,0,W00,World,S1,S1,TRUE,5611,Nitrogenous fertilizers and materials nes,4,TRUE,C00,TOTAL CPC,0,0,TOTAL MOT,8,kg,170160,FALSE,-1,N/A,,FALSE,170160,FALSE,,FALSE,,23247,23247,0,TRUE,FALSE
C,A,19730101,1973,52,1973,736,SDN,Sudan (...2011),M,Import,0,W00,World,0,W00,World,S1,S1,TRUE,5611,Nitrogenous fertilizers and materials nes,4,TRUE,C00,TOTAL CPC,0,0,TOTAL MOT,8,kg,178395008,FALSE,-1,N/A,,FALSE,178395008,FALSE,,FALSE,10765714,,10765714,0,TRUE,FALSE
C,A,19730101,1973,52,1973,740,SUR,Suriname,M,Import,0,W00,World,0,W00,World,S1,S1,TRUE,5611,Nitrogenous fertilizers and materials nes,4,TRUE,C00,TOTAL CPC,0,0,TOTAL MOT,8,kg,2207009,FALSE,-1,N/A,,FALSE,2207009,FALSE,,FALSE,232454,,232454,0,TRUE,FALSE
C,A,19730101,1973,52,1973,752,SWE,Sweden,M,Import,0,W00,World,0,W00,World,S1,S1,TRUE,5611,Nitrogenous fertilizers and materials nes,4,TRUE,C00,TOTAL CPC,0,0,TOTAL MOT,8,kg,485808704,FALSE,-1,N/A,,FALSE,485808704,FALSE,,FALSE,21971604,,21971604,0,TRUE,FALSE
C,A,19730101,1973,52,1973,757,CHE,Switzerland,M,Import,0,W00,World,0,W00,World,S1,S1,TRUE,5611,Nitrogenous fertilizers and materials nes,4,TRUE,C00,TOTAL CPC,0,0,TOTAL MOT,8,kg,49922120,FALSE,-1,N/A,,FALSE,49922120,FALSE,,FALSE,4483930,,4483930,0,TRUE,FALSE
C,A,19730101,1973,52,1973,757,CHE,Switzerland,X,Export,0,W00,World,0,W00,World,S1,S1,TRUE,5611,Nitrogenous fertilizers and materials nes,4,TRUE,C00,TOTAL CPC,0,0,TOTAL MOT,8,kg,486141,FALSE,-1,N/A,,FALSE,486141,FALSE,,FALSE,,28984,28984,0,TRUE,FALSE
C,A,19730101,1973,52,1973,764,THA,Thailand,M,Import,0,W00,World,0,W00,World,S1,S1,TRUE,5611,Nitrogenous fertilizers and materials nes,4,TRUE,C00,TOTAL CPC,0,0,TOTAL MOT,8,kg,37655456,FALSE,-1,N/A,,FALSE,37655456,FALSE,,FALSE,3141983,,3141983,0,TRUE,FALSE
C,A,19730101,1973,52,1973,764,THA,Thailand,X,Export,0,W00,World,0,W00,World,S1,S1,TRUE,5611,Nitrogenous fertilizers and materials nes,4,TRUE,C00,TOTAL CPC,0,0,TOTAL MOT,8,kg,44000,FALSE,-1,N/A,,FALSE,44000,FALSE,,FALSE,,6588,6588,0,TRUE,FALSE
C,A,19730101,1973,52,1973,768,TGO,Togo,M,Import,0,W00,World,0,W00,World,S1,S1,TRUE,5611,Nitrogenous fertilizers and materials nes,4,TRUE,C00,TOTAL CPC,0,0,TOTAL MOT,8,kg,1099750,FALSE,-1,N/A,,FALSE,1099750,FALSE,,FALSE,86333,,86333,0,TRUE,FALSE
C,A,19730101,1973,52,1973,780,TTO,Trinidad and Tobago,M,Import,0,W00,World,0,W00,World,S1,S1,TRUE,5611,Nitrogenous fertilizers and materials nes,4,TRUE,C00,TOTAL CPC,0,0,TOTAL MOT,8,kg,211381,FALSE,-1,N/A,,FALSE,211381,FALSE,,FALSE,20035,,20035,0,TRUE,FALSE
C,A,19730101,1973,52,1973,780,TTO,Trinidad and Tobago,X,Export,0,W00,World,0,W00,World,S1,S1,TRUE,5611,Nitrogenous fertilizers and materials nes,4,TRUE,C00,TOTAL CPC,0,0,TOTAL MOT,8,kg,121693048,FALSE,-1,N/A,,FALSE,121693048,FALSE,,FALSE,,5369243,5369243,0,TRUE,FALSE
C,A,19730101,1973,52,1973,788,TUN,Tunisia,M,Import,0,W00,World,0,W00,World,S1,S1,TRUE,5611,Nitrogenous fertilizers and materials nes,4,TRUE,C00,TOTAL CPC,0,0,TOTAL MOT,8,kg,56893016,FALSE,-1,N/A,,FALSE,56893016,FALSE,,FALSE,5009061,,5009061,0,TRUE,FALSE
C,A,19730101,1973,52,1973,792,TUR,TÅEkiye,M,Import,0,W00,World,0,W00,World,S1,S1,TRUE,5611,Nitrogenous fertilizers and materials nes,4,TRUE,C00,TOTAL CPC,0,0,TOTAL MOT,8,kg,847252928,FALSE,-1,N/A,,FALSE,847252928,FALSE,,FALSE,40591308,,40591308,0,TRUE,FALSE
C,A,19730101,1973,52,1973,818,EGY,Egypt,M,Import,0,W00,World,0,W00,World,S1,S1,TRUE,5611,Nitrogenous fertilizers and materials nes,4,TRUE,C00,TOTAL CPC,0,0,TOTAL MOT,8,kg,404456032,FALSE,-1,N/A,,FALSE,404456032,FALSE,,FALSE,22993360,,22993360,0,TRUE,FALSE
C,A,19730101,1973,52,1973,826,GBR,United Kingdom,M,Import,0,W00,World,0,W00,World,S1,S1,TRUE,5611,Nitrogenous fertilizers and materials nes,4,TRUE,C00,TOTAL CPC,0,0,TOTAL MOT,-1,N/A,0,FALSE,-1,N/A,,FALSE,,FALSE,,FALSE,15352472,,15352472,0,TRUE,FALSE
C,A,19730101,1973,52,1973,826,GBR,United Kingdom,X,Export,0,W00,World,0,W00,World,S1,S1,TRUE,5611,Nitrogenous fertilizers and materials nes,4,TRUE,C00,TOTAL CPC,0,0,TOTAL MOT,-1,N/A,0,FALSE,-1,N/A,,FALSE,,FALSE,,FALSE,,7716923,7716923,0,TRUE,FALSE
C,A,19730101,1973,52,1973,841,USA,USA and Puerto Rico (...1980),M,Import,0,W00,World,0,W00,World,S1,S1,TRUE,5611,Nitrogenous fertilizers and materials nes,4,TRUE,C00,TOTAL CPC,0,0,TOTAL MOT,-1,N/A,0,FALSE,-1,N/A,,FALSE,,FALSE,,FALSE,,83422580,83422580,0,TRUE,FALSE
C,A,19730101,1973,52,1973,841,USA,USA and Puerto Rico (...1980),X,Export,0,W00,World,0,W00,World,S1,S1,TRUE,5611,Nitrogenous fertilizers and materials nes,4,TRUE,C00,TOTAL CPC,0,0,TOTAL MOT,8,kg,928991188,FALSE,-1,N/A,,FALSE,928991188,FALSE,,FALSE,,54013236,54013236,0,TRUE,FALSE
C,A,19730101,1973,52,1973,850,VIR,US Virgin Isds (...1980),M,Import,0,W00,World,0,W00,World,S1,S1,TRUE,5611,Nitrogenous fertilizers and materials nes,4,TRUE,C00,TOTAL CPC,0,0,TOTAL MOT,8,kg,117039,FALSE,-1,N/A,,FALSE,117039,FALSE,,FALSE,,17939,17939,0,TRUE,FALSE
C,A,19730101,1973,52,1973,854,BFA,Burkina Faso,M,Import,0,W00,World,0,W00,World,S1,S1,TRUE,5611,Nitrogenous fertilizers and materials nes,4,TRUE,C00,TOTAL CPC,0,0,TOTAL MOT,8,kg,3943710,FALSE,-1,N/A,,FALSE,3943710,FALSE,,FALSE,786352,,786352,0,TRUE,FALSE
C,A,19730101,1973,52,1973,862,VEN,Venezuela,M,Import,0,W00,World,0,W00,World,S1,S1,TRUE,5611,Nitrogenous fertilizers and materials nes,4,TRUE,C00,TOTAL CPC,0,0,TOTAL MOT,8,kg,49193488,FALSE,-1,N/A,,FALSE,49193488,FALSE,,FALSE,,4227470,4227470,0,TRUE,FALSE
C,A,19730101,1973,52,1973,862,VEN,Venezuela,X,Export,0,W00,World,0,W00,World,S1,S1,TRUE,5611,Nitrogenous fertilizers and materials nes,4,TRUE,C00,TOTAL CPC,0,0,TOTAL MOT,8,kg,257500,FALSE,-1,N/A,,FALSE,257500,FALSE,,FALSE,,225362,225362,0,TRUE,FALSE
C,A,19730101,1973,52,1973,868,VNM,Rep. of Vietnam (...1974),M,Import,0,W00,World,0,W00,World,S1,S1,TRUE,5611,Nitrogenous fertilizers and materials nes,4,TRUE,C00,TOTAL CPC,0,0,TOTAL MOT,8,kg,193450128,FALSE,-1,N/A,,FALSE,193450128,FALSE,,FALSE,24771374,,24771374,0,TRUE,FALSE
C,A,19730101,1973,52,1973,890,YUG,Yugoslavia (...1991),M,Import,0,W00,World,0,W00,World,S1,S1,TRUE,5611,Nitrogenous fertilizers and materials nes,4,TRUE,C00,TOTAL CPC,0,0,TOTAL MOT,8,kg,190870528,FALSE,-1,N/A,,FALSE,190870528,FALSE,,FALSE,6055175,,6055175,0,TRUE,FALSE
C,A,19730101,1973,52,1973,890,YUG,Yugoslavia (...1991),X,Export,0,W00,World,0,W00,World,S1,S1,TRUE,5611,Nitrogenous fertilizers and materials nes,4,TRUE,C00,TOTAL CPC,0,0,TOTAL MOT,8,kg,42857000,FALSE,-1,N/A,,FALSE,42857000,FALSE,,FALSE,,2585708,2585708,0,TRUE,FALSE
C,A,19730101,1973,52,1973,894,ZMB,Zambia,M,Import,0,W00,World,0,W00,World,S1,S1,TRUE,5611,Nitrogenous fertilizers and materials nes,4,TRUE,C00,TOTAL CPC,0,0,TOTAL MOT,8,kg,91505280,FALSE,-1,N/A,,FALSE,91505280,FALSE,,FALSE,,10317172,10317172,0,TRUE,FALSE
C,A,19730101,1973,52,1973,894,ZMB,Zambia,X,Export,0,W00,World,0,W00,World,S1,S1,TRUE,5611,Nitrogenous fertilizers and materials nes,4,TRUE,C00,TOTAL CPC,0,0,TOTAL MOT,8,kg,300347,FALSE,-1,N/A,,FALSE,300347,FALSE,,FALSE,,176539,176539,0,TRUE,FALSE
C,A,19740101,1974,52,1974,4,AFG,Afghanistan,M,Import,0,W00,World,0,W00,World,S1,S1,TRUE,5611,Nitrogenous fertilizers and materials nes,4,TRUE,C00,TOTAL CPC,0,0,TOTAL MOT,8,kg,44000000,FALSE,-1,N/A,,FALSE,44000000,FALSE,,FALSE,7811000,,7811000,0,TRUE,FALSE
C,A,19740101,1974,52,1974,12,DZA,Algeria,M,Import,0,W00,World,0,W00,World,S1,S1,TRUE,5611,Nitrogenous fertilizers and materials nes,4,TRUE,C00,TOTAL CPC,0,0,TOTAL MOT,8,kg,110681000,FALSE,-1,N/A,,FALSE,110681000,FALSE,,FALSE,18992816,,18992816,0,TRUE,FALSE
C,A,19740101,1974,52,1974,24,AGO,Angola,M,Import,0,W00,World,0,W00,World,S1,S1,TRUE,5611,Nitrogenous fertilizers and materials nes,4,TRUE,C00,TOTAL CPC,0,0,TOTAL MOT,8,kg,13591128,FALSE,-1,N/A,,FALSE,13591128,FALSE,,FALSE,2115334,,2115334,0,TRUE,FALSE
C,A,19740101,1974,52,1974,32,ARG,Argentina,M,Import,0,W00,World,0,W00,World,S1,S1,TRUE,5611,Nitrogenous fertilizers and materials nes,4,TRUE,C00,TOTAL CPC,0,0,TOTAL MOT,8,kg,13472598,FALSE,-1,N/A,,FALSE,13472598,FALSE,,FALSE,2180151,,2180151,0,TRUE,FALSE
C,A,19740101,1974,52,1974,32,ARG,Argentina,X,Export,0,W00,World,0,W00,World,S1,S1,TRUE,5611,Nitrogenous fertilizers and materials nes,4,TRUE,C00,TOTAL CPC,0,0,TOTAL MOT,8,kg,6000,FALSE,-1,N/A,,FALSE,6000,FALSE,,FALSE,,6413,6413,0,TRUE,FALSE
C,A,19740101,1974,52,1974,36,AUS,Australia,M,Import,0,W00,World,0,W00,World,S1,S1,TRUE,5611,Nitrogenous fertilizers and materials nes,4,TRUE,C00,TOTAL CPC,0,0,TOTAL MOT,8,kg,5149744,FALSE,-1,N/A,,FALSE,5149744,FALSE,,FALSE,,866515,866515,0,TRUE,FALSE
C,A,19740101,1974,52,1974,36,AUS,Australia,X,Export,0,W00,World,0,W00,World,S1,S1,TRUE,5611,Nitrogenous fertilizers and materials nes,4,TRUE,C00,TOTAL CPC,0,0,TOTAL MOT,8,kg,35976057,FALSE,-1,N/A,,FALSE,35976057,FALSE,,FALSE,,2579423,2579423,0,TRUE,FALSE
C,A,19740101,1974,52,1974,52,BRB,Barbados,M,Import,0,W00,World,0,W00,World,S1,S1,TRUE,5611,Nitrogenous fertilizers and materials nes,4,TRUE,C00,TOTAL CPC,0,0,TOTAL MOT,8,kg,3725788,FALSE,-1,N/A,,FALSE,3725788,FALSE,,FALSE,440490,,440490,0,TRUE,FALSE
C,A,19740101,1974,52,1974,58,BEL,Belgium-Luxembourg (...1998),M,Import,0,W00,World,0,W00,World,S1,S1,TRUE,5611,Nitrogenous fertilizers and materials nes,4,TRUE,C00,TOTAL CPC,0,0,TOTAL MOT,8,kg,290753088,FALSE,-1,N/A,,FALSE,290753088,FALSE,,FALSE,21543560,,21543560,0,TRUE,FALSE
C,A,19740101,1974,52,1974,58,BEL,Belgium-Luxembourg (...1998),X,Export,0,W00,World,0,W00,World,S1,S1,TRUE,5611,Nitrogenous fertilizers and materials nes,4,TRUE,C00,TOTAL CPC,0,0,TOTAL MOT,8,kg,1362925824,FALSE,-1,N/A,,FALSE,1362925824,FALSE,,FALSE,,114058064,114058064,0,TRUE,FALSE
C,A,19740101,1974,52,1974,60,BMU,Bermuda,M,Import,0,W00,World,0,W00,World,S1,S1,TRUE,5611,Nitrogenous fertilizers and materials nes,4,TRUE,C00,TOTAL CPC,0,0,TOTAL MOT,8,kg,574,FALSE,-1,N/A,,FALSE,574,FALSE,,FALSE,260,,260,0,TRUE,FALSE
C,A,19740101,1974,52,1974,68,BOL,Bolivia (Plurinational State of),M,Import,0,W00,World,0,W00,World,S1,S1,TRUE,5611,Nitrogenous fertilizers and materials nes,4,TRUE,C00,TOTAL CPC,0,0,TOTAL MOT,8,kg,3771504,FALSE,-1,N/A,,FALSE,3771504,FALSE,,FALSE,1301869,,1301869,0,TRUE,FALSE
C,A,19740101,1974,52,1974,76,BRA,Brazil,M,Import,0,W00,World,0,W00,World,S1,S1,TRUE,5611,Nitrogenous fertilizers and materials nes,4,TRUE,C00,TOTAL CPC,0,0,TOTAL MOT,8,kg,876395904,FALSE,-1,N/A,,FALSE,876395904,FALSE,,FALSE,133668176,,133668176,0,TRUE,FALSE
C,A,19740101,1974,52,1974,96,BRN,Brunei Darussalam,M,Import,0,W00,World,0,W00,World,S1,S1,TRUE,5611,Nitrogenous fertilizers and materials nes,4,TRUE,C00,TOTAL CPC,0,0,TOTAL MOT,8,kg,2000,FALSE,-1,N/A,,FALSE,2000,FALSE,,FALSE,1742,,1742,0,TRUE,FALSE
C,A,19740101,1974,52,1974,96,BRN,Brunei Darussalam,X,Export,0,W00,World,0,W00,World,S1,S1,TRUE,5611,Nitrogenous fertilizers and materials nes,4,TRUE,C00,TOTAL CPC,0,0,TOTAL MOT,8,kg,0,FALSE,-1,N/A,,FALSE,,FALSE,,FALSE,,26,26,0,TRUE,FALSE
C,A,19740101,1974,52,1974,108,BDI,Burundi,M,Import,0,W00,World,0,W00,World,S1,S1,TRUE,5611,Nitrogenous fertilizers and materials nes,4,TRUE,C00,TOTAL CPC,0,0,TOTAL MOT,8,kg,1195397,FALSE,-1,N/A,,FALSE,1195397,FALSE,,FALSE,263820,,263820,0,TRUE,FALSE
C,A,19740101,1974,52,1974,120,CMR,Cameroon,M,Import,0,W00,World,0,W00,World,S1,S1,TRUE,5611,Nitrogenous fertilizers and materials nes,4,TRUE,C00,TOTAL CPC,0,0,TOTAL MOT,8,kg,20236556,FALSE,-1,N/A,,FALSE,20236556,FALSE,,FALSE,2908203,,2908203,0,TRUE,FALSE
C,A,19740101,1974,52,1974,120,CMR,Cameroon,X,Export,0,W00,World,0,W00,World,S1,S1,TRUE,5611,Nitrogenous fertilizers and materials nes,4,TRUE,C00,TOTAL CPC,0,0,TOTAL MOT,8,kg,1043311,FALSE,-1,N/A,,FALSE,1043311,FALSE,,FALSE,,124378,124378,0,TRUE,FALSE
C,A,19740101,1974,52,1974,124,CAN,Canada,M,Import,0,W00,World,0,W00,World,S1,S1,TRUE,5611,Nitrogenous fertilizers and materials nes,4,TRUE,C00,TOTAL CPC,0,0,TOTAL MOT,8,kg,62344000,FALSE,-1,N/A,,FALSE,62344000,FALSE,,FALSE,,5778133,5778133,0,TRUE,FALSE
C,A,19740101,1974,52,1974,124,CAN,Canada,X,Export,0,W00,World,0,W00,World,S1,S1,TRUE,5611,Nitrogenous fertilizers and materials nes,4,TRUE,C00,TOTAL CPC,0,0,TOTAL MOT,8,kg,599928000,FALSE,-1,N/A,,FALSE,599928000,FALSE,,FALSE,,57799516,57799516,0,TRUE,FALSE
C,A,19740101,1974,52,1974,140,CAF,Central African Rep.,M,Import,0,W00,World,0,W00,World,S1,S1,TRUE,5611,Nitrogenous fertilizers and materials nes,4,TRUE,C00,TOTAL CPC,0,0,TOTAL MOT,8,kg,387460,FALSE,-1,N/A,,FALSE,387460,FALSE,,FALSE,106749,,106749,0,TRUE,FALSE
C,A,19740101,1974,52,1974,144,LKA,Sri Lanka,M,Import,0,W00,World,0,W00,World,S1,S1,TRUE,5611,Nitrogenous fertilizers and materials nes,4,TRUE,C00,TOTAL CPC,0,0,TOTAL MOT,8,kg,139332304,FALSE,-1,N/A,,FALSE,139332304,FALSE,,FALSE,17665908,,17665908,0,TRUE,FALSE
C,A,19740101,1974,52,1974,148,TCD,Chad,M,Import,0,W00,World,0,W00,World,S1,S1,TRUE,5611,Nitrogenous fertilizers and materials nes,4,TRUE,C00,TOTAL CPC,0,0,TOTAL MOT,8,kg,72546,FALSE,-1,N/A,,FALSE,72546,FALSE,,FALSE,23566,,23566,0,TRUE,FALSE
C,A,19740101,1974,52,1974,152,CHL,Chile,M,Import,0,W00,World,0,W00,World,S1,S1,TRUE,5611,Nitrogenous fertilizers and materials nes,4,TRUE,C00,TOTAL CPC,0,0,TOTAL MOT,8,kg,132035400,FALSE,-1,N/A,,FALSE,132035400,FALSE,,FALSE,11295241,,11295241,0,TRUE,FALSE
C,A,19740101,1974,52,1974,152,CHL,Chile,X,Export,0,W00,World,0,W00,World,S1,S1,TRUE,5611,Nitrogenous fertilizers and materials nes,4,TRUE,C00,TOTAL CPC,0,0,TOTAL MOT,8,kg,14435000,FALSE,-1,N/A,,FALSE,14435000,FALSE,,FALSE,,764280,764280,0,TRUE,FALSE
C,A,19740101,1974,52,1974,170,COL,Colombia,M,Import,0,W00,World,0,W00,World,S1,S1,TRUE,5611,Nitrogenous fertilizers and materials nes,4,TRUE,C00,TOTAL CPC,0,0,TOTAL MOT,8,kg,114333808,FALSE,-1,N/A,,FALSE,114333808,FALSE,,FALSE,22955618,,22955618,0,TRUE,FALSE
C,A,19740101,1974,52,1974,170,COL,Colombia,X,Export,0,W00,World,0,W00,World,S1,S1,TRUE,5611,Nitrogenous fertilizers and materials nes,4,TRUE,C00,TOTAL CPC,0,0,TOTAL MOT,8,kg,4500000,FALSE,-1,N/A,,FALSE,4500000,FALSE,,FALSE,,1107000,1107000,0,TRUE,FALSE
C,A,19740101,1974,52,1974,180,COD,Dem. Rep. of the Congo,M,Import,0,W00,World,0,W00,World,S1,S1,TRUE,5611,Nitrogenous fertilizers and materials nes,4,TRUE,C00,TOTAL CPC,0,0,TOTAL MOT,8,kg,13850833,FALSE,-1,N/A,,FALSE,13850833,FALSE,,FALSE,2693900,,2693900,0,TRUE,FALSE
C,A,19740101,1974,52,1974,188,CRI,Costa Rica,M,Import,0,W00,World,0,W00,World,S1,S1,TRUE,5611,Nitrogenous fertilizers and materials nes,4,TRUE,C00,TOTAL CPC,0,0,TOTAL MOT,8,kg,60486564,FALSE,-1,N/A,,FALSE,60486564,FALSE,,FALSE,14748237,,14748237,0,TRUE,FALSE
C,A,19740101,1974,52,1974,188,CRI,Costa Rica,X,Export,0,W00,World,0,W00,World,S1,S1,TRUE,5611,Nitrogenous fertilizers and materials nes,4,TRUE,C00,TOTAL CPC,0,0,TOTAL MOT,8,kg,25452060,FALSE,-1,N/A,,FALSE,25452060,FALSE,,FALSE,,4394468,4394468,0,TRUE,FALSE
C,A,19740101,1974,52,1974,196,CYP,Cyprus,M,Import,0,W00,World,0,W00,World,S1,S1,TRUE,5611,Nitrogenous fertilizers and materials nes,4,TRUE,C00,TOTAL CPC,0,0,TOTAL MOT,8,kg,10295248,FALSE,-1,N/A,,FALSE,10295248,FALSE,,FALSE,822336,,822336,0,TRUE,FALSE
C,A,19740101,1974,52,1974,204,BEN,Benin,M,Import,0,W00,World,0,W00,World,S1,S1,TRUE,5611,Nitrogenous fertilizers and materials nes,4,TRUE,C00,TOTAL CPC,0,0,TOTAL MOT,8,kg,2433300,FALSE,-1,N/A,,FALSE,2433300,FALSE,,FALSE,709999,,709999,0,TRUE,FALSE
C,A,19740101,1974,52,1974,208,DNK,Denmark,M,Import,0,W00,World,0,W00,World,S1,S1,TRUE,5611,Nitrogenous fertilizers and materials nes,4,TRUE,C00,TOTAL CPC,0,0,TOTAL MOT,8,kg,128416808,FALSE,-1,N/A,,FALSE,128416808,FALSE,,FALSE,11017901,,11017901,0,TRUE,FALSE
C,A,19740101,1974,52,1974,208,DNK,Denmark,X,Export,0,W00,World,0,W00,World,S1,S1,TRUE,5611,Nitrogenous fertilizers and materials nes,4,TRUE,C00,TOTAL CPC,0,0,TOTAL MOT,8,kg,2343013,FALSE,-1,N/A,,FALSE,2343013,FALSE,,FALSE,,396296,396296,0,TRUE,FALSE
C,A,19740101,1974,52,1974,214,DOM,Dominican Rep.,M,Import,0,W00,World,0,W00,World,S1,S1,TRUE,5611,Nitrogenous fertilizers and materials nes,4,TRUE,C00,TOTAL CPC,0,0,TOTAL MOT,8,kg,128026192,FALSE,-1,N/A,,FALSE,128026192,FALSE,,FALSE,,11092490,11092490,0,TRUE,FALSE
C,A,19740101,1974,52,1974,214,DOM,Dominican Rep.,X,Export,0,W00,World,0,W00,World,S1,S1,TRUE,5611,Nitrogenous fertilizers and materials nes,4,TRUE,C00,TOTAL CPC,0,0,TOTAL MOT,8,kg,9691811,FALSE,-1,N/A,,FALSE,9691811,FALSE,,FALSE,,1135202,1135202,0,TRUE,FALSE
C,A,19740101,1974,52,1974,218,ECU,Ecuador,M,Import,0,W00,World,0,W00,World,S1,S1,TRUE,5611,Nitrogenous fertilizers and materials nes,4,TRUE,C00,TOTAL CPC,0,0,TOTAL MOT,8,kg,35006520,FALSE,-1,N/A,,FALSE,35006520,FALSE,,FALSE,4384344,,4384344,0,TRUE,FALSE
C,A,19740101,1974,52,1974,222,SLV,El Salvador,M,Import,0,W00,World,0,W00,World,S1,S1,TRUE,5611,Nitrogenous fertilizers and materials nes,4,TRUE,C00,TOTAL CPC,0,0,TOTAL MOT,8,kg,185162976,FALSE,-1,N/A,,FALSE,185162976,FALSE,,FALSE,27097418,,27097418,0,TRUE,FALSE
C,A,19740101,1974,52,1974,222,SLV,El Salvador,X,Export,0,W00,World,0,W00,World,S1,S1,TRUE,5611,Nitrogenous fertilizers and materials nes,4,TRUE,C00,TOTAL CPC,0,0,TOTAL MOT,8,kg,1284125,FALSE,-1,N/A,,FALSE,1284125,FALSE,,FALSE,,61794,61794,0,TRUE,FALSE
C,A,19740101,1974,52,1974,230,ETH,Ethiopia (...1992),M,Import,0,W00,World,0,W00,World,S1,S1,TRUE,5611,Nitrogenous fertilizers and materials nes,4,TRUE,C00,TOTAL CPC,0,0,TOTAL MOT,8,kg,1000000,FALSE,-1,N/A,,FALSE,1000000,FALSE,,FALSE,352018,,352018,0,TRUE,FALSE
C,A,19740101,1974,52,1974,242,FJI,Fiji,M,Import,0,W00,World,0,W00,World,S1,S1,TRUE,5611,Nitrogenous fertilizers and materials nes,4,TRUE,C00,TOTAL CPC,0,0,TOTAL MOT,8,kg,21832740,FALSE,-1,N/A,,FALSE,21832740,FALSE,,FALSE,2962299,,2962299,0,TRUE,FALSE
C,A,19740101,1974,52,1974,246,FIN,Finland,M,Import,0,W00,World,0,W00,World,S1,S1,TRUE,5611,Nitrogenous fertilizers and materials nes,4,TRUE,C00,TOTAL CPC,0,0,TOTAL MOT,8,kg,13010538,FALSE,-1,N/A,,FALSE,13010538,FALSE,,FALSE,1793677,,1793677,0,TRUE,FALSE
C,A,19740101,1974,52,1974,246,FIN,Finland,X,Export,0,W00,World,0,W00,World,S1,S1,TRUE,5611,Nitrogenous fertilizers and materials nes,4,TRUE,C00,TOTAL CPC,0,0,TOTAL MOT,8,kg,22617000,FALSE,-1,N/A,,FALSE,22617000,FALSE,,FALSE,,2072387,2072387,0,TRUE,FALSE
C,A,19740101,1974,52,1974,251,FRA,France,M,Import,0,W00,World,0,W00,World,S1,S1,TRUE,5611,Nitrogenous fertilizers and materials nes,4,TRUE,C00,TOTAL CPC,0,0,TOTAL MOT,8,kg,587133248,FALSE,-1,N/A,,FALSE,587133248,FALSE,,FALSE,54585764,,54585764,0,TRUE,FALSE
C,A,19740101,1974,52,1974,251,FRA,France,X,Export,0,W00,World,0,W00,World,S1,S1,TRUE,5611,Nitrogenous fertilizers and materials nes,4,TRUE,C00,TOTAL CPC,0,0,TOTAL MOT,8,kg,558615296,FALSE,-1,N/A,,FALSE,558615296,FALSE,,FALSE,,90069616,90069616,0,TRUE,FALSE
C,A,19740101,1974,52,1974,254,GUF,French Guiana (Overseas France),M,Import,0,W00,World,0,W00,World,S1,S1,TRUE,5611,Nitrogenous fertilizers and materials nes,4,TRUE,C00,TOTAL CPC,0,0,TOTAL MOT,8,kg,7937,FALSE,-1,N/A,,FALSE,7937,FALSE,,FALSE,2631,,2631,0,TRUE,FALSE
C,A,19740101,1974,52,1974,258,PYF,French Polynesia,M,Import,0,W00,World,0,W00,World,S1,S1,TRUE,5611,Nitrogenous fertilizers and materials nes,4,TRUE,C00,TOTAL CPC,0,0,TOTAL MOT,8,kg,109812,FALSE,-1,N/A,,FALSE,109812,FALSE,,FALSE,30274,,30274,0,TRUE,FALSE
C,A,19740101,1974,52,1974,270,GMB,Gambia,M,Import,0,W00,World,0,W00,World,S1,S1,TRUE,5611,Nitrogenous fertilizers and materials nes,4,TRUE,C00,TOTAL CPC,0,0,TOTAL MOT,8,kg,3062,FALSE,-1,N/A,,FALSE,3062,FALSE,,FALSE,208,,208,0,TRUE,FALSE
C,A,19740101,1974,52,1974,280,DEU,Fed. Rep. of Germany (...1990),M,Import,0,W00,World,0,W00,World,S1,S1,TRUE,5611,Nitrogenous fertilizers and materials nes,4,TRUE,C00,TOTAL CPC,0,0,TOTAL MOT,8,kg,639017280,FALSE,-1,N/A,,TRUE,639017280,FALSE,-1,TRUE,55458000,,55458000,0,FALSE,FALSE
C,A,19740101,1974,52,1974,280,DEU,Fed. Rep. of Germany (...1990),X,Export,0,W00,World,0,W00,World,S1,S1,TRUE,5611,Nitrogenous fertilizers and materials nes,4,TRUE,C00,TOTAL CPC,0,0,TOTAL MOT,8,kg,1579292288,FALSE,-1,N/A,,TRUE,1579292288,FALSE,-1,TRUE,,174023008,174023008,0,FALSE,FALSE
C,A,19740101,1974,52,1974,288,GHA,Ghana,M,Import,0,W00,World,0,W00,World,S1,S1,TRUE,5611,Nitrogenous fertilizers and materials nes,4,TRUE,C00,TOTAL CPC,0,0,TOTAL MOT,8,kg,855600,FALSE,-1,N/A,,FALSE,855600,FALSE,,FALSE,55601,,55601,0,TRUE,FALSE
C,A,19740101,1974,52,1974,300,GRC,Greece,M,Import,0,W00,World,0,W00,World,S1,S1,TRUE,5611,Nitrogenous fertilizers and materials nes,4,TRUE,C00,TOTAL CPC,0,0,TOTAL MOT,8,kg,14334563,FALSE,-1,N/A,,FALSE,14334563,FALSE,,FALSE,2848549,,2848549,0,TRUE,FALSE
C,A,19740101,1974,52,1974,300,GRC,Greece,X,Export,0,W00,World,0,W00,World,S1,S1,TRUE,5611,Nitrogenous fertilizers and materials nes,4,TRUE,C00,TOTAL CPC,0,0,TOTAL MOT,8,kg,13300000,FALSE,-1,N/A,,FALSE,13300000,FALSE,,FALSE,,1737118,1737118,0,TRUE,FALSE
C,A,19740101,1974,52,1974,312,GLP,Guadeloupe (Overseas France),M,Import,0,W00,World,0,W00,World,S1,S1,TRUE,5611,Nitrogenous fertilizers and materials nes,4,TRUE,C00,TOTAL CPC,0,0,TOTAL MOT,8,kg,346292,FALSE,-1,N/A,,FALSE,346292,FALSE,,FALSE,84836,,84836,0,TRUE,FALSE
C,A,19740101,1974,52,1974,320,GTM,Guatemala,M,Import,0,W00,World,0,W00,World,S1,S1,TRUE,5611,Nitrogenous fertilizers and materials nes,4,TRUE,C00,TOTAL CPC,0,0,TOTAL MOT,8,kg,129795176,FALSE,-1,N/A,,FALSE,129795176,FALSE,,FALSE,22467556,,22467556,0,TRUE,FALSE
C,A,19740101,1974,52,1974,320,GTM,Guatemala,X,Export,0,W00,World,0,W00,World,S1,S1,TRUE,5611,Nitrogenous fertilizers and materials nes,4,TRUE,C00,TOTAL CPC,0,0,TOTAL MOT,8,kg,352125,FALSE,-1,N/A,,FALSE,352125,FALSE,,FALSE,,141014,141014,0,TRUE,FALSE
C,A,19740101,1974,52,1974,328,GUY,Guyana,M,Import,0,W00,World,0,W00,World,S1,S1,TRUE,5611,Nitrogenous fertilizers and materials nes,4,TRUE,C00,TOTAL CPC,0,0,TOTAL MOT,8,kg,37614016,FALSE,-1,N/A,,FALSE,37614016,FALSE,,FALSE,4757864,,4757864,0,TRUE,FALSE
C,A,19740101,1974,52,1974,328,GUY,Guyana,X,Export,0,W00,World,0,W00,World,S1,S1,TRUE,5611,Nitrogenous fertilizers and materials nes,4,TRUE,C00,TOTAL CPC,0,0,TOTAL MOT,-1,N/A,0,FALSE,-1,N/A,,FALSE,,FALSE,,FALSE,,9,9,0,TRUE,FALSE
C,A,19740101,1974,52,1974,332,HTI,Haiti,M,Import,0,W00,World,0,W00,World,S1,S1,TRUE,5611,Nitrogenous fertilizers and materials nes,4,TRUE,C00,TOTAL CPC,0,0,TOTAL MOT,8,kg,599558,FALSE,-1,N/A,,FALSE,599558,FALSE,,FALSE,69127,,69127,0,TRUE,FALSE
C,A,19740101,1974,52,1974,340,HND,Honduras,M,Import,0,W00,World,0,W00,World,S1,S1,TRUE,5611,Nitrogenous fertilizers and materials nes,4,TRUE,C00,TOTAL CPC,0,0,TOTAL MOT,8,kg,27771896,FALSE,-1,N/A,,FALSE,27771896,FALSE,,FALSE,3825971,,3825971,0,TRUE,FALSE
C,A,19740101,1974,52,1974,340,HND,Honduras,X,Export,0,W00,World,0,W00,World,S1,S1,TRUE,5611,Nitrogenous fertilizers and materials nes,4,TRUE,C00,TOTAL CPC,0,0,TOTAL MOT,8,kg,161535,FALSE,-1,N/A,,FALSE,161535,FALSE,,FALSE,,35526,35526,0,TRUE,FALSE
C,A,19740101,1974,52,1974,344,HKG,"China, Hong Kong SAR",M,Import,0,W00,World,0,W00,World,S1,S1,TRUE,5611,Nitrogenous fertilizers and materials nes,4,TRUE,C00,TOTAL CPC,0,0,TOTAL MOT,8,kg,3097361,FALSE,-1,N/A,,FALSE,3097361,FALSE,,FALSE,492283,,492283,0,TRUE,FALSE
C,A,19740101,1974,52,1974,344,HKG,"China, Hong Kong SAR",X,Export,0,W00,World,0,W00,World,S1,S1,TRUE,5611,Nitrogenous fertilizers and materials nes,4,TRUE,C00,TOTAL CPC,0,0,TOTAL MOT,8,kg,22062,FALSE,-1,N/A,,FALSE,22062,FALSE,,FALSE,,8493,8493,0,TRUE,FALSE
C,A,19740101,1974,52,1974,352,ISL,Iceland,M,Import,0,W00,World,0,W00,World,S1,S1,TRUE,5611,Nitrogenous fertilizers and materials nes,4,TRUE,C00,TOTAL CPC,0,0,TOTAL MOT,8,kg,102242,FALSE,-1,N/A,,FALSE,102242,FALSE,,FALSE,14917,,14917,0,TRUE,FALSE
C,A,19740101,1974,52,1974,356,IND,India (...1974),M,Import,0,W00,World,0,W00,World,S1,S1,TRUE,5611,Nitrogenous fertilizers and materials nes,4,TRUE,C00,TOTAL CPC,0,0,TOTAL MOT,8,kg,1344989056,FALSE,-1,N/A,,FALSE,1344989056,FALSE,,FALSE,210670880,,210670880,0,TRUE,FALSE
C,A,19740101,1974,52,1974,360,IDN,Indonesia,M,Import,0,W00,World,0,W00,World,S1,S1,TRUE,5611,Nitrogenous fertilizers and materials nes,4,TRUE,C00,TOTAL CPC,0,0,TOTAL MOT,8,kg,815116864,FALSE,-1,N/A,,FALSE,815116864,FALSE,,FALSE,166547984,,166547984,0,TRUE,FALSE
C,A,19740101,1974,52,1974,364,IRN,Iran,M,Import,0,W00,World,0,W00,World,S1,S1,TRUE,5611,Nitrogenous fertilizers and materials nes,4,TRUE,C00,TOTAL CPC,0,0,TOTAL MOT,8,kg,130196064,FALSE,-1,N/A,,FALSE,130196064,FALSE,,FALSE,34289760,,34289760,0,TRUE,FALSE
C,A,19740101,1974,52,1974,368,IRQ,Iraq,M,Import,0,W00,World,0,W00,World,S1,S1,TRUE,5611,Nitrogenous fertilizers and materials nes,4,TRUE,C00,TOTAL CPC,0,0,TOTAL MOT,8,kg,12406038,FALSE,-1,N/A,,FALSE,12406038,FALSE,,FALSE,1770740,,1770740,0,TRUE,FALSE
C,A,19740101,1974,52,1974,368,IRQ,Iraq,X,Export,0,W00,World,0,W00,World,S1,S1,TRUE,5611,Nitrogenous fertilizers and materials nes,4,TRUE,C00,TOTAL CPC,0,0,TOTAL MOT,8,kg,7763500,FALSE,-1,N/A,,FALSE,7763500,FALSE,,FALSE,,268436,268436,0,TRUE,FALSE
C,A,19740101,1974,52,1974,372,IRL,Ireland,M,Import,0,W00,World,0,W00,World,S1,S1,TRUE,5611,Nitrogenous fertilizers and materials nes,4,TRUE,C00,TOTAL CPC,0,0,TOTAL MOT,8,kg,158839008,FALSE,-1,N/A,,FALSE,158839008,FALSE,,FALSE,16915960,,16915960,0,TRUE,FALSE
C,A,19740101,1974,52,1974,372,IRL,Ireland,X,Export,0,W00,World,0,W00,World,S1,S1,TRUE,5611,Nitrogenous fertilizers and materials nes,4,TRUE,C00,TOTAL CPC,0,0,TOTAL MOT,8,kg,9447000,FALSE,-1,N/A,,FALSE,9447000,FALSE,,FALSE,,1234009,1234009,0,TRUE,FALSE
C,A,19740101,1974,52,1974,376,ISR,Israel,M,Import,0,W00,World,0,W00,World,S1,S1,TRUE,5611,Nitrogenous fertilizers and materials nes,4,TRUE,C00,TOTAL CPC,0,0,TOTAL MOT,-1,N/A,0,FALSE,-1,N/A,,FALSE,,FALSE,,FALSE,2048341,,2048341,0,TRUE,FALSE
C,A,19740101,1974,52,1974,376,ISR,Israel,X,Export,0,W00,World,0,W00,World,S1,S1,TRUE,5611,Nitrogenous fertilizers and materials nes,4,TRUE,C00,TOTAL CPC,0,0,TOTAL MOT,8,kg,3811933,FALSE,-1,N/A,,FALSE,3811933,FALSE,,FALSE,,882159,882159,0,TRUE,FALSE
C,A,19740101,1974,52,1974,380,ITA,Italy,M,Import,0,W00,World,0,W00,World,S1,S1,TRUE,5611,Nitrogenous fertilizers and materials nes,4,TRUE,C00,TOTAL CPC,0,0,TOTAL MOT,8,kg,85579560,FALSE,-1,N/A,,TRUE,85579560,FALSE,-1,TRUE,11444069,,11444069,0,FALSE,FALSE
C,A,19740101,1974,52,1974,380,ITA,Italy,X,Export,0,W00,World,0,W00,World,S1,S1,TRUE,5611,Nitrogenous fertilizers and materials nes,4,TRUE,C00,TOTAL CPC,0,0,TOTAL MOT,8,kg,1348890752,FALSE,-1,N/A,,TRUE,1348890752,FALSE,-1,TRUE,,199697456,199697456,0,FALSE,FALSE
C,A,19740101,1974,52,1974,384,CIV,CÙte d'Ivoire,M,Import,0,W00,World,0,W00,World,S1,S1,TRUE,5611,Nitrogenous fertilizers and materials nes,4,TRUE,C00,TOTAL CPC,0,0,TOTAL MOT,8,kg,6178421,FALSE,-1,N/A,,FALSE,6178421,FALSE,,FALSE,1742150,,1742150,0,TRUE,FALSE
C,A,19740101,1974,52,1974,384,CIV,CÙte d'Ivoire,X,Export,0,W00,World,0,W00,World,S1,S1,TRUE,5611,Nitrogenous fertilizers and materials nes,4,TRUE,C00,TOTAL CPC,0,0,TOTAL MOT,8,kg,2654948,FALSE,-1,N/A,,FALSE,2654948,FALSE,,FALSE,,572317,572317,0,TRUE,FALSE
C,A,19740101,1974,52,1974,388,JAM,Jamaica,M,Import,0,W00,World,0,W00,World,S1,S1,TRUE,5611,Nitrogenous fertilizers and materials nes,4,TRUE,C00,TOTAL CPC,0,0,TOTAL MOT,8,kg,31630528,FALSE,-1,N/A,,FALSE,31630528,FALSE,,FALSE,2931443,,2931443,0,TRUE,FALSE
C,A,19740101,1974,52,1974,388,JAM,Jamaica,X,Export,0,W00,World,0,W00,World,S1,S1,TRUE,5611,Nitrogenous fertilizers and materials nes,4,TRUE,C00,TOTAL CPC,0,0,TOTAL MOT,8,kg,45703,FALSE,-1,N/A,,FALSE,45703,FALSE,,FALSE,,12100,12100,0,TRUE,FALSE
C,A,19740101,1974,52,1974,392,JPN,Japan,M,Import,0,W00,World,0,W00,World,S1,S1,TRUE,5611,Nitrogenous fertilizers and materials nes,4,TRUE,C00,TOTAL CPC,0,0,TOTAL MOT,8,kg,36462000,FALSE,-1,N/A,,FALSE,36462000,FALSE,,FALSE,4218065,,4218065,0,TRUE,FALSE
C,A,19740101,1974,52,1974,392,JPN,Japan,X,Export,0,W00,World,0,W00,World,S1,S1,TRUE,5611,Nitrogenous fertilizers and materials nes,4,TRUE,C00,TOTAL CPC,0,0,TOTAL MOT,8,kg,3004718000,FALSE,-1,N/A,,FALSE,3004718000,FALSE,,FALSE,,436304867,436304867,0,TRUE,FALSE
C,A,19740101,1974,52,1974,410,KOR,Rep. of Korea,M,Import,0,W00,World,0,W00,World,S1,S1,TRUE,5611,Nitrogenous fertilizers and materials nes,4,TRUE,C00,TOTAL CPC,0,0,TOTAL MOT,8,kg,8473464,FALSE,-1,N/A,,FALSE,8473464,FALSE,,FALSE,1676928,,1676928,0,TRUE,FALSE
C,A,19740101,1974,52,1974,410,KOR,Rep. of Korea,X,Export,0,W00,World,0,W00,World,S1,S1,TRUE,5611,Nitrogenous fertilizers and materials nes,4,TRUE,C00,TOTAL CPC,0,0,TOTAL MOT,8,kg,3,FALSE,-1,N/A,,FALSE,3,FALSE,,FALSE,,3,3,0,TRUE,FALSE
C,A,19740101,1974,52,1974,414,KWT,Kuwait,X,Export,0,W00,World,0,W00,World,S1,S1,TRUE,5611,Nitrogenous fertilizers and materials nes,4,TRUE,C00,TOTAL CPC,0,0,TOTAL MOT,8,kg,670668096,FALSE,-1,N/A,,FALSE,670668096,FALSE,,FALSE,,109461392,109461392,0,TRUE,FALSE
C,A,19740101,1974,52,1974,418,LAO,Lao People's Dem. Rep.,M,Import,0,W00,World,0,W00,World,S1,S1,TRUE,5611,Nitrogenous fertilizers and materials nes,4,TRUE,C00,TOTAL CPC,0,0,TOTAL MOT,8,kg,10000,FALSE,-1,N/A,,FALSE,10000,FALSE,,FALSE,,3541,3541,0,TRUE,FALSE
C,A,19740101,1974,52,1974,430,LBR,Liberia,M,Import,0,W00,World,0,W00,World,S1,S1,TRUE,5611,Nitrogenous fertilizers and materials nes,4,TRUE,C00,TOTAL CPC,0,0,TOTAL MOT,8,kg,34356416,FALSE,-1,N/A,,FALSE,34356416,FALSE,,FALSE,2061011,,2061011,0,TRUE,FALSE
C,A,19740101,1974,52,1974,430,LBR,Liberia,X,Export,0,W00,World,0,W00,World,S1,S1,TRUE,5611,Nitrogenous fertilizers and materials nes,4,TRUE,C00,TOTAL CPC,0,0,TOTAL MOT,8,kg,24949,FALSE,-1,N/A,,FALSE,24949,FALSE,,FALSE,,7750,7750,0,TRUE,FALSE
C,A,19740101,1974,52,1974,434,LBY,Libya,M,Import,0,W00,World,0,W00,World,S1,S1,TRUE,5611,Nitrogenous fertilizers and materials nes,4,TRUE,C00,TOTAL CPC,0,0,TOTAL MOT,8,kg,23548640,FALSE,-1,N/A,,FALSE,23548640,FALSE,,FALSE,6824266,,6824266,0,TRUE,FALSE
C,A,19740101,1974,52,1974,446,MAC,"China, Macao SAR",M,Import,0,W00,World,0,W00,World,S1,S1,TRUE,5611,Nitrogenous fertilizers and materials nes,4,TRUE,C00,TOTAL CPC,0,0,TOTAL MOT,8,kg,102804,FALSE,-1,N/A,,FALSE,102804,FALSE,,FALSE,12121,,12121,0,TRUE,FALSE
C,A,19740101,1974,52,1974,450,MDG,Madagascar,M,Import,0,W00,World,0,W00,World,S1,S1,TRUE,5611,Nitrogenous fertilizers and materials nes,4,TRUE,C00,TOTAL CPC,0,0,TOTAL MOT,8,kg,4736772,FALSE,-1,N/A,,FALSE,4736772,FALSE,,FALSE,648722,,648722,0,TRUE,FALSE
C,A,19740101,1974,52,1974,454,MWI,Malawi,M,Import,0,W00,World,0,W00,World,S1,S1,TRUE,5611,Nitrogenous fertilizers and materials nes,4,TRUE,C00,TOTAL CPC,0,0,TOTAL MOT,8,kg,26798257,FALSE,-1,N/A,,FALSE,26798257,FALSE,,FALSE,4635154,,4635154,0,TRUE,FALSE
C,A,19740101,1974,52,1974,458,MYS,Malaysia,M,Import,0,W00,World,0,W00,World,S1,S1,TRUE,5611,Nitrogenous fertilizers and materials nes,4,TRUE,C00,TOTAL CPC,0,0,TOTAL MOT,8,kg,166147152,FALSE,-1,N/A,,FALSE,166147152,FALSE,,FALSE,37942416,,37942416,0,TRUE,FALSE
C,A,19740101,1974,52,1974,458,MYS,Malaysia,X,Export,0,W00,World,0,W00,World,S1,S1,TRUE,5611,Nitrogenous fertilizers and materials nes,4,TRUE,C00,TOTAL CPC,0,0,TOTAL MOT,8,kg,4229687,FALSE,-1,N/A,,FALSE,4229687,FALSE,,FALSE,,637536,637536,0,TRUE,FALSE
C,A,19740101,1974,52,1974,466,MLI,Mali,M,Import,0,W00,World,0,W00,World,S1,S1,TRUE,5611,Nitrogenous fertilizers and materials nes,4,TRUE,C00,TOTAL CPC,0,0,TOTAL MOT,8,kg,199428,FALSE,-1,N/A,,FALSE,199428,FALSE,,FALSE,35321,,35321,0,TRUE,FALSE
C,A,19740101,1974,52,1974,470,MLT,Malta,M,Import,0,W00,World,0,W00,World,S1,S1,TRUE,5611,Nitrogenous fertilizers and materials nes,4,TRUE,C00,TOTAL CPC,0,0,TOTAL MOT,8,kg,1563750,FALSE,-1,N/A,,FALSE,1563750,FALSE,,FALSE,275147,,275147,0,TRUE,FALSE
C,A,19740101,1974,52,1974,474,MTQ,Martinique (Overseas France),M,Import,0,W00,World,0,W00,World,S1,S1,TRUE,5611,Nitrogenous fertilizers and materials nes,4,TRUE,C00,TOTAL CPC,0,0,TOTAL MOT,8,kg,4490199,FALSE,-1,N/A,,FALSE,4490199,FALSE,,FALSE,525630,,525630,0,TRUE,FALSE
C,A,19740101,1974,52,1974,474,MTQ,Martinique (Overseas France),X,Export,0,W00,World,0,W00,World,S1,S1,TRUE,5611,Nitrogenous fertilizers and materials nes,4,TRUE,C00,TOTAL CPC,0,0,TOTAL MOT,8,kg,8750,FALSE,-1,N/A,,FALSE,8750,FALSE,,FALSE,,2571,2571,0,TRUE,FALSE
C,A,19740101,1974,52,1974,480,MUS,Mauritius,M,Import,0,W00,World,0,W00,World,S1,S1,TRUE,5611,Nitrogenous fertilizers and materials nes,4,TRUE,C00,TOTAL CPC,0,0,TOTAL MOT,8,kg,30654000,FALSE,-1,N/A,,FALSE,30654000,FALSE,,FALSE,4146727,,4146727,0,TRUE,FALSE
C,A,19740101,1974,52,1974,484,MEX,Mexico,M,Import,0,W00,World,0,W00,World,S1,S1,TRUE,5611,Nitrogenous fertilizers and materials nes,4,TRUE,C00,TOTAL CPC,0,0,TOTAL MOT,8,kg,225761584,FALSE,-1,N/A,,FALSE,225761584,FALSE,,FALSE,18292566,,18292566,0,TRUE,FALSE
C,A,19740101,1974,52,1974,484,MEX,Mexico,X,Export,0,W00,World,0,W00,World,S1,S1,TRUE,5611,Nitrogenous fertilizers and materials nes,4,TRUE,C00,TOTAL CPC,0,0,TOTAL MOT,8,kg,31000298,FALSE,-1,N/A,,FALSE,31000298,FALSE,,FALSE,,4095933,4095933,0,TRUE,FALSE
C,A,19740101,1974,52,1974,504,MAR,Morocco,M,Import,0,W00,World,0,W00,World,S1,S1,TRUE,5611,Nitrogenous fertilizers and materials nes,4,TRUE,C00,TOTAL CPC,0,0,TOTAL MOT,8,kg,186787664,FALSE,-1,N/A,,FALSE,186787664,FALSE,,FALSE,26487102,,26487102,0,TRUE,FALSE
C,A,19740101,1974,52,1974,528,NLD,Netherlands,M,Import,0,W00,World,0,W00,World,S1,S1,TRUE,5611,Nitrogenous fertilizers and materials nes,4,TRUE,C00,TOTAL CPC,0,0,TOTAL MOT,8,kg,83314280,FALSE,-1,N/A,,FALSE,83314280,FALSE,,FALSE,6509967,,6509967,0,TRUE,FALSE
C,A,19740101,1974,52,1974,528,NLD,Netherlands,X,Export,0,W00,World,0,W00,World,S1,S1,TRUE,5611,Nitrogenous fertilizers and materials nes,4,TRUE,C00,TOTAL CPC,0,0,TOTAL MOT,8,kg,2453815552,FALSE,-1,N/A,,FALSE,2453815552,FALSE,,FALSE,,286675616,286675616,0,TRUE,FALSE
C,A,19740101,1974,52,1974,532,ANT,Netherlands Antilles and Aruba (...1985),M,Import,0,W00,World,0,W00,World,S1,S1,TRUE,5611,Nitrogenous fertilizers and materials nes,4,TRUE,C00,TOTAL CPC,0,0,TOTAL MOT,8,kg,115000,FALSE,-1,N/A,,FALSE,115000,FALSE,,FALSE,,21666,21666,0,TRUE,FALSE
C,A,19740101,1974,52,1974,554,NZL,New Zealand,M,Import,0,W00,World,0,W00,World,S1,S1,TRUE,5611,Nitrogenous fertilizers and materials nes,4,TRUE,C00,TOTAL CPC,0,0,TOTAL MOT,-1,N/A,0,FALSE,-1,N/A,,FALSE,,FALSE,,FALSE,16196536,,16196536,0,TRUE,FALSE
C,A,19740101,1974,52,1974,554,NZL,New Zealand,X,Export,0,W00,World,0,W00,World,S1,S1,TRUE,5611,Nitrogenous fertilizers and materials nes,4,TRUE,C00,TOTAL CPC,0,0,TOTAL MOT,8,kg,182677,FALSE,-1,N/A,,FALSE,182677,FALSE,,FALSE,,40684,40684,0,TRUE,FALSE
C,A,19740101,1974,52,1974,558,NIC,Nicaragua,M,Import,0,W00,World,0,W00,World,S1,S1,TRUE,5611,Nitrogenous fertilizers and materials nes,4,TRUE,C00,TOTAL CPC,0,0,TOTAL MOT,8,kg,94451344,FALSE,-1,N/A,,FALSE,94451344,FALSE,,FALSE,19432604,,19432604,0,TRUE,FALSE
C,A,19740101,1974,52,1974,558,NIC,Nicaragua,X,Export,0,W00,World,0,W00,World,S1,S1,TRUE,5611,Nitrogenous fertilizers and materials nes,4,TRUE,C00,TOTAL CPC,0,0,TOTAL MOT,8,kg,54,FALSE,-1,N/A,,FALSE,54,FALSE,,FALSE,,899,899,0,TRUE,FALSE
C,A,19740101,1974,52,1974,562,NER,Niger,M,Import,0,W00,World,0,W00,World,S1,S1,TRUE,5611,Nitrogenous fertilizers and materials nes,4,TRUE,C00,TOTAL CPC,0,0,TOTAL MOT,8,kg,713437,FALSE,-1,N/A,,FALSE,713437,FALSE,,FALSE,163546,,163546,0,TRUE,FALSE
C,A,19740101,1974,52,1974,566,NGA,Nigeria,M,Import,0,W00,World,0,W00,World,S1,S1,TRUE,5611,Nitrogenous fertilizers and materials nes,4,TRUE,C00,TOTAL CPC,0,0,TOTAL MOT,8,kg,8528000,FALSE,-1,N/A,,FALSE,8528000,FALSE,,FALSE,1277625,,1277625,0,TRUE,FALSE
C,A,19740101,1974,52,1974,579,NOR,Norway,M,Import,0,W00,World,0,W00,World,S1,S1,TRUE,5611,Nitrogenous fertilizers and materials nes,4,TRUE,C00,TOTAL CPC,0,0,TOTAL MOT,8,kg,2059502,FALSE,-1,N/A,,FALSE,2059502,FALSE,,FALSE,364210,,364210,0,TRUE,FALSE
C,A,19740101,1974,52,1974,579,NOR,Norway,X,Export,0,W00,World,0,W00,World,S1,S1,TRUE,5611,Nitrogenous fertilizers and materials nes,4,TRUE,C00,TOTAL CPC,0,0,TOTAL MOT,8,kg,811048512,FALSE,-1,N/A,,FALSE,811048512,FALSE,,FALSE,,58225548,58225548,0,TRUE,FALSE
C,A,19740101,1974,52,1974,586,PAK,Pakistan,M,Import,0,W00,World,0,W00,World,S1,S1,TRUE,5611,Nitrogenous fertilizers and materials nes,4,TRUE,C00,TOTAL CPC,0,0,TOTAL MOT,-1,N/A,0,FALSE,-1,N/A,,FALSE,,FALSE,,FALSE,69573184,,69573184,0,TRUE,FALSE
C,A,19740101,1974,52,1974,590,PAN,"Panama, excl.Canal Zone (...1977)",M,Import,0,W00,World,0,W00,World,S1,S1,TRUE,5611,Nitrogenous fertilizers and materials nes,4,TRUE,C00,TOTAL CPC,0,0,TOTAL MOT,8,kg,16907800,FALSE,-1,N/A,,FALSE,16907800,FALSE,,FALSE,3032124,,3032124,0,TRUE,FALSE
C,A,19740101,1974,52,1974,598,PNG,Papua New Guinea,M,Import,0,W00,World,0,W00,World,S1,S1,TRUE,5611,Nitrogenous fertilizers and materials nes,4,TRUE,C00,TOTAL CPC,0,0,TOTAL MOT,8,kg,8141365,FALSE,-1,N/A,,FALSE,8141365,FALSE,,FALSE,779333,,779333,0,TRUE,FALSE
C,A,19740101,1974,52,1974,600,PRY,Paraguay,M,Import,0,W00,World,0,W00,World,S1,S1,TRUE,5611,Nitrogenous fertilizers and materials nes,4,TRUE,C00,TOTAL CPC,0,0,TOTAL MOT,8,kg,614070,FALSE,-1,N/A,,FALSE,614070,FALSE,,FALSE,140700,,140700,0,TRUE,FALSE
C,A,19740101,1974,52,1974,604,PER,Peru,M,Import,0,W00,World,0,W00,World,S1,S1,TRUE,5611,Nitrogenous fertilizers and materials nes,4,TRUE,C00,TOTAL CPC,0,0,TOTAL MOT,8,kg,128238792,FALSE,-1,N/A,,FALSE,128238792,FALSE,,FALSE,17790452,,17790452,0,TRUE,FALSE
C,A,19740101,1974,52,1974,604,PER,Peru,X,Export,0,W00,World,0,W00,World,S1,S1,TRUE,5611,Nitrogenous fertilizers and materials nes,4,TRUE,C00,TOTAL CPC,0,0,TOTAL MOT,8,kg,45968,FALSE,-1,N/A,,FALSE,45968,FALSE,,FALSE,,5783,5783,0,TRUE,FALSE
C,A,19740101,1974,52,1974,608,PHL,Philippines,M,Import,0,W00,World,0,W00,World,S1,S1,TRUE,5611,Nitrogenous fertilizers and materials nes,4,TRUE,C00,TOTAL CPC,0,0,TOTAL MOT,8,kg,244463664,FALSE,-1,N/A,,FALSE,244463664,FALSE,,FALSE,40253000,,40253000,0,TRUE,FALSE
C,A,19740101,1974,52,1974,620,PRT,Portugal,M,Import,0,W00,World,0,W00,World,S1,S1,TRUE,5611,Nitrogenous fertilizers and materials nes,4,TRUE,C00,TOTAL CPC,0,0,TOTAL MOT,8,kg,3752782,FALSE,-1,N/A,,FALSE,3752782,FALSE,,FALSE,505993,,505993,0,TRUE,FALSE
C,A,19740101,1974,52,1974,620,PRT,Portugal,X,Export,0,W00,World,0,W00,World,S1,S1,TRUE,5611,Nitrogenous fertilizers and materials nes,4,TRUE,C00,TOTAL CPC,0,0,TOTAL MOT,8,kg,190439200,FALSE,-1,N/A,,FALSE,190439200,FALSE,,FALSE,,26468608,26468608,0,TRUE,FALSE
C,A,19740101,1974,52,1974,638,REU,RÈunion (Overseas France),M,Import,0,W00,World,0,W00,World,S1,S1,TRUE,5611,Nitrogenous fertilizers and materials nes,4,TRUE,C00,TOTAL CPC,0,0,TOTAL MOT,8,kg,737519,FALSE,-1,N/A,,TRUE,737519,FALSE,-1,TRUE,167632,,167632,0,FALSE,FALSE
C,A,19740101,1974,52,1974,662,LCA,Saint Lucia,M,Import,0,W00,World,0,W00,World,S1,S1,TRUE,5611,Nitrogenous fertilizers and materials nes,4,TRUE,C00,TOTAL CPC,0,0,TOTAL MOT,8,kg,2922456,FALSE,-1,N/A,,FALSE,2922456,FALSE,,FALSE,633472,,633472,0,TRUE,FALSE
C,A,19740101,1974,52,1974,682,SAU,Saudi Arabia,M,Import,0,W00,World,0,W00,World,S1,S1,TRUE,5611,Nitrogenous fertilizers and materials nes,4,TRUE,C00,TOTAL CPC,0,0,TOTAL MOT,8,kg,7610741,FALSE,-1,N/A,,FALSE,7610741,FALSE,,FALSE,2145295,,2145295,0,TRUE,FALSE
C,A,19740101,1974,52,1974,682,SAU,Saudi Arabia,X,Export,0,W00,World,0,W00,World,S1,S1,TRUE,5611,Nitrogenous fertilizers and materials nes,4,TRUE,C00,TOTAL CPC,0,0,TOTAL MOT,8,kg,415500,FALSE,-1,N/A,,FALSE,415500,FALSE,,FALSE,,92568,92568,0,TRUE,FALSE
C,A,19740101,1974,52,1974,686,SEN,Senegal,M,Import,0,W00,World,0,W00,World,S1,S1,TRUE,5611,Nitrogenous fertilizers and materials nes,4,TRUE,C00,TOTAL CPC,0,0,TOTAL MOT,8,kg,4345795,FALSE,-1,N/A,,FALSE,4345795,FALSE,,FALSE,1419828,,1419828,0,TRUE,FALSE
C,A,19740101,1974,52,1974,686,SEN,Senegal,X,Export,0,W00,World,0,W00,World,S1,S1,TRUE,5611,Nitrogenous fertilizers and materials nes,4,TRUE,C00,TOTAL CPC,0,0,TOTAL MOT,8,kg,36000,FALSE,-1,N/A,,FALSE,36000,FALSE,,FALSE,,4707,4707,0,TRUE,FALSE
C,A,19740101,1974,52,1974,694,SLE,Sierra Leone,M,Import,0,W00,World,0,W00,World,S1,S1,TRUE,5611,Nitrogenous fertilizers and materials nes,4,TRUE,C00,TOTAL CPC,0,0,TOTAL MOT,8,kg,2731062,FALSE,-1,N/A,,FALSE,2731062,FALSE,,FALSE,202340,,202340,0,TRUE,FALSE
C,A,19740101,1974,52,1974,702,SGP,Singapore,M,Import,0,W00,World,0,W00,World,S1,S1,TRUE,5611,Nitrogenous fertilizers and materials nes,4,TRUE,C00,TOTAL CPC,0,0,TOTAL MOT,8,kg,67322208,FALSE,-1,N/A,,FALSE,67322208,FALSE,,FALSE,12422220,,12422220,0,TRUE,FALSE
C,A,19740101,1974,52,1974,702,SGP,Singapore,X,Export,0,W00,World,0,W00,World,S1,S1,TRUE,5611,Nitrogenous fertilizers and materials nes,4,TRUE,C00,TOTAL CPC,0,0,TOTAL MOT,8,kg,28809050,FALSE,-1,N/A,,FALSE,28809050,FALSE,,FALSE,,4382639,4382639,0,TRUE,FALSE
C,A,19740101,1974,52,1974,711,ZA1,Southern African Customs Union (...1999),M,Import,0,W00,World,0,W00,World,S1,S1,TRUE,5611,Nitrogenous fertilizers and materials nes,4,TRUE,C00,TOTAL CPC,0,0,TOTAL MOT,8,kg,78671000,FALSE,-1,N/A,,FALSE,78671000,FALSE,,FALSE,16882712,,16882712,0,TRUE,FALSE
C,A,19740101,1974,52,1974,711,ZA1,Southern African Customs Union (...1999),X,Export,0,W00,World,0,W00,World,S1,S1,TRUE,5611,Nitrogenous fertilizers and materials nes,4,TRUE,C00,TOTAL CPC,0,0,TOTAL MOT,-1,N/A,0,FALSE,-1,N/A,,FALSE,,FALSE,,FALSE,,5897617,5897617,0,TRUE,FALSE
C,A,19740101,1974,52,1974,724,ESP,Spain,M,Import,0,W00,World,0,W00,World,S1,S1,TRUE,5611,Nitrogenous fertilizers and materials nes,4,TRUE,C00,TOTAL CPC,0,0,TOTAL MOT,8,kg,130022432,FALSE,-1,N/A,,FALSE,130022432,FALSE,,FALSE,13934213,,13934213,0,TRUE,FALSE
C,A,19740101,1974,52,1974,724,ESP,Spain,X,Export,0,W00,World,0,W00,World,S1,S1,TRUE,5611,Nitrogenous fertilizers and materials nes,4,TRUE,C00,TOTAL CPC,0,0,TOTAL MOT,8,kg,86374072,FALSE,-1,N/A,,FALSE,86374072,FALSE,,FALSE,,10163843,10163843,0,TRUE,FALSE
C,A,19740101,1974,52,1974,736,SDN,Sudan (...2011),M,Import,0,W00,World,0,W00,World,S1,S1,TRUE,5611,Nitrogenous fertilizers and materials nes,4,TRUE,C00,TOTAL CPC,0,0,TOTAL MOT,8,kg,245826000,FALSE,-1,N/A,,FALSE,245826000,FALSE,,FALSE,20485084,,20485084,0,TRUE,FALSE
C,A,19740101,1974,52,1974,740,SUR,Suriname,M,Import,0,W00,World,0,W00,World,S1,S1,TRUE,5611,Nitrogenous fertilizers and materials nes,4,TRUE,C00,TOTAL CPC,0,0,TOTAL MOT,8,kg,3777788,FALSE,-1,N/A,,FALSE,3777788,FALSE,,FALSE,734520,,734520,0,TRUE,FALSE
C,A,19740101,1974,52,1974,752,SWE,Sweden,M,Import,0,W00,World,0,W00,World,S1,S1,TRUE,5611,Nitrogenous fertilizers and materials nes,4,TRUE,C00,TOTAL CPC,0,0,TOTAL MOT,8,kg,517472288,FALSE,-1,N/A,,FALSE,517472288,FALSE,,FALSE,33692184,,33692184,0,TRUE,FALSE
C,A,19740101,1974,52,1974,757,CHE,Switzerland,M,Import,0,W00,World,0,W00,World,S1,S1,TRUE,5611,Nitrogenous fertilizers and materials nes,4,TRUE,C00,TOTAL CPC,0,0,TOTAL MOT,8,kg,45442880,FALSE,-1,N/A,,FALSE,45442880,FALSE,,FALSE,6695934,,6695934,0,TRUE,FALSE
C,A,19740101,1974,52,1974,757,CHE,Switzerland,X,Export,0,W00,World,0,W00,World,S1,S1,TRUE,5611,Nitrogenous fertilizers and materials nes,4,TRUE,C00,TOTAL CPC,0,0,TOTAL MOT,8,kg,935742,FALSE,-1,N/A,,FALSE,935742,FALSE,,FALSE,,219330,219330,0,TRUE,FALSE
C,A,19740101,1974,52,1974,760,SYR,Syria,M,Import,0,W00,World,0,W00,World,S1,S1,TRUE,5611,Nitrogenous fertilizers and materials nes,4,TRUE,C00,TOTAL CPC,0,0,TOTAL MOT,8,kg,79849224,FALSE,-1,N/A,,FALSE,79849224,FALSE,,FALSE,,13725108,13725108,0,TRUE,FALSE
C,A,19740101,1974,52,1974,764,THA,Thailand,M,Import,0,W00,World,0,W00,World,S1,S1,TRUE,5611,Nitrogenous fertilizers and materials nes,4,TRUE,C00,TOTAL CPC,0,0,TOTAL MOT,8,kg,48613740,FALSE,-1,N/A,,FALSE,48613740,FALSE,,FALSE,7270668,,7270668,0,TRUE,FALSE
C,A,19740101,1974,52,1974,768,TGO,Togo,M,Import,0,W00,World,0,W00,World,S1,S1,TRUE,5611,Nitrogenous fertilizers and materials nes,4,TRUE,C00,TOTAL CPC,0,0,TOTAL MOT,8,kg,1240937,FALSE,-1,N/A,,FALSE,1240937,FALSE,,FALSE,328021,,328021,0,TRUE,FALSE
C,A,19740101,1974,52,1974,780,TTO,Trinidad and Tobago,M,Import,0,W00,World,0,W00,World,S1,S1,TRUE,5611,Nitrogenous fertilizers and materials nes,4,TRUE,C00,TOTAL CPC,0,0,TOTAL MOT,8,kg,102585,FALSE,-1,N/A,,FALSE,102585,FALSE,,FALSE,23109,,23109,0,TRUE,FALSE
C,A,19740101,1974,52,1974,780,TTO,Trinidad and Tobago,X,Export,0,W00,World,0,W00,World,S1,S1,TRUE,5611,Nitrogenous fertilizers and materials nes,4,TRUE,C00,TOTAL CPC,0,0,TOTAL MOT,8,kg,135022512,FALSE,-1,N/A,,FALSE,135022512,FALSE,,FALSE,,13444575,13444575,0,TRUE,FALSE
C,A,19740101,1974,52,1974,788,TUN,Tunisia,M,Import,0,W00,World,0,W00,World,S1,S1,TRUE,5611,Nitrogenous fertilizers and materials nes,4,TRUE,C00,TOTAL CPC,0,0,TOTAL MOT,8,kg,69514864,FALSE,-1,N/A,,FALSE,69514864,FALSE,,FALSE,15740497,,15740497,0,TRUE,FALSE
C,A,19740101,1974,52,1974,792,TUR,TÅEkiye,M,Import,0,W00,World,0,W00,World,S1,S1,TRUE,5611,Nitrogenous fertilizers and materials nes,4,TRUE,C00,TOTAL CPC,0,0,TOTAL MOT,8,kg,368410080,FALSE,-1,N/A,,FALSE,368410080,FALSE,,FALSE,31985588,,31985588,0,TRUE,FALSE
C,A,19740101,1974,52,1974,818,EGY,Egypt,M,Import,0,W00,World,0,W00,World,S1,S1,TRUE,5611,Nitrogenous fertilizers and materials nes,4,TRUE,C00,TOTAL CPC,0,0,TOTAL MOT,8,kg,483093952,FALSE,-1,N/A,,FALSE,483093952,FALSE,,FALSE,65978256,,65978256,0,TRUE,FALSE
C,A,19740101,1974,52,1974,826,GBR,United Kingdom,M,Import,0,W00,World,0,W00,World,S1,S1,TRUE,5611,Nitrogenous fertilizers and materials nes,4,TRUE,C00,TOTAL CPC,0,0,TOTAL MOT,8,kg,427707008,FALSE,-1,N/A,,FALSE,427707008,FALSE,,FALSE,35743792,,35743792,0,TRUE,FALSE
C,A,19740101,1974,52,1974,826,GBR,United Kingdom,X,Export,0,W00,World,0,W00,World,S1,S1,TRUE,5611,Nitrogenous fertilizers and materials nes,4,TRUE,C00,TOTAL CPC,0,0,TOTAL MOT,8,kg,130788000,FALSE,-1,N/A,,FALSE,130788000,FALSE,,FALSE,,16072046,16072046,0,TRUE,FALSE
C,A,19740101,1974,52,1974,841,USA,USA and Puerto Rico (...1980),M,Import,0,W00,World,0,W00,World,S1,S1,TRUE,5611,Nitrogenous fertilizers and materials nes,4,TRUE,C00,TOTAL CPC,0,0,TOTAL MOT,-1,N/A,0,FALSE,-1,N/A,,FALSE,,FALSE,,FALSE,,200397856,200397856,0,TRUE,FALSE
C,A,19740101,1974,52,1974,841,USA,USA and Puerto Rico (...1980),X,Export,0,W00,World,0,W00,World,S1,S1,TRUE,5611,Nitrogenous fertilizers and materials nes,4,TRUE,C00,TOTAL CPC,0,0,TOTAL MOT,8,kg,808258259,FALSE,-1,N/A,,FALSE,808258259,FALSE,,FALSE,,105210576,105210576,0,TRUE,FALSE
C,A,19740101,1974,52,1974,854,BFA,Burkina Faso,M,Import,0,W00,World,0,W00,World,S1,S1,TRUE,5611,Nitrogenous fertilizers and materials nes,4,TRUE,C00,TOTAL CPC,0,0,TOTAL MOT,8,kg,4352737,FALSE,-1,N/A,,FALSE,4352737,FALSE,,FALSE,778435,,778435,0,TRUE,FALSE
C,A,19740101,1974,52,1974,858,URY,Uruguay,M,Import,0,W00,World,0,W00,World,S1,S1,TRUE,5611,Nitrogenous fertilizers and materials nes,4,TRUE,C00,TOTAL CPC,0,0,TOTAL MOT,-1,N/A,0,FALSE,-1,N/A,,FALSE,,FALSE,,FALSE,2393691,,2393691,0,TRUE,FALSE
C,A,19740101,1974,52,1974,862,VEN,Venezuela,M,Import,0,W00,World,0,W00,World,S1,S1,TRUE,5611,Nitrogenous fertilizers and materials nes,4,TRUE,C00,TOTAL CPC,0,0,TOTAL MOT,8,kg,98970624,FALSE,-1,N/A,,FALSE,98970624,FALSE,,FALSE,,21307324,21307324,0,TRUE,FALSE
C,A,19740101,1974,52,1974,862,VEN,Venezuela,X,Export,0,W00,World,0,W00,World,S1,S1,TRUE,5611,Nitrogenous fertilizers and materials nes,4,TRUE,C00,TOTAL CPC,0,0,TOTAL MOT,8,kg,14433000,FALSE,-1,N/A,,FALSE,14433000,FALSE,,FALSE,,3853011,3853011,0,TRUE,FALSE
C,A,19740101,1974,52,1974,890,YUG,Yugoslavia (...1991),M,Import,0,W00,World,0,W00,World,S1,S1,TRUE,5611,Nitrogenous fertilizers and materials nes,4,TRUE,C00,TOTAL CPC,0,0,TOTAL MOT,8,kg,167021232,FALSE,-1,N/A,,FALSE,167021232,FALSE,,FALSE,15675285,,15675285,0,TRUE,FALSE
C,A,19740101,1974,52,1974,890,YUG,Yugoslavia (...1991),X,Export,0,W00,World,0,W00,World,S1,S1,TRUE,5611,Nitrogenous fertilizers and materials nes,4,TRUE,C00,TOTAL CPC,0,0,TOTAL MOT,8,kg,6250000,FALSE,-1,N/A,,FALSE,6250000,FALSE,,FALSE,,1720035,1720035,0,TRUE,FALSE
C,A,19740101,1974,52,1974,894,ZMB,Zambia,M,Import,0,W00,World,0,W00,World,S1,S1,TRUE,5611,Nitrogenous fertilizers and materials nes,4,TRUE,C00,TOTAL CPC,0,0,TOTAL MOT,8,kg,80426448,FALSE,-1,N/A,,FALSE,80426448,FALSE,,FALSE,,10023925,10023925,0,TRUE,FALSE
C,A,19740101,1974,52,1974,894,ZMB,Zambia,X,Export,0,W00,World,0,W00,World,S1,S1,TRUE,5611,Nitrogenous fertilizers and materials nes,4,TRUE,C00,TOTAL CPC,0,0,TOTAL MOT,8,kg,716898,FALSE,-1,N/A,,FALSE,716898,FALSE,,FALSE,,242656,242656,0,TRUE,FALSE
C,A,19750101,1975,52,1975,12,DZA,Algeria,M,Import,0,W00,World,0,W00,World,S1,S1,TRUE,5611,Nitrogenous fertilizers and materials nes,4,TRUE,C00,TOTAL CPC,0,0,TOTAL MOT,8,kg,152717200,FALSE,-1,N/A,,FALSE,152717200,FALSE,,FALSE,31334348,,31334348,0,TRUE,FALSE
C,A,19750101,1975,52,1975,32,ARG,Argentina,M,Import,0,W00,World,0,W00,World,S1,S1,TRUE,5611,Nitrogenous fertilizers and materials nes,4,TRUE,C00,TOTAL CPC,0,0,TOTAL MOT,8,kg,6085221,FALSE,-1,N/A,,FALSE,6085221,FALSE,,FALSE,1956412,,1956412,0,TRUE,FALSE
C,A,19750101,1975,52,1975,32,ARG,Argentina,X,Export,0,W00,World,0,W00,World,S1,S1,TRUE,5611,Nitrogenous fertilizers and materials nes,4,TRUE,C00,TOTAL CPC,0,0,TOTAL MOT,8,kg,33187,FALSE,-1,N/A,,FALSE,33187,FALSE,,FALSE,,12206,12206,0,TRUE,FALSE
C,A,19750101,1975,52,1975,36,AUS,Australia,M,Import,0,W00,World,0,W00,World,S1,S1,TRUE,5611,Nitrogenous fertilizers and materials nes,4,TRUE,C00,TOTAL CPC,0,0,TOTAL MOT,8,kg,10099408,FALSE,-1,N/A,,FALSE,10099408,FALSE,,FALSE,,2860598,2860598,0,TRUE,FALSE
C,A,19750101,1975,52,1975,36,AUS,Australia,X,Export,0,W00,World,0,W00,World,S1,S1,TRUE,5611,Nitrogenous fertilizers and materials nes,4,TRUE,C00,TOTAL CPC,0,0,TOTAL MOT,8,kg,31014999,FALSE,-1,N/A,,FALSE,31014999,FALSE,,FALSE,,2010253,2010253,0,TRUE,FALSE
C,A,19750101,1975,52,1975,48,BHR,Bahrain,M,Import,0,W00,World,0,W00,World,S1,S1,TRUE,5611,Nitrogenous fertilizers and materials nes,4,TRUE,C00,TOTAL CPC,0,0,TOTAL MOT,8,kg,10125,FALSE,-1,N/A,,FALSE,10125,FALSE,,FALSE,4341,,4341,0,TRUE,FALSE
C,A,19750101,1975,52,1975,52,BRB,Barbados,M,Import,0,W00,World,0,W00,World,S1,S1,TRUE,5611,Nitrogenous fertilizers and materials nes,4,TRUE,C00,TOTAL CPC,0,0,TOTAL MOT,8,kg,5652267,FALSE,-1,N/A,,FALSE,5652267,FALSE,,FALSE,253767,,253767,0,TRUE,FALSE
C,A,19750101,1975,52,1975,52,BRB,Barbados,X,Export,0,W00,World,0,W00,World,S1,S1,TRUE,5611,Nitrogenous fertilizers and materials nes,4,TRUE,C00,TOTAL CPC,0,0,TOTAL MOT,-1,N/A,0,FALSE,-1,N/A,,FALSE,,FALSE,,FALSE,,513,513,0,TRUE,FALSE
C,A,19750101,1975,52,1975,58,BEL,Belgium-Luxembourg (...1998),M,Import,0,W00,World,0,W00,World,S1,S1,TRUE,5611,Nitrogenous fertilizers and materials nes,4,TRUE,C00,TOTAL CPC,0,0,TOTAL MOT,8,kg,376898464,FALSE,-1,N/A,,FALSE,376898464,FALSE,,FALSE,36632408,,36632408,0,TRUE,FALSE
C,A,19750101,1975,52,1975,58,BEL,Belgium-Luxembourg (...1998),X,Export,0,W00,World,0,W00,World,S1,S1,TRUE,5611,Nitrogenous fertilizers and materials nes,4,TRUE,C00,TOTAL CPC,0,0,TOTAL MOT,8,kg,1065319488,FALSE,-1,N/A,,FALSE,1065319488,FALSE,,FALSE,,106860736,106860736,0,TRUE,FALSE
C,A,19750101,1975,52,1975,60,BMU,Bermuda,M,Import,0,W00,World,0,W00,World,S1,S1,TRUE,5611,Nitrogenous fertilizers and materials nes,4,TRUE,C00,TOTAL CPC,0,0,TOTAL MOT,8,kg,1091,FALSE,-1,N/A,,FALSE,1091,FALSE,,FALSE,414,,414,0,TRUE,FALSE
C,A,19750101,1975,52,1975,68,BOL,Bolivia (Plurinational State of),M,Import,0,W00,World,0,W00,World,S1,S1,TRUE,5611,Nitrogenous fertilizers and materials nes,4,TRUE,C00,TOTAL CPC,0,0,TOTAL MOT,8,kg,2442734,FALSE,-1,N/A,,FALSE,2442734,FALSE,,FALSE,969436,,969436,0,TRUE,FALSE
C,A,19750101,1975,52,1975,76,BRA,Brazil,M,Import,0,W00,World,0,W00,World,S1,S1,TRUE,5611,Nitrogenous fertilizers and materials nes,4,TRUE,C00,TOTAL CPC,0,0,TOTAL MOT,8,kg,613325952,FALSE,-1,N/A,,FALSE,613325952,FALSE,,FALSE,66277364,,66277364,0,TRUE,FALSE
C,A,19750101,1975,52,1975,76,BRA,Brazil,X,Export,0,W00,World,0,W00,World,S1,S1,TRUE,5611,Nitrogenous fertilizers and materials nes,4,TRUE,C00,TOTAL CPC,0,0,TOTAL MOT,8,kg,2000000,FALSE,-1,N/A,,FALSE,2000000,FALSE,,FALSE,,701554,701554,0,TRUE,FALSE
C,A,19750101,1975,52,1975,84,BLZ,Belize,M,Import,0,W00,World,0,W00,World,S1,S1,TRUE,5611,Nitrogenous fertilizers and materials nes,4,TRUE,C00,TOTAL CPC,0,0,TOTAL MOT,8,kg,187269,FALSE,-1,N/A,,FALSE,187269,FALSE,,FALSE,127899,,127899,0,TRUE,FALSE
C,A,19750101,1975,52,1975,96,BRN,Brunei Darussalam,M,Import,0,W00,World,0,W00,World,S1,S1,TRUE,5611,Nitrogenous fertilizers and materials nes,4,TRUE,C00,TOTAL CPC,0,0,TOTAL MOT,8,kg,54511,FALSE,-1,N/A,,FALSE,54511,FALSE,,FALSE,18540,,18540,0,TRUE,FALSE
C,A,19750101,1975,52,1975,108,BDI,Burundi,M,Import,0,W00,World,0,W00,World,S1,S1,TRUE,5611,Nitrogenous fertilizers and materials nes,4,TRUE,C00,TOTAL CPC,0,0,TOTAL MOT,8,kg,875892,FALSE,-1,N/A,,FALSE,875892,FALSE,,FALSE,197228,,197228,0,TRUE,FALSE
C,A,19750101,1975,52,1975,120,CMR,Cameroon,M,Import,0,W00,World,0,W00,World,S1,S1,TRUE,5611,Nitrogenous fertilizers and materials nes,4,TRUE,C00,TOTAL CPC,0,0,TOTAL MOT,8,kg,33464310,FALSE,-1,N/A,,FALSE,33464310,FALSE,,FALSE,11852794,,11852794,0,TRUE,FALSE
C,A,19750101,1975,52,1975,120,CMR,Cameroon,X,Export,0,W00,World,0,W00,World,S1,S1,TRUE,5611,Nitrogenous fertilizers and materials nes,4,TRUE,C00,TOTAL CPC,0,0,TOTAL MOT,8,kg,82000,FALSE,-1,N/A,,FALSE,82000,FALSE,,FALSE,,8391,8391,0,TRUE,FALSE
C,A,19750101,1975,52,1975,124,CAN,Canada,M,Import,0,W00,World,0,W00,World,S1,S1,TRUE,5611,Nitrogenous fertilizers and materials nes,4,TRUE,C00,TOTAL CPC,0,0,TOTAL MOT,8,kg,88384000,FALSE,-1,N/A,,FALSE,88384000,FALSE,,FALSE,,10166200,10166200,0,TRUE,FALSE
C,A,19750101,1975,52,1975,124,CAN,Canada,X,Export,0,W00,World,0,W00,World,S1,S1,TRUE,5611,Nitrogenous fertilizers and materials nes,4,TRUE,C00,TOTAL CPC,0,0,TOTAL MOT,8,kg,502443008,FALSE,-1,N/A,,FALSE,502443008,FALSE,,FALSE,,65011304,65011304,0,TRUE,FALSE
C,A,19750101,1975,52,1975,140,CAF,Central African Rep.,M,Import,0,W00,World,0,W00,World,S1,S1,TRUE,5611,Nitrogenous fertilizers and materials nes,4,TRUE,C00,TOTAL CPC,0,0,TOTAL MOT,8,kg,248308,FALSE,-1,N/A,,FALSE,248308,FALSE,,FALSE,85008,,85008,0,TRUE,FALSE
C,A,19750101,1975,52,1975,144,LKA,Sri Lanka,M,Import,0,W00,World,0,W00,World,S1,S1,TRUE,5611,Nitrogenous fertilizers and materials nes,4,TRUE,C00,TOTAL CPC,0,0,TOTAL MOT,8,kg,72272456,FALSE,-1,N/A,,FALSE,72272456,FALSE,,FALSE,13223526,,13223526,0,TRUE,FALSE
C,A,19750101,1975,52,1975,148,TCD,Chad,M,Import,0,W00,World,0,W00,World,S1,S1,TRUE,5611,Nitrogenous fertilizers and materials nes,4,TRUE,C00,TOTAL CPC,0,0,TOTAL MOT,8,kg,813214,FALSE,-1,N/A,,FALSE,813214,FALSE,,FALSE,280138,,280138,0,TRUE,FALSE
C,A,19750101,1975,52,1975,152,CHL,Chile,M,Import,0,W00,World,0,W00,World,S1,S1,TRUE,5611,Nitrogenous fertilizers and materials nes,4,TRUE,C00,TOTAL CPC,0,0,TOTAL MOT,8,kg,91364592,FALSE,-1,N/A,,FALSE,91364592,FALSE,,FALSE,22432272,,22432272,0,TRUE,FALSE
C,A,19750101,1975,52,1975,152,CHL,Chile,X,Export,0,W00,World,0,W00,World,S1,S1,TRUE,5611,Nitrogenous fertilizers and materials nes,4,TRUE,C00,TOTAL CPC,0,0,TOTAL MOT,8,kg,6365687,FALSE,-1,N/A,,FALSE,6365687,FALSE,,FALSE,,773449,773449,0,TRUE,FALSE
C,A,19750101,1975,52,1975,170,COL,Colombia,M,Import,0,W00,World,0,W00,World,S1,S1,TRUE,5611,Nitrogenous fertilizers and materials nes,4,TRUE,C00,TOTAL CPC,0,0,TOTAL MOT,8,kg,3683922,FALSE,-1,N/A,,FALSE,3683922,FALSE,,FALSE,1113796,,1113796,0,TRUE,FALSE
C,A,19750101,1975,52,1975,170,COL,Colombia,X,Export,0,W00,World,0,W00,World,S1,S1,TRUE,5611,Nitrogenous fertilizers and materials nes,4,TRUE,C00,TOTAL CPC,0,0,TOTAL MOT,8,kg,27156936,FALSE,-1,N/A,,FALSE,27156936,FALSE,,FALSE,,6195923,6195923,0,TRUE,FALSE
C,A,19750101,1975,52,1975,178,COG,Congo,M,Import,0,W00,World,0,W00,World,S1,S1,TRUE,5611,Nitrogenous fertilizers and materials nes,4,TRUE,C00,TOTAL CPC,0,0,TOTAL MOT,8,kg,339,FALSE,-1,N/A,,FALSE,339,FALSE,,FALSE,304,,304,0,TRUE,FALSE
C,A,19750101,1975,52,1975,178,COG,Congo,X,Export,0,W00,World,0,W00,World,S1,S1,TRUE,5611,Nitrogenous fertilizers and materials nes,4,TRUE,C00,TOTAL CPC,0,0,TOTAL MOT,8,kg,5000,FALSE,-1,N/A,,FALSE,5000,FALSE,,FALSE,,4943,4943,0,TRUE,FALSE
C,A,19750101,1975,52,1975,180,COD,Dem. Rep. of the Congo,M,Import,0,W00,World,0,W00,World,S1,S1,TRUE,5611,Nitrogenous fertilizers and materials nes,4,TRUE,C00,TOTAL CPC,0,0,TOTAL MOT,8,kg,12178671,FALSE,-1,N/A,,FALSE,12178671,FALSE,,FALSE,4003911,,4003911,0,TRUE,FALSE
C,A,19750101,1975,52,1975,188,CRI,Costa Rica,M,Import,0,W00,World,0,W00,World,S1,S1,TRUE,5611,Nitrogenous fertilizers and materials nes,4,TRUE,C00,TOTAL CPC,0,0,TOTAL MOT,8,kg,49358312,FALSE,-1,N/A,,FALSE,49358312,FALSE,,FALSE,15826897,,15826897,0,TRUE,FALSE
C,A,19750101,1975,52,1975,188,CRI,Costa Rica,X,Export,0,W00,World,0,W00,World,S1,S1,TRUE,5611,Nitrogenous fertilizers and materials nes,4,TRUE,C00,TOTAL CPC,0,0,TOTAL MOT,8,kg,16465315,FALSE,-1,N/A,,FALSE,16465315,FALSE,,FALSE,,4169120,4169120,0,TRUE,FALSE
C,A,19750101,1975,52,1975,196,CYP,Cyprus,M,Import,0,W00,World,0,W00,World,S1,S1,TRUE,5611,Nitrogenous fertilizers and materials nes,4,TRUE,C00,TOTAL CPC,0,0,TOTAL MOT,8,kg,12743779,FALSE,-1,N/A,,FALSE,12743779,FALSE,,FALSE,1635880,,1635880,0,TRUE,FALSE
C,A,19750101,1975,52,1975,208,DNK,Denmark,M,Import,0,W00,World,0,W00,World,S1,S1,TRUE,5611,Nitrogenous fertilizers and materials nes,4,TRUE,C00,TOTAL CPC,0,0,TOTAL MOT,8,kg,122300936,FALSE,-1,N/A,,FALSE,122300936,FALSE,,FALSE,12638049,,12638049,0,TRUE,FALSE
C,A,19750101,1975,52,1975,208,DNK,Denmark,X,Export,0,W00,World,0,W00,World,S1,S1,TRUE,5611,Nitrogenous fertilizers and materials nes,4,TRUE,C00,TOTAL CPC,0,0,TOTAL MOT,8,kg,63460,FALSE,-1,N/A,,FALSE,63460,FALSE,,FALSE,,14708,14708,0,TRUE,FALSE
C,A,19750101,1975,52,1975,214,DOM,Dominican Rep.,M,Import,0,W00,World,0,W00,World,S1,S1,TRUE,5611,Nitrogenous fertilizers and materials nes,4,TRUE,C00,TOTAL CPC,0,0,TOTAL MOT,8,kg,58756212,FALSE,-1,N/A,,FALSE,58756212,FALSE,,FALSE,,6753457,6753457,0,TRUE,FALSE
C,A,19750101,1975,52,1975,214,DOM,Dominican Rep.,X,Export,0,W00,World,0,W00,World,S1,S1,TRUE,5611,Nitrogenous fertilizers and materials nes,4,TRUE,C00,TOTAL CPC,0,0,TOTAL MOT,8,kg,2246312,FALSE,-1,N/A,,FALSE,2246312,FALSE,,FALSE,,262507,262507,0,TRUE,FALSE
C,A,19750101,1975,52,1975,218,ECU,Ecuador,M,Import,0,W00,World,0,W00,World,S1,S1,TRUE,5611,Nitrogenous fertilizers and materials nes,4,TRUE,C00,TOTAL CPC,0,0,TOTAL MOT,8,kg,74913048,FALSE,-1,N/A,,FALSE,74913048,FALSE,,FALSE,19164916,,19164916,0,TRUE,FALSE
C,A,19750101,1975,52,1975,222,SLV,El Salvador,M,Import,0,W00,World,0,W00,World,S1,S1,TRUE,5611,Nitrogenous fertilizers and materials nes,4,TRUE,C00,TOTAL CPC,0,0,TOTAL MOT,8,kg,181145440,FALSE,-1,N/A,,FALSE,181145440,FALSE,,FALSE,29105480,,29105480,0,TRUE,FALSE
C,A,19750101,1975,52,1975,230,ETH,Ethiopia (...1992),M,Import,0,W00,World,0,W00,World,S1,S1,TRUE,5611,Nitrogenous fertilizers and materials nes,4,TRUE,C00,TOTAL CPC,0,0,TOTAL MOT,8,kg,5272875,FALSE,-1,N/A,,FALSE,5272875,FALSE,,FALSE,2293143,,2293143,0,TRUE,FALSE
C,A,19750101,1975,52,1975,242,FJI,Fiji,M,Import,0,W00,World,0,W00,World,S1,S1,TRUE,5611,Nitrogenous fertilizers and materials nes,4,TRUE,C00,TOTAL CPC,0,0,TOTAL MOT,8,kg,27994788,FALSE,-1,N/A,,FALSE,27994788,FALSE,,FALSE,5163679,,5163679,0,TRUE,FALSE
C,A,19750101,1975,52,1975,246,FIN,Finland,M,Import,0,W00,World,0,W00,World,S1,S1,TRUE,5611,Nitrogenous fertilizers and materials nes,4,TRUE,C00,TOTAL CPC,0,0,TOTAL MOT,8,kg,18620904,FALSE,-1,N/A,,FALSE,18620904,FALSE,,FALSE,3734385,,3734385,0,TRUE,FALSE
C,A,19750101,1975,52,1975,246,FIN,Finland,X,Export,0,W00,World,0,W00,World,S1,S1,TRUE,5611,Nitrogenous fertilizers and materials nes,4,TRUE,C00,TOTAL CPC,0,0,TOTAL MOT,8,kg,9037623,FALSE,-1,N/A,,FALSE,9037623,FALSE,,FALSE,,1214547,1214547,0,TRUE,FALSE
C,A,19750101,1975,52,1975,251,FRA,France,M,Import,0,W00,World,0,W00,World,S1,S1,TRUE,5611,Nitrogenous fertilizers and materials nes,4,TRUE,C00,TOTAL CPC,0,0,TOTAL MOT,8,kg,648236160,FALSE,-1,N/A,,FALSE,648236160,FALSE,,FALSE,72765888,,72765888,0,TRUE,FALSE
C,A,19750101,1975,52,1975,251,FRA,France,X,Export,0,W00,World,0,W00,World,S1,S1,TRUE,5611,Nitrogenous fertilizers and materials nes,4,TRUE,C00,TOTAL CPC,0,0,TOTAL MOT,8,kg,574673984,FALSE,-1,N/A,,FALSE,574673984,FALSE,,FALSE,,102805504,102805504,0,TRUE,FALSE
C,A,19750101,1975,52,1975,254,GUF,French Guiana (Overseas France),M,Import,0,W00,World,0,W00,World,S1,S1,TRUE,5611,Nitrogenous fertilizers and materials nes,4,TRUE,C00,TOTAL CPC,0,0,TOTAL MOT,8,kg,17687,FALSE,-1,N/A,,FALSE,17687,FALSE,,FALSE,5522,,5522,0,TRUE,FALSE
C,A,19750101,1975,52,1975,258,PYF,French Polynesia,M,Import,0,W00,World,0,W00,World,S1,S1,TRUE,5611,Nitrogenous fertilizers and materials nes,4,TRUE,C00,TOTAL CPC,0,0,TOTAL MOT,8,kg,282199,FALSE,-1,N/A,,FALSE,282199,FALSE,,FALSE,95113,,95113,0,TRUE,FALSE
C,A,19750101,1975,52,1975,266,GAB,Gabon,M,Import,0,W00,World,0,W00,World,S1,S1,TRUE,5611,Nitrogenous fertilizers and materials nes,4,TRUE,C00,TOTAL CPC,0,0,TOTAL MOT,8,kg,195803,FALSE,-1,N/A,,FALSE,195803,FALSE,,FALSE,13256,,13256,0,TRUE,FALSE
C,A,19750101,1975,52,1975,280,DEU,Fed. Rep. of Germany (...1990),M,Import,0,W00,World,0,W00,World,S1,S1,TRUE,5611,Nitrogenous fertilizers and materials nes,4,TRUE,C00,TOTAL CPC,0,0,TOTAL MOT,8,kg,866566656,FALSE,-1,N/A,,TRUE,866566656,FALSE,-1,TRUE,87019000,,87019000,0,FALSE,FALSE
C,A,19750101,1975,52,1975,280,DEU,Fed. Rep. of Germany (...1990),X,Export,0,W00,World,0,W00,World,S1,S1,TRUE,5611,Nitrogenous fertilizers and materials nes,4,TRUE,C00,TOTAL CPC,0,0,TOTAL MOT,8,kg,943061440,FALSE,-1,N/A,,TRUE,943061440,FALSE,-1,TRUE,,129270000,129270000,0,FALSE,FALSE
C,A,19750101,1975,52,1975,288,GHA,Ghana,M,Import,0,W00,World,0,W00,World,S1,S1,TRUE,5611,Nitrogenous fertilizers and materials nes,4,TRUE,C00,TOTAL CPC,0,0,TOTAL MOT,8,kg,2030562,FALSE,-1,N/A,,FALSE,2030562,FALSE,,FALSE,285186,,285186,0,TRUE,FALSE
C,A,19750101,1975,52,1975,296,KIR,Kiribati,M,Import,0,W00,World,0,W00,World,S1,S1,TRUE,5611,Nitrogenous fertilizers and materials nes,4,TRUE,C00,TOTAL CPC,0,0,TOTAL MOT,8,kg,140,FALSE,-1,N/A,,FALSE,140,FALSE,,FALSE,169,,169,0,TRUE,FALSE
C,A,19750101,1975,52,1975,300,GRC,Greece,M,Import,0,W00,World,0,W00,World,S1,S1,TRUE,5611,Nitrogenous fertilizers and materials nes,4,TRUE,C00,TOTAL CPC,0,0,TOTAL MOT,8,kg,52399529,FALSE,-1,N/A,,FALSE,52399529,FALSE,,FALSE,7166088,,7166088,0,TRUE,FALSE
C,A,19750101,1975,52,1975,300,GRC,Greece,X,Export,0,W00,World,0,W00,World,S1,S1,TRUE,5611,Nitrogenous fertilizers and materials nes,4,TRUE,C00,TOTAL CPC,0,0,TOTAL MOT,8,kg,18458296,FALSE,-1,N/A,,FALSE,18458296,FALSE,,FALSE,,3341069,3341069,0,TRUE,FALSE
C,A,19750101,1975,52,1975,312,GLP,Guadeloupe (Overseas France),M,Import,0,W00,World,0,W00,World,S1,S1,TRUE,5611,Nitrogenous fertilizers and materials nes,4,TRUE,C00,TOTAL CPC,0,0,TOTAL MOT,8,kg,1478726,FALSE,-1,N/A,,FALSE,1478726,FALSE,,FALSE,236707,,236707,0,TRUE,FALSE
C,A,19750101,1975,52,1975,320,GTM,Guatemala,M,Import,0,W00,World,0,W00,World,S1,S1,TRUE,5611,Nitrogenous fertilizers and materials nes,4,TRUE,C00,TOTAL CPC,0,0,TOTAL MOT,8,kg,130837304,FALSE,-1,N/A,,FALSE,130837304,FALSE,,FALSE,34461756,,34461756,0,TRUE,FALSE
C,A,19750101,1975,52,1975,320,GTM,Guatemala,X,Export,0,W00,World,0,W00,World,S1,S1,TRUE,5611,Nitrogenous fertilizers and materials nes,4,TRUE,C00,TOTAL CPC,0,0,TOTAL MOT,8,kg,633541,FALSE,-1,N/A,,FALSE,633541,FALSE,,FALSE,,195355,195355,0,TRUE,FALSE
C,A,19750101,1975,52,1975,328,GUY,Guyana,M,Import,0,W00,World,0,W00,World,S1,S1,TRUE,5611,Nitrogenous fertilizers and materials nes,4,TRUE,C00,TOTAL CPC,0,0,TOTAL MOT,8,kg,27970770,FALSE,-1,N/A,,FALSE,27970770,FALSE,,FALSE,5492240,,5492240,0,TRUE,FALSE
C,A,19750101,1975,52,1975,332,HTI,Haiti,M,Import,0,W00,World,0,W00,World,S1,S1,TRUE,5611,Nitrogenous fertilizers and materials nes,4,TRUE,C00,TOTAL CPC,0,0,TOTAL MOT,8,kg,167663,FALSE,-1,N/A,,FALSE,167663,FALSE,,FALSE,107694,,107694,0,TRUE,FALSE
C,A,19750101,1975,52,1975,340,HND,Honduras,M,Import,0,W00,World,0,W00,World,S1,S1,TRUE,5611,Nitrogenous fertilizers and materials nes,4,TRUE,C00,TOTAL CPC,0,0,TOTAL MOT,8,kg,20546904,FALSE,-1,N/A,,FALSE,20546904,FALSE,,FALSE,5447550,,5447550,0,TRUE,FALSE
C,A,19750101,1975,52,1975,344,HKG,"China, Hong Kong SAR",M,Import,0,W00,World,0,W00,World,S1,S1,TRUE,5611,Nitrogenous fertilizers and materials nes,4,TRUE,C00,TOTAL CPC,0,0,TOTAL MOT,8,kg,2836060,FALSE,-1,N/A,,FALSE,2836060,FALSE,,FALSE,792492,,792492,0,TRUE,FALSE
C,A,19750101,1975,52,1975,344,HKG,"China, Hong Kong SAR",X,Export,0,W00,World,0,W00,World,S1,S1,TRUE,5611,Nitrogenous fertilizers and materials nes,4,TRUE,C00,TOTAL CPC,0,0,TOTAL MOT,8,kg,48929,FALSE,-1,N/A,,FALSE,48929,FALSE,,FALSE,,15914,15914,0,TRUE,FALSE
C,A,19750101,1975,52,1975,352,ISL,Iceland,M,Import,0,W00,World,0,W00,World,S1,S1,TRUE,5611,Nitrogenous fertilizers and materials nes,4,TRUE,C00,TOTAL CPC,0,0,TOTAL MOT,8,kg,125921,FALSE,-1,N/A,,FALSE,125921,FALSE,,FALSE,24942,,24942,0,TRUE,FALSE
C,A,19750101,1975,52,1975,360,IDN,Indonesia,M,Import,0,W00,World,0,W00,World,S1,S1,TRUE,5611,Nitrogenous fertilizers and materials nes,4,TRUE,C00,TOTAL CPC,0,0,TOTAL MOT,8,kg,751739264,FALSE,-1,N/A,,FALSE,751739264,FALSE,,FALSE,278452832,,278452832,0,TRUE,FALSE
C,A,19750101,1975,52,1975,360,IDN,Indonesia,X,Export,0,W00,World,0,W00,World,S1,S1,TRUE,5611,Nitrogenous fertilizers and materials nes,4,TRUE,C00,TOTAL CPC,0,0,TOTAL MOT,8,kg,921011,FALSE,-1,N/A,,FALSE,921011,FALSE,,FALSE,,177133,177133,0,TRUE,FALSE
C,A,19750101,1975,52,1975,364,IRN,Iran,M,Import,0,W00,World,0,W00,World,S1,S1,TRUE,5611,Nitrogenous fertilizers and materials nes,4,TRUE,C00,TOTAL CPC,0,0,TOTAL MOT,8,kg,292224896,FALSE,-1,N/A,,FALSE,292224896,FALSE,,FALSE,123466512,,123466512,0,TRUE,FALSE
C,A,19750101,1975,52,1975,368,IRQ,Iraq,M,Import,0,W00,World,0,W00,World,S1,S1,TRUE,5611,Nitrogenous fertilizers and materials nes,4,TRUE,C00,TOTAL CPC,0,0,TOTAL MOT,8,kg,11177549,FALSE,-1,N/A,,FALSE,11177549,FALSE,,FALSE,4970468,,4970468,0,TRUE,FALSE
C,A,19750101,1975,52,1975,368,IRQ,Iraq,X,Export,0,W00,World,0,W00,World,S1,S1,TRUE,5611,Nitrogenous fertilizers and materials nes,4,TRUE,C00,TOTAL CPC,0,0,TOTAL MOT,8,kg,100000,FALSE,-1,N/A,,FALSE,100000,FALSE,,FALSE,,20996,20996,0,TRUE,FALSE
C,A,19750101,1975,52,1975,372,IRL,Ireland,M,Import,0,W00,World,0,W00,World,S1,S1,TRUE,5611,Nitrogenous fertilizers and materials nes,4,TRUE,C00,TOTAL CPC,0,0,TOTAL MOT,8,kg,151298000,FALSE,-1,N/A,,FALSE,151298000,FALSE,,FALSE,20506018,,20506018,0,TRUE,FALSE
C,A,19750101,1975,52,1975,372,IRL,Ireland,X,Export,0,W00,World,0,W00,World,S1,S1,TRUE,5611,Nitrogenous fertilizers and materials nes,4,TRUE,C00,TOTAL CPC,0,0,TOTAL MOT,8,kg,14959000,FALSE,-1,N/A,,FALSE,14959000,FALSE,,FALSE,,1838871,1838871,0,TRUE,FALSE
C,A,19750101,1975,52,1975,376,ISR,Israel,M,Import,0,W00,World,0,W00,World,S1,S1,TRUE,5611,Nitrogenous fertilizers and materials nes,4,TRUE,C00,TOTAL CPC,0,0,TOTAL MOT,-1,N/A,0,FALSE,-1,N/A,,FALSE,,FALSE,,FALSE,3997590,,3997590,0,TRUE,FALSE
C,A,19750101,1975,52,1975,376,ISR,Israel,X,Export,0,W00,World,0,W00,World,S1,S1,TRUE,5611,Nitrogenous fertilizers and materials nes,4,TRUE,C00,TOTAL CPC,0,0,TOTAL MOT,8,kg,36000,FALSE,-1,N/A,,FALSE,36000,FALSE,,FALSE,,31460,31460,0,TRUE,FALSE
C,A,19750101,1975,52,1975,380,ITA,Italy,M,Import,0,W00,World,0,W00,World,S1,S1,TRUE,5611,Nitrogenous fertilizers and materials nes,4,TRUE,C00,TOTAL CPC,0,0,TOTAL MOT,8,kg,60314384,FALSE,-1,N/A,,TRUE,60314384,FALSE,-1,TRUE,10747059,,10747059,0,FALSE,FALSE
C,A,19750101,1975,52,1975,380,ITA,Italy,X,Export,0,W00,World,0,W00,World,S1,S1,TRUE,5611,Nitrogenous fertilizers and materials nes,4,TRUE,C00,TOTAL CPC,0,0,TOTAL MOT,8,kg,720347264,FALSE,-1,N/A,,TRUE,720347264,FALSE,-1,TRUE,,144060592,144060592,0,FALSE,FALSE
C,A,19750101,1975,52,1975,384,CIV,CÙte d'Ivoire,M,Import,0,W00,World,0,W00,World,S1,S1,TRUE,5611,Nitrogenous fertilizers and materials nes,4,TRUE,C00,TOTAL CPC,0,0,TOTAL MOT,8,kg,7051069,FALSE,-1,N/A,,FALSE,7051069,FALSE,,FALSE,2851104,,2851104,0,TRUE,FALSE
C,A,19750101,1975,52,1975,384,CIV,CÙte d'Ivoire,X,Export,0,W00,World,0,W00,World,S1,S1,TRUE,5611,Nitrogenous fertilizers and materials nes,4,TRUE,C00,TOTAL CPC,0,0,TOTAL MOT,8,kg,3504222,FALSE,-1,N/A,,FALSE,3504222,FALSE,,FALSE,,1352115,1352115,0,TRUE,FALSE
C,A,19750101,1975,52,1975,388,JAM,Jamaica,M,Import,0,W00,World,0,W00,World,S1,S1,TRUE,5611,Nitrogenous fertilizers and materials nes,4,TRUE,C00,TOTAL CPC,0,0,TOTAL MOT,8,kg,29993200,FALSE,-1,N/A,,FALSE,29993200,FALSE,,FALSE,4782804,,4782804,0,TRUE,FALSE
C,A,19750101,1975,52,1975,388,JAM,Jamaica,X,Export,0,W00,World,0,W00,World,S1,S1,TRUE,5611,Nitrogenous fertilizers and materials nes,4,TRUE,C00,TOTAL CPC,0,0,TOTAL MOT,8,kg,5062,FALSE,-1,N/A,,FALSE,5062,FALSE,,FALSE,,2860,2860,0,TRUE,FALSE
C,A,19750101,1975,52,1975,392,JPN,Japan,M,Import,0,W00,World,0,W00,World,S1,S1,TRUE,5611,Nitrogenous fertilizers and materials nes,4,TRUE,C00,TOTAL CPC,0,0,TOTAL MOT,8,kg,5657000,FALSE,-1,N/A,,FALSE,5657000,FALSE,,FALSE,756731,,756731,0,TRUE,FALSE
C,A,19750101,1975,52,1975,392,JPN,Japan,X,Export,0,W00,World,0,W00,World,S1,S1,TRUE,5611,Nitrogenous fertilizers and materials nes,4,TRUE,C00,TOTAL CPC,0,0,TOTAL MOT,8,kg,2734408003,FALSE,-1,N/A,,FALSE,2734408003,FALSE,,FALSE,,572610956,572610956,0,TRUE,FALSE
C,A,19750101,1975,52,1975,410,KOR,Rep. of Korea,M,Import,0,W00,World,0,W00,World,S1,S1,TRUE,5611,Nitrogenous fertilizers and materials nes,4,TRUE,C00,TOTAL CPC,0,0,TOTAL MOT,8,kg,24214404,FALSE,-1,N/A,,FALSE,24214404,FALSE,,FALSE,10466926,,10466926,0,TRUE,FALSE
C,A,19750101,1975,52,1975,410,KOR,Rep. of Korea,X,Export,0,W00,World,0,W00,World,S1,S1,TRUE,5611,Nitrogenous fertilizers and materials nes,4,TRUE,C00,TOTAL CPC,0,0,TOTAL MOT,8,kg,901,FALSE,-1,N/A,,FALSE,901,FALSE,,FALSE,,29963,29963,0,TRUE,FALSE
C,A,19750101,1975,52,1975,414,KWT,Kuwait,X,Export,0,W00,World,0,W00,World,S1,S1,TRUE,5611,Nitrogenous fertilizers and materials nes,4,TRUE,C00,TOTAL CPC,0,0,TOTAL MOT,8,kg,653502656,FALSE,-1,N/A,,FALSE,653502656,FALSE,,FALSE,,167580624,167580624,0,TRUE,FALSE
C,A,19750101,1975,52,1975,430,LBR,Liberia,M,Import,0,W00,World,0,W00,World,S1,S1,TRUE,5611,Nitrogenous fertilizers and materials nes,4,TRUE,C00,TOTAL CPC,0,0,TOTAL MOT,8,kg,14160727,FALSE,-1,N/A,,FALSE,14160727,FALSE,,FALSE,2494159,,2494159,0,TRUE,FALSE
C,A,19750101,1975,52,1975,434,LBY,Libya,M,Import,0,W00,World,0,W00,World,S1,S1,TRUE,5611,Nitrogenous fertilizers and materials nes,4,TRUE,C00,TOTAL CPC,0,0,TOTAL MOT,8,kg,42851404,FALSE,-1,N/A,,FALSE,42851404,FALSE,,FALSE,9597174,,9597174,0,TRUE,FALSE
C,A,19750101,1975,52,1975,446,MAC,"China, Macao SAR",M,Import,0,W00,World,0,W00,World,S1,S1,TRUE,5611,Nitrogenous fertilizers and materials nes,4,TRUE,C00,TOTAL CPC,0,0,TOTAL MOT,8,kg,30859,FALSE,-1,N/A,,FALSE,30859,FALSE,,FALSE,3868,,3868,0,TRUE,FALSE
C,A,19750101,1975,52,1975,450,MDG,Madagascar,M,Import,0,W00,World,0,W00,World,S1,S1,TRUE,5611,Nitrogenous fertilizers and materials nes,4,TRUE,C00,TOTAL CPC,0,0,TOTAL MOT,8,kg,4255987,FALSE,-1,N/A,,FALSE,4255987,FALSE,,FALSE,1040647,,1040647,0,TRUE,FALSE
C,A,19750101,1975,52,1975,450,MDG,Madagascar,X,Export,0,W00,World,0,W00,World,S1,S1,TRUE,5611,Nitrogenous fertilizers and materials nes,4,TRUE,C00,TOTAL CPC,0,0,TOTAL MOT,8,kg,500,FALSE,-1,N/A,,FALSE,500,FALSE,,FALSE,,210,210,0,TRUE,FALSE
C,A,19750101,1975,52,1975,454,MWI,Malawi,M,Import,0,W00,World,0,W00,World,S1,S1,TRUE,5611,Nitrogenous fertilizers and materials nes,4,TRUE,C00,TOTAL CPC,0,0,TOTAL MOT,8,kg,58168738,FALSE,-1,N/A,,FALSE,58168738,FALSE,,FALSE,13220974,,13220974,0,TRUE,FALSE
C,A,19750101,1975,52,1975,454,MWI,Malawi,X,Export,0,W00,World,0,W00,World,S1,S1,TRUE,5611,Nitrogenous fertilizers and materials nes,4,TRUE,C00,TOTAL CPC,0,0,TOTAL MOT,8,kg,906,FALSE,-1,N/A,,FALSE,906,FALSE,,FALSE,,439,439,0,TRUE,FALSE
C,A,19750101,1975,52,1975,458,MYS,Malaysia,M,Import,0,W00,World,0,W00,World,S1,S1,TRUE,5611,Nitrogenous fertilizers and materials nes,4,TRUE,C00,TOTAL CPC,0,0,TOTAL MOT,8,kg,64808408,FALSE,-1,N/A,,FALSE,64808408,FALSE,,FALSE,11859438,,11859438,0,TRUE,FALSE
C,A,19750101,1975,52,1975,458,MYS,Malaysia,X,Export,0,W00,World,0,W00,World,S1,S1,TRUE,5611,Nitrogenous fertilizers and materials nes,4,TRUE,C00,TOTAL CPC,0,0,TOTAL MOT,8,kg,22011,FALSE,-1,N/A,,FALSE,22011,FALSE,,FALSE,,6524,6524,0,TRUE,FALSE
C,A,19750101,1975,52,1975,466,MLI,Mali,M,Import,0,W00,World,0,W00,World,S1,S1,TRUE,5611,Nitrogenous fertilizers and materials nes,4,TRUE,C00,TOTAL CPC,0,0,TOTAL MOT,8,kg,910000,FALSE,-1,N/A,,FALSE,910000,FALSE,,FALSE,351154,,351154,0,TRUE,FALSE
C,A,19750101,1975,52,1975,470,MLT,Malta,M,Import,0,W00,World,0,W00,World,S1,S1,TRUE,5611,Nitrogenous fertilizers and materials nes,4,TRUE,C00,TOTAL CPC,0,0,TOTAL MOT,8,kg,933859,FALSE,-1,N/A,,FALSE,933859,FALSE,,FALSE,122690,,122690,0,TRUE,FALSE
C,A,19750101,1975,52,1975,470,MLT,Malta,X,Export,0,W00,World,0,W00,World,S1,S1,TRUE,5611,Nitrogenous fertilizers and materials nes,4,TRUE,C00,TOTAL CPC,0,0,TOTAL MOT,8,kg,97,FALSE,-1,N/A,,FALSE,97,FALSE,,FALSE,,15,15,0,TRUE,FALSE
C,A,19750101,1975,52,1975,474,MTQ,Martinique (Overseas France),M,Import,0,W00,World,0,W00,World,S1,S1,TRUE,5611,Nitrogenous fertilizers and materials nes,4,TRUE,C00,TOTAL CPC,0,0,TOTAL MOT,8,kg,5366499,FALSE,-1,N/A,,FALSE,5366499,FALSE,,FALSE,878159,,878159,0,TRUE,FALSE
C,A,19750101,1975,52,1975,474,MTQ,Martinique (Overseas France),X,Export,0,W00,World,0,W00,World,S1,S1,TRUE,5611,Nitrogenous fertilizers and materials nes,4,TRUE,C00,TOTAL CPC,0,0,TOTAL MOT,8,kg,4000,FALSE,-1,N/A,,FALSE,4000,FALSE,,FALSE,,940,940,0,TRUE,FALSE
C,A,19750101,1975,52,1975,480,MUS,Mauritius,M,Import,0,W00,World,0,W00,World,S1,S1,TRUE,5611,Nitrogenous fertilizers and materials nes,4,TRUE,C00,TOTAL CPC,0,0,TOTAL MOT,8,kg,23831216,FALSE,-1,N/A,,FALSE,23831216,FALSE,,FALSE,4753770,,4753770,0,TRUE,FALSE
C,A,19750101,1975,52,1975,484,MEX,Mexico,M,Import,0,W00,World,0,W00,World,S1,S1,TRUE,5611,Nitrogenous fertilizers and materials nes,4,TRUE,C00,TOTAL CPC,0,0,TOTAL MOT,8,kg,456777536,FALSE,-1,N/A,,FALSE,456777536,FALSE,,FALSE,53630848,,53630848,0,TRUE,FALSE
C,A,19750101,1975,52,1975,484,MEX,Mexico,X,Export,0,W00,World,0,W00,World,S1,S1,TRUE,5611,Nitrogenous fertilizers and materials nes,4,TRUE,C00,TOTAL CPC,0,0,TOTAL MOT,8,kg,2266138,FALSE,-1,N/A,,FALSE,2266138,FALSE,,FALSE,,554233,554233,0,TRUE,FALSE
C,A,19750101,1975,52,1975,504,MAR,Morocco,M,Import,0,W00,World,0,W00,World,S1,S1,TRUE,5611,Nitrogenous fertilizers and materials nes,4,TRUE,C00,TOTAL CPC,0,0,TOTAL MOT,8,kg,155058864,FALSE,-1,N/A,,FALSE,155058864,FALSE,,FALSE,31581406,,31581406,0,TRUE,FALSE
C,A,19750101,1975,52,1975,504,MAR,Morocco,X,Export,0,W00,World,0,W00,World,S1,S1,TRUE,5611,Nitrogenous fertilizers and materials nes,4,TRUE,C00,TOTAL CPC,0,0,TOTAL MOT,8,kg,262000,FALSE,-1,N/A,,FALSE,262000,FALSE,,FALSE,,105808,105808,0,TRUE,FALSE
C,A,19750101,1975,52,1975,524,NPL,Nepal,M,Import,0,W00,World,0,W00,World,S1,S1,TRUE,5611,Nitrogenous fertilizers and materials nes,4,TRUE,C00,TOTAL CPC,0,0,TOTAL MOT,-1,N/A,0,FALSE,-1,N/A,,FALSE,,FALSE,,FALSE,921655,,921655,0,TRUE,FALSE
C,A,19750101,1975,52,1975,528,NLD,Netherlands,M,Import,0,W00,World,0,W00,World,S1,S1,TRUE,5611,Nitrogenous fertilizers and materials nes,4,TRUE,C00,TOTAL CPC,0,0,TOTAL MOT,8,kg,111946840,FALSE,-1,N/A,,FALSE,111946840,FALSE,,FALSE,10151379,,10151379,0,TRUE,FALSE
C,A,19750101,1975,52,1975,528,NLD,Netherlands,X,Export,0,W00,World,0,W00,World,S1,S1,TRUE,5611,Nitrogenous fertilizers and materials nes,4,TRUE,C00,TOTAL CPC,0,0,TOTAL MOT,8,kg,2031383424,FALSE,-1,N/A,,FALSE,2031383424,FALSE,,FALSE,,289584960,289584960,0,TRUE,FALSE
C,A,19750101,1975,52,1975,532,ANT,Netherlands Antilles and Aruba (...1985),M,Import,0,W00,World,0,W00,World,S1,S1,TRUE,5611,Nitrogenous fertilizers and materials nes,4,TRUE,C00,TOTAL CPC,0,0,TOTAL MOT,8,kg,138000,FALSE,-1,N/A,,FALSE,138000,FALSE,,FALSE,,41666,41666,0,TRUE,FALSE
C,A,19750101,1975,52,1975,540,NCL,New Caledonia,M,Import,0,W00,World,0,W00,World,S1,S1,TRUE,5611,Nitrogenous fertilizers and materials nes,4,TRUE,C00,TOTAL CPC,0,0,TOTAL MOT,8,kg,582284,FALSE,-1,N/A,,FALSE,582284,FALSE,,FALSE,183906,,183906,0,TRUE,FALSE
C,A,19750101,1975,52,1975,554,NZL,New Zealand,M,Import,0,W00,World,0,W00,World,S1,S1,TRUE,5611,Nitrogenous fertilizers and materials nes,4,TRUE,C00,TOTAL CPC,0,0,TOTAL MOT,-1,N/A,0,FALSE,-1,N/A,,FALSE,,FALSE,,FALSE,5165368,,5165368,0,TRUE,FALSE
C,A,19750101,1975,52,1975,554,NZL,New Zealand,X,Export,0,W00,World,0,W00,World,S1,S1,TRUE,5611,Nitrogenous fertilizers and materials nes,4,TRUE,C00,TOTAL CPC,0,0,TOTAL MOT,8,kg,120000,FALSE,-1,N/A,,FALSE,120000,FALSE,,FALSE,,27783,27783,0,TRUE,FALSE
C,A,19750101,1975,52,1975,558,NIC,Nicaragua,M,Import,0,W00,World,0,W00,World,S1,S1,TRUE,5611,Nitrogenous fertilizers and materials nes,4,TRUE,C00,TOTAL CPC,0,0,TOTAL MOT,8,kg,59298720,FALSE,-1,N/A,,FALSE,59298720,FALSE,,FALSE,19086416,,19086416,0,TRUE,FALSE
C,A,19750101,1975,52,1975,558,NIC,Nicaragua,X,Export,0,W00,World,0,W00,World,S1,S1,TRUE,5611,Nitrogenous fertilizers and materials nes,4,TRUE,C00,TOTAL CPC,0,0,TOTAL MOT,8,kg,317871,FALSE,-1,N/A,,FALSE,317871,FALSE,,FALSE,,122812,122812,0,TRUE,FALSE
C,A,19750101,1975,52,1975,562,NER,Niger,M,Import,0,W00,World,0,W00,World,S1,S1,TRUE,5611,Nitrogenous fertilizers and materials nes,4,TRUE,C00,TOTAL CPC,0,0,TOTAL MOT,8,kg,150000,FALSE,-1,N/A,,FALSE,150000,FALSE,,FALSE,61969,,61969,0,TRUE,FALSE
C,A,19750101,1975,52,1975,566,NGA,Nigeria,M,Import,0,W00,World,0,W00,World,S1,S1,TRUE,5611,Nitrogenous fertilizers and materials nes,4,TRUE,C00,TOTAL CPC,0,0,TOTAL MOT,8,kg,82308000,FALSE,-1,N/A,,FALSE,82308000,FALSE,,FALSE,7664339,,7664339,0,TRUE,FALSE
C,A,19750101,1975,52,1975,579,NOR,Norway,M,Import,0,W00,World,0,W00,World,S1,S1,TRUE,5611,Nitrogenous fertilizers and materials nes,4,TRUE,C00,TOTAL CPC,0,0,TOTAL MOT,8,kg,935845,FALSE,-1,N/A,,FALSE,935845,FALSE,,FALSE,202476,,202476,0,TRUE,FALSE
C,A,19750101,1975,52,1975,579,NOR,Norway,X,Export,0,W00,World,0,W00,World,S1,S1,TRUE,5611,Nitrogenous fertilizers and materials nes,4,TRUE,C00,TOTAL CPC,0,0,TOTAL MOT,8,kg,874002496,FALSE,-1,N/A,,FALSE,874002496,FALSE,,FALSE,,84619400,84619400,0,TRUE,FALSE
C,A,19750101,1975,52,1975,586,PAK,Pakistan,M,Import,0,W00,World,0,W00,World,S1,S1,TRUE,5611,Nitrogenous fertilizers and materials nes,4,TRUE,C00,TOTAL CPC,0,0,TOTAL MOT,-1,N/A,0,FALSE,-1,N/A,,FALSE,,FALSE,,FALSE,39057948,,39057948,0,TRUE,FALSE
C,A,19750101,1975,52,1975,590,PAN,"Panama, excl.Canal Zone (...1977)",M,Import,0,W00,World,0,W00,World,S1,S1,TRUE,5611,Nitrogenous fertilizers and materials nes,4,TRUE,C00,TOTAL CPC,0,0,TOTAL MOT,8,kg,17450140,FALSE,-1,N/A,,FALSE,17450140,FALSE,,FALSE,5586334,,5586334,0,TRUE,FALSE
C,A,19750101,1975,52,1975,598,PNG,Papua New Guinea,M,Import,0,W00,World,0,W00,World,S1,S1,TRUE,5611,Nitrogenous fertilizers and materials nes,4,TRUE,C00,TOTAL CPC,0,0,TOTAL MOT,-1,N/A,0,FALSE,-1,N/A,,FALSE,,FALSE,,FALSE,748124,,748124,0,TRUE,FALSE
C,A,19750101,1975,52,1975,600,PRY,Paraguay,M,Import,0,W00,World,0,W00,World,S1,S1,TRUE,5611,Nitrogenous fertilizers and materials nes,4,TRUE,C00,TOTAL CPC,0,0,TOTAL MOT,8,kg,842916,FALSE,-1,N/A,,FALSE,842916,FALSE,,FALSE,296402,,296402,0,TRUE,FALSE
C,A,19750101,1975,52,1975,604,PER,Peru,M,Import,0,W00,World,0,W00,World,S1,S1,TRUE,5611,Nitrogenous fertilizers and materials nes,4,TRUE,C00,TOTAL CPC,0,0,TOTAL MOT,8,kg,102515424,FALSE,-1,N/A,,FALSE,102515424,FALSE,,FALSE,31014342,,31014342,0,TRUE,FALSE
C,A,19750101,1975,52,1975,604,PER,Peru,X,Export,0,W00,World,0,W00,World,S1,S1,TRUE,5611,Nitrogenous fertilizers and materials nes,4,TRUE,C00,TOTAL CPC,0,0,TOTAL MOT,8,kg,15062,FALSE,-1,N/A,,FALSE,15062,FALSE,,FALSE,,2031,2031,0,TRUE,FALSE
C,A,19750101,1975,52,1975,608,PHL,Philippines,M,Import,0,W00,World,0,W00,World,S1,S1,TRUE,5611,Nitrogenous fertilizers and materials nes,4,TRUE,C00,TOTAL CPC,0,0,TOTAL MOT,8,kg,87998216,FALSE,-1,N/A,,FALSE,87998216,FALSE,,FALSE,22341344,,22341344,0,TRUE,FALSE
C,A,19750101,1975,52,1975,620,PRT,Portugal,M,Import,0,W00,World,0,W00,World,S1,S1,TRUE,5611,Nitrogenous fertilizers and materials nes,4,TRUE,C00,TOTAL CPC,0,0,TOTAL MOT,8,kg,1800646,FALSE,-1,N/A,,FALSE,1800646,FALSE,,FALSE,396040,,396040,0,TRUE,FALSE
C,A,19750101,1975,52,1975,620,PRT,Portugal,X,Export,0,W00,World,0,W00,World,S1,S1,TRUE,5611,Nitrogenous fertilizers and materials nes,4,TRUE,C00,TOTAL CPC,0,0,TOTAL MOT,8,kg,227010592,FALSE,-1,N/A,,FALSE,227010592,FALSE,,FALSE,,20453784,20453784,0,TRUE,FALSE
C,A,19750101,1975,52,1975,624,GNB,Guinea-Bissau,M,Import,0,W00,World,0,W00,World,S1,S1,TRUE,5611,Nitrogenous fertilizers and materials nes,4,TRUE,C00,TOTAL CPC,0,0,TOTAL MOT,8,kg,198000,FALSE,-1,N/A,,FALSE,198000,FALSE,,FALSE,83865,,83865,0,TRUE,FALSE
C,A,19750101,1975,52,1975,638,REU,RÈunion (Overseas France),M,Import,0,W00,World,0,W00,World,S1,S1,TRUE,5611,Nitrogenous fertilizers and materials nes,4,TRUE,C00,TOTAL CPC,0,0,TOTAL MOT,8,kg,2504687,FALSE,-1,N/A,,TRUE,2504687,FALSE,-1,TRUE,548158,,548158,0,FALSE,FALSE
C,A,19750101,1975,52,1975,662,LCA,Saint Lucia,M,Import,0,W00,World,0,W00,World,S1,S1,TRUE,5611,Nitrogenous fertilizers and materials nes,4,TRUE,C00,TOTAL CPC,0,0,TOTAL MOT,8,kg,4267210,FALSE,-1,N/A,,FALSE,4267210,FALSE,,FALSE,1402206,,1402206,0,TRUE,FALSE
C,A,19750101,1975,52,1975,682,SAU,Saudi Arabia,M,Import,0,W00,World,0,W00,World,S1,S1,TRUE,5611,Nitrogenous fertilizers and materials nes,4,TRUE,C00,TOTAL CPC,0,0,TOTAL MOT,8,kg,2720811,FALSE,-1,N/A,,FALSE,2720811,FALSE,,FALSE,1546244,,1546244,0,TRUE,FALSE
C,A,19750101,1975,52,1975,682,SAU,Saudi Arabia,X,Export,0,W00,World,0,W00,World,S1,S1,TRUE,5611,Nitrogenous fertilizers and materials nes,4,TRUE,C00,TOTAL CPC,0,0,TOTAL MOT,8,kg,502085,FALSE,-1,N/A,,FALSE,502085,FALSE,,FALSE,,277700,277700,0,TRUE,FALSE
C,A,19750101,1975,52,1975,686,SEN,Senegal,M,Import,0,W00,World,0,W00,World,S1,S1,TRUE,5611,Nitrogenous fertilizers and materials nes,4,TRUE,C00,TOTAL CPC,0,0,TOTAL MOT,8,kg,16414868,FALSE,-1,N/A,,FALSE,16414868,FALSE,,FALSE,5961861,,5961861,0,TRUE,FALSE
C,A,19750101,1975,52,1975,686,SEN,Senegal,X,Export,0,W00,World,0,W00,World,S1,S1,TRUE,5611,Nitrogenous fertilizers and materials nes,4,TRUE,C00,TOTAL CPC,0,0,TOTAL MOT,8,kg,23000,FALSE,-1,N/A,,FALSE,23000,FALSE,,FALSE,,9411,9411,0,TRUE,FALSE
C,A,19750101,1975,52,1975,690,SYC,Seychelles,M,Import,0,W00,World,0,W00,World,S1,S1,TRUE,5611,Nitrogenous fertilizers and materials nes,4,TRUE,C00,TOTAL CPC,0,0,TOTAL MOT,-1,N/A,0,FALSE,-1,N/A,,FALSE,,FALSE,,FALSE,2354,,2354,0,TRUE,FALSE
C,A,19750101,1975,52,1975,694,SLE,Sierra Leone,M,Import,0,W00,World,0,W00,World,S1,S1,TRUE,5611,Nitrogenous fertilizers and materials nes,4,TRUE,C00,TOTAL CPC,0,0,TOTAL MOT,8,kg,142246,FALSE,-1,N/A,,FALSE,142246,FALSE,,FALSE,7736,,7736,0,TRUE,FALSE
C,A,19750101,1975,52,1975,699,IND,India,M,Import,0,W00,World,0,W00,World,S1,S1,TRUE,5611,Nitrogenous fertilizers and materials nes,4,TRUE,C00,TOTAL CPC,0,0,TOTAL MOT,8,kg,1800477952,FALSE,-1,N/A,,FALSE,1800477952,FALSE,,FALSE,466884512,,466884512,0,TRUE,FALSE
C,A,19750101,1975,52,1975,702,SGP,Singapore,M,Import,0,W00,World,0,W00,World,S1,S1,TRUE,5611,Nitrogenous fertilizers and materials nes,4,TRUE,C00,TOTAL CPC,0,0,TOTAL MOT,8,kg,37323208,FALSE,-1,N/A,,FALSE,37323208,FALSE,,FALSE,8843683,,8843683,0,TRUE,FALSE
C,A,19750101,1975,52,1975,702,SGP,Singapore,X,Export,0,W00,World,0,W00,World,S1,S1,TRUE,5611,Nitrogenous fertilizers and materials nes,4,TRUE,C00,TOTAL CPC,0,0,TOTAL MOT,8,kg,21845040,FALSE,-1,N/A,,FALSE,21845040,FALSE,,FALSE,,3683715,3683715,0,TRUE,FALSE
C,A,19750101,1975,52,1975,711,ZA1,Southern African Customs Union (...1999),M,Import,0,W00,World,0,W00,World,S1,S1,TRUE,5611,Nitrogenous fertilizers and materials nes,4,TRUE,C00,TOTAL CPC,0,0,TOTAL MOT,8,kg,136468992,FALSE,-1,N/A,,FALSE,136468992,FALSE,,FALSE,11028643,,11028643,0,TRUE,FALSE
C,A,19750101,1975,52,1975,711,ZA1,Southern African Customs Union (...1999),X,Export,0,W00,World,0,W00,World,S1,S1,TRUE,5611,Nitrogenous fertilizers and materials nes,4,TRUE,C00,TOTAL CPC,0,0,TOTAL MOT,-1,N/A,0,FALSE,-1,N/A,,FALSE,,FALSE,,FALSE,,1997459,1997459,0,TRUE,FALSE
C,A,19750101,1975,52,1975,724,ESP,Spain,M,Import,0,W00,World,0,W00,World,S1,S1,TRUE,5611,Nitrogenous fertilizers and materials nes,4,TRUE,C00,TOTAL CPC,0,0,TOTAL MOT,8,kg,77085736,FALSE,-1,N/A,,FALSE,77085736,FALSE,,FALSE,8837334,,8837334,0,TRUE,FALSE
C,A,19750101,1975,52,1975,724,ESP,Spain,X,Export,0,W00,World,0,W00,World,S1,S1,TRUE,5611,Nitrogenous fertilizers and materials nes,4,TRUE,C00,TOTAL CPC,0,0,TOTAL MOT,8,kg,14818701,FALSE,-1,N/A,,FALSE,14818701,FALSE,,FALSE,,1561294,1561294,0,TRUE,FALSE
C,A,19750101,1975,52,1975,736,SDN,Sudan (...2011),M,Import,0,W00,World,0,W00,World,S1,S1,TRUE,5611,Nitrogenous fertilizers and materials nes,4,TRUE,C00,TOTAL CPC,0,0,TOTAL MOT,8,kg,162451008,FALSE,-1,N/A,,FALSE,162451008,FALSE,,FALSE,19345232,,19345232,0,TRUE,FALSE
C,A,19750101,1975,52,1975,752,SWE,Sweden,M,Import,0,W00,World,0,W00,World,S1,S1,TRUE,5611,Nitrogenous fertilizers and materials nes,4,TRUE,C00,TOTAL CPC,0,0,TOTAL MOT,8,kg,655842944,FALSE,-1,N/A,,FALSE,655842944,FALSE,,FALSE,54255620,,54255620,0,TRUE,FALSE
C,A,19750101,1975,52,1975,757,CHE,Switzerland,M,Import,0,W00,World,0,W00,World,S1,S1,TRUE,5611,Nitrogenous fertilizers and materials nes,4,TRUE,C00,TOTAL CPC,0,0,TOTAL MOT,8,kg,31096398,FALSE,-1,N/A,,FALSE,31096398,FALSE,,FALSE,4856390,,4856390,0,TRUE,FALSE
C,A,19750101,1975,52,1975,757,CHE,Switzerland,X,Export,0,W00,World,0,W00,World,S1,S1,TRUE,5611,Nitrogenous fertilizers and materials nes,4,TRUE,C00,TOTAL CPC,0,0,TOTAL MOT,8,kg,424045,FALSE,-1,N/A,,FALSE,424045,FALSE,,FALSE,,92111,92111,0,TRUE,FALSE
C,A,19750101,1975,52,1975,760,SYR,Syria,M,Import,0,W00,World,0,W00,World,S1,S1,TRUE,5611,Nitrogenous fertilizers and materials nes,4,TRUE,C00,TOTAL CPC,0,0,TOTAL MOT,8,kg,112730672,FALSE,-1,N/A,,FALSE,112730672,FALSE,,FALSE,,32406528,32406528,0,TRUE,FALSE
C,A,19750101,1975,52,1975,764,THA,Thailand,M,Import,0,W00,World,0,W00,World,S1,S1,TRUE,5611,Nitrogenous fertilizers and materials nes,4,TRUE,C00,TOTAL CPC,0,0,TOTAL MOT,8,kg,86368912,FALSE,-1,N/A,,FALSE,86368912,FALSE,,FALSE,10769360,,10769360,0,TRUE,FALSE
C,A,19750101,1975,52,1975,768,TGO,Togo,M,Import,0,W00,World,0,W00,World,S1,S1,TRUE,5611,Nitrogenous fertilizers and materials nes,4,TRUE,C00,TOTAL CPC,0,0,TOTAL MOT,8,kg,40050,FALSE,-1,N/A,,FALSE,40050,FALSE,,FALSE,18921,,18921,0,TRUE,FALSE
C,A,19750101,1975,52,1975,780,TTO,Trinidad and Tobago,M,Import,0,W00,World,0,W00,World,S1,S1,TRUE,5611,Nitrogenous fertilizers and materials nes,4,TRUE,C00,TOTAL CPC,0,0,TOTAL MOT,8,kg,43667,FALSE,-1,N/A,,FALSE,43667,FALSE,,FALSE,9795,,9795,0,TRUE,FALSE
C,A,19750101,1975,52,1975,780,TTO,Trinidad and Tobago,X,Export,0,W00,World,0,W00,World,S1,S1,TRUE,5611,Nitrogenous fertilizers and materials nes,4,TRUE,C00,TOTAL CPC,0,0,TOTAL MOT,8,kg,108816680,FALSE,-1,N/A,,FALSE,108816680,FALSE,,FALSE,,12511774,12511774,0,TRUE,FALSE
C,A,19750101,1975,52,1975,788,TUN,Tunisia,M,Import,0,W00,World,0,W00,World,S1,S1,TRUE,5611,Nitrogenous fertilizers and materials nes,4,TRUE,C00,TOTAL CPC,0,0,TOTAL MOT,8,kg,80974080,FALSE,-1,N/A,,FALSE,80974080,FALSE,,FALSE,16062665,,16062665,0,TRUE,FALSE
C,A,19750101,1975,52,1975,792,TUR,TÅEkiye,M,Import,0,W00,World,0,W00,World,S1,S1,TRUE,5611,Nitrogenous fertilizers and materials nes,4,TRUE,C00,TOTAL CPC,0,0,TOTAL MOT,8,kg,173610224,FALSE,-1,N/A,,FALSE,173610224,FALSE,,FALSE,28645176,,28645176,0,TRUE,FALSE
C,A,19750101,1975,52,1975,818,EGY,Egypt,M,Import,0,W00,World,0,W00,World,S1,S1,TRUE,5611,Nitrogenous fertilizers and materials nes,4,TRUE,C00,TOTAL CPC,0,0,TOTAL MOT,8,kg,404021952,FALSE,-1,N/A,,FALSE,404021952,FALSE,,FALSE,91010808,,91010808,0,TRUE,FALSE
C,A,19750101,1975,52,1975,826,GBR,United Kingdom,M,Import,0,W00,World,0,W00,World,S1,S1,TRUE,5611,Nitrogenous fertilizers and materials nes,4,TRUE,C00,TOTAL CPC,0,0,TOTAL MOT,8,kg,265268000,FALSE,-1,N/A,,FALSE,265268000,FALSE,,FALSE,24176588,,24176588,0,TRUE,FALSE
C,A,19750101,1975,52,1975,826,GBR,United Kingdom,X,Export,0,W00,World,0,W00,World,S1,S1,TRUE,5611,Nitrogenous fertilizers and materials nes,4,TRUE,C00,TOTAL CPC,0,0,TOTAL MOT,8,kg,154296000,FALSE,-1,N/A,,FALSE,154296000,FALSE,,FALSE,,27671014,27671014,0,TRUE,FALSE
C,A,19750101,1975,52,1975,841,USA,USA and Puerto Rico (...1980),M,Import,0,W00,World,0,W00,World,S1,S1,TRUE,5611,Nitrogenous fertilizers and materials nes,4,TRUE,C00,TOTAL CPC,0,0,TOTAL MOT,-1,N/A,0,FALSE,-1,N/A,,FALSE,,FALSE,,FALSE,,177130437,177130437,0,TRUE,FALSE
C,A,19750101,1975,52,1975,841,USA,USA and Puerto Rico (...1980),X,Export,0,W00,World,0,W00,World,S1,S1,TRUE,5611,Nitrogenous fertilizers and materials nes,4,TRUE,C00,TOTAL CPC,0,0,TOTAL MOT,8,kg,1248970772,FALSE,-1,N/A,,FALSE,1248970772,FALSE,,FALSE,,182081633,182081633,0,TRUE,FALSE
C,A,19750101,1975,52,1975,854,BFA,Burkina Faso,M,Import,0,W00,World,0,W00,World,S1,S1,TRUE,5611,Nitrogenous fertilizers and materials nes,4,TRUE,C00,TOTAL CPC,0,0,TOTAL MOT,8,kg,4632512,FALSE,-1,N/A,,FALSE,4632512,FALSE,,FALSE,2356917,,2356917,0,TRUE,FALSE
C,A,19750101,1975,52,1975,858,URY,Uruguay,M,Import,0,W00,World,0,W00,World,S1,S1,TRUE,5611,Nitrogenous fertilizers and materials nes,4,TRUE,C00,TOTAL CPC,0,0,TOTAL MOT,8,kg,18644668,FALSE,-1,N/A,,FALSE,18644668,FALSE,,FALSE,4887263,,4887263,0,TRUE,FALSE
C,A,19750101,1975,52,1975,862,VEN,Venezuela,M,Import,0,W00,World,0,W00,World,S1,S1,TRUE,5611,Nitrogenous fertilizers and materials nes,4,TRUE,C00,TOTAL CPC,0,0,TOTAL MOT,8,kg,109014432,FALSE,-1,N/A,,FALSE,109014432,FALSE,,FALSE,,28414060,28414060,0,TRUE,FALSE
C,A,19750101,1975,52,1975,862,VEN,Venezuela,X,Export,0,W00,World,0,W00,World,S1,S1,TRUE,5611,Nitrogenous fertilizers and materials nes,4,TRUE,C00,TOTAL CPC,0,0,TOTAL MOT,8,kg,6838000,FALSE,-1,N/A,,FALSE,6838000,FALSE,,FALSE,,2117050,2117050,0,TRUE,FALSE
C,A,19750101,1975,52,1975,890,YUG,Yugoslavia (...1991),M,Import,0,W00,World,0,W00,World,S1,S1,TRUE,5611,Nitrogenous fertilizers and materials nes,4,TRUE,C00,TOTAL CPC,0,0,TOTAL MOT,8,kg,157585136,FALSE,-1,N/A,,FALSE,157585136,FALSE,,FALSE,14701576,,14701576,0,TRUE,FALSE
C,A,19750101,1975,52,1975,890,YUG,Yugoslavia (...1991),X,Export,0,W00,World,0,W00,World,S1,S1,TRUE,5611,Nitrogenous fertilizers and materials nes,4,TRUE,C00,TOTAL CPC,0,0,TOTAL MOT,8,kg,5520562,FALSE,-1,N/A,,FALSE,5520562,FALSE,,FALSE,,421480,421480,0,TRUE,FALSE
C,A,19750101,1975,52,1975,894,ZMB,Zambia,M,Import,0,W00,World,0,W00,World,S1,S1,TRUE,5611,Nitrogenous fertilizers and materials nes,4,TRUE,C00,TOTAL CPC,0,0,TOTAL MOT,8,kg,134624912,FALSE,-1,N/A,,FALSE,134624912,FALSE,,FALSE,,31820452,31820452,0,TRUE,FALSE
C,A,19750101,1975,52,1975,894,ZMB,Zambia,X,Export,0,W00,World,0,W00,World,S1,S1,TRUE,5611,Nitrogenous fertilizers and materials nes,4,TRUE,C00,TOTAL CPC,0,0,TOTAL MOT,8,kg,580000,FALSE,-1,N/A,,FALSE,580000,FALSE,,FALSE,,204730,204730,0,TRUE,FALSE
C,A,19760101,1976,52,1976,32,ARG,Argentina,M,Import,0,W00,World,0,W00,World,S1,S1,TRUE,5611,Nitrogenous fertilizers and materials nes,4,TRUE,C00,TOTAL CPC,0,0,TOTAL MOT,8,kg,7540977,FALSE,-1,N/A,,FALSE,7540977,FALSE,,FALSE,1319721,,1319721,0,TRUE,FALSE
C,A,19760101,1976,52,1976,32,ARG,Argentina,X,Export,0,W00,World,0,W00,World,S1,S1,TRUE,5611,Nitrogenous fertilizers and materials nes,4,TRUE,C00,TOTAL CPC,0,0,TOTAL MOT,8,kg,22000,FALSE,-1,N/A,,FALSE,22000,FALSE,,FALSE,,2333,2333,0,TRUE,FALSE
C,A,19760101,1976,52,1976,36,AUS,Australia,M,Import,0,W00,World,0,W00,World,S1,S1,TRUE,5611,Nitrogenous fertilizers and materials nes,4,TRUE,C00,TOTAL CPC,0,0,TOTAL MOT,8,kg,17743026,FALSE,-1,N/A,,FALSE,17743026,FALSE,,FALSE,,2338889,2338889,0,TRUE,FALSE
C,A,19760101,1976,52,1976,36,AUS,Australia,X,Export,0,W00,World,0,W00,World,S1,S1,TRUE,5611,Nitrogenous fertilizers and materials nes,4,TRUE,C00,TOTAL CPC,0,0,TOTAL MOT,8,kg,18383230,FALSE,-1,N/A,,FALSE,18383230,FALSE,,FALSE,,1319306,1319306,0,TRUE,FALSE
C,A,19760101,1976,52,1976,44,BHS,Bahamas,M,Import,0,W00,World,0,W00,World,S1,S1,TRUE,5611,Nitrogenous fertilizers and materials nes,4,TRUE,C00,TOTAL CPC,0,0,TOTAL MOT,8,kg,2517562,FALSE,-1,N/A,,FALSE,2517562,FALSE,,FALSE,548227,,548227,0,TRUE,FALSE
C,A,19760101,1976,52,1976,52,BRB,Barbados,M,Import,0,W00,World,0,W00,World,S1,S1,TRUE,5611,Nitrogenous fertilizers and materials nes,4,TRUE,C00,TOTAL CPC,0,0,TOTAL MOT,8,kg,1659210,FALSE,-1,N/A,,FALSE,1659210,FALSE,,FALSE,178073,,178073,0,TRUE,FALSE
C,A,19760101,1976,52,1976,58,BEL,Belgium-Luxembourg (...1998),M,Import,0,W00,World,0,W00,World,S1,S1,TRUE,5611,Nitrogenous fertilizers and materials nes,4,TRUE,C00,TOTAL CPC,0,0,TOTAL MOT,8,kg,514917728,FALSE,-1,N/A,,FALSE,514917728,FALSE,,FALSE,38788836,,38788836,0,TRUE,FALSE
C,A,19760101,1976,52,1976,58,BEL,Belgium-Luxembourg (...1998),X,Export,0,W00,World,0,W00,World,S1,S1,TRUE,5611,Nitrogenous fertilizers and materials nes,4,TRUE,C00,TOTAL CPC,0,0,TOTAL MOT,8,kg,1562079616,FALSE,-1,N/A,,FALSE,1562079616,FALSE,,FALSE,,110689528,110689528,0,TRUE,FALSE
C,A,19760101,1976,52,1976,60,BMU,Bermuda,M,Import,0,W00,World,0,W00,World,S1,S1,TRUE,5611,Nitrogenous fertilizers and materials nes,4,TRUE,C00,TOTAL CPC,0,0,TOTAL MOT,8,kg,12624,FALSE,-1,N/A,,FALSE,12624,FALSE,,FALSE,3789,,3789,0,TRUE,FALSE
C,A,19760101,1976,52,1976,68,BOL,Bolivia (Plurinational State of),M,Import,0,W00,World,0,W00,World,S1,S1,TRUE,5611,Nitrogenous fertilizers and materials nes,4,TRUE,C00,TOTAL CPC,0,0,TOTAL MOT,8,kg,2648080,FALSE,-1,N/A,,FALSE,2648080,FALSE,,FALSE,866810,,866810,0,TRUE,FALSE
C,A,19760101,1976,52,1976,76,BRA,Brazil,M,Import,0,W00,World,0,W00,World,S1,S1,TRUE,5611,Nitrogenous fertilizers and materials nes,4,TRUE,C00,TOTAL CPC,0,0,TOTAL MOT,8,kg,897083904,FALSE,-1,N/A,,FALSE,897083904,FALSE,,FALSE,60647256,,60647256,0,TRUE,FALSE
C,A,19760101,1976,52,1976,76,BRA,Brazil,X,Export,0,W00,World,0,W00,World,S1,S1,TRUE,5611,Nitrogenous fertilizers and materials nes,4,TRUE,C00,TOTAL CPC,0,0,TOTAL MOT,8,kg,30000,FALSE,-1,N/A,,FALSE,30000,FALSE,,FALSE,,7469,7469,0,TRUE,FALSE
C,A,19760101,1976,52,1976,84,BLZ,Belize,M,Import,0,W00,World,0,W00,World,S1,S1,TRUE,5611,Nitrogenous fertilizers and materials nes,4,TRUE,C00,TOTAL CPC,0,0,TOTAL MOT,8,kg,482625,FALSE,-1,N/A,,FALSE,482625,FALSE,,FALSE,88131,,88131,0,TRUE,FALSE
C,A,19760101,1976,52,1976,96,BRN,Brunei Darussalam,M,Import,0,W00,World,0,W00,World,S1,S1,TRUE,5611,Nitrogenous fertilizers and materials nes,4,TRUE,C00,TOTAL CPC,0,0,TOTAL MOT,8,kg,205754,FALSE,-1,N/A,,FALSE,205754,FALSE,,FALSE,30730,,30730,0,TRUE,FALSE
C,A,19760101,1976,52,1976,104,MMR,Myanmar,X,Export,0,W00,World,0,W00,World,S1,S1,TRUE,5611,Nitrogenous fertilizers and materials nes,4,TRUE,C00,TOTAL CPC,0,0,TOTAL MOT,8,kg,3000375,FALSE,-1,N/A,,FALSE,3000375,FALSE,,FALSE,,311762,311762,0,TRUE,FALSE
C,A,19760101,1976,52,1976,124,CAN,Canada,M,Import,0,W00,World,0,W00,World,S1,S1,TRUE,5611,Nitrogenous fertilizers and materials nes,4,TRUE,C00,TOTAL CPC,0,0,TOTAL MOT,8,kg,152752000,FALSE,-1,N/A,,FALSE,152752000,FALSE,,FALSE,,15838310,15838310,0,TRUE,FALSE
C,A,19760101,1976,52,1976,124,CAN,Canada,X,Export,0,W00,World,0,W00,World,S1,S1,TRUE,5611,Nitrogenous fertilizers and materials nes,4,TRUE,C00,TOTAL CPC,0,0,TOTAL MOT,8,kg,638233024,FALSE,-1,N/A,,FALSE,638233024,FALSE,,FALSE,,65670220,65670220,0,TRUE,FALSE
C,A,19760101,1976,52,1976,144,LKA,Sri Lanka,M,Import,0,W00,World,0,W00,World,S1,S1,TRUE,5611,Nitrogenous fertilizers and materials nes,4,TRUE,C00,TOTAL CPC,0,0,TOTAL MOT,8,kg,59995176,FALSE,-1,N/A,,FALSE,59995176,FALSE,,FALSE,4210833,,4210833,0,TRUE,FALSE
C,A,19760101,1976,52,1976,152,CHL,Chile,M,Import,0,W00,World,0,W00,World,S1,S1,TRUE,5611,Nitrogenous fertilizers and materials nes,4,TRUE,C00,TOTAL CPC,0,0,TOTAL MOT,8,kg,45703148,FALSE,-1,N/A,,FALSE,45703148,FALSE,,FALSE,8240838,,8240838,0,TRUE,FALSE
C,A,19760101,1976,52,1976,152,CHL,Chile,X,Export,0,W00,World,0,W00,World,S1,S1,TRUE,5611,Nitrogenous fertilizers and materials nes,4,TRUE,C00,TOTAL CPC,0,0,TOTAL MOT,8,kg,25619476,FALSE,-1,N/A,,FALSE,25619476,FALSE,,FALSE,,1790188,1790188,0,TRUE,FALSE
C,A,19760101,1976,52,1976,170,COL,Colombia,M,Import,0,W00,World,0,W00,World,S1,S1,TRUE,5611,Nitrogenous fertilizers and materials nes,4,TRUE,C00,TOTAL CPC,0,0,TOTAL MOT,8,kg,23565928,FALSE,-1,N/A,,FALSE,23565928,FALSE,,FALSE,2443486,,2443486,0,TRUE,FALSE
C,A,19760101,1976,52,1976,170,COL,Colombia,X,Export,0,W00,World,0,W00,World,S1,S1,TRUE,5611,Nitrogenous fertilizers and materials nes,4,TRUE,C00,TOTAL CPC,0,0,TOTAL MOT,8,kg,18701312,FALSE,-1,N/A,,FALSE,18701312,FALSE,,FALSE,,2210861,2210861,0,TRUE,FALSE
C,A,19760101,1976,52,1976,178,COG,Congo,M,Import,0,W00,World,0,W00,World,S1,S1,TRUE,5611,Nitrogenous fertilizers and materials nes,4,TRUE,C00,TOTAL CPC,0,0,TOTAL MOT,8,kg,179398,FALSE,-1,N/A,,FALSE,179398,FALSE,,FALSE,11968,,11968,0,TRUE,FALSE
C,A,19760101,1976,52,1976,178,COG,Congo,X,Export,0,W00,World,0,W00,World,S1,S1,TRUE,5611,Nitrogenous fertilizers and materials nes,4,TRUE,C00,TOTAL CPC,0,0,TOTAL MOT,8,kg,21800,FALSE,-1,N/A,,FALSE,21800,FALSE,,FALSE,,11023,11023,0,TRUE,FALSE
C,A,19760101,1976,52,1976,180,COD,Dem. Rep. of the Congo,M,Import,0,W00,World,0,W00,World,S1,S1,TRUE,5611,Nitrogenous fertilizers and materials nes,4,TRUE,C00,TOTAL CPC,0,0,TOTAL MOT,8,kg,6987502,FALSE,-1,N/A,,FALSE,6987502,FALSE,,FALSE,2243683,,2243683,0,TRUE,FALSE
C,A,19760101,1976,52,1976,188,CRI,Costa Rica,M,Import,0,W00,World,0,W00,World,S1,S1,TRUE,5611,Nitrogenous fertilizers and materials nes,4,TRUE,C00,TOTAL CPC,0,0,TOTAL MOT,8,kg,26820610,FALSE,-1,N/A,,FALSE,26820610,FALSE,,FALSE,3760277,,3760277,0,TRUE,FALSE
C,A,19760101,1976,52,1976,188,CRI,Costa Rica,X,Export,0,W00,World,0,W00,World,S1,S1,TRUE,5611,Nitrogenous fertilizers and materials nes,4,TRUE,C00,TOTAL CPC,0,0,TOTAL MOT,8,kg,12098639,FALSE,-1,N/A,,FALSE,12098639,FALSE,,FALSE,,2003892,2003892,0,TRUE,FALSE
C,A,19760101,1976,52,1976,214,DOM,Dominican Rep.,M,Import,0,W00,World,0,W00,World,S1,S1,TRUE,5611,Nitrogenous fertilizers and materials nes,4,TRUE,C00,TOTAL CPC,0,0,TOTAL MOT,8,kg,73828816,FALSE,-1,N/A,,FALSE,73828816,FALSE,,FALSE,,4433171,4433171,0,TRUE,FALSE
C,A,19760101,1976,52,1976,214,DOM,Dominican Rep.,X,Export,0,W00,World,0,W00,World,S1,S1,TRUE,5611,Nitrogenous fertilizers and materials nes,4,TRUE,C00,TOTAL CPC,0,0,TOTAL MOT,8,kg,2689750,FALSE,-1,N/A,,FALSE,2689750,FALSE,,FALSE,,423860,423860,0,TRUE,FALSE
C,A,19760101,1976,52,1976,218,ECU,Ecuador,M,Import,0,W00,World,0,W00,World,S1,S1,TRUE,5611,Nitrogenous fertilizers and materials nes,4,TRUE,C00,TOTAL CPC,0,0,TOTAL MOT,8,kg,17258822,FALSE,-1,N/A,,FALSE,17258822,FALSE,,FALSE,3600486,,3600486,0,TRUE,FALSE
C,A,19760101,1976,52,1976,222,SLV,El Salvador,M,Import,0,W00,World,0,W00,World,S1,S1,TRUE,5611,Nitrogenous fertilizers and materials nes,4,TRUE,C00,TOTAL CPC,0,0,TOTAL MOT,8,kg,297235072,FALSE,-1,N/A,,FALSE,297235072,FALSE,,FALSE,17582020,,17582020,0,TRUE,FALSE
C,A,19760101,1976,52,1976,222,SLV,El Salvador,X,Export,0,W00,World,0,W00,World,S1,S1,TRUE,5611,Nitrogenous fertilizers and materials nes,4,TRUE,C00,TOTAL CPC,0,0,TOTAL MOT,8,kg,3098875,FALSE,-1,N/A,,FALSE,3098875,FALSE,,FALSE,,280690,280690,0,TRUE,FALSE
C,A,19760101,1976,52,1976,242,FJI,Fiji,M,Import,0,W00,World,0,W00,World,S1,S1,TRUE,5611,Nitrogenous fertilizers and materials nes,4,TRUE,C00,TOTAL CPC,0,0,TOTAL MOT,8,kg,23293868,FALSE,-1,N/A,,FALSE,23293868,FALSE,,FALSE,2272469,,2272469,0,TRUE,FALSE
C,A,19760101,1976,52,1976,242,FJI,Fiji,X,Export,0,W00,World,0,W00,World,S1,S1,TRUE,5611,Nitrogenous fertilizers and materials nes,4,TRUE,C00,TOTAL CPC,0,0,TOTAL MOT,8,kg,15250,FALSE,-1,N/A,,FALSE,15250,FALSE,,FALSE,,46747,46747,0,TRUE,FALSE
C,A,19760101,1976,52,1976,251,FRA,France,M,Import,0,W00,World,0,W00,World,S1,S1,TRUE,5611,Nitrogenous fertilizers and materials nes,4,TRUE,C00,TOTAL CPC,0,0,TOTAL MOT,8,kg,1029091008,FALSE,-1,N/A,,FALSE,1029091008,FALSE,,FALSE,92227512,,92227512,0,TRUE,FALSE
C,A,19760101,1976,52,1976,251,FRA,France,X,Export,0,W00,World,0,W00,World,S1,S1,TRUE,5611,Nitrogenous fertilizers and materials nes,4,TRUE,C00,TOTAL CPC,0,0,TOTAL MOT,8,kg,476374944,FALSE,-1,N/A,,FALSE,476374944,FALSE,,FALSE,,51076564,51076564,0,TRUE,FALSE
C,A,19760101,1976,52,1976,280,DEU,Fed. Rep. of Germany (...1990),M,Import,0,W00,World,0,W00,World,S1,S1,TRUE,5611,Nitrogenous fertilizers and materials nes,4,TRUE,C00,TOTAL CPC,0,0,TOTAL MOT,8,kg,1167368192,FALSE,-1,N/A,,TRUE,1167368192,FALSE,-1,TRUE,115588000,,115588000,0,FALSE,FALSE
C,A,19760101,1976,52,1976,280,DEU,Fed. Rep. of Germany (...1990),X,Export,0,W00,World,0,W00,World,S1,S1,TRUE,5611,Nitrogenous fertilizers and materials nes,4,TRUE,C00,TOTAL CPC,0,0,TOTAL MOT,8,kg,1090758400,FALSE,-1,N/A,,TRUE,1090758400,FALSE,-1,TRUE,,76240000,76240000,0,FALSE,FALSE
C,A,19760101,1976,52,1976,288,GHA,Ghana,M,Import,0,W00,World,0,W00,World,S1,S1,TRUE,5611,Nitrogenous fertilizers and materials nes,4,TRUE,C00,TOTAL CPC,0,0,TOTAL MOT,8,kg,10204131,FALSE,-1,N/A,,FALSE,10204131,FALSE,,FALSE,153213,,153213,0,TRUE,FALSE
C,A,19760101,1976,52,1976,296,KIR,Kiribati,M,Import,0,W00,World,0,W00,World,S1,S1,TRUE,5611,Nitrogenous fertilizers and materials nes,4,TRUE,C00,TOTAL CPC,0,0,TOTAL MOT,-1,N/A,0,FALSE,-1,N/A,,FALSE,,FALSE,,FALSE,1150,,1150,0,TRUE,FALSE
C,A,19760101,1976,52,1976,320,GTM,Guatemala,M,Import,0,W00,World,0,W00,World,S1,S1,TRUE,5611,Nitrogenous fertilizers and materials nes,4,TRUE,C00,TOTAL CPC,0,0,TOTAL MOT,8,kg,97304696,FALSE,-1,N/A,,FALSE,97304696,FALSE,,FALSE,10547552,,10547552,0,TRUE,FALSE
C,A,19760101,1976,52,1976,320,GTM,Guatemala,X,Export,0,W00,World,0,W00,World,S1,S1,TRUE,5611,Nitrogenous fertilizers and materials nes,4,TRUE,C00,TOTAL CPC,0,0,TOTAL MOT,8,kg,3231287,FALSE,-1,N/A,,FALSE,3231287,FALSE,,FALSE,,625460,625460,0,TRUE,FALSE
C,A,19760101,1976,52,1976,328,GUY,Guyana,M,Import,0,W00,World,0,W00,World,S1,S1,TRUE,5611,Nitrogenous fertilizers and materials nes,4,TRUE,C00,TOTAL CPC,0,0,TOTAL MOT,8,kg,29171232,FALSE,-1,N/A,,FALSE,29171232,FALSE,,FALSE,4056397,,4056397,0,TRUE,FALSE
C,A,19760101,1976,52,1976,328,GUY,Guyana,X,Export,0,W00,World,0,W00,World,S1,S1,TRUE,5611,Nitrogenous fertilizers and materials nes,4,TRUE,C00,TOTAL CPC,0,0,TOTAL MOT,8,kg,1000,FALSE,-1,N/A,,FALSE,1000,FALSE,,FALSE,,196,196,0,TRUE,FALSE
C,A,19760101,1976,52,1976,332,HTI,Haiti,M,Import,0,W00,World,0,W00,World,S1,S1,TRUE,5611,Nitrogenous fertilizers and materials nes,4,TRUE,C00,TOTAL CPC,0,0,TOTAL MOT,8,kg,15125,FALSE,-1,N/A,,FALSE,15125,FALSE,,FALSE,7428,,7428,0,TRUE,FALSE
C,A,19760101,1976,52,1976,340,HND,Honduras,M,Import,0,W00,World,0,W00,World,S1,S1,TRUE,5611,Nitrogenous fertilizers and materials nes,4,TRUE,C00,TOTAL CPC,0,0,TOTAL MOT,8,kg,16700505,FALSE,-1,N/A,,FALSE,16700505,FALSE,,FALSE,2513952,,2513952,0,TRUE,FALSE
C,A,19760101,1976,52,1976,344,HKG,"China, Hong Kong SAR",M,Import,0,W00,World,0,W00,World,S1,S1,TRUE,5611,Nitrogenous fertilizers and materials nes,4,TRUE,C00,TOTAL CPC,0,0,TOTAL MOT,8,kg,2683423,FALSE,-1,N/A,,FALSE,2683423,FALSE,,FALSE,637214,,637214,0,TRUE,FALSE
C,A,19760101,1976,52,1976,344,HKG,"China, Hong Kong SAR",X,Export,0,W00,World,0,W00,World,S1,S1,TRUE,5611,Nitrogenous fertilizers and materials nes,4,TRUE,C00,TOTAL CPC,0,0,TOTAL MOT,8,kg,126030,FALSE,-1,N/A,,FALSE,126030,FALSE,,FALSE,,34275,34275,0,TRUE,FALSE
C,A,19760101,1976,52,1976,352,ISL,Iceland,M,Import,0,W00,World,0,W00,World,S1,S1,TRUE,5611,Nitrogenous fertilizers and materials nes,4,TRUE,C00,TOTAL CPC,0,0,TOTAL MOT,8,kg,87823,FALSE,-1,N/A,,FALSE,87823,FALSE,,FALSE,13930,,13930,0,TRUE,FALSE
C,A,19760101,1976,52,1976,360,IDN,Indonesia,M,Import,0,W00,World,0,W00,World,S1,S1,TRUE,5611,Nitrogenous fertilizers and materials nes,4,TRUE,C00,TOTAL CPC,0,0,TOTAL MOT,8,kg,35573600,FALSE,-1,N/A,,FALSE,35573600,FALSE,,FALSE,7178593,,7178593,0,TRUE,FALSE
C,A,19760101,1976,52,1976,360,IDN,Indonesia,X,Export,0,W00,World,0,W00,World,S1,S1,TRUE,5611,Nitrogenous fertilizers and materials nes,4,TRUE,C00,TOTAL CPC,0,0,TOTAL MOT,8,kg,79601,FALSE,-1,N/A,,FALSE,79601,FALSE,,FALSE,,3211,3211,0,TRUE,FALSE
C,A,19760101,1976,52,1976,364,IRN,Iran,M,Import,0,W00,World,0,W00,World,S1,S1,TRUE,5611,Nitrogenous fertilizers and materials nes,4,TRUE,C00,TOTAL CPC,0,0,TOTAL MOT,8,kg,22561300,FALSE,-1,N/A,,FALSE,22561300,FALSE,,FALSE,5045761,,5045761,0,TRUE,FALSE
C,A,19760101,1976,52,1976,368,IRQ,Iraq,M,Import,0,W00,World,0,W00,World,S1,S1,TRUE,5611,Nitrogenous fertilizers and materials nes,4,TRUE,C00,TOTAL CPC,0,0,TOTAL MOT,8,kg,10535398,FALSE,-1,N/A,,FALSE,10535398,FALSE,,FALSE,2238826,,2238826,0,TRUE,FALSE
C,A,19760101,1976,52,1976,368,IRQ,Iraq,X,Export,0,W00,World,0,W00,World,S1,S1,TRUE,5611,Nitrogenous fertilizers and materials nes,4,TRUE,C00,TOTAL CPC,0,0,TOTAL MOT,8,kg,401750,FALSE,-1,N/A,,FALSE,401750,FALSE,,FALSE,,108270,108270,0,TRUE,FALSE
C,A,19760101,1976,52,1976,376,ISR,Israel,M,Import,0,W00,World,0,W00,World,S1,S1,TRUE,5611,Nitrogenous fertilizers and materials nes,4,TRUE,C00,TOTAL CPC,0,0,TOTAL MOT,-1,N/A,0,FALSE,-1,N/A,,FALSE,,FALSE,,FALSE,1337999,,1337999,0,TRUE,FALSE
C,A,19760101,1976,52,1976,376,ISR,Israel,X,Export,0,W00,World,0,W00,World,S1,S1,TRUE,5611,Nitrogenous fertilizers and materials nes,4,TRUE,C00,TOTAL CPC,0,0,TOTAL MOT,-1,N/A,0,FALSE,-1,N/A,,FALSE,,FALSE,,FALSE,,53147,53147,0,TRUE,FALSE
C,A,19760101,1976,52,1976,380,ITA,Italy,M,Import,0,W00,World,0,W00,World,S1,S1,TRUE,5611,Nitrogenous fertilizers and materials nes,4,TRUE,C00,TOTAL CPC,0,0,TOTAL MOT,8,kg,69136472,FALSE,-1,N/A,,TRUE,69136472,FALSE,-1,TRUE,8451846,,8451846,0,FALSE,FALSE
C,A,19760101,1976,52,1976,380,ITA,Italy,X,Export,0,W00,World,0,W00,World,S1,S1,TRUE,5611,Nitrogenous fertilizers and materials nes,4,TRUE,C00,TOTAL CPC,0,0,TOTAL MOT,8,kg,1114921472,FALSE,-1,N/A,,TRUE,1114921472,FALSE,-1,TRUE,,61893920,61893920,0,FALSE,FALSE
C,A,19760101,1976,52,1976,388,JAM,Jamaica,M,Import,0,W00,World,0,W00,World,S1,S1,TRUE,5611,Nitrogenous fertilizers and materials nes,4,TRUE,C00,TOTAL CPC,0,0,TOTAL MOT,8,kg,31677316,FALSE,-1,N/A,,FALSE,31677316,FALSE,,FALSE,2887538,,2887538,0,TRUE,FALSE
C,A,19760101,1976,52,1976,388,JAM,Jamaica,X,Export,0,W00,World,0,W00,World,S1,S1,TRUE,5611,Nitrogenous fertilizers and materials nes,4,TRUE,C00,TOTAL CPC,0,0,TOTAL MOT,8,kg,3113,FALSE,-1,N/A,,FALSE,3113,FALSE,,FALSE,,907,907,0,TRUE,FALSE
C,A,19760101,1976,52,1976,404,KEN,Kenya,M,Import,0,W00,World,0,W00,World,S1,S1,TRUE,5611,Nitrogenous fertilizers and materials nes,4,TRUE,C00,TOTAL CPC,0,0,TOTAL MOT,8,kg,20194000,FALSE,-1,N/A,,FALSE,20194000,FALSE,,FALSE,2600528,,2600528,0,TRUE,FALSE
C,A,19760101,1976,52,1976,404,KEN,Kenya,X,Export,0,W00,World,0,W00,World,S1,S1,TRUE,5611,Nitrogenous fertilizers and materials nes,4,TRUE,C00,TOTAL CPC,0,0,TOTAL MOT,8,kg,314000,FALSE,-1,N/A,,FALSE,314000,FALSE,,FALSE,,64045,64045,0,TRUE,FALSE
C,A,19760101,1976,52,1976,414,KWT,Kuwait,X,Export,0,W00,World,0,W00,World,S1,S1,TRUE,5611,Nitrogenous fertilizers and materials nes,4,TRUE,C00,TOTAL CPC,0,0,TOTAL MOT,8,kg,521009184,FALSE,-1,N/A,,FALSE,521009184,FALSE,,FALSE,,63298532,63298532,0,TRUE,FALSE
C,A,19760101,1976,52,1976,430,LBR,Liberia,M,Import,0,W00,World,0,W00,World,S1,S1,TRUE,5611,Nitrogenous fertilizers and materials nes,4,TRUE,C00,TOTAL CPC,0,0,TOTAL MOT,8,kg,20496800,FALSE,-1,N/A,,FALSE,20496800,FALSE,,FALSE,2604360,,2604360,0,TRUE,FALSE
C,A,19760101,1976,52,1976,430,LBR,Liberia,X,Export,0,W00,World,0,W00,World,S1,S1,TRUE,5611,Nitrogenous fertilizers and materials nes,4,TRUE,C00,TOTAL CPC,0,0,TOTAL MOT,8,kg,18816,FALSE,-1,N/A,,FALSE,18816,FALSE,,FALSE,,2073,2073,0,TRUE,FALSE
C,A,19760101,1976,52,1976,434,LBY,Libya,M,Import,0,W00,World,0,W00,World,S1,S1,TRUE,5611,Nitrogenous fertilizers and materials nes,4,TRUE,C00,TOTAL CPC,0,0,TOTAL MOT,8,kg,8956776,FALSE,-1,N/A,,FALSE,8956776,FALSE,,FALSE,2528719,,2528719,0,TRUE,FALSE
C,A,19760101,1976,52,1976,454,MWI,Malawi,M,Import,0,W00,World,0,W00,World,S1,S1,TRUE,5611,Nitrogenous fertilizers and materials nes,4,TRUE,C00,TOTAL CPC,0,0,TOTAL MOT,8,kg,67611616,FALSE,-1,N/A,,FALSE,67611616,FALSE,,FALSE,9721859,,9721859,0,TRUE,FALSE
C,A,19760101,1976,52,1976,458,MYS,Malaysia,M,Import,0,W00,World,0,W00,World,S1,S1,TRUE,5611,Nitrogenous fertilizers and materials nes,4,TRUE,C00,TOTAL CPC,0,0,TOTAL MOT,8,kg,158860928,FALSE,-1,N/A,,FALSE,158860928,FALSE,,FALSE,16790254,,16790254,0,TRUE,FALSE
C,A,19760101,1976,52,1976,458,MYS,Malaysia,X,Export,0,W00,World,0,W00,World,S1,S1,TRUE,5611,Nitrogenous fertilizers and materials nes,4,TRUE,C00,TOTAL CPC,0,0,TOTAL MOT,8,kg,11875,FALSE,-1,N/A,,FALSE,11875,FALSE,,FALSE,,1809,1809,0,TRUE,FALSE
C,A,19760101,1976,52,1976,466,MLI,Mali,M,Import,0,W00,World,0,W00,World,S1,S1,TRUE,5611,Nitrogenous fertilizers and materials nes,4,TRUE,C00,TOTAL CPC,0,0,TOTAL MOT,8,kg,3500171,FALSE,-1,N/A,,FALSE,3500171,FALSE,,FALSE,637039,,637039,0,TRUE,FALSE
C,A,19760101,1976,52,1976,470,MLT,Malta,M,Import,0,W00,World,0,W00,World,S1,S1,TRUE,5611,Nitrogenous fertilizers and materials nes,4,TRUE,C00,TOTAL CPC,0,0,TOTAL MOT,8,kg,3767187,FALSE,-1,N/A,,FALSE,3767187,FALSE,,FALSE,560792,,560792,0,TRUE,FALSE
C,A,19760101,1976,52,1976,480,MUS,Mauritius,M,Import,0,W00,World,0,W00,World,S1,S1,TRUE,5611,Nitrogenous fertilizers and materials nes,4,TRUE,C00,TOTAL CPC,0,0,TOTAL MOT,8,kg,10300627,FALSE,-1,N/A,,FALSE,10300627,FALSE,,FALSE,759512,,759512,0,TRUE,FALSE
C,A,19760101,1976,52,1976,484,MEX,Mexico,M,Import,0,W00,World,0,W00,World,S1,S1,TRUE,5611,Nitrogenous fertilizers and materials nes,4,TRUE,C00,TOTAL CPC,0,0,TOTAL MOT,8,kg,508624480,FALSE,-1,N/A,,FALSE,508624480,FALSE,,FALSE,28813812,,28813812,0,TRUE,FALSE
C,A,19760101,1976,52,1976,484,MEX,Mexico,X,Export,0,W00,World,0,W00,World,S1,S1,TRUE,5611,Nitrogenous fertilizers and materials nes,4,TRUE,C00,TOTAL CPC,0,0,TOTAL MOT,8,kg,18125,FALSE,-1,N/A,,FALSE,18125,FALSE,,FALSE,,14613,14613,0,TRUE,FALSE
C,A,19760101,1976,52,1976,500,MSR,Montserrat,M,Import,0,W00,World,0,W00,World,S1,S1,TRUE,5611,Nitrogenous fertilizers and materials nes,4,TRUE,C00,TOTAL CPC,0,0,TOTAL MOT,8,kg,25375,FALSE,-1,N/A,,FALSE,25375,FALSE,,FALSE,4476,,4476,0,TRUE,FALSE
C,A,19760101,1976,52,1976,524,NPL,Nepal,M,Import,0,W00,World,0,W00,World,S1,S1,TRUE,5611,Nitrogenous fertilizers and materials nes,4,TRUE,C00,TOTAL CPC,0,0,TOTAL MOT,-1,N/A,0,FALSE,-1,N/A,,FALSE,,FALSE,,FALSE,2014079,,2014079,0,TRUE,FALSE
C,A,19760101,1976,52,1976,528,NLD,Netherlands,M,Import,0,W00,World,0,W00,World,S1,S1,TRUE,5611,Nitrogenous fertilizers and materials nes,4,TRUE,C00,TOTAL CPC,0,0,TOTAL MOT,8,kg,235733072,FALSE,-1,N/A,,FALSE,235733072,FALSE,,FALSE,21384576,,21384576,0,TRUE,FALSE
C,A,19760101,1976,52,1976,528,NLD,Netherlands,X,Export,0,W00,World,0,W00,World,S1,S1,TRUE,5611,Nitrogenous fertilizers and materials nes,4,TRUE,C00,TOTAL CPC,0,0,TOTAL MOT,8,kg,2604075776,FALSE,-1,N/A,,FALSE,2604075776,FALSE,,FALSE,,211088848,211088848,0,TRUE,FALSE
C,A,19760101,1976,52,1976,532,ANT,Netherlands Antilles and Aruba (...1985),M,Import,0,W00,World,0,W00,World,S1,S1,TRUE,5611,Nitrogenous fertilizers and materials nes,4,TRUE,C00,TOTAL CPC,0,0,TOTAL MOT,8,kg,301000,FALSE,-1,N/A,,FALSE,301000,FALSE,,FALSE,,95555,95555,0,TRUE,FALSE
C,A,19760101,1976,52,1976,554,NZL,New Zealand,M,Import,0,W00,World,0,W00,World,S1,S1,TRUE,5611,Nitrogenous fertilizers and materials nes,4,TRUE,C00,TOTAL CPC,0,0,TOTAL MOT,-1,N/A,0,FALSE,-1,N/A,,FALSE,,FALSE,,FALSE,6006979,,6006979,0,TRUE,FALSE
C,A,19760101,1976,52,1976,554,NZL,New Zealand,X,Export,0,W00,World,0,W00,World,S1,S1,TRUE,5611,Nitrogenous fertilizers and materials nes,4,TRUE,C00,TOTAL CPC,0,0,TOTAL MOT,8,kg,167000,FALSE,-1,N/A,,FALSE,167000,FALSE,,FALSE,,16883,16883,0,TRUE,FALSE
C,A,19760101,1976,52,1976,558,NIC,Nicaragua,M,Import,0,W00,World,0,W00,World,S1,S1,TRUE,5611,Nitrogenous fertilizers and materials nes,4,TRUE,C00,TOTAL CPC,0,0,TOTAL MOT,8,kg,31999992,FALSE,-1,N/A,,FALSE,31999992,FALSE,,FALSE,4676825,,4676825,0,TRUE,FALSE
C,A,19760101,1976,52,1976,558,NIC,Nicaragua,X,Export,0,W00,World,0,W00,World,S1,S1,TRUE,5611,Nitrogenous fertilizers and materials nes,4,TRUE,C00,TOTAL CPC,0,0,TOTAL MOT,8,kg,1262437,FALSE,-1,N/A,,FALSE,1262437,FALSE,,FALSE,,43710,43710,0,TRUE,FALSE
C,A,19760101,1976,52,1976,566,NGA,Nigeria,M,Import,0,W00,World,0,W00,World,S1,S1,TRUE,5611,Nitrogenous fertilizers and materials nes,4,TRUE,C00,TOTAL CPC,0,0,TOTAL MOT,8,kg,90814000,FALSE,-1,N/A,,FALSE,90814000,FALSE,,FALSE,8187837,,8187837,0,TRUE,FALSE
C,A,19760101,1976,52,1976,586,PAK,Pakistan,M,Import,0,W00,World,0,W00,World,S1,S1,TRUE,5611,Nitrogenous fertilizers and materials nes,4,TRUE,C00,TOTAL CPC,0,0,TOTAL MOT,8,kg,171640992,FALSE,-1,N/A,,FALSE,171640992,FALSE,,FALSE,27738804,,27738804,0,TRUE,FALSE
C,A,19760101,1976,52,1976,590,PAN,"Panama, excl.Canal Zone (...1977)",M,Import,0,W00,World,0,W00,World,S1,S1,TRUE,5611,Nitrogenous fertilizers and materials nes,4,TRUE,C00,TOTAL CPC,0,0,TOTAL MOT,8,kg,14323193,FALSE,-1,N/A,,FALSE,14323193,FALSE,,FALSE,2891140,,2891140,0,TRUE,FALSE
C,A,19760101,1976,52,1976,598,PNG,Papua New Guinea,M,Import,0,W00,World,0,W00,World,S1,S1,TRUE,5611,Nitrogenous fertilizers and materials nes,4,TRUE,C00,TOTAL CPC,0,0,TOTAL MOT,8,kg,5563000,FALSE,-1,N/A,,FALSE,5563000,FALSE,,FALSE,644572,,644572,0,TRUE,FALSE
C,A,19760101,1976,52,1976,600,PRY,Paraguay,M,Import,0,W00,World,0,W00,World,S1,S1,TRUE,5611,Nitrogenous fertilizers and materials nes,4,TRUE,C00,TOTAL CPC,0,0,TOTAL MOT,8,kg,569815,FALSE,-1,N/A,,FALSE,569815,FALSE,,FALSE,144775,,144775,0,TRUE,FALSE
C,A,19760101,1976,52,1976,608,PHL,Philippines,M,Import,0,W00,World,0,W00,World,S1,S1,TRUE,5611,Nitrogenous fertilizers and materials nes,4,TRUE,C00,TOTAL CPC,0,0,TOTAL MOT,8,kg,65463656,FALSE,-1,N/A,,FALSE,65463656,FALSE,,FALSE,7443084,,7443084,0,TRUE,FALSE
C,A,19760101,1976,52,1976,620,PRT,Portugal,M,Import,0,W00,World,0,W00,World,S1,S1,TRUE,5611,Nitrogenous fertilizers and materials nes,4,TRUE,C00,TOTAL CPC,0,0,TOTAL MOT,8,kg,3484004,FALSE,-1,N/A,,FALSE,3484004,FALSE,,FALSE,588392,,588392,0,TRUE,FALSE
C,A,19760101,1976,52,1976,620,PRT,Portugal,X,Export,0,W00,World,0,W00,World,S1,S1,TRUE,5611,Nitrogenous fertilizers and materials nes,4,TRUE,C00,TOTAL CPC,0,0,TOTAL MOT,8,kg,147388992,FALSE,-1,N/A,,FALSE,147388992,FALSE,,FALSE,,10822097,10822097,0,TRUE,FALSE
C,A,19760101,1976,52,1976,634,QAT,Qatar,X,Export,0,W00,World,0,W00,World,S1,S1,TRUE,5611,Nitrogenous fertilizers and materials nes,4,TRUE,C00,TOTAL CPC,0,0,TOTAL MOT,8,kg,234020992,FALSE,-1,N/A,,FALSE,234020992,FALSE,,FALSE,,25846648,25846648,0,TRUE,FALSE
C,A,19760101,1976,52,1976,662,LCA,Saint Lucia,M,Import,0,W00,World,0,W00,World,S1,S1,TRUE,5611,Nitrogenous fertilizers and materials nes,4,TRUE,C00,TOTAL CPC,0,0,TOTAL MOT,8,kg,6772246,FALSE,-1,N/A,,FALSE,6772246,FALSE,,FALSE,1021243,,1021243,0,TRUE,FALSE
C,A,19760101,1976,52,1976,670,VCT,Saint Vincent and the Grenadines,M,Import,0,W00,World,0,W00,World,S1,S1,TRUE,5611,Nitrogenous fertilizers and materials nes,4,TRUE,C00,TOTAL CPC,0,0,TOTAL MOT,8,kg,4529513,FALSE,-1,N/A,,FALSE,4529513,FALSE,,FALSE,827637,,827637,0,TRUE,FALSE
C,A,19760101,1976,52,1976,699,IND,India,M,Import,0,W00,World,0,W00,World,S1,S1,TRUE,5611,Nitrogenous fertilizers and materials nes,4,TRUE,C00,TOTAL CPC,0,0,TOTAL MOT,8,kg,1017646016,FALSE,-1,N/A,,FALSE,1017646016,FALSE,,FALSE,131323528,,131323528,0,TRUE,FALSE
C,A,19760101,1976,52,1976,702,SGP,Singapore,M,Import,0,W00,World,0,W00,World,S1,S1,TRUE,5611,Nitrogenous fertilizers and materials nes,4,TRUE,C00,TOTAL CPC,0,0,TOTAL MOT,8,kg,40460920,FALSE,-1,N/A,,FALSE,40460920,FALSE,,FALSE,3630281,,3630281,0,TRUE,FALSE
C,A,19760101,1976,52,1976,702,SGP,Singapore,X,Export,0,W00,World,0,W00,World,S1,S1,TRUE,5611,Nitrogenous fertilizers and materials nes,4,TRUE,C00,TOTAL CPC,0,0,TOTAL MOT,8,kg,27829188,FALSE,-1,N/A,,FALSE,27829188,FALSE,,FALSE,,2996920,2996920,0,TRUE,FALSE
C,A,19760101,1976,52,1976,724,ESP,Spain,M,Import,0,W00,World,0,W00,World,S1,S1,TRUE,5611,Nitrogenous fertilizers and materials nes,4,TRUE,C00,TOTAL CPC,0,0,TOTAL MOT,8,kg,135728336,FALSE,-1,N/A,,FALSE,135728336,FALSE,,FALSE,10207974,,10207974,0,TRUE,FALSE
C,A,19760101,1976,52,1976,724,ESP,Spain,X,Export,0,W00,World,0,W00,World,S1,S1,TRUE,5611,Nitrogenous fertilizers and materials nes,4,TRUE,C00,TOTAL CPC,0,0,TOTAL MOT,8,kg,190028288,FALSE,-1,N/A,,FALSE,190028288,FALSE,,FALSE,,14527348,14527348,0,TRUE,FALSE
C,A,19760101,1976,52,1976,736,SDN,Sudan (...2011),M,Import,0,W00,World,0,W00,World,S1,S1,TRUE,5611,Nitrogenous fertilizers and materials nes,4,TRUE,C00,TOTAL CPC,0,0,TOTAL MOT,8,kg,206728000,FALSE,-1,N/A,,FALSE,206728000,FALSE,,FALSE,26839998,,26839998,0,TRUE,FALSE
C,A,19760101,1976,52,1976,760,SYR,Syria,M,Import,0,W00,World,0,W00,World,S1,S1,TRUE,5611,Nitrogenous fertilizers and materials nes,4,TRUE,C00,TOTAL CPC,0,0,TOTAL MOT,8,kg,2999630,FALSE,-1,N/A,,FALSE,2999630,FALSE,,FALSE,,290752,290752,0,TRUE,FALSE
C,A,19760101,1976,52,1976,760,SYR,Syria,X,Export,0,W00,World,0,W00,World,S1,S1,TRUE,5611,Nitrogenous fertilizers and materials nes,4,TRUE,C00,TOTAL CPC,0,0,TOTAL MOT,8,kg,186000,FALSE,-1,N/A,,FALSE,186000,FALSE,,FALSE,,20884,20884,0,TRUE,FALSE
C,A,19760101,1976,52,1976,780,TTO,Trinidad and Tobago,M,Import,0,W00,World,0,W00,World,S1,S1,TRUE,5611,Nitrogenous fertilizers and materials nes,4,TRUE,C00,TOTAL CPC,0,0,TOTAL MOT,8,kg,496858,FALSE,-1,N/A,,FALSE,496858,FALSE,,FALSE,55350,,55350,0,TRUE,FALSE
C,A,19760101,1976,52,1976,780,TTO,Trinidad and Tobago,X,Export,0,W00,World,0,W00,World,S1,S1,TRUE,5611,Nitrogenous fertilizers and materials nes,4,TRUE,C00,TOTAL CPC,0,0,TOTAL MOT,8,kg,122351472,FALSE,-1,N/A,,FALSE,122351472,FALSE,,FALSE,,10012158,10012158,0,TRUE,FALSE
C,A,19760101,1976,52,1976,788,TUN,Tunisia,M,Import,0,W00,World,0,W00,World,S1,S1,TRUE,5611,Nitrogenous fertilizers and materials nes,4,TRUE,C00,TOTAL CPC,0,0,TOTAL MOT,8,kg,71029968,FALSE,-1,N/A,,FALSE,71029968,FALSE,,FALSE,6615716,,6615716,0,TRUE,FALSE
C,A,19760101,1976,52,1976,788,TUN,Tunisia,X,Export,0,W00,World,0,W00,World,S1,S1,TRUE,5611,Nitrogenous fertilizers and materials nes,4,TRUE,C00,TOTAL CPC,0,0,TOTAL MOT,8,kg,877500,FALSE,-1,N/A,,FALSE,877500,FALSE,,FALSE,,80310,80310,0,TRUE,FALSE
C,A,19760101,1976,52,1976,792,TUR,TÅEkiye,M,Import,0,W00,World,0,W00,World,S1,S1,TRUE,5611,Nitrogenous fertilizers and materials nes,4,TRUE,C00,TOTAL CPC,0,0,TOTAL MOT,8,kg,922424576,FALSE,-1,N/A,,FALSE,922424576,FALSE,,FALSE,68488368,,68488368,0,TRUE,FALSE
C,A,19760101,1976,52,1976,800,UGA,Uganda,M,Import,0,W00,World,0,W00,World,S1,S1,TRUE,5611,Nitrogenous fertilizers and materials nes,4,TRUE,C00,TOTAL CPC,0,0,TOTAL MOT,8,kg,6419000,FALSE,-1,N/A,,FALSE,6419000,FALSE,,FALSE,951986,,951986,0,TRUE,FALSE
C,A,19760101,1976,52,1976,818,EGY,Egypt,M,Import,0,W00,World,0,W00,World,S1,S1,TRUE,5611,Nitrogenous fertilizers and materials nes,4,TRUE,C00,TOTAL CPC,0,0,TOTAL MOT,8,kg,428117504,FALSE,-1,N/A,,FALSE,428117504,FALSE,,FALSE,43758316,,43758316,0,TRUE,FALSE
C,A,19760101,1976,52,1976,826,GBR,United Kingdom,M,Import,0,W00,World,0,W00,World,S1,S1,TRUE,5611,Nitrogenous fertilizers and materials nes,4,TRUE,C00,TOTAL CPC,0,0,TOTAL MOT,8,kg,395409984,FALSE,-1,N/A,,FALSE,395409984,FALSE,,FALSE,22141588,,22141588,0,TRUE,FALSE
C,A,19760101,1976,52,1976,826,GBR,United Kingdom,X,Export,0,W00,World,0,W00,World,S1,S1,TRUE,5611,Nitrogenous fertilizers and materials nes,4,TRUE,C00,TOTAL CPC,0,0,TOTAL MOT,8,kg,139906000,FALSE,-1,N/A,,FALSE,139906000,FALSE,,FALSE,,12645400,12645400,0,TRUE,FALSE
C,A,19760101,1976,52,1976,834,TZA,United Rep. of Tanzania,M,Import,0,W00,World,0,W00,World,S1,S1,TRUE,5611,Nitrogenous fertilizers and materials nes,4,TRUE,C00,TOTAL CPC,0,0,TOTAL MOT,8,kg,31955000,FALSE,-1,N/A,,FALSE,31955000,FALSE,,FALSE,3125682,,3125682,0,TRUE,FALSE
C,A,19760101,1976,52,1976,834,TZA,United Rep. of Tanzania,X,Export,0,W00,World,0,W00,World,S1,S1,TRUE,5611,Nitrogenous fertilizers and materials nes,4,TRUE,C00,TOTAL CPC,0,0,TOTAL MOT,8,kg,90000,FALSE,-1,N/A,,FALSE,90000,FALSE,,FALSE,,30085,30085,0,TRUE,FALSE
C,A,19760101,1976,52,1976,841,USA,USA and Puerto Rico (...1980),M,Import,0,W00,World,0,W00,World,S1,S1,TRUE,5611,Nitrogenous fertilizers and materials nes,4,TRUE,C00,TOTAL CPC,0,0,TOTAL MOT,-1,N/A,0,FALSE,-1,N/A,,FALSE,,FALSE,,FALSE,,169545888,169545888,0,TRUE,FALSE
C,A,19760101,1976,52,1976,841,USA,USA and Puerto Rico (...1980),X,Export,0,W00,World,0,W00,World,S1,S1,TRUE,5611,Nitrogenous fertilizers and materials nes,4,TRUE,C00,TOTAL CPC,0,0,TOTAL MOT,8,kg,1095609856,FALSE,-1,N/A,,FALSE,1095609856,FALSE,,FALSE,,69514872,69514872,0,TRUE,FALSE
C,A,19760101,1976,52,1976,858,URY,Uruguay,M,Import,0,W00,World,0,W00,World,S1,S1,TRUE,5611,Nitrogenous fertilizers and materials nes,4,TRUE,C00,TOTAL CPC,0,0,TOTAL MOT,8,kg,25813460,FALSE,-1,N/A,,FALSE,25813460,FALSE,,FALSE,3395675,,3395675,0,TRUE,FALSE
C,A,19760101,1976,52,1976,862,VEN,Venezuela,M,Import,0,W00,World,0,W00,World,S1,S1,TRUE,5611,Nitrogenous fertilizers and materials nes,4,TRUE,C00,TOTAL CPC,0,0,TOTAL MOT,8,kg,217445600,FALSE,-1,N/A,,FALSE,217445600,FALSE,,FALSE,,24751600,24751600,0,TRUE,FALSE
C,A,19760101,1976,52,1976,862,VEN,Venezuela,X,Export,0,W00,World,0,W00,World,S1,S1,TRUE,5611,Nitrogenous fertilizers and materials nes,4,TRUE,C00,TOTAL CPC,0,0,TOTAL MOT,8,kg,46694188,FALSE,-1,N/A,,FALSE,46694188,FALSE,,FALSE,,4783453,4783453,0,TRUE,FALSE
C,A,19760101,1976,52,1976,890,YUG,Yugoslavia (...1991),M,Import,0,W00,World,0,W00,World,S1,S1,TRUE,5611,Nitrogenous fertilizers and materials nes,4,TRUE,C00,TOTAL CPC,0,0,TOTAL MOT,8,kg,129707936,FALSE,-1,N/A,,FALSE,129707936,FALSE,,FALSE,7187998,,7187998,0,TRUE,FALSE
C,A,19760101,1976,52,1976,890,YUG,Yugoslavia (...1991),X,Export,0,W00,World,0,W00,World,S1,S1,TRUE,5611,Nitrogenous fertilizers and materials nes,4,TRUE,C00,TOTAL CPC,0,0,TOTAL MOT,8,kg,38466388,FALSE,-1,N/A,,FALSE,38466388,FALSE,,FALSE,,2657497,2657497,0,TRUE,FALSE
C,A,19770101,1977,52,1977,32,ARG,Argentina,M,Import,0,W00,World,0,W00,World,S1,S1,TRUE,5611,Nitrogenous fertilizers and materials nes,4,TRUE,C00,TOTAL CPC,0,0,TOTAL MOT,8,kg,4873497,FALSE,-1,N/A,,FALSE,4873497,FALSE,,FALSE,833465,,833465,0,TRUE,FALSE
C,A,19770101,1977,52,1977,32,ARG,Argentina,X,Export,0,W00,World,0,W00,World,S1,S1,TRUE,5611,Nitrogenous fertilizers and materials nes,4,TRUE,C00,TOTAL CPC,0,0,TOTAL MOT,8,kg,59127,FALSE,-1,N/A,,FALSE,59127,FALSE,,FALSE,,8212,8212,0,TRUE,FALSE
C,A,19770101,1977,52,1977,36,AUS,Australia,M,Import,0,W00,World,0,W00,World,S1,S1,TRUE,5611,Nitrogenous fertilizers and materials nes,4,TRUE,C00,TOTAL CPC,0,0,TOTAL MOT,8,kg,28876686,FALSE,-1,N/A,,FALSE,28876686,FALSE,,FALSE,,3438887,3438887,0,TRUE,FALSE
C,A,19770101,1977,52,1977,36,AUS,Australia,X,Export,0,W00,World,0,W00,World,S1,S1,TRUE,5611,Nitrogenous fertilizers and materials nes,4,TRUE,C00,TOTAL CPC,0,0,TOTAL MOT,8,kg,1254597,FALSE,-1,N/A,,FALSE,1254597,FALSE,,FALSE,,245728,245728,0,TRUE,FALSE
C,A,19770101,1977,52,1977,48,BHR,Bahrain,M,Import,0,W00,World,0,W00,World,S1,S1,TRUE,5611,Nitrogenous fertilizers and materials nes,4,TRUE,C00,TOTAL CPC,0,0,TOTAL MOT,8,kg,182718,FALSE,-1,N/A,,FALSE,182718,FALSE,,FALSE,84676,,84676,0,TRUE,FALSE
C,A,19770101,1977,52,1977,52,BRB,Barbados,M,Import,0,W00,World,0,W00,World,S1,S1,TRUE,5611,Nitrogenous fertilizers and materials nes,4,TRUE,C00,TOTAL CPC,0,0,TOTAL MOT,8,kg,2299341,FALSE,-1,N/A,,FALSE,2299341,FALSE,,FALSE,293101,,293101,0,TRUE,FALSE
C,A,19770101,1977,52,1977,52,BRB,Barbados,X,Export,0,W00,World,0,W00,World,S1,S1,TRUE,5611,Nitrogenous fertilizers and materials nes,4,TRUE,C00,TOTAL CPC,0,0,TOTAL MOT,8,kg,2062,FALSE,-1,N/A,,FALSE,2062,FALSE,,FALSE,,708,708,0,TRUE,FALSE
C,A,19770101,1977,52,1977,58,BEL,Belgium-Luxembourg (...1998),M,Import,0,W00,World,0,W00,World,S1,S1,TRUE,5611,Nitrogenous fertilizers and materials nes,4,TRUE,C00,TOTAL CPC,0,0,TOTAL MOT,8,kg,565512896,FALSE,-1,N/A,,FALSE,565512896,FALSE,,FALSE,49743400,,49743400,0,TRUE,FALSE
C,A,19770101,1977,52,1977,58,BEL,Belgium-Luxembourg (...1998),X,Export,0,W00,World,0,W00,World,S1,S1,TRUE,5611,Nitrogenous fertilizers and materials nes,4,TRUE,C00,TOTAL CPC,0,0,TOTAL MOT,8,kg,1769892864,FALSE,-1,N/A,,FALSE,1769892864,FALSE,,FALSE,,148371952,148371952,0,TRUE,FALSE
C,A,19770101,1977,52,1977,60,BMU,Bermuda,M,Import,0,W00,World,0,W00,World,S1,S1,TRUE,5611,Nitrogenous fertilizers and materials nes,4,TRUE,C00,TOTAL CPC,0,0,TOTAL MOT,8,kg,30492,FALSE,-1,N/A,,FALSE,30492,FALSE,,FALSE,15028,,15028,0,TRUE,FALSE
C,A,19770101,1977,52,1977,76,BRA,Brazil,M,Import,0,W00,World,0,W00,World,S1,S1,TRUE,5611,Nitrogenous fertilizers and materials nes,4,TRUE,C00,TOTAL CPC,0,0,TOTAL MOT,8,kg,1354653696,FALSE,-1,N/A,,FALSE,1354653696,FALSE,,FALSE,125038592,,125038592,0,TRUE,FALSE
C,A,19770101,1977,52,1977,76,BRA,Brazil,X,Export,0,W00,World,0,W00,World,S1,S1,TRUE,5611,Nitrogenous fertilizers and materials nes,4,TRUE,C00,TOTAL CPC,0,0,TOTAL MOT,8,kg,648,FALSE,-1,N/A,,FALSE,648,FALSE,,FALSE,,355,355,0,TRUE,FALSE
C,A,19770101,1977,52,1977,84,BLZ,Belize,M,Import,0,W00,World,0,W00,World,S1,S1,TRUE,5611,Nitrogenous fertilizers and materials nes,4,TRUE,C00,TOTAL CPC,0,0,TOTAL MOT,8,kg,902749,FALSE,-1,N/A,,FALSE,902749,FALSE,,FALSE,115290,,115290,0,TRUE,FALSE
C,A,19770101,1977,52,1977,96,BRN,Brunei Darussalam,M,Import,0,W00,World,0,W00,World,S1,S1,TRUE,5611,Nitrogenous fertilizers and materials nes,4,TRUE,C00,TOTAL CPC,0,0,TOTAL MOT,8,kg,10915,FALSE,-1,N/A,,FALSE,10915,FALSE,,FALSE,2769,,2769,0,TRUE,FALSE
C,A,19770101,1977,52,1977,104,MMR,Myanmar,M,Import,0,W00,World,0,W00,World,S1,S1,TRUE,5611,Nitrogenous fertilizers and materials nes,4,TRUE,C00,TOTAL CPC,0,0,TOTAL MOT,8,kg,199144,FALSE,-1,N/A,,FALSE,199144,FALSE,,FALSE,27928,,27928,0,TRUE,FALSE
C,A,19770101,1977,52,1977,124,CAN,Canada,M,Import,0,W00,World,0,W00,World,S1,S1,TRUE,5611,Nitrogenous fertilizers and materials nes,4,TRUE,C00,TOTAL CPC,0,0,TOTAL MOT,8,kg,111987000,FALSE,-1,N/A,,FALSE,111987000,FALSE,,FALSE,,13527087,13527087,0,TRUE,FALSE
C,A,19770101,1977,52,1977,124,CAN,Canada,X,Export,0,W00,World,0,W00,World,S1,S1,TRUE,5611,Nitrogenous fertilizers and materials nes,4,TRUE,C00,TOTAL CPC,0,0,TOTAL MOT,8,kg,1050774016,FALSE,-1,N/A,,FALSE,1050774016,FALSE,,FALSE,,112578032,112578032,0,TRUE,FALSE
C,A,19770101,1977,52,1977,144,LKA,Sri Lanka,M,Import,0,W00,World,0,W00,World,S1,S1,TRUE,5611,Nitrogenous fertilizers and materials nes,4,TRUE,C00,TOTAL CPC,0,0,TOTAL MOT,8,kg,27004680,FALSE,-1,N/A,,FALSE,27004680,FALSE,,FALSE,1853663,,1853663,0,TRUE,FALSE
C,A,19770101,1977,52,1977,152,CHL,Chile,M,Import,0,W00,World,0,W00,World,S1,S1,TRUE,5611,Nitrogenous fertilizers and materials nes,4,TRUE,C00,TOTAL CPC,0,0,TOTAL MOT,-1,N/A,0,FALSE,-1,N/A,,FALSE,,FALSE,,FALSE,4506363,,4506363,0,TRUE,FALSE
C,A,19770101,1977,52,1977,152,CHL,Chile,X,Export,0,W00,World,0,W00,World,S1,S1,TRUE,5611,Nitrogenous fertilizers and materials nes,4,TRUE,C00,TOTAL CPC,0,0,TOTAL MOT,8,kg,1639088,FALSE,-1,N/A,,FALSE,1639088,FALSE,,FALSE,,151497,151497,0,TRUE,FALSE
C,A,19770101,1977,52,1977,170,COL,Colombia,M,Import,0,W00,World,0,W00,World,S1,S1,TRUE,5611,Nitrogenous fertilizers and materials nes,4,TRUE,C00,TOTAL CPC,0,0,TOTAL MOT,8,kg,145627872,FALSE,-1,N/A,,FALSE,145627872,FALSE,,FALSE,17305696,,17305696,0,TRUE,FALSE
C,A,19770101,1977,52,1977,170,COL,Colombia,X,Export,0,W00,World,0,W00,World,S1,S1,TRUE,5611,Nitrogenous fertilizers and materials nes,4,TRUE,C00,TOTAL CPC,0,0,TOTAL MOT,8,kg,1306625,FALSE,-1,N/A,,FALSE,1306625,FALSE,,FALSE,,156979,156979,0,TRUE,FALSE
C,A,19770101,1977,52,1977,180,COD,Dem. Rep. of the Congo,M,Import,0,W00,World,0,W00,World,S1,S1,TRUE,5611,Nitrogenous fertilizers and materials nes,4,TRUE,C00,TOTAL CPC,0,0,TOTAL MOT,8,kg,9532072,FALSE,-1,N/A,,FALSE,9532072,FALSE,,FALSE,2531634,,2531634,0,TRUE,FALSE
C,A,19770101,1977,52,1977,188,CRI,Costa Rica,M,Import,0,W00,World,0,W00,World,S1,S1,TRUE,5611,Nitrogenous fertilizers and materials nes,4,TRUE,C00,TOTAL CPC,0,0,TOTAL MOT,8,kg,92814744,FALSE,-1,N/A,,FALSE,92814744,FALSE,,FALSE,11975513,,11975513,0,TRUE,FALSE
C,A,19770101,1977,52,1977,188,CRI,Costa Rica,X,Export,0,W00,World,0,W00,World,S1,S1,TRUE,5611,Nitrogenous fertilizers and materials nes,4,TRUE,C00,TOTAL CPC,0,0,TOTAL MOT,8,kg,136468,FALSE,-1,N/A,,FALSE,136468,FALSE,,FALSE,,16170,16170,0,TRUE,FALSE
C,A,19770101,1977,52,1977,212,DMA,Dominica,M,Import,0,W00,World,0,W00,World,S1,S1,TRUE,5611,Nitrogenous fertilizers and materials nes,4,TRUE,C00,TOTAL CPC,0,0,TOTAL MOT,8,kg,509000,FALSE,-1,N/A,,FALSE,509000,FALSE,,FALSE,59752,,59752,0,TRUE,FALSE
C,A,19770101,1977,52,1977,214,DOM,Dominican Rep.,M,Import,0,W00,World,0,W00,World,S1,S1,TRUE,5611,Nitrogenous fertilizers and materials nes,4,TRUE,C00,TOTAL CPC,0,0,TOTAL MOT,8,kg,125117320,FALSE,-1,N/A,,FALSE,125117320,FALSE,,FALSE,,9496348,9496348,0,TRUE,FALSE
C,A,19770101,1977,52,1977,214,DOM,Dominican Rep.,X,Export,0,W00,World,0,W00,World,S1,S1,TRUE,5611,Nitrogenous fertilizers and materials nes,4,TRUE,C00,TOTAL CPC,0,0,TOTAL MOT,8,kg,12141479,FALSE,-1,N/A,,FALSE,12141479,FALSE,,FALSE,,1599591,1599591,0,TRUE,FALSE
C,A,19770101,1977,52,1977,218,ECU,Ecuador,M,Import,0,W00,World,0,W00,World,S1,S1,TRUE,5611,Nitrogenous fertilizers and materials nes,4,TRUE,C00,TOTAL CPC,0,0,TOTAL MOT,8,kg,37087588,FALSE,-1,N/A,,FALSE,37087588,FALSE,,FALSE,5408160,,5408160,0,TRUE,FALSE
C,A,19770101,1977,52,1977,222,SLV,El Salvador,M,Import,0,W00,World,0,W00,World,S1,S1,TRUE,5611,Nitrogenous fertilizers and materials nes,4,TRUE,C00,TOTAL CPC,0,0,TOTAL MOT,8,kg,299304576,FALSE,-1,N/A,,FALSE,299304576,FALSE,,FALSE,22375768,,22375768,0,TRUE,FALSE
C,A,19770101,1977,52,1977,222,SLV,El Salvador,X,Export,0,W00,World,0,W00,World,S1,S1,TRUE,5611,Nitrogenous fertilizers and materials nes,4,TRUE,C00,TOTAL CPC,0,0,TOTAL MOT,8,kg,224659,FALSE,-1,N/A,,FALSE,224659,FALSE,,FALSE,,38940,38940,0,TRUE,FALSE
C,A,19770101,1977,52,1977,251,FRA,France,M,Import,0,W00,World,0,W00,World,S1,S1,TRUE,5611,Nitrogenous fertilizers and materials nes,4,TRUE,C00,TOTAL CPC,0,0,TOTAL MOT,8,kg,938637952,FALSE,-1,N/A,,FALSE,938637952,FALSE,,FALSE,86572832,,86572832,0,TRUE,FALSE
C,A,19770101,1977,52,1977,251,FRA,France,X,Export,0,W00,World,0,W00,World,S1,S1,TRUE,5611,Nitrogenous fertilizers and materials nes,4,TRUE,C00,TOTAL CPC,0,0,TOTAL MOT,8,kg,427499104,FALSE,-1,N/A,,FALSE,427499104,FALSE,,FALSE,,48604328,48604328,0,TRUE,FALSE
C,A,19770101,1977,52,1977,280,DEU,Fed. Rep. of Germany (...1990),M,Import,0,W00,World,0,W00,World,S1,S1,TRUE,5611,Nitrogenous fertilizers and materials nes,4,TRUE,C00,TOTAL CPC,0,0,TOTAL MOT,8,kg,1465553536,FALSE,-1,N/A,,TRUE,1465553536,FALSE,-1,TRUE,158278000,,158278000,0,FALSE,FALSE
C,A,19770101,1977,52,1977,280,DEU,Fed. Rep. of Germany (...1990),X,Export,0,W00,World,0,W00,World,S1,S1,TRUE,5611,Nitrogenous fertilizers and materials nes,4,TRUE,C00,TOTAL CPC,0,0,TOTAL MOT,8,kg,1082038016,FALSE,-1,N/A,,TRUE,1082038016,FALSE,-1,TRUE,,91984000,91984000,0,FALSE,FALSE
C,A,19770101,1977,52,1977,288,GHA,Ghana,M,Import,0,W00,World,0,W00,World,S1,S1,TRUE,5611,Nitrogenous fertilizers and materials nes,4,TRUE,C00,TOTAL CPC,0,0,TOTAL MOT,8,kg,6251897,FALSE,-1,N/A,,FALSE,6251897,FALSE,,FALSE,425100,,425100,0,TRUE,FALSE
C,A,19770101,1977,52,1977,296,KIR,Kiribati,M,Import,0,W00,World,0,W00,World,S1,S1,TRUE,5611,Nitrogenous fertilizers and materials nes,4,TRUE,C00,TOTAL CPC,0,0,TOTAL MOT,8,kg,124,FALSE,-1,N/A,,FALSE,124,FALSE,,FALSE,253,,253,0,TRUE,FALSE
C,A,19770101,1977,52,1977,308,GRD,Grenada,M,Import,0,W00,World,0,W00,World,S1,S1,TRUE,5611,Nitrogenous fertilizers and materials nes,4,TRUE,C00,TOTAL CPC,0,0,TOTAL MOT,8,kg,4374000,FALSE,-1,N/A,,FALSE,4374000,FALSE,,FALSE,714252,,714252,0,TRUE,FALSE
C,A,19770101,1977,52,1977,320,GTM,Guatemala,M,Import,0,W00,World,0,W00,World,S1,S1,TRUE,5611,Nitrogenous fertilizers and materials nes,4,TRUE,C00,TOTAL CPC,0,0,TOTAL MOT,8,kg,194427088,FALSE,-1,N/A,,FALSE,194427088,FALSE,,FALSE,22568504,,22568504,0,TRUE,FALSE
C,A,19770101,1977,52,1977,320,GTM,Guatemala,X,Export,0,W00,World,0,W00,World,S1,S1,TRUE,5611,Nitrogenous fertilizers and materials nes,4,TRUE,C00,TOTAL CPC,0,0,TOTAL MOT,8,kg,1159225,FALSE,-1,N/A,,FALSE,1159225,FALSE,,FALSE,,261685,261685,0,TRUE,FALSE
C,A,19770101,1977,52,1977,328,GUY,Guyana,M,Import,0,W00,World,0,W00,World,S1,S1,TRUE,5611,Nitrogenous fertilizers and materials nes,4,TRUE,C00,TOTAL CPC,0,0,TOTAL MOT,8,kg,24577294,FALSE,-1,N/A,,FALSE,24577294,FALSE,,FALSE,2715743,,2715743,0,TRUE,FALSE
C,A,19770101,1977,52,1977,328,GUY,Guyana,X,Export,0,W00,World,0,W00,World,S1,S1,TRUE,5611,Nitrogenous fertilizers and materials nes,4,TRUE,C00,TOTAL CPC,0,0,TOTAL MOT,8,kg,2749,FALSE,-1,N/A,,FALSE,2749,FALSE,,FALSE,,104,104,0,TRUE,FALSE
C,A,19770101,1977,52,1977,332,HTI,Haiti,M,Import,0,W00,World,0,W00,World,S1,S1,TRUE,5611,Nitrogenous fertilizers and materials nes,4,TRUE,C00,TOTAL CPC,0,0,TOTAL MOT,8,kg,93,FALSE,-1,N/A,,FALSE,93,FALSE,,FALSE,1034,,1034,0,TRUE,FALSE
C,A,19770101,1977,52,1977,340,HND,Honduras,M,Import,0,W00,World,0,W00,World,S1,S1,TRUE,5611,Nitrogenous fertilizers and materials nes,4,TRUE,C00,TOTAL CPC,0,0,TOTAL MOT,8,kg,34676784,FALSE,-1,N/A,,FALSE,34676784,FALSE,,FALSE,5358422,,5358422,0,TRUE,FALSE
C,A,19770101,1977,52,1977,344,HKG,"China, Hong Kong SAR",M,Import,0,W00,World,0,W00,World,S1,S1,TRUE,5611,Nitrogenous fertilizers and materials nes,4,TRUE,C00,TOTAL CPC,0,0,TOTAL MOT,8,kg,3544868,FALSE,-1,N/A,,FALSE,3544868,FALSE,,FALSE,774808,,774808,0,TRUE,FALSE
C,A,19770101,1977,52,1977,344,HKG,"China, Hong Kong SAR",X,Export,0,W00,World,0,W00,World,S1,S1,TRUE,5611,Nitrogenous fertilizers and materials nes,4,TRUE,C00,TOTAL CPC,0,0,TOTAL MOT,8,kg,113222,FALSE,-1,N/A,,FALSE,113222,FALSE,,FALSE,,23893,23893,0,TRUE,FALSE
C,A,19770101,1977,52,1977,360,IDN,Indonesia,M,Import,0,W00,World,0,W00,World,S1,S1,TRUE,5611,Nitrogenous fertilizers and materials nes,4,TRUE,C00,TOTAL CPC,0,0,TOTAL MOT,8,kg,28282836,FALSE,-1,N/A,,FALSE,28282836,FALSE,,FALSE,7003917,,7003917,0,TRUE,FALSE
C,A,19770101,1977,52,1977,360,IDN,Indonesia,X,Export,0,W00,World,0,W00,World,S1,S1,TRUE,5611,Nitrogenous fertilizers and materials nes,4,TRUE,C00,TOTAL CPC,0,0,TOTAL MOT,8,kg,321077088,FALSE,-1,N/A,,FALSE,321077088,FALSE,,FALSE,,34593148,34593148,0,TRUE,FALSE
C,A,19770101,1977,52,1977,364,IRN,Iran,M,Import,0,W00,World,0,W00,World,S1,S1,TRUE,5611,Nitrogenous fertilizers and materials nes,4,TRUE,C00,TOTAL CPC,0,0,TOTAL MOT,8,kg,213015152,FALSE,-1,N/A,,FALSE,213015152,FALSE,,FALSE,34126096,,34126096,0,TRUE,FALSE
C,A,19770101,1977,52,1977,376,ISR,Israel,M,Import,0,W00,World,0,W00,World,S1,S1,TRUE,5611,Nitrogenous fertilizers and materials nes,4,TRUE,C00,TOTAL CPC,0,0,TOTAL MOT,-1,N/A,0,FALSE,-1,N/A,,FALSE,,FALSE,,FALSE,1417655,,1417655,0,TRUE,FALSE
C,A,19770101,1977,52,1977,376,ISR,Israel,X,Export,0,W00,World,0,W00,World,S1,S1,TRUE,5611,Nitrogenous fertilizers and materials nes,4,TRUE,C00,TOTAL CPC,0,0,TOTAL MOT,-1,N/A,0,FALSE,-1,N/A,,FALSE,,FALSE,,FALSE,,77524,77524,0,TRUE,FALSE
C,A,19770101,1977,52,1977,388,JAM,Jamaica,M,Import,0,W00,World,0,W00,World,S1,S1,TRUE,5611,Nitrogenous fertilizers and materials nes,4,TRUE,C00,TOTAL CPC,0,0,TOTAL MOT,-1,N/A,0,FALSE,-1,N/A,,FALSE,,FALSE,,FALSE,2215017,,2215017,0,TRUE,FALSE
C,A,19770101,1977,52,1977,404,KEN,Kenya,M,Import,0,W00,World,0,W00,World,S1,S1,TRUE,5611,Nitrogenous fertilizers and materials nes,4,TRUE,C00,TOTAL CPC,0,0,TOTAL MOT,8,kg,88201104,FALSE,-1,N/A,,FALSE,88201104,FALSE,,FALSE,12385011,,12385011,0,TRUE,FALSE
C,A,19770101,1977,52,1977,404,KEN,Kenya,X,Export,0,W00,World,0,W00,World,S1,S1,TRUE,5611,Nitrogenous fertilizers and materials nes,4,TRUE,C00,TOTAL CPC,0,0,TOTAL MOT,8,kg,167713,FALSE,-1,N/A,,FALSE,167713,FALSE,,FALSE,,55253,55253,0,TRUE,FALSE
C,A,19770101,1977,52,1977,414,KWT,Kuwait,X,Export,0,W00,World,0,W00,World,S1,S1,TRUE,5611,Nitrogenous fertilizers and materials nes,4,TRUE,C00,TOTAL CPC,0,0,TOTAL MOT,8,kg,558159232,FALSE,-1,N/A,,FALSE,558159232,FALSE,,FALSE,,71277600,71277600,0,TRUE,FALSE
C,A,19770101,1977,52,1977,430,LBR,Liberia,M,Import,0,W00,World,0,W00,World,S1,S1,TRUE,5611,Nitrogenous fertilizers and materials nes,4,TRUE,C00,TOTAL CPC,0,0,TOTAL MOT,8,kg,12757602,FALSE,-1,N/A,,FALSE,12757602,FALSE,,FALSE,1595043,,1595043,0,TRUE,FALSE
C,A,19770101,1977,52,1977,430,LBR,Liberia,X,Export,0,W00,World,0,W00,World,S1,S1,TRUE,5611,Nitrogenous fertilizers and materials nes,4,TRUE,C00,TOTAL CPC,0,0,TOTAL MOT,8,kg,79425,FALSE,-1,N/A,,FALSE,79425,FALSE,,FALSE,,14175,14175,0,TRUE,FALSE
C,A,19770101,1977,52,1977,434,LBY,Libya,M,Import,0,W00,World,0,W00,World,S1,S1,TRUE,5611,Nitrogenous fertilizers and materials nes,4,TRUE,C00,TOTAL CPC,0,0,TOTAL MOT,8,kg,55599487,FALSE,-1,N/A,,FALSE,55599487,FALSE,,FALSE,8755621,,8755621,0,TRUE,FALSE
C,A,19770101,1977,52,1977,458,MYS,Malaysia,M,Import,0,W00,World,0,W00,World,S1,S1,TRUE,5611,Nitrogenous fertilizers and materials nes,4,TRUE,C00,TOTAL CPC,0,0,TOTAL MOT,8,kg,212380608,FALSE,-1,N/A,,FALSE,212380608,FALSE,,FALSE,22175364,,22175364,0,TRUE,FALSE
C,A,19770101,1977,52,1977,458,MYS,Malaysia,X,Export,0,W00,World,0,W00,World,S1,S1,TRUE,5611,Nitrogenous fertilizers and materials nes,4,TRUE,C00,TOTAL CPC,0,0,TOTAL MOT,8,kg,306812,FALSE,-1,N/A,,FALSE,306812,FALSE,,FALSE,,47402,47402,0,TRUE,FALSE
C,A,19770101,1977,52,1977,470,MLT,Malta,M,Import,0,W00,World,0,W00,World,S1,S1,TRUE,5611,Nitrogenous fertilizers and materials nes,4,TRUE,C00,TOTAL CPC,0,0,TOTAL MOT,8,kg,2601523,FALSE,-1,N/A,,FALSE,2601523,FALSE,,FALSE,291548,,291548,0,TRUE,FALSE
C,A,19770101,1977,52,1977,480,MUS,Mauritius,M,Import,0,W00,World,0,W00,World,S1,S1,TRUE,5611,Nitrogenous fertilizers and materials nes,4,TRUE,C00,TOTAL CPC,0,0,TOTAL MOT,8,kg,15026369,FALSE,-1,N/A,,FALSE,15026369,FALSE,,FALSE,1240372,,1240372,0,TRUE,FALSE
C,A,19770101,1977,52,1977,484,MEX,Mexico,M,Import,0,W00,World,0,W00,World,S1,S1,TRUE,5611,Nitrogenous fertilizers and materials nes,4,TRUE,C00,TOTAL CPC,0,0,TOTAL MOT,8,kg,408504096,FALSE,-1,N/A,,FALSE,408504096,FALSE,,FALSE,27532152,,27532152,0,TRUE,FALSE
C,A,19770101,1977,52,1977,484,MEX,Mexico,X,Export,0,W00,World,0,W00,World,S1,S1,TRUE,5611,Nitrogenous fertilizers and materials nes,4,TRUE,C00,TOTAL CPC,0,0,TOTAL MOT,8,kg,4875,FALSE,-1,N/A,,FALSE,4875,FALSE,,FALSE,,8245,8245,0,TRUE,FALSE
C,A,19770101,1977,52,1977,500,MSR,Montserrat,M,Import,0,W00,World,0,W00,World,S1,S1,TRUE,5611,Nitrogenous fertilizers and materials nes,4,TRUE,C00,TOTAL CPC,0,0,TOTAL MOT,8,kg,1562,FALSE,-1,N/A,,FALSE,1562,FALSE,,FALSE,2715,,2715,0,TRUE,FALSE
C,A,19770101,1977,52,1977,524,NPL,Nepal,M,Import,0,W00,World,0,W00,World,S1,S1,TRUE,5611,Nitrogenous fertilizers and materials nes,4,TRUE,C00,TOTAL CPC,0,0,TOTAL MOT,-1,N/A,0,FALSE,-1,N/A,,FALSE,,FALSE,,FALSE,389045,,389045,0,TRUE,FALSE
C,A,19770101,1977,52,1977,528,NLD,Netherlands,M,Import,0,W00,World,0,W00,World,S1,S1,TRUE,5611,Nitrogenous fertilizers and materials nes,4,TRUE,C00,TOTAL CPC,0,0,TOTAL MOT,8,kg,291198464,FALSE,-1,N/A,,FALSE,291198464,FALSE,,FALSE,29597420,,29597420,0,TRUE,FALSE
C,A,19770101,1977,52,1977,528,NLD,Netherlands,X,Export,0,W00,World,0,W00,World,S1,S1,TRUE,5611,Nitrogenous fertilizers and materials nes,4,TRUE,C00,TOTAL CPC,0,0,TOTAL MOT,8,kg,2587879424,FALSE,-1,N/A,,FALSE,2587879424,FALSE,,FALSE,,247031056,247031056,0,TRUE,FALSE
C,A,19770101,1977,52,1977,532,ANT,Netherlands Antilles and Aruba (...1985),M,Import,0,W00,World,0,W00,World,S1,S1,TRUE,5611,Nitrogenous fertilizers and materials nes,4,TRUE,C00,TOTAL CPC,0,0,TOTAL MOT,8,kg,148000,FALSE,-1,N/A,,FALSE,148000,FALSE,,FALSE,,51665,51665,0,TRUE,FALSE
C,A,19770101,1977,52,1977,554,NZL,New Zealand,M,Import,0,W00,World,0,W00,World,S1,S1,TRUE,5611,Nitrogenous fertilizers and materials nes,4,TRUE,C00,TOTAL CPC,0,0,TOTAL MOT,-1,N/A,0,FALSE,-1,N/A,,FALSE,,FALSE,,FALSE,8339723,,8339723,0,TRUE,FALSE
C,A,19770101,1977,52,1977,554,NZL,New Zealand,X,Export,0,W00,World,0,W00,World,S1,S1,TRUE,5611,Nitrogenous fertilizers and materials nes,4,TRUE,C00,TOTAL CPC,0,0,TOTAL MOT,8,kg,763249,FALSE,-1,N/A,,FALSE,763249,FALSE,,FALSE,,155659,155659,0,TRUE,FALSE
C,A,19770101,1977,52,1977,558,NIC,Nicaragua,M,Import,0,W00,World,0,W00,World,S1,S1,TRUE,5611,Nitrogenous fertilizers and materials nes,4,TRUE,C00,TOTAL CPC,0,0,TOTAL MOT,8,kg,73571024,FALSE,-1,N/A,,FALSE,73571024,FALSE,,FALSE,10479126,,10479126,0,TRUE,FALSE
C,A,19770101,1977,52,1977,558,NIC,Nicaragua,X,Export,0,W00,World,0,W00,World,S1,S1,TRUE,5611,Nitrogenous fertilizers and materials nes,4,TRUE,C00,TOTAL CPC,0,0,TOTAL MOT,8,kg,20238,FALSE,-1,N/A,,FALSE,20238,FALSE,,FALSE,,5962,5962,0,TRUE,FALSE
C,A,19770101,1977,52,1977,566,NGA,Nigeria,M,Import,0,W00,World,0,W00,World,S1,S1,TRUE,5611,Nitrogenous fertilizers and materials nes,4,TRUE,C00,TOTAL CPC,0,0,TOTAL MOT,8,kg,56924000,FALSE,-1,N/A,,FALSE,56924000,FALSE,,FALSE,6687494,,6687494,0,TRUE,FALSE
C,A,19770101,1977,52,1977,586,PAK,Pakistan,M,Import,0,W00,World,0,W00,World,S1,S1,TRUE,5611,Nitrogenous fertilizers and materials nes,4,TRUE,C00,TOTAL CPC,0,0,TOTAL MOT,8,kg,339643008,FALSE,-1,N/A,,FALSE,339643008,FALSE,,FALSE,51359020,,51359020,0,TRUE,FALSE
C,A,19770101,1977,52,1977,590,PAN,"Panama, excl.Canal Zone (...1977)",M,Import,0,W00,World,0,W00,World,S1,S1,TRUE,5611,Nitrogenous fertilizers and materials nes,4,TRUE,C00,TOTAL CPC,0,0,TOTAL MOT,8,kg,14964299,FALSE,-1,N/A,,FALSE,14964299,FALSE,,FALSE,2217400,,2217400,0,TRUE,FALSE
C,A,19770101,1977,52,1977,600,PRY,Paraguay,M,Import,0,W00,World,0,W00,World,S1,S1,TRUE,5611,Nitrogenous fertilizers and materials nes,4,TRUE,C00,TOTAL CPC,0,0,TOTAL MOT,8,kg,1171891,FALSE,-1,N/A,,FALSE,1171891,FALSE,,FALSE,221360,,221360,0,TRUE,FALSE
C,A,19770101,1977,52,1977,620,PRT,Portugal,M,Import,0,W00,World,0,W00,World,S1,S1,TRUE,5611,Nitrogenous fertilizers and materials nes,4,TRUE,C00,TOTAL CPC,0,0,TOTAL MOT,8,kg,9443427,FALSE,-1,N/A,,FALSE,9443427,FALSE,,FALSE,1034392,,1034392,0,TRUE,FALSE
C,A,19770101,1977,52,1977,620,PRT,Portugal,X,Export,0,W00,World,0,W00,World,S1,S1,TRUE,5611,Nitrogenous fertilizers and materials nes,4,TRUE,C00,TOTAL CPC,0,0,TOTAL MOT,8,kg,148245456,FALSE,-1,N/A,,FALSE,148245456,FALSE,,FALSE,,12448124,12448124,0,TRUE,FALSE
C,A,19770101,1977,52,1977,662,LCA,Saint Lucia,M,Import,0,W00,World,0,W00,World,S1,S1,TRUE,5611,Nitrogenous fertilizers and materials nes,4,TRUE,C00,TOTAL CPC,0,0,TOTAL MOT,8,kg,5877835,FALSE,-1,N/A,,FALSE,5877835,FALSE,,FALSE,1001315,,1001315,0,TRUE,FALSE
C,A,19770101,1977,52,1977,690,SYC,Seychelles,M,Import,0,W00,World,0,W00,World,S1,S1,TRUE,5611,Nitrogenous fertilizers and materials nes,4,TRUE,C00,TOTAL CPC,0,0,TOTAL MOT,8,kg,105062,FALSE,-1,N/A,,FALSE,105062,FALSE,,FALSE,23056,,23056,0,TRUE,FALSE
C,A,19770101,1977,52,1977,699,IND,India,M,Import,0,W00,World,0,W00,World,S1,S1,TRUE,5611,Nitrogenous fertilizers and materials nes,4,TRUE,C00,TOTAL CPC,0,0,TOTAL MOT,8,kg,1198475008,FALSE,-1,N/A,,FALSE,1198475008,FALSE,,FALSE,156309760,,156309760,0,TRUE,FALSE
C,A,19770101,1977,52,1977,702,SGP,Singapore,M,Import,0,W00,World,0,W00,World,S1,S1,TRUE,5611,Nitrogenous fertilizers and materials nes,4,TRUE,C00,TOTAL CPC,0,0,TOTAL MOT,8,kg,27559232,FALSE,-1,N/A,,FALSE,27559232,FALSE,,FALSE,3412585,,3412585,0,TRUE,FALSE
C,A,19770101,1977,52,1977,702,SGP,Singapore,X,Export,0,W00,World,0,W00,World,S1,S1,TRUE,5611,Nitrogenous fertilizers and materials nes,4,TRUE,C00,TOTAL CPC,0,0,TOTAL MOT,8,kg,22134468,FALSE,-1,N/A,,FALSE,22134468,FALSE,,FALSE,,2366063,2366063,0,TRUE,FALSE
C,A,19770101,1977,52,1977,724,ESP,Spain,M,Import,0,W00,World,0,W00,World,S1,S1,TRUE,5611,Nitrogenous fertilizers and materials nes,4,TRUE,C00,TOTAL CPC,0,0,TOTAL MOT,8,kg,83403192,FALSE,-1,N/A,,FALSE,83403192,FALSE,,FALSE,6678942,,6678942,0,TRUE,FALSE
C,A,19770101,1977,52,1977,724,ESP,Spain,X,Export,0,W00,World,0,W00,World,S1,S1,TRUE,5611,Nitrogenous fertilizers and materials nes,4,TRUE,C00,TOTAL CPC,0,0,TOTAL MOT,8,kg,300316416,FALSE,-1,N/A,,FALSE,300316416,FALSE,,FALSE,,26661906,26661906,0,TRUE,FALSE
C,A,19770101,1977,52,1977,736,SDN,Sudan (...2011),M,Import,0,W00,World,0,W00,World,S1,S1,TRUE,5611,Nitrogenous fertilizers and materials nes,4,TRUE,C00,TOTAL CPC,0,0,TOTAL MOT,8,kg,82853187,FALSE,-1,N/A,,FALSE,82853187,FALSE,,FALSE,11801413,,11801413,0,TRUE,FALSE
C,A,19770101,1977,52,1977,780,TTO,Trinidad and Tobago,M,Import,0,W00,World,0,W00,World,S1,S1,TRUE,5611,Nitrogenous fertilizers and materials nes,4,TRUE,C00,TOTAL CPC,0,0,TOTAL MOT,8,kg,146000,FALSE,-1,N/A,,FALSE,146000,FALSE,,FALSE,54567,,54567,0,TRUE,FALSE
C,A,19770101,1977,52,1977,780,TTO,Trinidad and Tobago,X,Export,0,W00,World,0,W00,World,S1,S1,TRUE,5611,Nitrogenous fertilizers and materials nes,4,TRUE,C00,TOTAL CPC,0,0,TOTAL MOT,8,kg,111567000,FALSE,-1,N/A,,FALSE,111567000,FALSE,,FALSE,,10930863,10930863,0,TRUE,FALSE
C,A,19770101,1977,52,1977,788,TUN,Tunisia,M,Import,0,W00,World,0,W00,World,S1,S1,TRUE,5611,Nitrogenous fertilizers and materials nes,4,TRUE,C00,TOTAL CPC,0,0,TOTAL MOT,8,kg,40119656,FALSE,-1,N/A,,FALSE,40119656,FALSE,,FALSE,4369264,,4369264,0,TRUE,FALSE
C,A,19770101,1977,52,1977,788,TUN,Tunisia,X,Export,0,W00,World,0,W00,World,S1,S1,TRUE,5611,Nitrogenous fertilizers and materials nes,4,TRUE,C00,TOTAL CPC,0,0,TOTAL MOT,8,kg,1290565,FALSE,-1,N/A,,FALSE,1290565,FALSE,,FALSE,,109160,109160,0,TRUE,FALSE
C,A,19770101,1977,52,1977,792,TUR,TÅEkiye,M,Import,0,W00,World,0,W00,World,S1,S1,TRUE,5611,Nitrogenous fertilizers and materials nes,4,TRUE,C00,TOTAL CPC,0,0,TOTAL MOT,8,kg,1021842368,FALSE,-1,N/A,,FALSE,1021842368,FALSE,,FALSE,79754984,,79754984,0,TRUE,FALSE
C,A,19770101,1977,52,1977,818,EGY,Egypt,M,Import,0,W00,World,0,W00,World,S1,S1,TRUE,5611,Nitrogenous fertilizers and materials nes,4,TRUE,C00,TOTAL CPC,0,0,TOTAL MOT,8,kg,471639456,FALSE,-1,N/A,,FALSE,471639456,FALSE,,FALSE,37352528,,37352528,0,TRUE,FALSE
C,A,19770101,1977,52,1977,826,GBR,United Kingdom,M,Import,0,W00,World,0,W00,World,S1,S1,TRUE,5611,Nitrogenous fertilizers and materials nes,4,TRUE,C00,TOTAL CPC,0,0,TOTAL MOT,8,kg,467190016,FALSE,-1,N/A,,FALSE,467190016,FALSE,,FALSE,29507124,,29507124,0,TRUE,FALSE
C,A,19770101,1977,52,1977,826,GBR,United Kingdom,X,Export,0,W00,World,0,W00,World,S1,S1,TRUE,5611,Nitrogenous fertilizers and materials nes,4,TRUE,C00,TOTAL CPC,0,0,TOTAL MOT,8,kg,255476000,FALSE,-1,N/A,,FALSE,255476000,FALSE,,FALSE,,24353352,24353352,0,TRUE,FALSE
C,A,19770101,1977,52,1977,834,TZA,United Rep. of Tanzania,M,Import,0,W00,World,0,W00,World,S1,S1,TRUE,5611,Nitrogenous fertilizers and materials nes,4,TRUE,C00,TOTAL CPC,0,0,TOTAL MOT,8,kg,22920340,FALSE,-1,N/A,,FALSE,22920340,FALSE,,FALSE,2964881,,2964881,0,TRUE,FALSE
C,A,19770101,1977,52,1977,841,USA,USA and Puerto Rico (...1980),M,Import,0,W00,World,0,W00,World,S1,S1,TRUE,5611,Nitrogenous fertilizers and materials nes,4,TRUE,C00,TOTAL CPC,0,0,TOTAL MOT,-1,N/A,0,FALSE,-1,N/A,,FALSE,,FALSE,,FALSE,,270183776,270183776,0,TRUE,FALSE
C,A,19770101,1977,52,1977,841,USA,USA and Puerto Rico (...1980),X,Export,0,W00,World,0,W00,World,S1,S1,TRUE,5611,Nitrogenous fertilizers and materials nes,4,TRUE,C00,TOTAL CPC,0,0,TOTAL MOT,8,kg,1014720000,FALSE,-1,N/A,,FALSE,1014720000,FALSE,,FALSE,,88002752,88002752,0,TRUE,FALSE
C,A,19770101,1977,52,1977,850,VIR,US Virgin Isds (...1980),M,Import,0,W00,World,0,W00,World,S1,S1,TRUE,5611,Nitrogenous fertilizers and materials nes,4,TRUE,C00,TOTAL CPC,0,0,TOTAL MOT,8,kg,210468,FALSE,-1,N/A,,FALSE,210468,FALSE,,FALSE,,28070,28070,0,TRUE,FALSE
C,A,19770101,1977,52,1977,858,URY,Uruguay,M,Import,0,W00,World,0,W00,World,S1,S1,TRUE,5611,Nitrogenous fertilizers and materials nes,4,TRUE,C00,TOTAL CPC,0,0,TOTAL MOT,8,kg,27259196,FALSE,-1,N/A,,FALSE,27259196,FALSE,,FALSE,3667001,,3667001,0,TRUE,FALSE
C,A,19770101,1977,52,1977,858,URY,Uruguay,X,Export,0,W00,World,0,W00,World,S1,S1,TRUE,5611,Nitrogenous fertilizers and materials nes,4,TRUE,C00,TOTAL CPC,0,0,TOTAL MOT,8,kg,100000,FALSE,-1,N/A,,FALSE,100000,FALSE,,FALSE,,24035,24035,0,TRUE,FALSE
C,A,19770101,1977,52,1977,862,VEN,Venezuela,M,Import,0,W00,World,0,W00,World,S1,S1,TRUE,5611,Nitrogenous fertilizers and materials nes,4,TRUE,C00,TOTAL CPC,0,0,TOTAL MOT,8,kg,259545760,FALSE,-1,N/A,,FALSE,259545760,FALSE,,FALSE,,34866344,34866344,0,TRUE,FALSE
C,A,19770101,1977,52,1977,862,VEN,Venezuela,X,Export,0,W00,World,0,W00,World,S1,S1,TRUE,5611,Nitrogenous fertilizers and materials nes,4,TRUE,C00,TOTAL CPC,0,0,TOTAL MOT,8,kg,69356368,FALSE,-1,N/A,,FALSE,69356368,FALSE,,FALSE,,6681738,6681738,0,TRUE,FALSE
C,A,19770101,1977,52,1977,890,YUG,Yugoslavia (...1991),M,Import,0,W00,World,0,W00,World,S1,S1,TRUE,5611,Nitrogenous fertilizers and materials nes,4,TRUE,C00,TOTAL CPC,0,0,TOTAL MOT,8,kg,126139432,FALSE,-1,N/A,,FALSE,126139432,FALSE,,FALSE,7260640,,7260640,0,TRUE,FALSE
C,A,19770101,1977,52,1977,890,YUG,Yugoslavia (...1991),X,Export,0,W00,World,0,W00,World,S1,S1,TRUE,5611,Nitrogenous fertilizers and materials nes,4,TRUE,C00,TOTAL CPC,0,0,TOTAL MOT,8,kg,35041336,FALSE,-1,N/A,,FALSE,35041336,FALSE,,FALSE,,2248803,2248803,0,TRUE,FALSE
C,A,19780101,1978,52,1978,32,ARG,Argentina,M,Import,0,W00,World,0,W00,World,S1,S1,TRUE,5611,Nitrogenous fertilizers and materials nes,4,TRUE,C00,TOTAL CPC,0,0,TOTAL MOT,8,kg,5415872,FALSE,-1,N/A,,FALSE,5415872,FALSE,,FALSE,1273782,,1273782,0,TRUE,FALSE
C,A,19780101,1978,52,1978,32,ARG,Argentina,X,Export,0,W00,World,0,W00,World,S1,S1,TRUE,5611,Nitrogenous fertilizers and materials nes,4,TRUE,C00,TOTAL CPC,0,0,TOTAL MOT,8,kg,231968,FALSE,-1,N/A,,FALSE,231968,FALSE,,FALSE,,31794,31794,0,TRUE,FALSE
C,A,19780101,1978,52,1978,36,AUS,Australia,M,Import,0,W00,World,0,W00,World,S1,S1,TRUE,5611,Nitrogenous fertilizers and materials nes,4,TRUE,C00,TOTAL CPC,0,0,TOTAL MOT,8,kg,15227733,FALSE,-1,N/A,,FALSE,15227733,FALSE,,FALSE,,2425986,2425986,0,TRUE,FALSE
C,A,19780101,1978,52,1978,36,AUS,Australia,X,Export,0,W00,World,0,W00,World,S1,S1,TRUE,5611,Nitrogenous fertilizers and materials nes,4,TRUE,C00,TOTAL CPC,0,0,TOTAL MOT,8,kg,8461121,FALSE,-1,N/A,,FALSE,8461121,FALSE,,FALSE,,1045608,1045608,0,TRUE,FALSE
C,A,19780101,1978,52,1978,52,BRB,Barbados,M,Import,0,W00,World,0,W00,World,S1,S1,TRUE,5611,Nitrogenous fertilizers and materials nes,4,TRUE,C00,TOTAL CPC,0,0,TOTAL MOT,8,kg,1247693,FALSE,-1,N/A,,FALSE,1247693,FALSE,,FALSE,167549,,167549,0,TRUE,FALSE
C,A,19780101,1978,52,1978,52,BRB,Barbados,X,Export,0,W00,World,0,W00,World,S1,S1,TRUE,5611,Nitrogenous fertilizers and materials nes,4,TRUE,C00,TOTAL CPC,0,0,TOTAL MOT,8,kg,1285,FALSE,-1,N/A,,FALSE,1285,FALSE,,FALSE,,493,493,0,TRUE,FALSE
C,A,19780101,1978,52,1978,60,BMU,Bermuda,M,Import,0,W00,World,0,W00,World,S1,S1,TRUE,5611,Nitrogenous fertilizers and materials nes,4,TRUE,C00,TOTAL CPC,0,0,TOTAL MOT,8,kg,3625,FALSE,-1,N/A,,FALSE,3625,FALSE,,FALSE,2458,,2458,0,TRUE,FALSE
C,A,19780101,1978,52,1978,76,BRA,Brazil,M,Import,0,W00,World,0,W00,World,S1,S1,TRUE,5611,Nitrogenous fertilizers and materials nes,4,TRUE,C00,TOTAL CPC,0,0,TOTAL MOT,8,kg,1265270016,FALSE,-1,N/A,,FALSE,1265270016,FALSE,,FALSE,131572872,,131572872,0,TRUE,FALSE
C,A,19780101,1978,52,1978,76,BRA,Brazil,X,Export,0,W00,World,0,W00,World,S1,S1,TRUE,5611,Nitrogenous fertilizers and materials nes,4,TRUE,C00,TOTAL CPC,0,0,TOTAL MOT,8,kg,2430097,FALSE,-1,N/A,,FALSE,2430097,FALSE,,FALSE,,400561,400561,0,TRUE,FALSE
C,A,19780101,1978,52,1978,84,BLZ,Belize,M,Import,0,W00,World,0,W00,World,S1,S1,TRUE,5611,Nitrogenous fertilizers and materials nes,4,TRUE,C00,TOTAL CPC,0,0,TOTAL MOT,8,kg,675875,FALSE,-1,N/A,,FALSE,675875,FALSE,,FALSE,137226,,137226,0,TRUE,FALSE
C,A,19780101,1978,52,1978,96,BRN,Brunei Darussalam,M,Import,0,W00,World,0,W00,World,S1,S1,TRUE,5611,Nitrogenous fertilizers and materials nes,4,TRUE,C00,TOTAL CPC,0,0,TOTAL MOT,8,kg,259073,FALSE,-1,N/A,,FALSE,259073,FALSE,,FALSE,60669,,60669,0,TRUE,FALSE
C,A,19780101,1978,52,1978,144,LKA,Sri Lanka,M,Import,0,W00,World,0,W00,World,S1,S1,TRUE,5611,Nitrogenous fertilizers and materials nes,4,TRUE,C00,TOTAL CPC,0,0,TOTAL MOT,8,kg,83311224,FALSE,-1,N/A,,FALSE,83311224,FALSE,,FALSE,9747346,,9747346,0,TRUE,FALSE
C,A,19780101,1978,52,1978,152,CHL,Chile,M,Import,0,W00,World,0,W00,World,S1,S1,TRUE,5611,Nitrogenous fertilizers and materials nes,4,TRUE,C00,TOTAL CPC,0,0,TOTAL MOT,8,kg,41881144,FALSE,-1,N/A,,FALSE,41881144,FALSE,,FALSE,7662713,,7662713,0,TRUE,FALSE
C,A,19780101,1978,52,1978,152,CHL,Chile,X,Export,0,W00,World,0,W00,World,S1,S1,TRUE,5611,Nitrogenous fertilizers and materials nes,4,TRUE,C00,TOTAL CPC,0,0,TOTAL MOT,8,kg,238028,FALSE,-1,N/A,,FALSE,238028,FALSE,,FALSE,,1396604,1396604,0,TRUE,FALSE
C,A,19780101,1978,52,1978,180,COD,Dem. Rep. of the Congo,M,Import,0,W00,World,0,W00,World,S1,S1,TRUE,5611,Nitrogenous fertilizers and materials nes,4,TRUE,C00,TOTAL CPC,0,0,TOTAL MOT,8,kg,13937635,FALSE,-1,N/A,,FALSE,13937635,FALSE,,FALSE,3565436,,3565436,0,TRUE,FALSE
C,A,19780101,1978,52,1978,188,CRI,Costa Rica,M,Import,0,W00,World,0,W00,World,S1,S1,TRUE,5611,Nitrogenous fertilizers and materials nes,4,TRUE,C00,TOTAL CPC,0,0,TOTAL MOT,8,kg,45870544,FALSE,-1,N/A,,FALSE,45870544,FALSE,,FALSE,6893665,,6893665,0,TRUE,FALSE
C,A,19780101,1978,52,1978,188,CRI,Costa Rica,X,Export,0,W00,World,0,W00,World,S1,S1,TRUE,5611,Nitrogenous fertilizers and materials nes,4,TRUE,C00,TOTAL CPC,0,0,TOTAL MOT,8,kg,144292,FALSE,-1,N/A,,FALSE,144292,FALSE,,FALSE,,17307,17307,0,TRUE,FALSE
C,A,19780101,1978,52,1978,212,DMA,Dominica,M,Import,0,W00,World,0,W00,World,S1,S1,TRUE,5611,Nitrogenous fertilizers and materials nes,4,TRUE,C00,TOTAL CPC,0,0,TOTAL MOT,8,kg,362000,FALSE,-1,N/A,,FALSE,362000,FALSE,,FALSE,50013,,50013,0,TRUE,FALSE
C,A,19780101,1978,52,1978,214,DOM,Dominican Rep.,M,Import,0,W00,World,0,W00,World,S1,S1,TRUE,5611,Nitrogenous fertilizers and materials nes,4,TRUE,C00,TOTAL CPC,0,0,TOTAL MOT,8,kg,109770280,FALSE,-1,N/A,,FALSE,109770280,FALSE,,FALSE,,11153314,11153314,0,TRUE,FALSE
C,A,19780101,1978,52,1978,214,DOM,Dominican Rep.,X,Export,0,W00,World,0,W00,World,S1,S1,TRUE,5611,Nitrogenous fertilizers and materials nes,4,TRUE,C00,TOTAL CPC,0,0,TOTAL MOT,8,kg,20357742,FALSE,-1,N/A,,FALSE,20357742,FALSE,,FALSE,,3047768,3047768,0,TRUE,FALSE
C,A,19780101,1978,52,1978,222,SLV,El Salvador,M,Import,0,W00,World,0,W00,World,S1,S1,TRUE,5611,Nitrogenous fertilizers and materials nes,4,TRUE,C00,TOTAL CPC,0,0,TOTAL MOT,8,kg,213649008,FALSE,-1,N/A,,FALSE,213649008,FALSE,,FALSE,21005144,,21005144,0,TRUE,FALSE
C,A,19780101,1978,52,1978,222,SLV,El Salvador,X,Export,0,W00,World,0,W00,World,S1,S1,TRUE,5611,Nitrogenous fertilizers and materials nes,4,TRUE,C00,TOTAL CPC,0,0,TOTAL MOT,8,kg,7846671,FALSE,-1,N/A,,FALSE,7846671,FALSE,,FALSE,,853608,853608,0,TRUE,FALSE
C,A,19780101,1978,52,1978,288,GHA,Ghana,M,Import,0,W00,World,0,W00,World,S1,S1,TRUE,5611,Nitrogenous fertilizers and materials nes,4,TRUE,C00,TOTAL CPC,0,0,TOTAL MOT,8,kg,10237898,FALSE,-1,N/A,,FALSE,10237898,FALSE,,FALSE,900749,,900749,0,TRUE,FALSE
C,A,19780101,1978,52,1978,308,GRD,Grenada,M,Import,0,W00,World,0,W00,World,S1,S1,TRUE,5611,Nitrogenous fertilizers and materials nes,4,TRUE,C00,TOTAL CPC,0,0,TOTAL MOT,8,kg,12781000,FALSE,-1,N/A,,FALSE,12781000,FALSE,,FALSE,609971,,609971,0,TRUE,FALSE
C,A,19780101,1978,52,1978,308,GRD,Grenada,X,Export,0,W00,World,0,W00,World,S1,S1,TRUE,5611,Nitrogenous fertilizers and materials nes,4,TRUE,C00,TOTAL CPC,0,0,TOTAL MOT,8,kg,59000,FALSE,-1,N/A,,FALSE,59000,FALSE,,FALSE,,10628,10628,0,TRUE,FALSE
C,A,19780101,1978,52,1978,320,GTM,Guatemala,M,Import,0,W00,World,0,W00,World,S1,S1,TRUE,5611,Nitrogenous fertilizers and materials nes,4,TRUE,C00,TOTAL CPC,0,0,TOTAL MOT,8,kg,125458664,FALSE,-1,N/A,,FALSE,125458664,FALSE,,FALSE,15272291,,15272291,0,TRUE,FALSE
C,A,19780101,1978,52,1978,320,GTM,Guatemala,X,Export,0,W00,World,0,W00,World,S1,S1,TRUE,5611,Nitrogenous fertilizers and materials nes,4,TRUE,C00,TOTAL CPC,0,0,TOTAL MOT,8,kg,11874,FALSE,-1,N/A,,FALSE,11874,FALSE,,FALSE,,9230,9230,0,TRUE,FALSE
C,A,19780101,1978,52,1978,328,GUY,Guyana,M,Import,0,W00,World,0,W00,World,S1,S1,TRUE,5611,Nitrogenous fertilizers and materials nes,4,TRUE,C00,TOTAL CPC,0,0,TOTAL MOT,8,kg,38531636,FALSE,-1,N/A,,FALSE,38531636,FALSE,,FALSE,5602412,,5602412,0,TRUE,FALSE
C,A,19780101,1978,52,1978,332,HTI,Haiti,M,Import,0,W00,World,0,W00,World,S1,S1,TRUE,5611,Nitrogenous fertilizers and materials nes,4,TRUE,C00,TOTAL CPC,0,0,TOTAL MOT,8,kg,6312,FALSE,-1,N/A,,FALSE,6312,FALSE,,FALSE,2134,,2134,0,TRUE,FALSE
C,A,19780101,1978,52,1978,340,HND,Honduras,M,Import,0,W00,World,0,W00,World,S1,S1,TRUE,5611,Nitrogenous fertilizers and materials nes,4,TRUE,C00,TOTAL CPC,0,0,TOTAL MOT,8,kg,27940410,FALSE,-1,N/A,,FALSE,27940410,FALSE,,FALSE,4595728,,4595728,0,TRUE,FALSE
C,A,19780101,1978,52,1978,340,HND,Honduras,X,Export,0,W00,World,0,W00,World,S1,S1,TRUE,5611,Nitrogenous fertilizers and materials nes,4,TRUE,C00,TOTAL CPC,0,0,TOTAL MOT,8,kg,89,FALSE,-1,N/A,,FALSE,89,FALSE,,FALSE,,79,79,0,TRUE,FALSE
C,A,19780101,1978,52,1978,360,IDN,Indonesia,M,Import,0,W00,World,0,W00,World,S1,S1,TRUE,5611,Nitrogenous fertilizers and materials nes,4,TRUE,C00,TOTAL CPC,0,0,TOTAL MOT,8,kg,43833080,FALSE,-1,N/A,,FALSE,43833080,FALSE,,FALSE,6466110,,6466110,0,TRUE,FALSE
C,A,19780101,1978,52,1978,360,IDN,Indonesia,X,Export,0,W00,World,0,W00,World,S1,S1,TRUE,5611,Nitrogenous fertilizers and materials nes,4,TRUE,C00,TOTAL CPC,0,0,TOTAL MOT,8,kg,243952128,FALSE,-1,N/A,,FALSE,243952128,FALSE,,FALSE,,28752568,28752568,0,TRUE,FALSE
C,A,19780101,1978,52,1978,376,ISR,Israel,M,Import,0,W00,World,0,W00,World,S1,S1,TRUE,5611,Nitrogenous fertilizers and materials nes,4,TRUE,C00,TOTAL CPC,0,0,TOTAL MOT,-1,N/A,0,FALSE,-1,N/A,,FALSE,,FALSE,,FALSE,1058750,,1058750,0,TRUE,FALSE
C,A,19780101,1978,52,1978,376,ISR,Israel,X,Export,0,W00,World,0,W00,World,S1,S1,TRUE,5611,Nitrogenous fertilizers and materials nes,4,TRUE,C00,TOTAL CPC,0,0,TOTAL MOT,8,kg,467995,FALSE,-1,N/A,,FALSE,467995,FALSE,,FALSE,,246122,246122,0,TRUE,FALSE
C,A,19780101,1978,52,1978,388,JAM,Jamaica,M,Import,0,W00,World,0,W00,World,S1,S1,TRUE,5611,Nitrogenous fertilizers and materials nes,4,TRUE,C00,TOTAL CPC,0,0,TOTAL MOT,8,kg,25714000,FALSE,-1,N/A,,FALSE,25714000,FALSE,,FALSE,2169902,,2169902,0,TRUE,FALSE
C,A,19780101,1978,52,1978,388,JAM,Jamaica,X,Export,0,W00,World,0,W00,World,S1,S1,TRUE,5611,Nitrogenous fertilizers and materials nes,4,TRUE,C00,TOTAL CPC,0,0,TOTAL MOT,8,kg,218000,FALSE,-1,N/A,,FALSE,218000,FALSE,,FALSE,,8872,8872,0,TRUE,FALSE
C,A,19780101,1978,52,1978,404,KEN,Kenya,M,Import,0,W00,World,0,W00,World,S1,S1,TRUE,5611,Nitrogenous fertilizers and materials nes,4,TRUE,C00,TOTAL CPC,0,0,TOTAL MOT,8,kg,78170000,FALSE,-1,N/A,,FALSE,78170000,FALSE,,FALSE,11750739,,11750739,0,TRUE,FALSE
C,A,19780101,1978,52,1978,404,KEN,Kenya,X,Export,0,W00,World,0,W00,World,S1,S1,TRUE,5611,Nitrogenous fertilizers and materials nes,4,TRUE,C00,TOTAL CPC,0,0,TOTAL MOT,8,kg,177000,FALSE,-1,N/A,,FALSE,177000,FALSE,,FALSE,,42529,42529,0,TRUE,FALSE
C,A,19780101,1978,52,1978,414,KWT,Kuwait,X,Export,0,W00,World,0,W00,World,S1,S1,TRUE,5611,Nitrogenous fertilizers and materials nes,4,TRUE,C00,TOTAL CPC,0,0,TOTAL MOT,8,kg,602972800,FALSE,-1,N/A,,FALSE,602972800,FALSE,,FALSE,,94091344,94091344,0,TRUE,FALSE
C,A,19780101,1978,52,1978,434,LBY,Libya,M,Import,0,W00,World,0,W00,World,S1,S1,TRUE,5611,Nitrogenous fertilizers and materials nes,4,TRUE,C00,TOTAL CPC,0,0,TOTAL MOT,8,kg,2248187,FALSE,-1,N/A,,FALSE,2248187,FALSE,,FALSE,490094,,490094,0,TRUE,FALSE
C,A,19780101,1978,52,1978,470,MLT,Malta,M,Import,0,W00,World,0,W00,World,S1,S1,TRUE,5611,Nitrogenous fertilizers and materials nes,4,TRUE,C00,TOTAL CPC,0,0,TOTAL MOT,8,kg,2504009,FALSE,-1,N/A,,FALSE,2504009,FALSE,,FALSE,335298,,335298,0,TRUE,FALSE
C,A,19780101,1978,52,1978,480,MUS,Mauritius,M,Import,0,W00,World,0,W00,World,S1,S1,TRUE,5611,Nitrogenous fertilizers and materials nes,4,TRUE,C00,TOTAL CPC,0,0,TOTAL MOT,8,kg,5053819,FALSE,-1,N/A,,FALSE,5053819,FALSE,,FALSE,501850,,501850,0,TRUE,FALSE
C,A,19780101,1978,52,1978,480,MUS,Mauritius,X,Export,0,W00,World,0,W00,World,S1,S1,TRUE,5611,Nitrogenous fertilizers and materials nes,4,TRUE,C00,TOTAL CPC,0,0,TOTAL MOT,8,kg,847,FALSE,-1,N/A,,FALSE,847,FALSE,,FALSE,,501,501,0,TRUE,FALSE
C,A,19780101,1978,52,1978,484,MEX,Mexico,M,Import,0,W00,World,0,W00,World,S1,S1,TRUE,5611,Nitrogenous fertilizers and materials nes,4,TRUE,C00,TOTAL CPC,0,0,TOTAL MOT,8,kg,515772576,FALSE,-1,N/A,,FALSE,515772576,FALSE,,FALSE,49834688,,49834688,0,TRUE,FALSE
C,A,19780101,1978,52,1978,484,MEX,Mexico,X,Export,0,W00,World,0,W00,World,S1,S1,TRUE,5611,Nitrogenous fertilizers and materials nes,4,TRUE,C00,TOTAL CPC,0,0,TOTAL MOT,8,kg,12131118,FALSE,-1,N/A,,FALSE,12131118,FALSE,,FALSE,,3669149,3669149,0,TRUE,FALSE
C,A,19780101,1978,52,1978,500,MSR,Montserrat,M,Import,0,W00,World,0,W00,World,S1,S1,TRUE,5611,Nitrogenous fertilizers and materials nes,4,TRUE,C00,TOTAL CPC,0,0,TOTAL MOT,8,kg,10437,FALSE,-1,N/A,,FALSE,10437,FALSE,,FALSE,3271,,3271,0,TRUE,FALSE
C,A,19780101,1978,52,1978,554,NZL,New Zealand,M,Import,0,W00,World,0,W00,World,S1,S1,TRUE,5611,Nitrogenous fertilizers and materials nes,4,TRUE,C00,TOTAL CPC,0,0,TOTAL MOT,-1,N/A,0,FALSE,-1,N/A,,FALSE,,FALSE,,FALSE,11042305,,11042305,0,TRUE,FALSE
C,A,19780101,1978,52,1978,554,NZL,New Zealand,X,Export,0,W00,World,0,W00,World,S1,S1,TRUE,5611,Nitrogenous fertilizers and materials nes,4,TRUE,C00,TOTAL CPC,0,0,TOTAL MOT,8,kg,773000,FALSE,-1,N/A,,FALSE,773000,FALSE,,FALSE,,128307,128307,0,TRUE,FALSE
C,A,19780101,1978,52,1978,558,NIC,Nicaragua,M,Import,0,W00,World,0,W00,World,S1,S1,TRUE,5611,Nitrogenous fertilizers and materials nes,4,TRUE,C00,TOTAL CPC,0,0,TOTAL MOT,8,kg,65924228,FALSE,-1,N/A,,FALSE,65924228,FALSE,,FALSE,12908877,,12908877,0,TRUE,FALSE
C,A,19780101,1978,52,1978,558,NIC,Nicaragua,X,Export,0,W00,World,0,W00,World,S1,S1,TRUE,5611,Nitrogenous fertilizers and materials nes,4,TRUE,C00,TOTAL CPC,0,0,TOTAL MOT,8,kg,63492,FALSE,-1,N/A,,FALSE,63492,FALSE,,FALSE,,437063,437063,0,TRUE,FALSE
C,A,19780101,1978,52,1978,566,NGA,Nigeria,M,Import,0,W00,World,0,W00,World,S1,S1,TRUE,5611,Nitrogenous fertilizers and materials nes,4,TRUE,C00,TOTAL CPC,0,0,TOTAL MOT,-1,N/A,0,FALSE,-1,N/A,,FALSE,,FALSE,,FALSE,2128623,,2128623,0,TRUE,FALSE
C,A,19780101,1978,52,1978,586,PAK,Pakistan,M,Import,0,W00,World,0,W00,World,S1,S1,TRUE,5611,Nitrogenous fertilizers and materials nes,4,TRUE,C00,TOTAL CPC,0,0,TOTAL MOT,8,kg,611697024,FALSE,-1,N/A,,FALSE,611697024,FALSE,,FALSE,96677984,,96677984,0,TRUE,FALSE
C,A,19780101,1978,52,1978,586,PAK,Pakistan,X,Export,0,W00,World,0,W00,World,S1,S1,TRUE,5611,Nitrogenous fertilizers and materials nes,4,TRUE,C00,TOTAL CPC,0,0,TOTAL MOT,8,kg,345000,FALSE,-1,N/A,,FALSE,345000,FALSE,,FALSE,,8131,8131,0,TRUE,FALSE
C,A,19780101,1978,52,1978,591,PAN,Panama,M,Import,0,W00,World,0,W00,World,S1,S1,TRUE,5611,Nitrogenous fertilizers and materials nes,4,TRUE,C00,TOTAL CPC,0,0,TOTAL MOT,8,kg,19242612,FALSE,-1,N/A,,FALSE,19242612,FALSE,,FALSE,3493836,,3493836,0,TRUE,FALSE
C,A,19780101,1978,52,1978,600,PRY,Paraguay,M,Import,0,W00,World,0,W00,World,S1,S1,TRUE,5611,Nitrogenous fertilizers and materials nes,4,TRUE,C00,TOTAL CPC,0,0,TOTAL MOT,8,kg,1418844,FALSE,-1,N/A,,FALSE,1418844,FALSE,,FALSE,286951,,286951,0,TRUE,FALSE
C,A,19780101,1978,52,1978,620,PRT,Portugal,M,Import,0,W00,World,0,W00,World,S1,S1,TRUE,5611,Nitrogenous fertilizers and materials nes,4,TRUE,C00,TOTAL CPC,0,0,TOTAL MOT,8,kg,17070808,FALSE,-1,N/A,,FALSE,17070808,FALSE,,FALSE,2341039,,2341039,0,TRUE,FALSE
C,A,19780101,1978,52,1978,620,PRT,Portugal,X,Export,0,W00,World,0,W00,World,S1,S1,TRUE,5611,Nitrogenous fertilizers and materials nes,4,TRUE,C00,TOTAL CPC,0,0,TOTAL MOT,8,kg,148832992,FALSE,-1,N/A,,FALSE,148832992,FALSE,,FALSE,,14899256,14899256,0,TRUE,FALSE
C,A,19780101,1978,52,1978,634,QAT,Qatar,X,Export,0,W00,World,0,W00,World,S1,S1,TRUE,5611,Nitrogenous fertilizers and materials nes,4,TRUE,C00,TOTAL CPC,0,0,TOTAL MOT,8,kg,347600000,FALSE,-1,N/A,,FALSE,347600000,FALSE,,FALSE,,48344936,48344936,0,TRUE,FALSE
C,A,19780101,1978,52,1978,662,LCA,Saint Lucia,M,Import,0,W00,World,0,W00,World,S1,S1,TRUE,5611,Nitrogenous fertilizers and materials nes,4,TRUE,C00,TOTAL CPC,0,0,TOTAL MOT,8,kg,5333000,FALSE,-1,N/A,,FALSE,5333000,FALSE,,FALSE,772644,,772644,0,TRUE,FALSE
C,A,19780101,1978,52,1978,690,SYC,Seychelles,M,Import,0,W00,World,0,W00,World,S1,S1,TRUE,5611,Nitrogenous fertilizers and materials nes,4,TRUE,C00,TOTAL CPC,0,0,TOTAL MOT,8,kg,51745,FALSE,-1,N/A,,FALSE,51745,FALSE,,FALSE,15740,,15740,0,TRUE,FALSE
C,A,19780101,1978,52,1978,702,SGP,Singapore,M,Import,0,W00,World,0,W00,World,S1,S1,TRUE,5611,Nitrogenous fertilizers and materials nes,4,TRUE,C00,TOTAL CPC,0,0,TOTAL MOT,8,kg,74484168,FALSE,-1,N/A,,FALSE,74484168,FALSE,,FALSE,10336671,,10336671,0,TRUE,FALSE
C,A,19780101,1978,52,1978,702,SGP,Singapore,X,Export,0,W00,World,0,W00,World,S1,S1,TRUE,5611,Nitrogenous fertilizers and materials nes,4,TRUE,C00,TOTAL CPC,0,0,TOTAL MOT,8,kg,50605980,FALSE,-1,N/A,,FALSE,50605980,FALSE,,FALSE,,8262832,8262832,0,TRUE,FALSE
C,A,19780101,1978,52,1978,736,SDN,Sudan (...2011),M,Import,0,W00,World,0,W00,World,S1,S1,TRUE,5611,Nitrogenous fertilizers and materials nes,4,TRUE,C00,TOTAL CPC,0,0,TOTAL MOT,8,kg,2226937,FALSE,-1,N/A,,FALSE,2226937,FALSE,,FALSE,346551,,346551,0,TRUE,FALSE
C,A,19780101,1978,52,1978,780,TTO,Trinidad and Tobago,M,Import,0,W00,World,0,W00,World,S1,S1,TRUE,5611,Nitrogenous fertilizers and materials nes,4,TRUE,C00,TOTAL CPC,0,0,TOTAL MOT,8,kg,63968,FALSE,-1,N/A,,FALSE,63968,FALSE,,FALSE,15547,,15547,0,TRUE,FALSE
C,A,19780101,1978,52,1978,780,TTO,Trinidad and Tobago,X,Export,0,W00,World,0,W00,World,S1,S1,TRUE,5611,Nitrogenous fertilizers and materials nes,4,TRUE,C00,TOTAL CPC,0,0,TOTAL MOT,8,kg,117455248,FALSE,-1,N/A,,FALSE,117455248,FALSE,,FALSE,,11786441,11786441,0,TRUE,FALSE
C,A,19780101,1978,52,1978,788,TUN,Tunisia,M,Import,0,W00,World,0,W00,World,S1,S1,TRUE,5611,Nitrogenous fertilizers and materials nes,4,TRUE,C00,TOTAL CPC,0,0,TOTAL MOT,8,kg,54484292,FALSE,-1,N/A,,FALSE,54484292,FALSE,,FALSE,7422052,,7422052,0,TRUE,FALSE
C,A,19780101,1978,52,1978,788,TUN,Tunisia,X,Export,0,W00,World,0,W00,World,S1,S1,TRUE,5611,Nitrogenous fertilizers and materials nes,4,TRUE,C00,TOTAL CPC,0,0,TOTAL MOT,8,kg,10000,FALSE,-1,N/A,,FALSE,10000,FALSE,,FALSE,,3570,3570,0,TRUE,FALSE
C,A,19780101,1978,52,1978,792,TUR,TÅEkiye,M,Import,0,W00,World,0,W00,World,S1,S1,TRUE,5611,Nitrogenous fertilizers and materials nes,4,TRUE,C00,TOTAL CPC,0,0,TOTAL MOT,8,kg,884982080,FALSE,-1,N/A,,FALSE,884982080,FALSE,,FALSE,96521656,,96521656,0,TRUE,FALSE
C,A,19780101,1978,52,1978,818,EGY,Egypt,M,Import,0,W00,World,0,W00,World,S1,S1,TRUE,5611,Nitrogenous fertilizers and materials nes,4,TRUE,C00,TOTAL CPC,0,0,TOTAL MOT,8,kg,614598208,FALSE,-1,N/A,,FALSE,614598208,FALSE,,FALSE,55625504,,55625504,0,TRUE,FALSE
C,A,19780101,1978,52,1978,834,TZA,United Rep. of Tanzania,M,Import,0,W00,World,0,W00,World,S1,S1,TRUE,5611,Nitrogenous fertilizers and materials nes,4,TRUE,C00,TOTAL CPC,0,0,TOTAL MOT,8,kg,36160000,FALSE,-1,N/A,,FALSE,36160000,FALSE,,FALSE,7009285,,7009285,0,TRUE,FALSE
C,A,19780101,1978,52,1978,850,VIR,US Virgin Isds (...1980),M,Import,0,W00,World,0,W00,World,S1,S1,TRUE,5611,Nitrogenous fertilizers and materials nes,4,TRUE,C00,TOTAL CPC,0,0,TOTAL MOT,8,kg,291625,FALSE,-1,N/A,,FALSE,291625,FALSE,,FALSE,,69634,69634,0,TRUE,FALSE
C,A,19780101,1978,52,1978,858,URY,Uruguay,M,Import,0,W00,World,0,W00,World,S1,S1,TRUE,5611,Nitrogenous fertilizers and materials nes,4,TRUE,C00,TOTAL CPC,0,0,TOTAL MOT,8,kg,17218128,FALSE,-1,N/A,,FALSE,17218128,FALSE,,FALSE,3089917,,3089917,0,TRUE,FALSE
C,A,19780101,1978,52,1978,862,VEN,Venezuela,M,Import,0,W00,World,0,W00,World,S1,S1,TRUE,5611,Nitrogenous fertilizers and materials nes,4,TRUE,C00,TOTAL CPC,0,0,TOTAL MOT,8,kg,392283136,FALSE,-1,N/A,,FALSE,392283136,FALSE,,FALSE,,56808816,56808816,0,TRUE,FALSE
C,A,19780101,1978,52,1978,862,VEN,Venezuela,X,Export,0,W00,World,0,W00,World,S1,S1,TRUE,5611,Nitrogenous fertilizers and materials nes,4,TRUE,C00,TOTAL CPC,0,0,TOTAL MOT,8,kg,19895980,FALSE,-1,N/A,,FALSE,19895980,FALSE,,FALSE,,2318111,2318111,0,TRUE,FALSE
C,A,19780101,1978,52,1978,890,YUG,Yugoslavia (...1991),M,Import,0,W00,World,0,W00,World,S1,S1,TRUE,5611,Nitrogenous fertilizers and materials nes,4,TRUE,C00,TOTAL CPC,0,0,TOTAL MOT,8,kg,210580512,FALSE,-1,N/A,,FALSE,210580512,FALSE,,FALSE,15263454,,15263454,0,TRUE,FALSE
C,A,19780101,1978,52,1978,890,YUG,Yugoslavia (...1991),X,Export,0,W00,World,0,W00,World,S1,S1,TRUE,5611,Nitrogenous fertilizers and materials nes,4,TRUE,C00,TOTAL CPC,0,0,TOTAL MOT,8,kg,72818696,FALSE,-1,N/A,,FALSE,72818696,FALSE,,FALSE,,7417862,7417862,0,TRUE,FALSE
C,A,19790101,1979,52,1979,32,ARG,Argentina,M,Import,0,W00,World,0,W00,World,S1,S1,TRUE,5611,Nitrogenous fertilizers and materials nes,4,TRUE,C00,TOTAL CPC,0,0,TOTAL MOT,8,kg,15807826,FALSE,-1,N/A,,FALSE,15807826,FALSE,,FALSE,3149588,,3149588,0,TRUE,FALSE
C,A,19790101,1979,52,1979,32,ARG,Argentina,X,Export,0,W00,World,0,W00,World,S1,S1,TRUE,5611,Nitrogenous fertilizers and materials nes,4,TRUE,C00,TOTAL CPC,0,0,TOTAL MOT,8,kg,798250,FALSE,-1,N/A,,FALSE,798250,FALSE,,FALSE,,124744,124744,0,TRUE,FALSE
C,A,19790101,1979,52,1979,52,BRB,Barbados,M,Import,0,W00,World,0,W00,World,S1,S1,TRUE,5611,Nitrogenous fertilizers and materials nes,4,TRUE,C00,TOTAL CPC,0,0,TOTAL MOT,-1,N/A,0,FALSE,-1,N/A,,FALSE,,FALSE,,FALSE,442956,,442956,0,TRUE,FALSE
C,A,19790101,1979,52,1979,52,BRB,Barbados,X,Export,0,W00,World,0,W00,World,S1,S1,TRUE,5611,Nitrogenous fertilizers and materials nes,4,TRUE,C00,TOTAL CPC,0,0,TOTAL MOT,8,kg,7125,FALSE,-1,N/A,,FALSE,7125,FALSE,,FALSE,,4460,4460,0,TRUE,FALSE
C,A,19790101,1979,52,1979,60,BMU,Bermuda,M,Import,0,W00,World,0,W00,World,S1,S1,TRUE,5611,Nitrogenous fertilizers and materials nes,4,TRUE,C00,TOTAL CPC,0,0,TOTAL MOT,8,kg,34734,FALSE,-1,N/A,,FALSE,34734,FALSE,,FALSE,9077,,9077,0,TRUE,FALSE
C,A,19790101,1979,52,1979,76,BRA,Brazil,M,Import,0,W00,World,0,W00,World,S1,S1,TRUE,5611,Nitrogenous fertilizers and materials nes,4,TRUE,C00,TOTAL CPC,0,0,TOTAL MOT,8,kg,1406325120,FALSE,-1,N/A,,FALSE,1406325120,FALSE,,FALSE,167594736,,167594736,0,TRUE,FALSE
C,A,19790101,1979,52,1979,76,BRA,Brazil,X,Export,0,W00,World,0,W00,World,S1,S1,TRUE,5611,Nitrogenous fertilizers and materials nes,4,TRUE,C00,TOTAL CPC,0,0,TOTAL MOT,8,kg,176573,FALSE,-1,N/A,,FALSE,176573,FALSE,,FALSE,,29448,29448,0,TRUE,FALSE
C,A,19790101,1979,52,1979,84,BLZ,Belize,M,Import,0,W00,World,0,W00,World,S1,S1,TRUE,5611,Nitrogenous fertilizers and materials nes,4,TRUE,C00,TOTAL CPC,0,0,TOTAL MOT,8,kg,1015124,FALSE,-1,N/A,,FALSE,1015124,FALSE,,FALSE,222000,,222000,0,TRUE,FALSE
C,A,19790101,1979,52,1979,96,BRN,Brunei Darussalam,M,Import,0,W00,World,0,W00,World,S1,S1,TRUE,5611,Nitrogenous fertilizers and materials nes,4,TRUE,C00,TOTAL CPC,0,0,TOTAL MOT,8,kg,585084,FALSE,-1,N/A,,FALSE,585084,FALSE,,FALSE,193356,,193356,0,TRUE,FALSE
C,A,19790101,1979,52,1979,152,CHL,Chile,M,Import,0,W00,World,0,W00,World,S1,S1,TRUE,5611,Nitrogenous fertilizers and materials nes,4,TRUE,C00,TOTAL CPC,0,0,TOTAL MOT,-1,N/A,0,FALSE,-1,N/A,,FALSE,,FALSE,,FALSE,15080792,,15080792,0,TRUE,FALSE
C,A,19790101,1979,52,1979,152,CHL,Chile,X,Export,0,W00,World,0,W00,World,S1,S1,TRUE,5611,Nitrogenous fertilizers and materials nes,4,TRUE,C00,TOTAL CPC,0,0,TOTAL MOT,-1,N/A,0,FALSE,-1,N/A,,FALSE,,FALSE,,FALSE,,29752640,29752640,0,TRUE,FALSE
C,A,19790101,1979,52,1979,188,CRI,Costa Rica,M,Import,0,W00,World,0,W00,World,S1,S1,TRUE,5611,Nitrogenous fertilizers and materials nes,4,TRUE,C00,TOTAL CPC,0,0,TOTAL MOT,8,kg,26517944,FALSE,-1,N/A,,FALSE,26517944,FALSE,,FALSE,5368728,,5368728,0,TRUE,FALSE
C,A,19790101,1979,52,1979,188,CRI,Costa Rica,X,Export,0,W00,World,0,W00,World,S1,S1,TRUE,5611,Nitrogenous fertilizers and materials nes,4,TRUE,C00,TOTAL CPC,0,0,TOTAL MOT,8,kg,150827,FALSE,-1,N/A,,FALSE,150827,FALSE,,FALSE,,42843,42843,0,TRUE,FALSE
C,A,19790101,1979,52,1979,204,BEN,Benin,M,Import,0,W00,World,0,W00,World,S1,S1,TRUE,5611,Nitrogenous fertilizers and materials nes,4,TRUE,C00,TOTAL CPC,0,0,TOTAL MOT,8,kg,1164500,FALSE,-1,N/A,,FALSE,1164500,FALSE,,FALSE,272911,,272911,0,TRUE,FALSE
C,A,19790101,1979,52,1979,212,DMA,Dominica,M,Import,0,W00,World,0,W00,World,S1,S1,TRUE,5611,Nitrogenous fertilizers and materials nes,4,TRUE,C00,TOTAL CPC,0,0,TOTAL MOT,8,kg,707109,FALSE,-1,N/A,,FALSE,707109,FALSE,,FALSE,100157,,100157,0,TRUE,FALSE
C,A,19790101,1979,52,1979,214,DOM,Dominican Rep.,M,Import,0,W00,World,0,W00,World,S1,S1,TRUE,5611,Nitrogenous fertilizers and materials nes,4,TRUE,C00,TOTAL CPC,0,0,TOTAL MOT,8,kg,126656400,FALSE,-1,N/A,,FALSE,126656400,FALSE,,FALSE,,13573027,13573027,0,TRUE,FALSE
C,A,19790101,1979,52,1979,214,DOM,Dominican Rep.,X,Export,0,W00,World,0,W00,World,S1,S1,TRUE,5611,Nitrogenous fertilizers and materials nes,4,TRUE,C00,TOTAL CPC,0,0,TOTAL MOT,8,kg,61736424,FALSE,-1,N/A,,FALSE,61736424,FALSE,,FALSE,,10715778,10715778,0,TRUE,FALSE
C,A,19790101,1979,52,1979,222,SLV,El Salvador,M,Import,0,W00,World,0,W00,World,S1,S1,TRUE,5611,Nitrogenous fertilizers and materials nes,4,TRUE,C00,TOTAL CPC,0,0,TOTAL MOT,8,kg,118154752,FALSE,-1,N/A,,FALSE,118154752,FALSE,,FALSE,12383233,,12383233,0,TRUE,FALSE
C,A,19790101,1979,52,1979,222,SLV,El Salvador,X,Export,0,W00,World,0,W00,World,S1,S1,TRUE,5611,Nitrogenous fertilizers and materials nes,4,TRUE,C00,TOTAL CPC,0,0,TOTAL MOT,8,kg,13336320,FALSE,-1,N/A,,FALSE,13336320,FALSE,,FALSE,,1922632,1922632,0,TRUE,FALSE
C,A,19790101,1979,52,1979,288,GHA,Ghana,M,Import,0,W00,World,0,W00,World,S1,S1,TRUE,5611,Nitrogenous fertilizers and materials nes,4,TRUE,C00,TOTAL CPC,0,0,TOTAL MOT,8,kg,30159908,FALSE,-1,N/A,,FALSE,30159908,FALSE,,FALSE,3215838,,3215838,0,TRUE,FALSE
C,A,19790101,1979,52,1979,296,KIR,Kiribati,M,Import,0,W00,World,0,W00,World,S1,S1,TRUE,5611,Nitrogenous fertilizers and materials nes,4,TRUE,C00,TOTAL CPC,0,0,TOTAL MOT,8,kg,16000,FALSE,-1,N/A,,FALSE,16000,FALSE,,FALSE,869,,869,0,TRUE,FALSE
C,A,19790101,1979,52,1979,308,GRD,Grenada,M,Import,0,W00,World,0,W00,World,S1,S1,TRUE,5611,Nitrogenous fertilizers and materials nes,4,TRUE,C00,TOTAL CPC,0,0,TOTAL MOT,8,kg,5617000,FALSE,-1,N/A,,FALSE,5617000,FALSE,,FALSE,867077,,867077,0,TRUE,FALSE
C,A,19790101,1979,52,1979,320,GTM,Guatemala,M,Import,0,W00,World,0,W00,World,S1,S1,TRUE,5611,Nitrogenous fertilizers and materials nes,4,TRUE,C00,TOTAL CPC,0,0,TOTAL MOT,8,kg,103273464,FALSE,-1,N/A,,FALSE,103273464,FALSE,,FALSE,17636622,,17636622,0,TRUE,FALSE
C,A,19790101,1979,52,1979,320,GTM,Guatemala,X,Export,0,W00,World,0,W00,World,S1,S1,TRUE,5611,Nitrogenous fertilizers and materials nes,4,TRUE,C00,TOTAL CPC,0,0,TOTAL MOT,8,kg,160038,FALSE,-1,N/A,,FALSE,160038,FALSE,,FALSE,,101593,101593,0,TRUE,FALSE
C,A,19790101,1979,52,1979,328,GUY,Guyana,M,Import,0,W00,World,0,W00,World,S1,S1,TRUE,5611,Nitrogenous fertilizers and materials nes,4,TRUE,C00,TOTAL CPC,0,0,TOTAL MOT,8,kg,29913416,FALSE,-1,N/A,,FALSE,29913416,FALSE,,FALSE,4411865,,4411865,0,TRUE,FALSE
C,A,19790101,1979,52,1979,340,HND,Honduras,M,Import,0,W00,World,0,W00,World,S1,S1,TRUE,5611,Nitrogenous fertilizers and materials nes,4,TRUE,C00,TOTAL CPC,0,0,TOTAL MOT,8,kg,38057276,FALSE,-1,N/A,,FALSE,38057276,FALSE,,FALSE,7259827,,7259827,0,TRUE,FALSE
C,A,19790101,1979,52,1979,340,HND,Honduras,X,Export,0,W00,World,0,W00,World,S1,S1,TRUE,5611,Nitrogenous fertilizers and materials nes,4,TRUE,C00,TOTAL CPC,0,0,TOTAL MOT,8,kg,4062,FALSE,-1,N/A,,FALSE,4062,FALSE,,FALSE,,856,856,0,TRUE,FALSE
C,A,19790101,1979,52,1979,376,ISR,Israel,M,Import,0,W00,World,0,W00,World,S1,S1,TRUE,5611,Nitrogenous fertilizers and materials nes,4,TRUE,C00,TOTAL CPC,0,0,TOTAL MOT,-1,N/A,0,FALSE,-1,N/A,,FALSE,,FALSE,,FALSE,2345316,,2345316,0,TRUE,FALSE
C,A,19790101,1979,52,1979,376,ISR,Israel,X,Export,0,W00,World,0,W00,World,S1,S1,TRUE,5611,Nitrogenous fertilizers and materials nes,4,TRUE,C00,TOTAL CPC,0,0,TOTAL MOT,8,kg,655296,FALSE,-1,N/A,,FALSE,655296,FALSE,,FALSE,,247375,247375,0,TRUE,FALSE
C,A,19790101,1979,52,1979,404,KEN,Kenya,M,Import,0,W00,World,0,W00,World,S1,S1,TRUE,5611,Nitrogenous fertilizers and materials nes,4,TRUE,C00,TOTAL CPC,0,0,TOTAL MOT,8,kg,38374536,FALSE,-1,N/A,,FALSE,38374536,FALSE,,FALSE,7669459,,7669459,0,TRUE,FALSE
C,A,19790101,1979,52,1979,404,KEN,Kenya,X,Export,0,W00,World,0,W00,World,S1,S1,TRUE,5611,Nitrogenous fertilizers and materials nes,4,TRUE,C00,TOTAL CPC,0,0,TOTAL MOT,8,kg,231270,FALSE,-1,N/A,,FALSE,231270,FALSE,,FALSE,,74139,74139,0,TRUE,FALSE
C,A,19790101,1979,52,1979,414,KWT,Kuwait,X,Export,0,W00,World,0,W00,World,S1,S1,TRUE,5611,Nitrogenous fertilizers and materials nes,4,TRUE,C00,TOTAL CPC,0,0,TOTAL MOT,8,kg,563862272,FALSE,-1,N/A,,FALSE,563862272,FALSE,,FALSE,,100911136,100911136,0,TRUE,FALSE
C,A,19790101,1979,52,1979,434,LBY,Libya,M,Import,0,W00,World,0,W00,World,S1,S1,TRUE,5611,Nitrogenous fertilizers and materials nes,4,TRUE,C00,TOTAL CPC,0,0,TOTAL MOT,8,kg,6317312,FALSE,-1,N/A,,FALSE,6317312,FALSE,,FALSE,2893073,,2893073,0,TRUE,FALSE
C,A,19790101,1979,52,1979,470,MLT,Malta,M,Import,0,W00,World,0,W00,World,S1,S1,TRUE,5611,Nitrogenous fertilizers and materials nes,4,TRUE,C00,TOTAL CPC,0,0,TOTAL MOT,8,kg,2135964,FALSE,-1,N/A,,FALSE,2135964,FALSE,,FALSE,297394,,297394,0,TRUE,FALSE
C,A,19790101,1979,52,1979,484,MEX,Mexico,M,Import,0,W00,World,0,W00,World,S1,S1,TRUE,5611,Nitrogenous fertilizers and materials nes,4,TRUE,C00,TOTAL CPC,0,0,TOTAL MOT,8,kg,166474304,FALSE,-1,N/A,,FALSE,166474304,FALSE,,FALSE,36661392,,36661392,0,TRUE,FALSE
C,A,19790101,1979,52,1979,484,MEX,Mexico,X,Export,0,W00,World,0,W00,World,S1,S1,TRUE,5611,Nitrogenous fertilizers and materials nes,4,TRUE,C00,TOTAL CPC,0,0,TOTAL MOT,8,kg,92302,FALSE,-1,N/A,,FALSE,92302,FALSE,,FALSE,,84431,84431,0,TRUE,FALSE
C,A,19790101,1979,52,1979,532,ANT,Netherlands Antilles and Aruba (...1985),M,Import,0,W00,World,0,W00,World,S1,S1,TRUE,5611,Nitrogenous fertilizers and materials nes,4,TRUE,C00,TOTAL CPC,0,0,TOTAL MOT,8,kg,207000,FALSE,-1,N/A,,FALSE,207000,FALSE,,FALSE,,76666,76666,0,TRUE,FALSE
C,A,19790101,1979,52,1979,558,NIC,Nicaragua,M,Import,0,W00,World,0,W00,World,S1,S1,TRUE,5611,Nitrogenous fertilizers and materials nes,4,TRUE,C00,TOTAL CPC,0,0,TOTAL MOT,8,kg,13994810,FALSE,-1,N/A,,FALSE,13994810,FALSE,,FALSE,3961120,,3961120,0,TRUE,FALSE
C,A,19790101,1979,52,1979,558,NIC,Nicaragua,X,Export,0,W00,World,0,W00,World,S1,S1,TRUE,5611,Nitrogenous fertilizers and materials nes,4,TRUE,C00,TOTAL CPC,0,0,TOTAL MOT,8,kg,7250,FALSE,-1,N/A,,FALSE,7250,FALSE,,FALSE,,13968,13968,0,TRUE,FALSE
C,A,19790101,1979,52,1979,566,NGA,Nigeria,M,Import,0,W00,World,0,W00,World,S1,S1,TRUE,5611,Nitrogenous fertilizers and materials nes,4,TRUE,C00,TOTAL CPC,0,0,TOTAL MOT,-1,N/A,0,FALSE,-1,N/A,,FALSE,,FALSE,,FALSE,6173391,,6173391,0,TRUE,FALSE
C,A,19790101,1979,52,1979,586,PAK,Pakistan,M,Import,0,W00,World,0,W00,World,S1,S1,TRUE,5611,Nitrogenous fertilizers and materials nes,4,TRUE,C00,TOTAL CPC,0,0,TOTAL MOT,8,kg,865481024,FALSE,-1,N/A,,FALSE,865481024,FALSE,,FALSE,174860256,,174860256,0,TRUE,FALSE
C,A,19790101,1979,52,1979,591,PAN,Panama,M,Import,0,W00,World,0,W00,World,S1,S1,TRUE,5611,Nitrogenous fertilizers and materials nes,4,TRUE,C00,TOTAL CPC,0,0,TOTAL MOT,8,kg,29186612,FALSE,-1,N/A,,FALSE,29186612,FALSE,,FALSE,5795166,,5795166,0,TRUE,FALSE
C,A,19790101,1979,52,1979,600,PRY,Paraguay,M,Import,0,W00,World,0,W00,World,S1,S1,TRUE,5611,Nitrogenous fertilizers and materials nes,4,TRUE,C00,TOTAL CPC,0,0,TOTAL MOT,8,kg,623987,FALSE,-1,N/A,,FALSE,623987,FALSE,,FALSE,157538,,157538,0,TRUE,FALSE
C,A,19790101,1979,52,1979,634,QAT,Qatar,X,Export,0,W00,World,0,W00,World,S1,S1,TRUE,5611,Nitrogenous fertilizers and materials nes,4,TRUE,C00,TOTAL CPC,0,0,TOTAL MOT,8,kg,471500000,FALSE,-1,N/A,,FALSE,471500000,FALSE,,FALSE,,71090560,71090560,0,TRUE,FALSE
C,A,19790101,1979,52,1979,658,KNA,"Saint Kitts, Nevis and Anguilla (...1980)",M,Import,0,W00,World,0,W00,World,S1,S1,TRUE,5611,Nitrogenous fertilizers and materials nes,4,TRUE,C00,TOTAL CPC,0,0,TOTAL MOT,8,kg,476769,FALSE,-1,N/A,,FALSE,476769,FALSE,,FALSE,71466,,71466,0,TRUE,FALSE
C,A,19790101,1979,52,1979,658,KNA,"Saint Kitts, Nevis and Anguilla (...1980)",X,Export,0,W00,World,0,W00,World,S1,S1,TRUE,5611,Nitrogenous fertilizers and materials nes,4,TRUE,C00,TOTAL CPC,0,0,TOTAL MOT,8,kg,50,FALSE,-1,N/A,,FALSE,50,FALSE,,FALSE,,11,11,0,TRUE,FALSE
C,A,19790101,1979,52,1979,662,LCA,Saint Lucia,M,Import,0,W00,World,0,W00,World,S1,S1,TRUE,5611,Nitrogenous fertilizers and materials nes,4,TRUE,C00,TOTAL CPC,0,0,TOTAL MOT,8,kg,6816000,FALSE,-1,N/A,,FALSE,6816000,FALSE,,FALSE,1224590,,1224590,0,TRUE,FALSE
C,A,19790101,1979,52,1979,690,SYC,Seychelles,M,Import,0,W00,World,0,W00,World,S1,S1,TRUE,5611,Nitrogenous fertilizers and materials nes,4,TRUE,C00,TOTAL CPC,0,0,TOTAL MOT,8,kg,205437,FALSE,-1,N/A,,FALSE,205437,FALSE,,FALSE,80012,,80012,0,TRUE,FALSE
C,A,19790101,1979,52,1979,736,SDN,Sudan (...2011),M,Import,0,W00,World,0,W00,World,S1,S1,TRUE,5611,Nitrogenous fertilizers and materials nes,4,TRUE,C00,TOTAL CPC,0,0,TOTAL MOT,8,kg,73594000,FALSE,-1,N/A,,FALSE,73594000,FALSE,,FALSE,12756096,,12756096,0,TRUE,FALSE
C,A,19790101,1979,52,1979,784,ARE,United Arab Emirates,M,Import,0,W00,World,0,W00,World,S1,S1,TRUE,5611,Nitrogenous fertilizers and materials nes,4,TRUE,C00,TOTAL CPC,0,0,TOTAL MOT,8,kg,623166,FALSE,-1,N/A,,FALSE,623166,FALSE,,FALSE,219025,,219025,0,TRUE,FALSE
C,A,19790101,1979,52,1979,788,TUN,Tunisia,M,Import,0,W00,World,0,W00,World,S1,S1,TRUE,5611,Nitrogenous fertilizers and materials nes,4,TRUE,C00,TOTAL CPC,0,0,TOTAL MOT,8,kg,96309392,FALSE,-1,N/A,,FALSE,96309392,FALSE,,FALSE,14475087,,14475087,0,TRUE,FALSE
C,A,19790101,1979,52,1979,788,TUN,Tunisia,X,Export,0,W00,World,0,W00,World,S1,S1,TRUE,5611,Nitrogenous fertilizers and materials nes,4,TRUE,C00,TOTAL CPC,0,0,TOTAL MOT,8,kg,2,FALSE,-1,N/A,,FALSE,2,FALSE,,FALSE,,46,46,0,TRUE,FALSE
C,A,19790101,1979,52,1979,792,TUR,TÅEkiye,M,Import,0,W00,World,0,W00,World,S1,S1,TRUE,5611,Nitrogenous fertilizers and materials nes,4,TRUE,C00,TOTAL CPC,0,0,TOTAL MOT,8,kg,979788224,FALSE,-1,N/A,,FALSE,979788224,FALSE,,FALSE,118505520,,118505520,0,TRUE,FALSE
C,A,19790101,1979,52,1979,818,EGY,Egypt,M,Import,0,W00,World,0,W00,World,S1,S1,TRUE,5611,Nitrogenous fertilizers and materials nes,4,TRUE,C00,TOTAL CPC,0,0,TOTAL MOT,8,kg,247036400,FALSE,-1,N/A,,FALSE,247036400,FALSE,,FALSE,16648350,,16648350,0,TRUE,FALSE
C,A,19790101,1979,52,1979,834,TZA,United Rep. of Tanzania,M,Import,0,W00,World,0,W00,World,S1,S1,TRUE,5611,Nitrogenous fertilizers and materials nes,4,TRUE,C00,TOTAL CPC,0,0,TOTAL MOT,8,kg,41364800,FALSE,-1,N/A,,FALSE,41364800,FALSE,,FALSE,3826819,,3826819,0,TRUE,FALSE
C,A,19790101,1979,52,1979,858,URY,Uruguay,M,Import,0,W00,World,0,W00,World,S1,S1,TRUE,5611,Nitrogenous fertilizers and materials nes,4,TRUE,C00,TOTAL CPC,0,0,TOTAL MOT,8,kg,28902108,FALSE,-1,N/A,,FALSE,28902108,FALSE,,FALSE,5941623,,5941623,0,TRUE,FALSE
C,A,19790101,1979,52,1979,862,VEN,Venezuela,M,Import,0,W00,World,0,W00,World,S1,S1,TRUE,5611,Nitrogenous fertilizers and materials nes,4,TRUE,C00,TOTAL CPC,0,0,TOTAL MOT,8,kg,285974496,FALSE,-1,N/A,,FALSE,285974496,FALSE,,FALSE,,41849676,41849676,0,TRUE,FALSE
C,A,19790101,1979,52,1979,862,VEN,Venezuela,X,Export,0,W00,World,0,W00,World,S1,S1,TRUE,5611,Nitrogenous fertilizers and materials nes,4,TRUE,C00,TOTAL CPC,0,0,TOTAL MOT,8,kg,151758704,FALSE,-1,N/A,,FALSE,151758704,FALSE,,FALSE,,18526348,18526348,0,TRUE,FALSE
C,A,19790101,1979,52,1979,890,YUG,Yugoslavia (...1991),M,Import,0,W00,World,0,W00,World,S1,S1,TRUE,5611,Nitrogenous fertilizers and materials nes,4,TRUE,C00,TOTAL CPC,0,0,TOTAL MOT,8,kg,208241952,FALSE,-1,N/A,,FALSE,208241952,FALSE,,FALSE,21164572,,21164572,0,TRUE,FALSE
C,A,19790101,1979,52,1979,890,YUG,Yugoslavia (...1991),X,Export,0,W00,World,0,W00,World,S1,S1,TRUE,5611,Nitrogenous fertilizers and materials nes,4,TRUE,C00,TOTAL CPC,0,0,TOTAL MOT,8,kg,46630000,FALSE,-1,N/A,,FALSE,46630000,FALSE,,FALSE,,5907869,5907869,0,TRUE,FALSE
C,A,19800101,1980,52,1980,44,BHS,Bahamas,M,Import,0,W00,World,0,W00,World,S1,S1,TRUE,5611,Nitrogenous fertilizers and materials nes,4,TRUE,C00,TOTAL CPC,0,0,TOTAL MOT,8,kg,3637542,FALSE,-1,N/A,,FALSE,3637542,FALSE,,FALSE,886395,,886395,0,TRUE,FALSE
C,A,19800101,1980,52,1980,44,BHS,Bahamas,X,Export,0,W00,World,0,W00,World,S1,S1,TRUE,5611,Nitrogenous fertilizers and materials nes,4,TRUE,C00,TOTAL CPC,0,0,TOTAL MOT,8,kg,1812,FALSE,-1,N/A,,FALSE,1812,FALSE,,FALSE,,659,659,0,TRUE,FALSE
C,A,19800101,1980,52,1980,60,BMU,Bermuda,M,Import,0,W00,World,0,W00,World,S1,S1,TRUE,5611,Nitrogenous fertilizers and materials nes,4,TRUE,C00,TOTAL CPC,0,0,TOTAL MOT,8,kg,3812,FALSE,-1,N/A,,FALSE,3812,FALSE,,FALSE,746,,746,0,TRUE,FALSE
C,A,19800101,1980,52,1980,76,BRA,Brazil,M,Import,0,W00,World,0,W00,World,S1,S1,TRUE,5611,Nitrogenous fertilizers and materials nes,4,TRUE,C00,TOTAL CPC,0,0,TOTAL MOT,8,kg,1429437568,FALSE,-1,N/A,,FALSE,1429437568,FALSE,,FALSE,225416496,,225416496,0,TRUE,FALSE
C,A,19800101,1980,52,1980,76,BRA,Brazil,X,Export,0,W00,World,0,W00,World,S1,S1,TRUE,5611,Nitrogenous fertilizers and materials nes,4,TRUE,C00,TOTAL CPC,0,0,TOTAL MOT,8,kg,443909,FALSE,-1,N/A,,FALSE,443909,FALSE,,FALSE,,168024,168024,0,TRUE,FALSE
C,A,19800101,1980,52,1980,84,BLZ,Belize,M,Import,0,W00,World,0,W00,World,S1,S1,TRUE,5611,Nitrogenous fertilizers and materials nes,4,TRUE,C00,TOTAL CPC,0,0,TOTAL MOT,8,kg,1541280,FALSE,-1,N/A,,FALSE,1541280,FALSE,,FALSE,318500,,318500,0,TRUE,FALSE
C,A,19800101,1980,52,1980,96,BRN,Brunei Darussalam,M,Import,0,W00,World,0,W00,World,S1,S1,TRUE,5611,Nitrogenous fertilizers and materials nes,4,TRUE,C00,TOTAL CPC,0,0,TOTAL MOT,8,kg,1112,FALSE,-1,N/A,,FALSE,1112,FALSE,,FALSE,430,,430,0,TRUE,FALSE
C,A,19800101,1980,52,1980,152,CHL,Chile,M,Import,0,W00,World,0,W00,World,S1,S1,TRUE,5611,Nitrogenous fertilizers and materials nes,4,TRUE,C00,TOTAL CPC,0,0,TOTAL MOT,8,kg,77757176,FALSE,-1,N/A,,FALSE,77757176,FALSE,,FALSE,19240036,,19240036,0,TRUE,FALSE
C,A,19800101,1980,52,1980,152,CHL,Chile,X,Export,0,W00,World,0,W00,World,S1,S1,TRUE,5611,Nitrogenous fertilizers and materials nes,4,TRUE,C00,TOTAL CPC,0,0,TOTAL MOT,8,kg,16,FALSE,-1,N/A,,FALSE,16,FALSE,,FALSE,,10,10,0,TRUE,FALSE
C,A,19800101,1980,52,1980,188,CRI,Costa Rica,M,Import,0,W00,World,0,W00,World,S1,S1,TRUE,5611,Nitrogenous fertilizers and materials nes,4,TRUE,C00,TOTAL CPC,0,0,TOTAL MOT,8,kg,24060820,FALSE,-1,N/A,,FALSE,24060820,FALSE,,FALSE,5800067,,5800067,0,TRUE,FALSE
C,A,19800101,1980,52,1980,188,CRI,Costa Rica,X,Export,0,W00,World,0,W00,World,S1,S1,TRUE,5611,Nitrogenous fertilizers and materials nes,4,TRUE,C00,TOTAL CPC,0,0,TOTAL MOT,8,kg,173289,FALSE,-1,N/A,,FALSE,173289,FALSE,,FALSE,,32995,32995,0,TRUE,FALSE
C,A,19800101,1980,52,1980,204,BEN,Benin,M,Import,0,W00,World,0,W00,World,S1,S1,TRUE,5611,Nitrogenous fertilizers and materials nes,4,TRUE,C00,TOTAL CPC,0,0,TOTAL MOT,8,kg,170000,FALSE,-1,N/A,,FALSE,170000,FALSE,,FALSE,50794,,50794,0,TRUE,FALSE
C,A,19800101,1980,52,1980,212,DMA,Dominica,M,Import,0,W00,World,0,W00,World,S1,S1,TRUE,5611,Nitrogenous fertilizers and materials nes,4,TRUE,C00,TOTAL CPC,0,0,TOTAL MOT,8,kg,5765000,FALSE,-1,N/A,,FALSE,5765000,FALSE,,FALSE,1145474,,1145474,0,TRUE,FALSE
C,A,19800101,1980,52,1980,214,DOM,Dominican Rep.,M,Import,0,W00,World,0,W00,World,S1,S1,TRUE,5611,Nitrogenous fertilizers and materials nes,4,TRUE,C00,TOTAL CPC,0,0,TOTAL MOT,8,kg,137844752,FALSE,-1,N/A,,FALSE,137844752,FALSE,,FALSE,,17349734,17349734,0,TRUE,FALSE
C,A,19800101,1980,52,1980,214,DOM,Dominican Rep.,X,Export,0,W00,World,0,W00,World,S1,S1,TRUE,5611,Nitrogenous fertilizers and materials nes,4,TRUE,C00,TOTAL CPC,0,0,TOTAL MOT,8,kg,83078200,FALSE,-1,N/A,,FALSE,83078200,FALSE,,FALSE,,19266868,19266868,0,TRUE,FALSE
C,A,19800101,1980,52,1980,222,SLV,El Salvador,M,Import,0,W00,World,0,W00,World,S1,S1,TRUE,5611,Nitrogenous fertilizers and materials nes,4,TRUE,C00,TOTAL CPC,0,0,TOTAL MOT,8,kg,145626640,FALSE,-1,N/A,,FALSE,145626640,FALSE,,FALSE,20483210,,20483210,0,TRUE,FALSE
C,A,19800101,1980,52,1980,270,GMB,Gambia,M,Import,0,W00,World,0,W00,World,S1,S1,TRUE,5611,Nitrogenous fertilizers and materials nes,4,TRUE,C00,TOTAL CPC,0,0,TOTAL MOT,-1,N/A,0,FALSE,-1,N/A,,FALSE,,FALSE,,FALSE,8175,,8175,0,TRUE,FALSE
C,A,19800101,1980,52,1980,288,GHA,Ghana,M,Import,0,W00,World,0,W00,World,S1,S1,TRUE,5611,Nitrogenous fertilizers and materials nes,4,TRUE,C00,TOTAL CPC,0,0,TOTAL MOT,8,kg,3096000,FALSE,-1,N/A,,FALSE,3096000,FALSE,,FALSE,494925,,494925,0,TRUE,FALSE
C,A,19800101,1980,52,1980,308,GRD,Grenada,M,Import,0,W00,World,0,W00,World,S1,S1,TRUE,5611,Nitrogenous fertilizers and materials nes,4,TRUE,C00,TOTAL CPC,0,0,TOTAL MOT,8,kg,3973000,FALSE,-1,N/A,,FALSE,3973000,FALSE,,FALSE,1028813,,1028813,0,TRUE,FALSE
C,A,19800101,1980,52,1980,320,GTM,Guatemala,M,Import,0,W00,World,0,W00,World,S1,S1,TRUE,5611,Nitrogenous fertilizers and materials nes,4,TRUE,C00,TOTAL CPC,0,0,TOTAL MOT,8,kg,128691664,FALSE,-1,N/A,,FALSE,128691664,FALSE,,FALSE,23675434,,23675434,0,TRUE,FALSE
C,A,19800101,1980,52,1980,320,GTM,Guatemala,X,Export,0,W00,World,0,W00,World,S1,S1,TRUE,5611,Nitrogenous fertilizers and materials nes,4,TRUE,C00,TOTAL CPC,0,0,TOTAL MOT,8,kg,27692936,FALSE,-1,N/A,,FALSE,27692936,FALSE,,FALSE,,4870137,4870137,0,TRUE,FALSE
C,A,19800101,1980,52,1980,340,HND,Honduras,M,Import,0,W00,World,0,W00,World,S1,S1,TRUE,5611,Nitrogenous fertilizers and materials nes,4,TRUE,C00,TOTAL CPC,0,0,TOTAL MOT,8,kg,62622112,FALSE,-1,N/A,,FALSE,62622112,FALSE,,FALSE,14299033,,14299033,0,TRUE,FALSE
C,A,19800101,1980,52,1980,340,HND,Honduras,X,Export,0,W00,World,0,W00,World,S1,S1,TRUE,5611,Nitrogenous fertilizers and materials nes,4,TRUE,C00,TOTAL CPC,0,0,TOTAL MOT,8,kg,600359,FALSE,-1,N/A,,FALSE,600359,FALSE,,FALSE,,129293,129293,0,TRUE,FALSE
C,A,19800101,1980,52,1980,376,ISR,Israel,M,Import,0,W00,World,0,W00,World,S1,S1,TRUE,5611,Nitrogenous fertilizers and materials nes,4,TRUE,C00,TOTAL CPC,0,0,TOTAL MOT,-1,N/A,0,FALSE,-1,N/A,,FALSE,,FALSE,,FALSE,5571250,,5571250,0,TRUE,FALSE
C,A,19800101,1980,52,1980,376,ISR,Israel,X,Export,0,W00,World,0,W00,World,S1,S1,TRUE,5611,Nitrogenous fertilizers and materials nes,4,TRUE,C00,TOTAL CPC,0,0,TOTAL MOT,8,kg,239138,FALSE,-1,N/A,,FALSE,239138,FALSE,,FALSE,,292745,292745,0,TRUE,FALSE
C,A,19800101,1980,52,1980,414,KWT,Kuwait,X,Export,0,W00,World,0,W00,World,S1,S1,TRUE,5611,Nitrogenous fertilizers and materials nes,4,TRUE,C00,TOTAL CPC,0,0,TOTAL MOT,8,kg,391811808,FALSE,-1,N/A,,FALSE,391811808,FALSE,,FALSE,,91290320,91290320,0,TRUE,FALSE
C,A,19800101,1980,52,1980,434,LBY,Libya,M,Import,0,W00,World,0,W00,World,S1,S1,TRUE,5611,Nitrogenous fertilizers and materials nes,4,TRUE,C00,TOTAL CPC,0,0,TOTAL MOT,8,kg,26016327,FALSE,-1,N/A,,FALSE,26016327,FALSE,,FALSE,8669341,,8669341,0,TRUE,FALSE
C,A,19800101,1980,52,1980,470,MLT,Malta,M,Import,0,W00,World,0,W00,World,S1,S1,TRUE,5611,Nitrogenous fertilizers and materials nes,4,TRUE,C00,TOTAL CPC,0,0,TOTAL MOT,8,kg,3050535,FALSE,-1,N/A,,FALSE,3050535,FALSE,,FALSE,537865,,537865,0,TRUE,FALSE
C,A,19800101,1980,52,1980,484,MEX,Mexico,M,Import,0,W00,World,0,W00,World,S1,S1,TRUE,5611,Nitrogenous fertilizers and materials nes,4,TRUE,C00,TOTAL CPC,0,0,TOTAL MOT,8,kg,135777088,FALSE,-1,N/A,,FALSE,135777088,FALSE,,FALSE,12140538,,12140538,0,TRUE,FALSE
C,A,19800101,1980,52,1980,484,MEX,Mexico,X,Export,0,W00,World,0,W00,World,S1,S1,TRUE,5611,Nitrogenous fertilizers and materials nes,4,TRUE,C00,TOTAL CPC,0,0,TOTAL MOT,8,kg,1520011,FALSE,-1,N/A,,FALSE,1520011,FALSE,,FALSE,,141284,141284,0,TRUE,FALSE
C,A,19800101,1980,52,1980,532,ANT,Netherlands Antilles and Aruba (...1985),M,Import,0,W00,World,0,W00,World,S1,S1,TRUE,5611,Nitrogenous fertilizers and materials nes,4,TRUE,C00,TOTAL CPC,0,0,TOTAL MOT,8,kg,31000,FALSE,-1,N/A,,FALSE,31000,FALSE,,FALSE,,12776,12776,0,TRUE,FALSE
C,A,19800101,1980,52,1980,558,NIC,Nicaragua,M,Import,0,W00,World,0,W00,World,S1,S1,TRUE,5611,Nitrogenous fertilizers and materials nes,4,TRUE,C00,TOTAL CPC,0,0,TOTAL MOT,8,kg,77302440,FALSE,-1,N/A,,FALSE,77302440,FALSE,,FALSE,16152493,,16152493,0,TRUE,FALSE
C,A,19800101,1980,52,1980,586,PAK,Pakistan,M,Import,0,W00,World,0,W00,World,S1,S1,TRUE,5611,Nitrogenous fertilizers and materials nes,4,TRUE,C00,TOTAL CPC,0,0,TOTAL MOT,8,kg,945214976,FALSE,-1,N/A,,FALSE,945214976,FALSE,,FALSE,249280736,,249280736,0,TRUE,FALSE
C,A,19800101,1980,52,1980,591,PAN,Panama,M,Import,0,W00,World,0,W00,World,S1,S1,TRUE,5611,Nitrogenous fertilizers and materials nes,4,TRUE,C00,TOTAL CPC,0,0,TOTAL MOT,8,kg,37585760,FALSE,-1,N/A,,FALSE,37585760,FALSE,,FALSE,9477484,,9477484,0,TRUE,FALSE
C,A,19800101,1980,52,1980,600,PRY,Paraguay,M,Import,0,W00,World,0,W00,World,S1,S1,TRUE,5611,Nitrogenous fertilizers and materials nes,4,TRUE,C00,TOTAL CPC,0,0,TOTAL MOT,8,kg,518767,FALSE,-1,N/A,,FALSE,518767,FALSE,,FALSE,166312,,166312,0,TRUE,FALSE
C,A,19800101,1980,52,1980,662,LCA,Saint Lucia,M,Import,0,W00,World,0,W00,World,S1,S1,TRUE,5611,Nitrogenous fertilizers and materials nes,4,TRUE,C00,TOTAL CPC,0,0,TOTAL MOT,8,kg,3528000,FALSE,-1,N/A,,FALSE,3528000,FALSE,,FALSE,838381,,838381,0,TRUE,FALSE
C,A,19800101,1980,52,1980,670,VCT,Saint Vincent and the Grenadines,M,Import,0,W00,World,0,W00,World,S1,S1,TRUE,5611,Nitrogenous fertilizers and materials nes,4,TRUE,C00,TOTAL CPC,0,0,TOTAL MOT,8,kg,4380361,FALSE,-1,N/A,,FALSE,4380361,FALSE,,FALSE,1076482,,1076482,0,TRUE,FALSE
C,A,19800101,1980,52,1980,736,SDN,Sudan (...2011),M,Import,0,W00,World,0,W00,World,S1,S1,TRUE,5611,Nitrogenous fertilizers and materials nes,4,TRUE,C00,TOTAL CPC,0,0,TOTAL MOT,8,kg,123125000,FALSE,-1,N/A,,FALSE,123125000,FALSE,,FALSE,31681180,,31681180,0,TRUE,FALSE
C,A,19800101,1980,52,1980,784,ARE,United Arab Emirates,M,Import,0,W00,World,0,W00,World,S1,S1,TRUE,5611,Nitrogenous fertilizers and materials nes,4,TRUE,C00,TOTAL CPC,0,0,TOTAL MOT,8,kg,3030559,FALSE,-1,N/A,,FALSE,3030559,FALSE,,FALSE,1084075,,1084075,0,TRUE,FALSE
C,A,19800101,1980,52,1980,792,TUR,TÅEkiye,M,Import,0,W00,World,0,W00,World,S1,S1,TRUE,5611,Nitrogenous fertilizers and materials nes,4,TRUE,C00,TOTAL CPC,0,0,TOTAL MOT,8,kg,963680064,FALSE,-1,N/A,,FALSE,963680064,FALSE,,FALSE,140777376,,140777376,0,TRUE,FALSE
C,A,19800101,1980,52,1980,818,EGY,Egypt,M,Import,0,W00,World,0,W00,World,S1,S1,TRUE,5611,Nitrogenous fertilizers and materials nes,4,TRUE,C00,TOTAL CPC,0,0,TOTAL MOT,8,kg,256724304,FALSE,-1,N/A,,FALSE,256724304,FALSE,,FALSE,26575432,,26575432,0,TRUE,FALSE
C,A,19800101,1980,52,1980,818,EGY,Egypt,X,Export,0,W00,World,0,W00,World,S1,S1,TRUE,5611,Nitrogenous fertilizers and materials nes,4,TRUE,C00,TOTAL CPC,0,0,TOTAL MOT,8,kg,11105000,FALSE,-1,N/A,,FALSE,11105000,FALSE,,FALSE,,1615972,1615972,0,TRUE,FALSE
C,A,19800101,1980,52,1980,834,TZA,United Rep. of Tanzania,M,Import,0,W00,World,0,W00,World,S1,S1,TRUE,5611,Nitrogenous fertilizers and materials nes,4,TRUE,C00,TOTAL CPC,0,0,TOTAL MOT,8,kg,56029240,FALSE,-1,N/A,,FALSE,56029240,FALSE,,FALSE,11430061,,11430061,0,TRUE,FALSE
C,A,19800101,1980,52,1980,858,URY,Uruguay,M,Import,0,W00,World,0,W00,World,S1,S1,TRUE,5611,Nitrogenous fertilizers and materials nes,4,TRUE,C00,TOTAL CPC,0,0,TOTAL MOT,-1,N/A,0,FALSE,-1,N/A,,FALSE,,FALSE,,FALSE,6462254,,6462254,0,TRUE,FALSE
C,A,19800101,1980,52,1980,858,URY,Uruguay,X,Export,0,W00,World,0,W00,World,S1,S1,TRUE,5611,Nitrogenous fertilizers and materials nes,4,TRUE,C00,TOTAL CPC,0,0,TOTAL MOT,8,kg,8125,FALSE,-1,N/A,,FALSE,8125,FALSE,,FALSE,,2105,2105,0,TRUE,FALSE
C,A,19800101,1980,52,1980,862,VEN,Venezuela,M,Import,0,W00,World,0,W00,World,S1,S1,TRUE,5611,Nitrogenous fertilizers and materials nes,4,TRUE,C00,TOTAL CPC,0,0,TOTAL MOT,8,kg,191497424,FALSE,-1,N/A,,FALSE,191497424,FALSE,,FALSE,,23655016,23655016,0,TRUE,FALSE
C,A,19800101,1980,52,1980,862,VEN,Venezuela,X,Export,0,W00,World,0,W00,World,S1,S1,TRUE,5611,Nitrogenous fertilizers and materials nes,4,TRUE,C00,TOTAL CPC,0,0,TOTAL MOT,8,kg,145246848,FALSE,-1,N/A,,FALSE,145246848,FALSE,,FALSE,,26657016,26657016,0,TRUE,FALSE
C,A,19800101,1980,52,1980,890,YUG,Yugoslavia (...1991),M,Import,0,W00,World,0,W00,World,S1,S1,TRUE,5611,Nitrogenous fertilizers and materials nes,4,TRUE,C00,TOTAL CPC,0,0,TOTAL MOT,8,kg,304050400,FALSE,-1,N/A,,FALSE,304050400,FALSE,,FALSE,37807524,,37807524,0,TRUE,FALSE
C,A,19800101,1980,52,1980,890,YUG,Yugoslavia (...1991),X,Export,0,W00,World,0,W00,World,S1,S1,TRUE,5611,Nitrogenous fertilizers and materials nes,4,TRUE,C00,TOTAL CPC,0,0,TOTAL MOT,8,kg,60471000,FALSE,-1,N/A,,FALSE,60471000,FALSE,,FALSE,,9530895,9530895,0,TRUE,FALSE
C,A,19810101,1981,52,1981,28,ATG,Antigua and Barbuda,M,Import,0,W00,World,0,W00,World,S1,S1,TRUE,5611,Nitrogenous fertilizers and materials nes,4,TRUE,C00,TOTAL CPC,0,0,TOTAL MOT,8,kg,17881,FALSE,-1,N/A,,FALSE,17881,FALSE,,FALSE,4109,,4109,0,TRUE,FALSE
C,A,19810101,1981,52,1981,44,BHS,Bahamas,M,Import,0,W00,World,0,W00,World,S1,S1,TRUE,5611,Nitrogenous fertilizers and materials nes,4,TRUE,C00,TOTAL CPC,0,0,TOTAL MOT,8,kg,3198808,FALSE,-1,N/A,,FALSE,3198808,FALSE,,FALSE,798335,,798335,0,TRUE,FALSE
C,A,19810101,1981,52,1981,44,BHS,Bahamas,X,Export,0,W00,World,0,W00,World,S1,S1,TRUE,5611,Nitrogenous fertilizers and materials nes,4,TRUE,C00,TOTAL CPC,0,0,TOTAL MOT,8,kg,1375,FALSE,-1,N/A,,FALSE,1375,FALSE,,FALSE,,449,449,0,TRUE,FALSE
C,A,19810101,1981,52,1981,60,BMU,Bermuda,M,Import,0,W00,World,0,W00,World,S1,S1,TRUE,5611,Nitrogenous fertilizers and materials nes,4,TRUE,C00,TOTAL CPC,0,0,TOTAL MOT,8,kg,19148,FALSE,-1,N/A,,FALSE,19148,FALSE,,FALSE,3830,,3830,0,TRUE,FALSE
C,A,19810101,1981,52,1981,76,BRA,Brazil,M,Import,0,W00,World,0,W00,World,S1,S1,TRUE,5611,Nitrogenous fertilizers and materials nes,4,TRUE,C00,TOTAL CPC,0,0,TOTAL MOT,8,kg,963700800,FALSE,-1,N/A,,FALSE,963700800,FALSE,,FALSE,152502416,,152502416,0,TRUE,FALSE
C,A,19810101,1981,52,1981,76,BRA,Brazil,X,Export,0,W00,World,0,W00,World,S1,S1,TRUE,5611,Nitrogenous fertilizers and materials nes,4,TRUE,C00,TOTAL CPC,0,0,TOTAL MOT,8,kg,591511,FALSE,-1,N/A,,FALSE,591511,FALSE,,FALSE,,229601,229601,0,TRUE,FALSE
C,A,19810101,1981,52,1981,96,BRN,Brunei Darussalam,M,Import,0,W00,World,0,W00,World,S1,S1,TRUE,5611,Nitrogenous fertilizers and materials nes,4,TRUE,C00,TOTAL CPC,0,0,TOTAL MOT,8,kg,302009,FALSE,-1,N/A,,FALSE,302009,FALSE,,FALSE,93963,,93963,0,TRUE,FALSE
C,A,19810101,1981,52,1981,152,CHL,Chile,M,Import,0,W00,World,0,W00,World,S1,S1,TRUE,5611,Nitrogenous fertilizers and materials nes,4,TRUE,C00,TOTAL CPC,0,0,TOTAL MOT,8,kg,86151192,FALSE,-1,N/A,,FALSE,86151192,FALSE,,FALSE,22691544,,22691544,0,TRUE,FALSE
C,A,19810101,1981,52,1981,188,CRI,Costa Rica,M,Import,0,W00,World,0,W00,World,S1,S1,TRUE,5611,Nitrogenous fertilizers and materials nes,4,TRUE,C00,TOTAL CPC,0,0,TOTAL MOT,8,kg,8719337,FALSE,-1,N/A,,FALSE,8719337,FALSE,,FALSE,2502819,,2502819,0,TRUE,FALSE
C,A,19810101,1981,52,1981,188,CRI,Costa Rica,X,Export,0,W00,World,0,W00,World,S1,S1,TRUE,5611,Nitrogenous fertilizers and materials nes,4,TRUE,C00,TOTAL CPC,0,0,TOTAL MOT,8,kg,3375,FALSE,-1,N/A,,FALSE,3375,FALSE,,FALSE,,2870,2870,0,TRUE,FALSE
C,A,19810101,1981,52,1981,214,DOM,Dominican Rep.,M,Import,0,W00,World,0,W00,World,S1,S1,TRUE,5611,Nitrogenous fertilizers and materials nes,4,TRUE,C00,TOTAL CPC,0,0,TOTAL MOT,8,kg,93965472,FALSE,-1,N/A,,FALSE,93965472,FALSE,,FALSE,,12883846,12883846,0,TRUE,FALSE
C,A,19810101,1981,52,1981,214,DOM,Dominican Rep.,X,Export,0,W00,World,0,W00,World,S1,S1,TRUE,5611,Nitrogenous fertilizers and materials nes,4,TRUE,C00,TOTAL CPC,0,0,TOTAL MOT,8,kg,58330468,FALSE,-1,N/A,,FALSE,58330468,FALSE,,FALSE,,14789788,14789788,0,TRUE,FALSE
C,A,19810101,1981,52,1981,222,SLV,El Salvador,M,Import,0,W00,World,0,W00,World,S1,S1,TRUE,5611,Nitrogenous fertilizers and materials nes,4,TRUE,C00,TOTAL CPC,0,0,TOTAL MOT,8,kg,159486464,FALSE,-1,N/A,,FALSE,159486464,FALSE,,FALSE,25507120,,25507120,0,TRUE,FALSE
C,A,19810101,1981,52,1981,288,GHA,Ghana,M,Import,0,W00,World,0,W00,World,S1,S1,TRUE,5611,Nitrogenous fertilizers and materials nes,4,TRUE,C00,TOTAL CPC,0,0,TOTAL MOT,8,kg,29571514,FALSE,-1,N/A,,FALSE,29571514,FALSE,,FALSE,8121890,,8121890,0,TRUE,FALSE
C,A,19810101,1981,52,1981,320,GTM,Guatemala,M,Import,0,W00,World,0,W00,World,S1,S1,TRUE,5611,Nitrogenous fertilizers and materials nes,4,TRUE,C00,TOTAL CPC,0,0,TOTAL MOT,8,kg,99006064,FALSE,-1,N/A,,FALSE,99006064,FALSE,,FALSE,31824704,,31824704,0,TRUE,FALSE
C,A,19810101,1981,52,1981,320,GTM,Guatemala,X,Export,0,W00,World,0,W00,World,S1,S1,TRUE,5611,Nitrogenous fertilizers and materials nes,4,TRUE,C00,TOTAL CPC,0,0,TOTAL MOT,8,kg,56236264,FALSE,-1,N/A,,FALSE,56236264,FALSE,,FALSE,,4496122,4496122,0,TRUE,FALSE
C,A,19810101,1981,52,1981,340,HND,Honduras,M,Import,0,W00,World,0,W00,World,S1,S1,TRUE,5611,Nitrogenous fertilizers and materials nes,4,TRUE,C00,TOTAL CPC,0,0,TOTAL MOT,8,kg,53534332,FALSE,-1,N/A,,FALSE,53534332,FALSE,,FALSE,14592789,,14592789,0,TRUE,FALSE
C,A,19810101,1981,52,1981,414,KWT,Kuwait,M,Import,0,W00,World,0,W00,World,S1,S1,TRUE,5611,Nitrogenous fertilizers and materials nes,4,TRUE,C00,TOTAL CPC,0,0,TOTAL MOT,8,kg,18000,FALSE,-1,N/A,,FALSE,18000,FALSE,,FALSE,2153,,2153,0,TRUE,FALSE
C,A,19810101,1981,52,1981,414,KWT,Kuwait,X,Export,0,W00,World,0,W00,World,S1,S1,TRUE,5611,Nitrogenous fertilizers and materials nes,4,TRUE,C00,TOTAL CPC,0,0,TOTAL MOT,8,kg,170879664,FALSE,-1,N/A,,FALSE,170879664,FALSE,,FALSE,,42931384,42931384,0,TRUE,FALSE
C,A,19810101,1981,52,1981,434,LBY,Libya,M,Import,0,W00,World,0,W00,World,S1,S1,TRUE,5611,Nitrogenous fertilizers and materials nes,4,TRUE,C00,TOTAL CPC,0,0,TOTAL MOT,8,kg,77968,FALSE,-1,N/A,,FALSE,77968,FALSE,,FALSE,23999,,23999,0,TRUE,FALSE
C,A,19810101,1981,52,1981,470,MLT,Malta,M,Import,0,W00,World,0,W00,World,S1,S1,TRUE,5611,Nitrogenous fertilizers and materials nes,4,TRUE,C00,TOTAL CPC,0,0,TOTAL MOT,8,kg,887468,FALSE,-1,N/A,,FALSE,887468,FALSE,,FALSE,219106,,219106,0,TRUE,FALSE
C,A,19810101,1981,52,1981,484,MEX,Mexico,M,Import,0,W00,World,0,W00,World,S1,S1,TRUE,5611,Nitrogenous fertilizers and materials nes,4,TRUE,C00,TOTAL CPC,0,0,TOTAL MOT,8,kg,158234256,FALSE,-1,N/A,,FALSE,158234256,FALSE,,FALSE,15154718,,15154718,0,TRUE,FALSE
C,A,19810101,1981,52,1981,484,MEX,Mexico,X,Export,0,W00,World,0,W00,World,S1,S1,TRUE,5611,Nitrogenous fertilizers and materials nes,4,TRUE,C00,TOTAL CPC,0,0,TOTAL MOT,8,kg,520375,FALSE,-1,N/A,,FALSE,520375,FALSE,,FALSE,,39451,39451,0,TRUE,FALSE
C,A,19810101,1981,52,1981,532,ANT,Netherlands Antilles and Aruba (...1985),M,Import,0,W00,World,0,W00,World,S1,S1,TRUE,5611,Nitrogenous fertilizers and materials nes,4,TRUE,C00,TOTAL CPC,0,0,TOTAL MOT,8,kg,20000,FALSE,-1,N/A,,FALSE,20000,FALSE,,FALSE,,16111,16111,0,TRUE,FALSE
C,A,19810101,1981,52,1981,558,NIC,Nicaragua,M,Import,0,W00,World,0,W00,World,S1,S1,TRUE,5611,Nitrogenous fertilizers and materials nes,4,TRUE,C00,TOTAL CPC,0,0,TOTAL MOT,8,kg,69065304,FALSE,-1,N/A,,FALSE,69065304,FALSE,,FALSE,14310738,,14310738,0,TRUE,FALSE
C,A,19810101,1981,52,1981,566,NGA,Nigeria,M,Import,0,W00,World,0,W00,World,S1,S1,TRUE,5611,Nitrogenous fertilizers and materials nes,4,TRUE,C00,TOTAL CPC,0,0,TOTAL MOT,8,kg,1452996992,FALSE,-1,N/A,,FALSE,1452996992,FALSE,,FALSE,22387140,,22387140,0,TRUE,FALSE
C,A,19810101,1981,52,1981,586,PAK,Pakistan,M,Import,0,W00,World,0,W00,World,S1,S1,TRUE,5611,Nitrogenous fertilizers and materials nes,4,TRUE,C00,TOTAL CPC,0,0,TOTAL MOT,8,kg,368144000,FALSE,-1,N/A,,FALSE,368144000,FALSE,,FALSE,104875912,,104875912,0,TRUE,FALSE
C,A,19810101,1981,52,1981,586,PAK,Pakistan,X,Export,0,W00,World,0,W00,World,S1,S1,TRUE,5611,Nitrogenous fertilizers and materials nes,4,TRUE,C00,TOTAL CPC,0,0,TOTAL MOT,8,kg,2971000,FALSE,-1,N/A,,FALSE,2971000,FALSE,,FALSE,,781329,781329,0,TRUE,FALSE
C,A,19810101,1981,52,1981,591,PAN,Panama,M,Import,0,W00,World,0,W00,World,S1,S1,TRUE,5611,Nitrogenous fertilizers and materials nes,4,TRUE,C00,TOTAL CPC,0,0,TOTAL MOT,8,kg,23939856,FALSE,-1,N/A,,FALSE,23939856,FALSE,,FALSE,6191903,,6191903,0,TRUE,FALSE
C,A,19810101,1981,52,1981,600,PRY,Paraguay,M,Import,0,W00,World,0,W00,World,S1,S1,TRUE,5611,Nitrogenous fertilizers and materials nes,4,TRUE,C00,TOTAL CPC,0,0,TOTAL MOT,8,kg,1039027,FALSE,-1,N/A,,FALSE,1039027,FALSE,,FALSE,359998,,359998,0,TRUE,FALSE
C,A,19810101,1981,52,1981,659,KNA,Saint Kitts and Nevis,M,Import,0,W00,World,0,W00,World,S1,S1,TRUE,5611,Nitrogenous fertilizers and materials nes,4,TRUE,C00,TOTAL CPC,0,0,TOTAL MOT,-1,N/A,0,FALSE,-1,N/A,,FALSE,,FALSE,,FALSE,199845,,199845,0,TRUE,FALSE
C,A,19810101,1981,52,1981,736,SDN,Sudan (...2011),M,Import,0,W00,World,0,W00,World,S1,S1,TRUE,5611,Nitrogenous fertilizers and materials nes,4,TRUE,C00,TOTAL CPC,0,0,TOTAL MOT,8,kg,69391000,FALSE,-1,N/A,,FALSE,69391000,FALSE,,FALSE,25907416,,25907416,0,TRUE,FALSE
C,A,19810101,1981,52,1981,784,ARE,United Arab Emirates,M,Import,0,W00,World,0,W00,World,S1,S1,TRUE,5611,Nitrogenous fertilizers and materials nes,4,TRUE,C00,TOTAL CPC,0,0,TOTAL MOT,8,kg,2637872,FALSE,-1,N/A,,FALSE,2637872,FALSE,,FALSE,1281581,,1281581,0,TRUE,FALSE
C,A,19810101,1981,52,1981,784,ARE,United Arab Emirates,X,Export,0,W00,World,0,W00,World,S1,S1,TRUE,5611,Nitrogenous fertilizers and materials nes,4,TRUE,C00,TOTAL CPC,0,0,TOTAL MOT,8,kg,2000,FALSE,-1,N/A,,FALSE,2000,FALSE,,FALSE,,6101,6101,0,TRUE,FALSE
C,A,19810101,1981,52,1981,792,TUR,TÅEkiye,M,Import,0,W00,World,0,W00,World,S1,S1,TRUE,5611,Nitrogenous fertilizers and materials nes,4,TRUE,C00,TOTAL CPC,0,0,TOTAL MOT,8,kg,548591488,FALSE,-1,N/A,,FALSE,548591488,FALSE,,FALSE,89237168,,89237168,0,TRUE,FALSE
C,A,19810101,1981,52,1981,834,TZA,United Rep. of Tanzania,M,Import,0,W00,World,0,W00,World,S1,S1,TRUE,5611,Nitrogenous fertilizers and materials nes,4,TRUE,C00,TOTAL CPC,0,0,TOTAL MOT,8,kg,23328628,FALSE,-1,N/A,,FALSE,23328628,FALSE,,FALSE,4659311,,4659311,0,TRUE,FALSE
C,A,19810101,1981,52,1981,858,URY,Uruguay,M,Import,0,W00,World,0,W00,World,S1,S1,TRUE,5611,Nitrogenous fertilizers and materials nes,4,TRUE,C00,TOTAL CPC,0,0,TOTAL MOT,-1,N/A,0,FALSE,-1,N/A,,FALSE,,FALSE,,FALSE,6234974,,6234974,0,TRUE,FALSE
C,A,19810101,1981,52,1981,862,VEN,Venezuela,M,Import,0,W00,World,0,W00,World,S1,S1,TRUE,5611,Nitrogenous fertilizers and materials nes,4,TRUE,C00,TOTAL CPC,0,0,TOTAL MOT,8,kg,35566584,FALSE,-1,N/A,,FALSE,35566584,FALSE,,FALSE,,6849291,6849291,0,TRUE,FALSE
C,A,19810101,1981,52,1981,862,VEN,Venezuela,X,Export,0,W00,World,0,W00,World,S1,S1,TRUE,5611,Nitrogenous fertilizers and materials nes,4,TRUE,C00,TOTAL CPC,0,0,TOTAL MOT,8,kg,226104864,FALSE,-1,N/A,,FALSE,226104864,FALSE,,FALSE,,43350584,43350584,0,TRUE,FALSE
C,A,19810101,1981,52,1981,890,YUG,Yugoslavia (...1991),M,Import,0,W00,World,0,W00,World,S1,S1,TRUE,5611,Nitrogenous fertilizers and materials nes,4,TRUE,C00,TOTAL CPC,0,0,TOTAL MOT,8,kg,375070016,FALSE,-1,N/A,,FALSE,375070016,FALSE,,FALSE,57854916,,57854916,0,TRUE,FALSE
C,A,19810101,1981,52,1981,890,YUG,Yugoslavia (...1991),X,Export,0,W00,World,0,W00,World,S1,S1,TRUE,5611,Nitrogenous fertilizers and materials nes,4,TRUE,C00,TOTAL CPC,0,0,TOTAL MOT,8,kg,91434000,FALSE,-1,N/A,,FALSE,91434000,FALSE,,FALSE,,14793277,14793277,0,TRUE,FALSE
C,A,19820101,1982,52,1982,44,BHS,Bahamas,M,Import,0,W00,World,0,W00,World,S1,S1,TRUE,5611,Nitrogenous fertilizers and materials nes,4,TRUE,C00,TOTAL CPC,0,0,TOTAL MOT,8,kg,3718761,FALSE,-1,N/A,,FALSE,3718761,FALSE,,FALSE,1027832,,1027832,0,TRUE,FALSE
C,A,19820101,1982,52,1982,60,BMU,Bermuda,M,Import,0,W00,World,0,W00,World,S1,S1,TRUE,5611,Nitrogenous fertilizers and materials nes,4,TRUE,C00,TOTAL CPC,0,0,TOTAL MOT,8,kg,2419,FALSE,-1,N/A,,FALSE,2419,FALSE,,FALSE,26271,,26271,0,TRUE,FALSE
C,A,19820101,1982,52,1982,76,BRA,Brazil,M,Import,0,W00,World,0,W00,World,S1,S1,TRUE,5611,Nitrogenous fertilizers and materials nes,4,TRUE,C00,TOTAL CPC,0,0,TOTAL MOT,8,kg,881420032,FALSE,-1,N/A,,FALSE,881420032,FALSE,,FALSE,92616824,,92616824,0,TRUE,FALSE
C,A,19820101,1982,52,1982,84,BLZ,Belize,M,Import,0,W00,World,0,W00,World,S1,S1,TRUE,5611,Nitrogenous fertilizers and materials nes,4,TRUE,C00,TOTAL CPC,0,0,TOTAL MOT,8,kg,1388000,FALSE,-1,N/A,,FALSE,1388000,FALSE,,FALSE,302217,,302217,0,TRUE,FALSE
C,A,19820101,1982,52,1982,96,BRN,Brunei Darussalam,M,Import,0,W00,World,0,W00,World,S1,S1,TRUE,5611,Nitrogenous fertilizers and materials nes,4,TRUE,C00,TOTAL CPC,0,0,TOTAL MOT,8,kg,94814,FALSE,-1,N/A,,FALSE,94814,FALSE,,FALSE,33359,,33359,0,TRUE,FALSE
C,A,19820101,1982,52,1982,44,BHS,Bahamas,X,Export,0,W00,World,0,W00,World,S1,S1,TRUE,5611,Nitrogenous fertilizers and materials nes,4,TRUE,C00,TOTAL CPC,0,0,TOTAL MOT,8,kg,722,FALSE,-1,N/A,,FALSE,722,FALSE,,FALSE,,498,498,0,TRUE,FALSE
C,A,19820101,1982,52,1982,76,BRA,Brazil,X,Export,0,W00,World,0,W00,World,S1,S1,TRUE,5611,Nitrogenous fertilizers and materials nes,4,TRUE,C00,TOTAL CPC,0,0,TOTAL MOT,8,kg,2009562,FALSE,-1,N/A,,FALSE,2009562,FALSE,,FALSE,,415115,415115,0,TRUE,FALSE
C,A,19820101,1982,52,1982,152,CHL,Chile,M,Import,0,W00,World,0,W00,World,S1,S1,TRUE,5611,Nitrogenous fertilizers and materials nes,4,TRUE,C00,TOTAL CPC,0,0,TOTAL MOT,8,kg,34478580,FALSE,-1,N/A,,FALSE,34478580,FALSE,,FALSE,6378101,,6378101,0,TRUE,FALSE
C,A,19820101,1982,52,1982,188,CRI,Costa Rica,M,Import,0,W00,World,0,W00,World,S1,S1,TRUE,5611,Nitrogenous fertilizers and materials nes,4,TRUE,C00,TOTAL CPC,0,0,TOTAL MOT,8,kg,22109448,FALSE,-1,N/A,,FALSE,22109448,FALSE,,FALSE,4860985,,4860985,0,TRUE,FALSE
C,A,19820101,1982,52,1982,204,BEN,Benin,M,Import,0,W00,World,0,W00,World,S1,S1,TRUE,5611,Nitrogenous fertilizers and materials nes,4,TRUE,C00,TOTAL CPC,0,0,TOTAL MOT,8,kg,11357495,FALSE,-1,N/A,,FALSE,11357495,FALSE,,FALSE,3123778,,3123778,0,TRUE,FALSE
C,A,19820101,1982,52,1982,214,DOM,Dominican Rep.,M,Import,0,W00,World,0,W00,World,S1,S1,TRUE,5611,Nitrogenous fertilizers and materials nes,4,TRUE,C00,TOTAL CPC,0,0,TOTAL MOT,8,kg,118632280,FALSE,-1,N/A,,FALSE,118632280,FALSE,,FALSE,,12257249,12257249,0,TRUE,FALSE
C,A,19820101,1982,52,1982,188,CRI,Costa Rica,X,Export,0,W00,World,0,W00,World,S1,S1,TRUE,5611,Nitrogenous fertilizers and materials nes,4,TRUE,C00,TOTAL CPC,0,0,TOTAL MOT,8,kg,24882,FALSE,-1,N/A,,FALSE,24882,FALSE,,FALSE,,1235,1235,0,TRUE,FALSE
C,A,19820101,1982,52,1982,214,DOM,Dominican Rep.,X,Export,0,W00,World,0,W00,World,S1,S1,TRUE,5611,Nitrogenous fertilizers and materials nes,4,TRUE,C00,TOTAL CPC,0,0,TOTAL MOT,8,kg,40119304,FALSE,-1,N/A,,FALSE,40119304,FALSE,,FALSE,,7378841,7378841,0,TRUE,FALSE
C,A,19820101,1982,52,1982,222,SLV,El Salvador,M,Import,0,W00,World,0,W00,World,S1,S1,TRUE,5611,Nitrogenous fertilizers and materials nes,4,TRUE,C00,TOTAL CPC,0,0,TOTAL MOT,8,kg,106806168,FALSE,-1,N/A,,FALSE,106806168,FALSE,,FALSE,11318781,,11318781,0,TRUE,FALSE
C,A,19820101,1982,52,1982,222,SLV,El Salvador,X,Export,0,W00,World,0,W00,World,S1,S1,TRUE,5611,Nitrogenous fertilizers and materials nes,4,TRUE,C00,TOTAL CPC,0,0,TOTAL MOT,8,kg,20800,FALSE,-1,N/A,,FALSE,20800,FALSE,,FALSE,,46328,46328,0,TRUE,FALSE
C,A,19820101,1982,52,1982,288,GHA,Ghana,M,Import,0,W00,World,0,W00,World,S1,S1,TRUE,5611,Nitrogenous fertilizers and materials nes,4,TRUE,C00,TOTAL CPC,0,0,TOTAL MOT,8,kg,863632,FALSE,-1,N/A,,FALSE,863632,FALSE,,FALSE,313360,,313360,0,TRUE,FALSE
C,A,19820101,1982,52,1982,320,GTM,Guatemala,M,Import,0,W00,World,0,W00,World,S1,S1,TRUE,5611,Nitrogenous fertilizers and materials nes,4,TRUE,C00,TOTAL CPC,0,0,TOTAL MOT,8,kg,64207824,FALSE,-1,N/A,,FALSE,64207824,FALSE,,FALSE,13382485,,13382485,0,TRUE,FALSE
C,A,19820101,1982,52,1982,340,HND,Honduras,M,Import,0,W00,World,0,W00,World,S1,S1,TRUE,5611,Nitrogenous fertilizers and materials nes,4,TRUE,C00,TOTAL CPC,0,0,TOTAL MOT,8,kg,37985608,FALSE,-1,N/A,,FALSE,37985608,FALSE,,FALSE,8099877,,8099877,0,TRUE,FALSE
C,A,19820101,1982,52,1982,320,GTM,Guatemala,X,Export,0,W00,World,0,W00,World,S1,S1,TRUE,5611,Nitrogenous fertilizers and materials nes,4,TRUE,C00,TOTAL CPC,0,0,TOTAL MOT,8,kg,58608856,FALSE,-1,N/A,,FALSE,58608856,FALSE,,FALSE,,5016902,5016902,0,TRUE,FALSE
C,A,19820101,1982,52,1982,414,KWT,Kuwait,M,Import,0,W00,World,0,W00,World,S1,S1,TRUE,5611,Nitrogenous fertilizers and materials nes,4,TRUE,C00,TOTAL CPC,0,0,TOTAL MOT,8,kg,61,FALSE,-1,N/A,,FALSE,61,FALSE,,FALSE,1059,,1059,0,TRUE,FALSE
C,A,19820101,1982,52,1982,434,LBY,Libya,M,Import,0,W00,World,0,W00,World,S1,S1,TRUE,5611,Nitrogenous fertilizers and materials nes,4,TRUE,C00,TOTAL CPC,0,0,TOTAL MOT,8,kg,2853561,FALSE,-1,N/A,,FALSE,2853561,FALSE,,FALSE,659162,,659162,0,TRUE,FALSE
C,A,19820101,1982,52,1982,470,MLT,Malta,M,Import,0,W00,World,0,W00,World,S1,S1,TRUE,5611,Nitrogenous fertilizers and materials nes,4,TRUE,C00,TOTAL CPC,0,0,TOTAL MOT,8,kg,500699,FALSE,-1,N/A,,FALSE,500699,FALSE,,FALSE,82785,,82785,0,TRUE,FALSE
C,A,19820101,1982,52,1982,484,MEX,Mexico,M,Import,0,W00,World,0,W00,World,S1,S1,TRUE,5611,Nitrogenous fertilizers and materials nes,4,TRUE,C00,TOTAL CPC,0,0,TOTAL MOT,8,kg,125097144,FALSE,-1,N/A,,FALSE,125097144,FALSE,,FALSE,15110004,,15110004,0,TRUE,FALSE
C,A,19820101,1982,52,1982,414,KWT,Kuwait,X,Export,0,W00,World,0,W00,World,S1,S1,TRUE,5611,Nitrogenous fertilizers and materials nes,4,TRUE,C00,TOTAL CPC,0,0,TOTAL MOT,8,kg,1368991,FALSE,-1,N/A,,FALSE,1368991,FALSE,,FALSE,,346051,346051,0,TRUE,FALSE
C,A,19820101,1982,52,1982,484,MEX,Mexico,X,Export,0,W00,World,0,W00,World,S1,S1,TRUE,5611,Nitrogenous fertilizers and materials nes,4,TRUE,C00,TOTAL CPC,0,0,TOTAL MOT,8,kg,6319112,FALSE,-1,N/A,,FALSE,6319112,FALSE,,FALSE,,704469,704469,0,TRUE,FALSE
C,A,19820101,1982,52,1982,532,ANT,Netherlands Antilles and Aruba (...1985),M,Import,0,W00,World,0,W00,World,S1,S1,TRUE,5611,Nitrogenous fertilizers and materials nes,4,TRUE,C00,TOTAL CPC,0,0,TOTAL MOT,8,kg,20765,FALSE,-1,N/A,,FALSE,20765,FALSE,,FALSE,,14999,14999,0,TRUE,FALSE
C,A,19820101,1982,52,1982,558,NIC,Nicaragua,M,Import,0,W00,World,0,W00,World,S1,S1,TRUE,5611,Nitrogenous fertilizers and materials nes,4,TRUE,C00,TOTAL CPC,0,0,TOTAL MOT,8,kg,42611696,FALSE,-1,N/A,,FALSE,42611696,FALSE,,FALSE,7500975,,7500975,0,TRUE,FALSE
C,A,19820101,1982,52,1982,591,PAN,Panama,M,Import,0,W00,World,0,W00,World,S1,S1,TRUE,5611,Nitrogenous fertilizers and materials nes,4,TRUE,C00,TOTAL CPC,0,0,TOTAL MOT,8,kg,17216674,FALSE,-1,N/A,,FALSE,17216674,FALSE,,FALSE,4066168,,4066168,0,TRUE,FALSE
C,A,19820101,1982,52,1982,600,PRY,Paraguay,M,Import,0,W00,World,0,W00,World,S1,S1,TRUE,5611,Nitrogenous fertilizers and materials nes,4,TRUE,C00,TOTAL CPC,0,0,TOTAL MOT,8,kg,745201,FALSE,-1,N/A,,FALSE,745201,FALSE,,FALSE,279416,,279416,0,TRUE,FALSE
C,A,19820101,1982,52,1982,659,KNA,Saint Kitts and Nevis,M,Import,0,W00,World,0,W00,World,S1,S1,TRUE,5611,Nitrogenous fertilizers and materials nes,4,TRUE,C00,TOTAL CPC,0,0,TOTAL MOT,8,kg,902750,FALSE,-1,N/A,,FALSE,902750,FALSE,,FALSE,152759,,152759,0,TRUE,FALSE
C,A,19820101,1982,52,1982,736,SDN,Sudan (...2011),M,Import,0,W00,World,0,W00,World,S1,S1,TRUE,5611,Nitrogenous fertilizers and materials nes,4,TRUE,C00,TOTAL CPC,0,0,TOTAL MOT,8,kg,65004000,FALSE,-1,N/A,,FALSE,65004000,FALSE,,FALSE,11682091,,11682091,0,TRUE,FALSE
C,A,19820101,1982,52,1982,784,ARE,United Arab Emirates,M,Import,0,W00,World,0,W00,World,S1,S1,TRUE,5611,Nitrogenous fertilizers and materials nes,4,TRUE,C00,TOTAL CPC,0,0,TOTAL MOT,8,kg,5409721,FALSE,-1,N/A,,FALSE,5409721,FALSE,,FALSE,2220446,,2220446,0,TRUE,FALSE
C,A,19820101,1982,52,1982,792,TUR,TÅEkiye,M,Import,0,W00,World,0,W00,World,S1,S1,TRUE,5611,Nitrogenous fertilizers and materials nes,4,TRUE,C00,TOTAL CPC,0,0,TOTAL MOT,8,kg,342176192,FALSE,-1,N/A,,FALSE,342176192,FALSE,,FALSE,39886192,,39886192,0,TRUE,FALSE
C,A,19820101,1982,52,1982,858,URY,Uruguay,M,Import,0,W00,World,0,W00,World,S1,S1,TRUE,5611,Nitrogenous fertilizers and materials nes,4,TRUE,C00,TOTAL CPC,0,0,TOTAL MOT,-1,N/A,0,FALSE,-1,N/A,,FALSE,,FALSE,,FALSE,5394609,,5394609,0,TRUE,FALSE
C,A,19820101,1982,52,1982,890,YUG,Yugoslavia (...1991),M,Import,0,W00,World,0,W00,World,S1,S1,TRUE,5611,Nitrogenous fertilizers and materials nes,4,TRUE,C00,TOTAL CPC,0,0,TOTAL MOT,8,kg,422044992,FALSE,-1,N/A,,FALSE,422044992,FALSE,,FALSE,61020240,,61020240,0,TRUE,FALSE
C,A,19820101,1982,52,1982,858,URY,Uruguay,X,Export,0,W00,World,0,W00,World,S1,S1,TRUE,5611,Nitrogenous fertilizers and materials nes,4,TRUE,C00,TOTAL CPC,0,0,TOTAL MOT,8,kg,18500,FALSE,-1,N/A,,FALSE,18500,FALSE,,FALSE,,5030,5030,0,TRUE,FALSE
C,A,19820101,1982,52,1982,890,YUG,Yugoslavia (...1991),X,Export,0,W00,World,0,W00,World,S1,S1,TRUE,5611,Nitrogenous fertilizers and materials nes,4,TRUE,C00,TOTAL CPC,0,0,TOTAL MOT,8,kg,53199000,FALSE,-1,N/A,,FALSE,53199000,FALSE,,FALSE,,6298762,6298762,0,TRUE,FALSE
C,A,19830101,1983,52,1983,44,BHS,Bahamas,M,Import,0,W00,World,0,W00,World,S1,S1,TRUE,5611,Nitrogenous fertilizers and materials nes,4,TRUE,C00,TOTAL CPC,0,0,TOTAL MOT,8,kg,3098125,FALSE,-1,N/A,,FALSE,3098125,FALSE,,FALSE,862160,,862160,0,TRUE,FALSE
C,A,19830101,1983,52,1983,60,BMU,Bermuda,M,Import,0,W00,World,0,W00,World,S1,S1,TRUE,5611,Nitrogenous fertilizers and materials nes,4,TRUE,C00,TOTAL CPC,0,0,TOTAL MOT,8,kg,74628,FALSE,-1,N/A,,FALSE,74628,FALSE,,FALSE,44896,,44896,0,TRUE,FALSE
C,A,19830101,1983,52,1983,84,BLZ,Belize,M,Import,0,W00,World,0,W00,World,S1,S1,TRUE,5611,Nitrogenous fertilizers and materials nes,4,TRUE,C00,TOTAL CPC,0,0,TOTAL MOT,8,kg,891000,FALSE,-1,N/A,,FALSE,891000,FALSE,,FALSE,180512,,180512,0,TRUE,FALSE
C,A,19830101,1983,52,1983,96,BRN,Brunei Darussalam,M,Import,0,W00,World,0,W00,World,S1,S1,TRUE,5611,Nitrogenous fertilizers and materials nes,4,TRUE,C00,TOTAL CPC,0,0,TOTAL MOT,8,kg,181079,FALSE,-1,N/A,,FALSE,181079,FALSE,,FALSE,40014,,40014,0,TRUE,FALSE
C,A,19830101,1983,52,1983,188,CRI,Costa Rica,M,Import,0,W00,World,0,W00,World,S1,S1,TRUE,5611,Nitrogenous fertilizers and materials nes,4,TRUE,C00,TOTAL CPC,0,0,TOTAL MOT,8,kg,2390747,FALSE,-1,N/A,,FALSE,2390747,FALSE,,FALSE,7293314,,7293314,0,TRUE,FALSE
C,A,19830101,1983,52,1983,214,DOM,Dominican Rep.,M,Import,0,W00,World,0,W00,World,S1,S1,TRUE,5611,Nitrogenous fertilizers and materials nes,4,TRUE,C00,TOTAL CPC,0,0,TOTAL MOT,8,kg,99739152,FALSE,-1,N/A,,FALSE,99739152,FALSE,,FALSE,,8904577,8904577,0,TRUE,FALSE
C,A,19830101,1983,52,1983,188,CRI,Costa Rica,X,Export,0,W00,World,0,W00,World,S1,S1,TRUE,5611,Nitrogenous fertilizers and materials nes,4,TRUE,C00,TOTAL CPC,0,0,TOTAL MOT,8,kg,1014601,FALSE,-1,N/A,,FALSE,1014601,FALSE,,FALSE,,512216,512216,0,TRUE,FALSE
C,A,19830101,1983,52,1983,214,DOM,Dominican Rep.,X,Export,0,W00,World,0,W00,World,S1,S1,TRUE,5611,Nitrogenous fertilizers and materials nes,4,TRUE,C00,TOTAL CPC,0,0,TOTAL MOT,8,kg,10552307,FALSE,-1,N/A,,FALSE,10552307,FALSE,,FALSE,,1726230,1726230,0,TRUE,FALSE
C,A,19830101,1983,52,1983,222,SLV,El Salvador,M,Import,0,W00,World,0,W00,World,S1,S1,TRUE,5611,Nitrogenous fertilizers and materials nes,4,TRUE,C00,TOTAL CPC,0,0,TOTAL MOT,8,kg,215662032,FALSE,-1,N/A,,FALSE,215662032,FALSE,,FALSE,19939120,,19939120,0,TRUE,FALSE
C,A,19830101,1983,52,1983,288,GHA,Ghana,M,Import,0,W00,World,0,W00,World,S1,S1,TRUE,5611,Nitrogenous fertilizers and materials nes,4,TRUE,C00,TOTAL CPC,0,0,TOTAL MOT,-1,N/A,0,FALSE,-1,N/A,,FALSE,,FALSE,,FALSE,57556,,57556,0,TRUE,FALSE
C,A,19830101,1983,52,1983,320,GTM,Guatemala,M,Import,0,W00,World,0,W00,World,S1,S1,TRUE,5611,Nitrogenous fertilizers and materials nes,4,TRUE,C00,TOTAL CPC,0,0,TOTAL MOT,8,kg,96070344,FALSE,-1,N/A,,FALSE,96070344,FALSE,,FALSE,16567284,,16567284,0,TRUE,FALSE
C,A,19830101,1983,52,1983,340,HND,Honduras,M,Import,0,W00,World,0,W00,World,S1,S1,TRUE,5611,Nitrogenous fertilizers and materials nes,4,TRUE,C00,TOTAL CPC,0,0,TOTAL MOT,8,kg,50302200,FALSE,-1,N/A,,FALSE,50302200,FALSE,,FALSE,10275577,,10275577,0,TRUE,FALSE
C,A,19830101,1983,52,1983,320,GTM,Guatemala,X,Export,0,W00,World,0,W00,World,S1,S1,TRUE,5611,Nitrogenous fertilizers and materials nes,4,TRUE,C00,TOTAL CPC,0,0,TOTAL MOT,-1,N/A,0,FALSE,-1,N/A,,FALSE,,FALSE,,FALSE,,4798131,4798131,0,TRUE,FALSE
C,A,19830101,1983,52,1983,340,HND,Honduras,X,Export,0,W00,World,0,W00,World,S1,S1,TRUE,5611,Nitrogenous fertilizers and materials nes,4,TRUE,C00,TOTAL CPC,0,0,TOTAL MOT,8,kg,149855,FALSE,-1,N/A,,FALSE,149855,FALSE,,FALSE,,32880,32880,0,TRUE,FALSE
C,A,19830101,1983,52,1983,414,KWT,Kuwait,M,Import,0,W00,World,0,W00,World,S1,S1,TRUE,5611,Nitrogenous fertilizers and materials nes,4,TRUE,C00,TOTAL CPC,0,0,TOTAL MOT,8,kg,334221,FALSE,-1,N/A,,FALSE,334221,FALSE,,FALSE,89407,,89407,0,TRUE,FALSE
C,A,19830101,1983,52,1983,470,MLT,Malta,M,Import,0,W00,World,0,W00,World,S1,S1,TRUE,5611,Nitrogenous fertilizers and materials nes,4,TRUE,C00,TOTAL CPC,0,0,TOTAL MOT,8,kg,1466812,FALSE,-1,N/A,,FALSE,1466812,FALSE,,FALSE,292687,,292687,0,TRUE,FALSE
C,A,19830101,1983,52,1983,484,MEX,Mexico,M,Import,0,W00,World,0,W00,World,S1,S1,TRUE,5611,Nitrogenous fertilizers and materials nes,4,TRUE,C00,TOTAL CPC,0,0,TOTAL MOT,8,kg,20191838,FALSE,-1,N/A,,FALSE,20191838,FALSE,,FALSE,2251446,,2251446,0,TRUE,FALSE
C,A,19830101,1983,52,1983,414,KWT,Kuwait,X,Export,0,W00,World,0,W00,World,S1,S1,TRUE,5611,Nitrogenous fertilizers and materials nes,4,TRUE,C00,TOTAL CPC,0,0,TOTAL MOT,8,kg,417586880,FALSE,-1,N/A,,FALSE,417586880,FALSE,,FALSE,,62953112,62953112,0,TRUE,FALSE
C,A,19830101,1983,52,1983,484,MEX,Mexico,X,Export,0,W00,World,0,W00,World,S1,S1,TRUE,5611,Nitrogenous fertilizers and materials nes,4,TRUE,C00,TOTAL CPC,0,0,TOTAL MOT,8,kg,272222720,FALSE,-1,N/A,,FALSE,272222720,FALSE,,FALSE,,19553052,19553052,0,TRUE,FALSE
C,A,19830101,1983,52,1983,532,ANT,Netherlands Antilles and Aruba (...1985),M,Import,0,W00,World,0,W00,World,S1,S1,TRUE,5611,Nitrogenous fertilizers and materials nes,4,TRUE,C00,TOTAL CPC,0,0,TOTAL MOT,8,kg,58000,FALSE,-1,N/A,,FALSE,58000,FALSE,,FALSE,,25000,25000,0,TRUE,FALSE
C,A,19830101,1983,52,1983,558,NIC,Nicaragua,M,Import,0,W00,World,0,W00,World,S1,S1,TRUE,5611,Nitrogenous fertilizers and materials nes,4,TRUE,C00,TOTAL CPC,0,0,TOTAL MOT,8,kg,5158711,FALSE,-1,N/A,,FALSE,5158711,FALSE,,FALSE,12762595,,12762595,0,TRUE,FALSE
C,A,19830101,1983,52,1983,566,NGA,Nigeria,M,Import,0,W00,World,0,W00,World,S1,S1,TRUE,5611,Nitrogenous fertilizers and materials nes,4,TRUE,C00,TOTAL CPC,0,0,TOTAL MOT,8,kg,57814000,FALSE,-1,N/A,,FALSE,57814000,FALSE,,FALSE,10896076,,10896076,0,TRUE,FALSE
C,A,19830101,1983,52,1983,591,PAN,Panama,M,Import,0,W00,World,0,W00,World,S1,S1,TRUE,5611,Nitrogenous fertilizers and materials nes,4,TRUE,C00,TOTAL CPC,0,0,TOTAL MOT,8,kg,21987092,FALSE,-1,N/A,,FALSE,21987092,FALSE,,FALSE,3907049,,3907049,0,TRUE,FALSE
C,A,19830101,1983,52,1983,659,KNA,Saint Kitts and Nevis,M,Import,0,W00,World,0,W00,World,S1,S1,TRUE,5611,Nitrogenous fertilizers and materials nes,4,TRUE,C00,TOTAL CPC,0,0,TOTAL MOT,-1,N/A,0,FALSE,-1,N/A,,FALSE,,FALSE,,FALSE,47144,,47144,0,TRUE,FALSE
C,A,19830101,1983,52,1983,792,TUR,TÅEkiye,M,Import,0,W00,World,0,W00,World,S1,S1,TRUE,5611,Nitrogenous fertilizers and materials nes,4,TRUE,C00,TOTAL CPC,0,0,TOTAL MOT,8,kg,916616704,FALSE,-1,N/A,,FALSE,916616704,FALSE,,FALSE,83291712,,83291712,0,TRUE,FALSE
C,A,19830101,1983,52,1983,890,YUG,Yugoslavia (...1991),M,Import,0,W00,World,0,W00,World,S1,S1,TRUE,5611,Nitrogenous fertilizers and materials nes,4,TRUE,C00,TOTAL CPC,0,0,TOTAL MOT,8,kg,373873280,FALSE,-1,N/A,,FALSE,373873280,FALSE,,FALSE,46203272,,46203272,0,TRUE,FALSE
C,A,19830101,1983,52,1983,890,YUG,Yugoslavia (...1991),X,Export,0,W00,World,0,W00,World,S1,S1,TRUE,5611,Nitrogenous fertilizers and materials nes,4,TRUE,C00,TOTAL CPC,0,0,TOTAL MOT,8,kg,113406000,FALSE,-1,N/A,,FALSE,113406000,FALSE,,FALSE,,10555399,10555399,0,TRUE,FALSE
C,A,19840101,1984,52,1984,44,BHS,Bahamas,M,Import,0,W00,World,0,W00,World,S1,S1,TRUE,5611,Nitrogenous fertilizers and materials nes,4,TRUE,C00,TOTAL CPC,0,0,TOTAL MOT,8,kg,4502581,FALSE,-1,N/A,,FALSE,4502581,FALSE,,FALSE,1130304,,1130304,0,TRUE,FALSE
C,A,19840101,1984,52,1984,60,BMU,Bermuda,M,Import,0,W00,World,0,W00,World,S1,S1,TRUE,5611,Nitrogenous fertilizers and materials nes,4,TRUE,C00,TOTAL CPC,0,0,TOTAL MOT,8,kg,27108,FALSE,-1,N/A,,FALSE,27108,FALSE,,FALSE,10398,,10398,0,TRUE,FALSE
C,A,19840101,1984,52,1984,84,BLZ,Belize,M,Import,0,W00,World,0,W00,World,S1,S1,TRUE,5611,Nitrogenous fertilizers and materials nes,4,TRUE,C00,TOTAL CPC,0,0,TOTAL MOT,8,kg,2270698,FALSE,-1,N/A,,FALSE,2270698,FALSE,,FALSE,633000,,633000,0,TRUE,FALSE
C,A,19840101,1984,52,1984,96,BRN,Brunei Darussalam,M,Import,0,W00,World,0,W00,World,S1,S1,TRUE,5611,Nitrogenous fertilizers and materials nes,4,TRUE,C00,TOTAL CPC,0,0,TOTAL MOT,8,kg,608315,FALSE,-1,N/A,,FALSE,608315,FALSE,,FALSE,145311,,145311,0,TRUE,FALSE
C,A,19840101,1984,52,1984,188,CRI,Costa Rica,M,Import,0,W00,World,0,W00,World,S1,S1,TRUE,5611,Nitrogenous fertilizers and materials nes,4,TRUE,C00,TOTAL CPC,0,0,TOTAL MOT,8,kg,46420124,FALSE,-1,N/A,,FALSE,46420124,FALSE,,FALSE,7839000,,7839000,0,TRUE,FALSE
C,A,19840101,1984,52,1984,188,CRI,Costa Rica,X,Export,0,W00,World,0,W00,World,S1,S1,TRUE,5611,Nitrogenous fertilizers and materials nes,4,TRUE,C00,TOTAL CPC,0,0,TOTAL MOT,8,kg,4484000,FALSE,-1,N/A,,FALSE,4484000,FALSE,,FALSE,,721000,721000,0,TRUE,FALSE
C,A,19840101,1984,52,1984,214,DOM,Dominican Rep.,M,Import,0,W00,World,0,W00,World,S1,S1,TRUE,5611,Nitrogenous fertilizers and materials nes,4,TRUE,C00,TOTAL CPC,0,0,TOTAL MOT,8,kg,44143464,FALSE,-1,N/A,,FALSE,44143464,FALSE,,FALSE,,4028059,4028059,0,TRUE,FALSE
C,A,19840101,1984,52,1984,222,SLV,El Salvador,M,Import,0,W00,World,0,W00,World,S1,S1,TRUE,5611,Nitrogenous fertilizers and materials nes,4,TRUE,C00,TOTAL CPC,0,0,TOTAL MOT,8,kg,173597920,FALSE,-1,N/A,,FALSE,173597920,FALSE,,FALSE,16327000,,16327000,0,TRUE,FALSE
C,A,19840101,1984,52,1984,222,SLV,El Salvador,X,Export,0,W00,World,0,W00,World,S1,S1,TRUE,5611,Nitrogenous fertilizers and materials nes,4,TRUE,C00,TOTAL CPC,0,0,TOTAL MOT,8,kg,92988,FALSE,-1,N/A,,FALSE,92988,FALSE,,FALSE,,76000,76000,0,TRUE,FALSE
C,A,19840101,1984,52,1984,288,GHA,Ghana,M,Import,0,W00,World,0,W00,World,S1,S1,TRUE,5611,Nitrogenous fertilizers and materials nes,4,TRUE,C00,TOTAL CPC,0,0,TOTAL MOT,-1,N/A,0,FALSE,-1,N/A,,FALSE,,FALSE,,FALSE,343,,343,0,TRUE,FALSE
C,A,19840101,1984,52,1984,320,GTM,Guatemala,M,Import,0,W00,World,0,W00,World,S1,S1,TRUE,5611,Nitrogenous fertilizers and materials nes,4,TRUE,C00,TOTAL CPC,0,0,TOTAL MOT,8,kg,115684000,FALSE,-1,N/A,,FALSE,115684000,FALSE,,FALSE,16740000,,16740000,0,TRUE,FALSE
C,A,19840101,1984,52,1984,320,GTM,Guatemala,X,Export,0,W00,World,0,W00,World,S1,S1,TRUE,5611,Nitrogenous fertilizers and materials nes,4,TRUE,C00,TOTAL CPC,0,0,TOTAL MOT,8,kg,58884000,FALSE,-1,N/A,,FALSE,58884000,FALSE,,FALSE,,4416000,4416000,0,TRUE,FALSE
C,A,19840101,1984,52,1984,340,HND,Honduras,M,Import,0,W00,World,0,W00,World,S1,S1,TRUE,5611,Nitrogenous fertilizers and materials nes,4,TRUE,C00,TOTAL CPC,0,0,TOTAL MOT,8,kg,63848000,FALSE,-1,N/A,,FALSE,63848000,FALSE,,FALSE,11194000,,11194000,0,TRUE,FALSE
C,A,19840101,1984,52,1984,414,KWT,Kuwait,M,Import,0,W00,World,0,W00,World,S1,S1,TRUE,5611,Nitrogenous fertilizers and materials nes,4,TRUE,C00,TOTAL CPC,0,0,TOTAL MOT,8,kg,30000,FALSE,-1,N/A,,FALSE,30000,FALSE,,FALSE,7988,,7988,0,TRUE,FALSE
C,A,19840101,1984,52,1984,414,KWT,Kuwait,X,Export,0,W00,World,0,W00,World,S1,S1,TRUE,5611,Nitrogenous fertilizers and materials nes,4,TRUE,C00,TOTAL CPC,0,0,TOTAL MOT,8,kg,633386624,FALSE,-1,N/A,,FALSE,633386624,FALSE,,FALSE,,107918496,107918496,0,TRUE,FALSE
C,A,19840101,1984,52,1984,470,MLT,Malta,M,Import,0,W00,World,0,W00,World,S1,S1,TRUE,5611,Nitrogenous fertilizers and materials nes,4,TRUE,C00,TOTAL CPC,0,0,TOTAL MOT,8,kg,1190523,FALSE,-1,N/A,,FALSE,1190523,FALSE,,FALSE,190342,,190342,0,TRUE,FALSE
C,A,19840101,1984,52,1984,484,MEX,Mexico,M,Import,0,W00,World,0,W00,World,S1,S1,TRUE,5611,Nitrogenous fertilizers and materials nes,4,TRUE,C00,TOTAL CPC,0,0,TOTAL MOT,8,kg,96240080,FALSE,-1,N/A,,FALSE,96240080,FALSE,,FALSE,7366148,,7366148,0,TRUE,FALSE
C,A,19840101,1984,52,1984,484,MEX,Mexico,X,Export,0,W00,World,0,W00,World,S1,S1,TRUE,5611,Nitrogenous fertilizers and materials nes,4,TRUE,C00,TOTAL CPC,0,0,TOTAL MOT,8,kg,227340912,FALSE,-1,N/A,,FALSE,227340912,FALSE,,FALSE,,18172096,18172096,0,TRUE,FALSE
C,A,19840101,1984,52,1984,532,ANT,Netherlands Antilles and Aruba (...1985),M,Import,0,W00,World,0,W00,World,S1,S1,TRUE,5611,Nitrogenous fertilizers and materials nes,4,TRUE,C00,TOTAL CPC,0,0,TOTAL MOT,8,kg,39000,FALSE,-1,N/A,,FALSE,39000,FALSE,,FALSE,,34998,34998,0,TRUE,FALSE
C,A,19840101,1984,52,1984,558,NIC,Nicaragua,M,Import,0,W00,World,0,W00,World,S1,S1,TRUE,5611,Nitrogenous fertilizers and materials nes,4,TRUE,C00,TOTAL CPC,0,0,TOTAL MOT,8,kg,64276000,FALSE,-1,N/A,,FALSE,64276000,FALSE,,FALSE,11883000,,11883000,0,TRUE,FALSE
C,A,19840101,1984,52,1984,566,NGA,Nigeria,M,Import,0,W00,World,0,W00,World,S1,S1,TRUE,5611,Nitrogenous fertilizers and materials nes,4,TRUE,C00,TOTAL CPC,0,0,TOTAL MOT,8,kg,87131000,FALSE,-1,N/A,,FALSE,87131000,FALSE,,FALSE,16248300,,16248300,0,TRUE,FALSE
C,A,19840101,1984,52,1984,591,PAN,Panama,M,Import,0,W00,World,0,W00,World,S1,S1,TRUE,5611,Nitrogenous fertilizers and materials nes,4,TRUE,C00,TOTAL CPC,0,0,TOTAL MOT,8,kg,24693448,FALSE,-1,N/A,,FALSE,24693448,FALSE,,FALSE,4531696,,4531696,0,TRUE,FALSE
C,A,19840101,1984,52,1984,736,SDN,Sudan (...2011),M,Import,0,W00,World,0,W00,World,S1,S1,TRUE,5611,Nitrogenous fertilizers and materials nes,4,TRUE,C00,TOTAL CPC,0,0,TOTAL MOT,8,kg,79742000,FALSE,-1,N/A,,FALSE,79742000,FALSE,,FALSE,16308633,,16308633,0,TRUE,FALSE
C,A,19840101,1984,52,1984,792,TUR,TÅEkiye,M,Import,0,W00,World,0,W00,World,S1,S1,TRUE,5611,Nitrogenous fertilizers and materials nes,4,TRUE,C00,TOTAL CPC,0,0,TOTAL MOT,8,kg,923219776,FALSE,-1,N/A,,FALSE,923219776,FALSE,,FALSE,87305872,,87305872,0,TRUE,FALSE
C,A,19840101,1984,52,1984,792,TUR,TÅEkiye,X,Export,0,W00,World,0,W00,World,S1,S1,TRUE,5611,Nitrogenous fertilizers and materials nes,4,TRUE,C00,TOTAL CPC,0,0,TOTAL MOT,8,kg,25311000,FALSE,-1,N/A,,FALSE,25311000,FALSE,,FALSE,,3388404,3388404,0,TRUE,FALSE
C,A,19840101,1984,52,1984,890,YUG,Yugoslavia (...1991),M,Import,0,W00,World,0,W00,World,S1,S1,TRUE,5611,Nitrogenous fertilizers and materials nes,4,TRUE,C00,TOTAL CPC,0,0,TOTAL MOT,8,kg,460355008,FALSE,-1,N/A,,FALSE,460355008,FALSE,,FALSE,52597308,,52597308,0,TRUE,FALSE
C,A,19840101,1984,52,1984,890,YUG,Yugoslavia (...1991),X,Export,0,W00,World,0,W00,World,S1,S1,TRUE,5611,Nitrogenous fertilizers and materials nes,4,TRUE,C00,TOTAL CPC,0,0,TOTAL MOT,8,kg,156423008,FALSE,-1,N/A,,FALSE,156423008,FALSE,,FALSE,,16522671,16522671,0,TRUE,FALSE
C,A,19850101,1985,52,1985,44,BHS,Bahamas,M,Import,0,W00,World,0,W00,World,S1,S1,TRUE,5611,Nitrogenous fertilizers and materials nes,4,TRUE,C00,TOTAL CPC,0,0,TOTAL MOT,8,kg,2638687,FALSE,-1,N/A,,FALSE,2638687,FALSE,,FALSE,753555,,753555,0,TRUE,FALSE
C,A,19850101,1985,52,1985,84,BLZ,Belize,M,Import,0,W00,World,0,W00,World,S1,S1,TRUE,5611,Nitrogenous fertilizers and materials nes,4,TRUE,C00,TOTAL CPC,0,0,TOTAL MOT,8,kg,1688249,FALSE,-1,N/A,,FALSE,1688249,FALSE,,FALSE,390000,,390000,0,TRUE,FALSE
C,A,19850101,1985,52,1985,96,BRN,Brunei Darussalam,M,Import,0,W00,World,0,W00,World,S1,S1,TRUE,5611,Nitrogenous fertilizers and materials nes,4,TRUE,C00,TOTAL CPC,0,0,TOTAL MOT,8,kg,246397,FALSE,-1,N/A,,FALSE,246397,FALSE,,FALSE,66325,,66325,0,TRUE,FALSE
C,A,19850101,1985,52,1985,180,COD,Dem. Rep. of the Congo,M,Import,0,W00,World,0,W00,World,S1,S1,TRUE,5611,Nitrogenous fertilizers and materials nes,4,TRUE,C00,TOTAL CPC,0,0,TOTAL MOT,8,kg,18198188,FALSE,-1,N/A,,FALSE,18198188,FALSE,,FALSE,4903411,,4903411,0,TRUE,FALSE
C,A,19850101,1985,52,1985,188,CRI,Costa Rica,M,Import,0,W00,World,0,W00,World,S1,S1,TRUE,5611,Nitrogenous fertilizers and materials nes,4,TRUE,C00,TOTAL CPC,0,0,TOTAL MOT,8,kg,39330616,FALSE,-1,N/A,,FALSE,39330616,FALSE,,FALSE,6901950,,6901950,0,TRUE,FALSE
C,A,19850101,1985,52,1985,214,DOM,Dominican Rep.,M,Import,0,W00,World,0,W00,World,S1,S1,TRUE,5611,Nitrogenous fertilizers and materials nes,4,TRUE,C00,TOTAL CPC,0,0,TOTAL MOT,8,kg,65961616,FALSE,-1,N/A,,FALSE,65961616,FALSE,,FALSE,,7408980,7408980,0,TRUE,FALSE
C,A,19850101,1985,52,1985,188,CRI,Costa Rica,X,Export,0,W00,World,0,W00,World,S1,S1,TRUE,5611,Nitrogenous fertilizers and materials nes,4,TRUE,C00,TOTAL CPC,0,0,TOTAL MOT,8,kg,5377937,FALSE,-1,N/A,,FALSE,5377937,FALSE,,FALSE,,848485,848485,0,TRUE,FALSE
C,A,19850101,1985,52,1985,214,DOM,Dominican Rep.,X,Export,0,W00,World,0,W00,World,S1,S1,TRUE,5611,Nitrogenous fertilizers and materials nes,4,TRUE,C00,TOTAL CPC,0,0,TOTAL MOT,8,kg,56180408,FALSE,-1,N/A,,FALSE,56180408,FALSE,,FALSE,,6325136,6325136,0,TRUE,FALSE
C,A,19850101,1985,52,1985,222,SLV,El Salvador,M,Import,0,W00,World,0,W00,World,S1,S1,TRUE,5611,Nitrogenous fertilizers and materials nes,4,TRUE,C00,TOTAL CPC,0,0,TOTAL MOT,8,kg,156410944,FALSE,-1,N/A,,FALSE,156410944,FALSE,,FALSE,16116680,,16116680,0,TRUE,FALSE
C,A,19850101,1985,52,1985,222,SLV,El Salvador,X,Export,0,W00,World,0,W00,World,S1,S1,TRUE,5611,Nitrogenous fertilizers and materials nes,4,TRUE,C00,TOTAL CPC,0,0,TOTAL MOT,8,kg,110378,FALSE,-1,N/A,,FALSE,110378,FALSE,,FALSE,,101701,101701,0,TRUE,FALSE
C,A,19850101,1985,52,1985,320,GTM,Guatemala,M,Import,0,W00,World,0,W00,World,S1,S1,TRUE,5611,Nitrogenous fertilizers and materials nes,4,TRUE,C00,TOTAL CPC,0,0,TOTAL MOT,8,kg,126050672,FALSE,-1,N/A,,FALSE,126050672,FALSE,,FALSE,21130340,,21130340,0,TRUE,FALSE
C,A,19850101,1985,52,1985,340,HND,Honduras,M,Import,0,W00,World,0,W00,World,S1,S1,TRUE,5611,Nitrogenous fertilizers and materials nes,4,TRUE,C00,TOTAL CPC,0,0,TOTAL MOT,8,kg,32044756,FALSE,-1,N/A,,FALSE,32044756,FALSE,,FALSE,6930214,,6930214,0,TRUE,FALSE
C,A,19850101,1985,52,1985,320,GTM,Guatemala,X,Export,0,W00,World,0,W00,World,S1,S1,TRUE,5611,Nitrogenous fertilizers and materials nes,4,TRUE,C00,TOTAL CPC,0,0,TOTAL MOT,8,kg,57659360,FALSE,-1,N/A,,FALSE,57659360,FALSE,,FALSE,,3295119,3295119,0,TRUE,FALSE
C,A,19850101,1985,52,1985,470,MLT,Malta,M,Import,0,W00,World,0,W00,World,S1,S1,TRUE,5611,Nitrogenous fertilizers and materials nes,4,TRUE,C00,TOTAL CPC,0,0,TOTAL MOT,8,kg,2113126,FALSE,-1,N/A,,FALSE,2113126,FALSE,,FALSE,291352,,291352,0,TRUE,FALSE
C,A,19850101,1985,52,1985,484,MEX,Mexico,M,Import,0,W00,World,0,W00,World,S1,S1,TRUE,5611,Nitrogenous fertilizers and materials nes,4,TRUE,C00,TOTAL CPC,0,0,TOTAL MOT,8,kg,101898592,FALSE,-1,N/A,,FALSE,101898592,FALSE,,FALSE,8063117,,8063117,0,TRUE,FALSE
C,A,19850101,1985,52,1985,484,MEX,Mexico,X,Export,0,W00,World,0,W00,World,S1,S1,TRUE,5611,Nitrogenous fertilizers and materials nes,4,TRUE,C00,TOTAL CPC,0,0,TOTAL MOT,8,kg,28922280,FALSE,-1,N/A,,FALSE,28922280,FALSE,,FALSE,,2888889,2888889,0,TRUE,FALSE
C,A,19850101,1985,52,1985,532,ANT,Netherlands Antilles and Aruba (...1985),M,Import,0,W00,World,0,W00,World,S1,S1,TRUE,5611,Nitrogenous fertilizers and materials nes,4,TRUE,C00,TOTAL CPC,0,0,TOTAL MOT,8,kg,10000,FALSE,-1,N/A,,FALSE,10000,FALSE,,FALSE,15555,,15555,0,TRUE,FALSE
C,A,19850101,1985,52,1985,558,NIC,Nicaragua,M,Import,0,W00,World,0,W00,World,S1,S1,TRUE,5611,Nitrogenous fertilizers and materials nes,4,TRUE,C00,TOTAL CPC,0,0,TOTAL MOT,8,kg,91808376,FALSE,-1,N/A,,FALSE,91808376,FALSE,,FALSE,19117284,,19117284,0,TRUE,FALSE
C,A,19850101,1985,52,1985,566,NGA,Nigeria,M,Import,0,W00,World,0,W00,World,S1,S1,TRUE,5611,Nitrogenous fertilizers and materials nes,4,TRUE,C00,TOTAL CPC,0,0,TOTAL MOT,8,kg,429272000,FALSE,-1,N/A,,FALSE,429272000,FALSE,,FALSE,86932536,,86932536,0,TRUE,FALSE
C,A,19850101,1985,52,1985,591,PAN,Panama,M,Import,0,W00,World,0,W00,World,S1,S1,TRUE,5611,Nitrogenous fertilizers and materials nes,4,TRUE,C00,TOTAL CPC,0,0,TOTAL MOT,8,kg,20067384,FALSE,-1,N/A,,FALSE,20067384,FALSE,,FALSE,3729884,,3729884,0,TRUE,FALSE
C,A,19850101,1985,52,1985,736,SDN,Sudan (...2011),M,Import,0,W00,World,0,W00,World,S1,S1,TRUE,5611,Nitrogenous fertilizers and materials nes,4,TRUE,C00,TOTAL CPC,0,0,TOTAL MOT,8,kg,52750000,FALSE,-1,N/A,,FALSE,52750000,FALSE,,FALSE,11064810,,11064810,0,TRUE,FALSE
C,A,19850101,1985,52,1985,890,YUG,Yugoslavia (...1991),M,Import,0,W00,World,0,W00,World,S1,S1,TRUE,5611,Nitrogenous fertilizers and materials nes,4,TRUE,C00,TOTAL CPC,0,0,TOTAL MOT,8,kg,462004352,FALSE,-1,N/A,,FALSE,462004352,FALSE,,FALSE,53965468,,53965468,0,TRUE,FALSE
C,A,19850101,1985,52,1985,890,YUG,Yugoslavia (...1991),X,Export,0,W00,World,0,W00,World,S1,S1,TRUE,5611,Nitrogenous fertilizers and materials nes,4,TRUE,C00,TOTAL CPC,0,0,TOTAL MOT,8,kg,181647008,FALSE,-1,N/A,,FALSE,181647008,FALSE,,FALSE,,18922204,18922204,0,TRUE,FALSE
C,A,19860101,1986,52,1986,44,BHS,Bahamas,M,Import,0,W00,World,0,W00,World,S1,S1,TRUE,5611,Nitrogenous fertilizers and materials nes,4,TRUE,C00,TOTAL CPC,0,0,TOTAL MOT,8,kg,1075625,FALSE,-1,N/A,,FALSE,1075625,FALSE,,FALSE,390452,,390452,0,TRUE,FALSE
C,A,19860101,1986,52,1986,84,BLZ,Belize,M,Import,0,W00,World,0,W00,World,S1,S1,TRUE,5611,Nitrogenous fertilizers and materials nes,4,TRUE,C00,TOTAL CPC,0,0,TOTAL MOT,8,kg,2457749,FALSE,-1,N/A,,FALSE,2457749,FALSE,,FALSE,442500,,442500,0,TRUE,FALSE
C,A,19860101,1986,52,1986,180,COD,Dem. Rep. of the Congo,M,Import,0,W00,World,0,W00,World,S1,S1,TRUE,5611,Nitrogenous fertilizers and materials nes,4,TRUE,C00,TOTAL CPC,0,0,TOTAL MOT,8,kg,12202056,FALSE,-1,N/A,,FALSE,12202056,FALSE,,FALSE,4125205,,4125205,0,TRUE,FALSE
C,A,19860101,1986,52,1986,214,DOM,Dominican Rep.,X,Export,0,W00,World,0,W00,World,S1,S1,TRUE,5611,Nitrogenous fertilizers and materials nes,4,TRUE,C00,TOTAL CPC,0,0,TOTAL MOT,8,kg,54904048,FALSE,-1,N/A,,FALSE,54904048,FALSE,,FALSE,,7612534,7612534,0,TRUE,FALSE
C,A,19860101,1986,52,1986,414,KWT,Kuwait,M,Import,0,W00,World,0,W00,World,S1,S1,TRUE,5611,Nitrogenous fertilizers and materials nes,4,TRUE,C00,TOTAL CPC,0,0,TOTAL MOT,8,kg,50000,FALSE,-1,N/A,,FALSE,50000,FALSE,,FALSE,12152,,12152,0,TRUE,FALSE
C,A,19860101,1986,52,1986,470,MLT,Malta,M,Import,0,W00,World,0,W00,World,S1,S1,TRUE,5611,Nitrogenous fertilizers and materials nes,4,TRUE,C00,TOTAL CPC,0,0,TOTAL MOT,8,kg,2031437,FALSE,-1,N/A,,FALSE,2031437,FALSE,,FALSE,232249,,232249,0,TRUE,FALSE
C,A,19860101,1986,52,1986,414,KWT,Kuwait,X,Export,0,W00,World,0,W00,World,S1,S1,TRUE,5611,Nitrogenous fertilizers and materials nes,4,TRUE,C00,TOTAL CPC,0,0,TOTAL MOT,8,kg,649816640,FALSE,-1,N/A,,FALSE,649816640,FALSE,,FALSE,,68331600,68331600,0,TRUE,FALSE
C,A,19860101,1986,52,1986,532,ANT,Netherlands Antilles and Aruba (...1985),M,Import,0,W00,World,0,W00,World,S1,S1,TRUE,5611,Nitrogenous fertilizers and materials nes,4,TRUE,C00,TOTAL CPC,0,0,TOTAL MOT,8,kg,21000,FALSE,-1,N/A,,FALSE,21000,FALSE,,FALSE,,15555,15555,0,TRUE,FALSE
C,A,19860101,1986,52,1986,566,NGA,Nigeria,M,Import,0,W00,World,0,W00,World,S1,S1,TRUE,5611,Nitrogenous fertilizers and materials nes,4,TRUE,C00,TOTAL CPC,0,0,TOTAL MOT,8,kg,187532000,FALSE,-1,N/A,,FALSE,187532000,FALSE,,FALSE,23665912,,23665912,0,TRUE,FALSE
C,A,19860101,1986,52,1986,890,YUG,Yugoslavia (...1991),M,Import,0,W00,World,0,W00,World,S1,S1,TRUE,5611,Nitrogenous fertilizers and materials nes,4,TRUE,C00,TOTAL CPC,0,0,TOTAL MOT,8,kg,357693248,FALSE,-1,N/A,,FALSE,357693248,FALSE,,FALSE,33930792,,33930792,0,TRUE,FALSE
C,A,19860101,1986,52,1986,890,YUG,Yugoslavia (...1991),X,Export,0,W00,World,0,W00,World,S1,S1,TRUE,5611,Nitrogenous fertilizers and materials nes,4,TRUE,C00,TOTAL CPC,0,0,TOTAL MOT,8,kg,203316400,FALSE,-1,N/A,,FALSE,203316400,FALSE,,FALSE,,16196500,16196500,0,TRUE,FALSE
C,A,19870101,1987,52,1987,44,BHS,Bahamas,M,Import,0,W00,World,0,W00,World,S1,S1,TRUE,5611,Nitrogenous fertilizers and materials nes,4,TRUE,C00,TOTAL CPC,0,0,TOTAL MOT,8,kg,2445250,FALSE,-1,N/A,,FALSE,2445250,FALSE,,FALSE,679577,,679577,0,TRUE,FALSE
C,A,19870101,1987,52,1987,84,BLZ,Belize,M,Import,0,W00,World,0,W00,World,S1,S1,TRUE,5611,Nitrogenous fertilizers and materials nes,4,TRUE,C00,TOTAL CPC,0,0,TOTAL MOT,8,kg,4080000,FALSE,-1,N/A,,FALSE,4080000,FALSE,,FALSE,1535788,,1535788,0,TRUE,FALSE
C,A,19870101,1987,52,1987,44,BHS,Bahamas,X,Export,0,W00,World,0,W00,World,S1,S1,TRUE,5611,Nitrogenous fertilizers and materials nes,4,TRUE,C00,TOTAL CPC,0,0,TOTAL MOT,8,kg,45,FALSE,-1,N/A,,FALSE,45,FALSE,,FALSE,,20,20,0,TRUE,FALSE
C,A,19870101,1987,52,1987,214,DOM,Dominican Rep.,X,Export,0,W00,World,0,W00,World,S1,S1,TRUE,5611,Nitrogenous fertilizers and materials nes,4,TRUE,C00,TOTAL CPC,0,0,TOTAL MOT,8,kg,41431700,FALSE,-1,N/A,,FALSE,41431700,FALSE,,FALSE,,6527920,6527920,0,TRUE,FALSE
C,A,19870101,1987,52,1987,470,MLT,Malta,M,Import,0,W00,World,0,W00,World,S1,S1,TRUE,5611,Nitrogenous fertilizers and materials nes,4,TRUE,C00,TOTAL CPC,0,0,TOTAL MOT,8,kg,2199499,FALSE,-1,N/A,,FALSE,2199499,FALSE,,FALSE,338094,,338094,0,TRUE,FALSE
C,A,19870101,1987,52,1987,566,NGA,Nigeria,M,Import,0,W00,World,0,W00,World,S1,S1,TRUE,5611,Nitrogenous fertilizers and materials nes,4,TRUE,C00,TOTAL CPC,0,0,TOTAL MOT,8,kg,779292032,FALSE,-1,N/A,,FALSE,779292032,FALSE,,FALSE,56941480,,56941480,0,TRUE,FALSE
C,A,19870101,1987,52,1987,566,NGA,Nigeria,X,Export,0,W00,World,0,W00,World,S1,S1,TRUE,5611,Nitrogenous fertilizers and materials nes,4,TRUE,C00,TOTAL CPC,0,0,TOTAL MOT,8,kg,90719000,FALSE,-1,N/A,,FALSE,90719000,FALSE,,FALSE,,7434745,7434745,0,TRUE,FALSE
C,A,19870101,1987,52,1987,890,YUG,Yugoslavia (...1991),M,Import,0,W00,World,0,W00,World,S1,S1,TRUE,5611,Nitrogenous fertilizers and materials nes,4,TRUE,C00,TOTAL CPC,0,0,TOTAL MOT,8,kg,323535008,FALSE,-1,N/A,,FALSE,323535008,FALSE,,FALSE,23671930,,23671930,0,TRUE,FALSE
C,A,19870101,1987,52,1987,890,YUG,Yugoslavia (...1991),X,Export,0,W00,World,0,W00,World,S1,S1,TRUE,5611,Nitrogenous fertilizers and materials nes,4,TRUE,C00,TOTAL CPC,0,0,TOTAL MOT,8,kg,367792992,FALSE,-1,N/A,,FALSE,367792992,FALSE,,FALSE,,34065340,34065340,0,TRUE,FALSE
C,A,19880101,1988,52,1988,44,BHS,Bahamas,M,Import,0,W00,World,0,W00,World,S1,S1,TRUE,5611,Nitrogenous fertilizers and materials nes,4,TRUE,C00,TOTAL CPC,0,0,TOTAL MOT,8,kg,2807000,FALSE,-1,N/A,,FALSE,2807000,FALSE,,FALSE,949920,,949920,0,TRUE,FALSE
C,A,19880101,1988,52,1988,84,BLZ,Belize,M,Import,0,W00,World,0,W00,World,S1,S1,TRUE,5611,Nitrogenous fertilizers and materials nes,4,TRUE,C00,TOTAL CPC,0,0,TOTAL MOT,8,kg,3501000,FALSE,-1,N/A,,FALSE,3501000,FALSE,,FALSE,689678,,689678,0,TRUE,FALSE
C,A,19880101,1988,52,1988,214,DOM,Dominican Rep.,X,Export,0,W00,World,0,W00,World,S1,S1,TRUE,5611,Nitrogenous fertilizers and materials nes,4,TRUE,C00,TOTAL CPC,0,0,TOTAL MOT,8,kg,38198520,FALSE,-1,N/A,,FALSE,38198520,FALSE,,FALSE,,6628126,6628126,0,TRUE,FALSE
C,A,19880101,1988,52,1988,470,MLT,Malta,M,Import,0,W00,World,0,W00,World,S1,S1,TRUE,5611,Nitrogenous fertilizers and materials nes,4,TRUE,C00,TOTAL CPC,0,0,TOTAL MOT,8,kg,1929171,FALSE,-1,N/A,,FALSE,1929171,FALSE,,FALSE,242336,,242336,0,TRUE,FALSE
C,A,19890101,1989,52,1989,84,BLZ,Belize,M,Import,0,W00,World,0,W00,World,S1,S1,TRUE,5611,Nitrogenous fertilizers and materials nes,4,TRUE,C00,TOTAL CPC,0,0,TOTAL MOT,8,kg,4347406,FALSE,-1,N/A,,FALSE,4347406,FALSE,,FALSE,824457,,824457,0,TRUE,FALSE
C,A,19890101,1989,52,1989,470,MLT,Malta,M,Import,0,W00,World,0,W00,World,S1,S1,TRUE,5611,Nitrogenous fertilizers and materials nes,4,TRUE,C00,TOTAL CPC,0,0,TOTAL MOT,8,kg,1946812,FALSE,-1,N/A,,FALSE,1946812,FALSE,,FALSE,290461,,290461,0,TRUE,FALSE
C,A,19900101,1990,52,1990,84,BLZ,Belize,M,Import,0,W00,World,0,W00,World,S1,S1,TRUE,5611,Nitrogenous fertilizers and materials nes,4,TRUE,C00,TOTAL CPC,0,0,TOTAL MOT,8,kg,4507000,FALSE,-1,N/A,,FALSE,4507000,FALSE,,FALSE,893647,,893647,0,TRUE,FALSE
C,A,19910101,1991,52,1991,104,MMR,Myanmar,M,Import,0,W00,World,0,W00,World,S1,S1,TRUE,5611,Nitrogenous fertilizers and materials nes,4,TRUE,C00,TOTAL CPC,0,0,TOTAL MOT,8,kg,27518936,FALSE,-1,N/A,,FALSE,27518936,FALSE,,FALSE,8107841,,8107841,0,TRUE,FALSE
C,A,19920101,1992,52,1992,736,SDN,Sudan (...2011),M,Import,0,W00,World,0,W00,World,S1,S1,TRUE,5611,Nitrogenous fertilizers and materials nes,4,TRUE,C00,TOTAL CPC,0,0,TOTAL MOT,8,kg,203331904,FALSE,-1,N/A,,FALSE,203331904,FALSE,,FALSE,35664376,,35664376,0,TRUE,FALSE
C,A,19920101,1992,52,1992,736,SDN,Sudan (...2011),X,Export,0,W00,World,0,W00,World,S1,S1,TRUE,5611,Nitrogenous fertilizers and materials nes,4,TRUE,C00,TOTAL CPC,0,0,TOTAL MOT,8,kg,2000,FALSE,-1,N/A,,FALSE,2000,FALSE,,FALSE,,13733,13733,0,TRUE,FALSE
C,A,19930101,1993,52,1993,736,SDN,Sudan (...2011),M,Import,0,W00,World,0,W00,World,S1,S1,TRUE,5611,Nitrogenous fertilizers and materials nes,4,TRUE,C00,TOTAL CPC,0,0,TOTAL MOT,8,kg,199234000,FALSE,-1,N/A,,FALSE,199234000,FALSE,,FALSE,37606816,,37606816,0,TRUE,FALSE
C,A,19940101,1994,52,1994,736,SDN,Sudan (...2011),M,Import,0,W00,World,0,W00,World,S1,S1,TRUE,5611,Nitrogenous fertilizers and materials nes,4,TRUE,C00,TOTAL CPC,0,0,TOTAL MOT,8,kg,73242000,FALSE,-1,N/A,,FALSE,73242000,FALSE,,FALSE,14440552,,14440552,0,TRUE,FALSE
